{"CLDC":[55.120003,54.99],"DEWP":[-0.79999995,-0.8],"FRSHTT":[100000,100000],"PRCP":[0.059999995,0.063999996],"SLP":[1004.7999,1004.7999],"SNDP":[0,0],"STP":[1002.89,1003.18005],"TEMP":[0.5,0.5],"VISIB":[8.32,8.949999],"WDSP":[31.579998,30.310001],"WNDDIR":[109.9,108.2],"time":[1549364861,1549364919]}