{"CLDC":[55.120003],"DEWP":[-0.79999995],"FRSHTT":[100000],"PRCP":[0.059999995],"SLP":[1004.7999],"SNDP":[0],"STP":[1002.89],"TEMP":[0.5],"VISIB":[8.32],"WDSP":[31.579998],"WNDDIR":[109.9],"time":[1549364861]}