{"CLDC":[84.509995,84.41001],"DEWP":[-4.1600003,-4.1200004],"FRSHTT":[0,0],"PRCP":[0,0],"SLP":[972.0301,972.77],"SNDP":[0,0],"STP":[998.5199,996.9601],"TEMP":[0.8000001,0.8000001],"VISIB":[8.73,8.58],"WDSP":[12.470001,12.9800005],"WNDDIR":[325.5,323.6],"time":[1549364856,1549364915]}