{"CLDC":[84.509995],"DEWP":[-4.1600003],"FRSHTT":[0],"PRCP":[0],"SLP":[972.0301],"SNDP":[0],"STP":[998.5199],"TEMP":[0.8000001],"VISIB":[8.73],"WDSP":[12.470001],"WNDDIR":[325.5],"time":[1549364856]}