{"CLDC":[50.289997],"DEWP":[-0.76],"FRSHTT":[100000],"PRCP":[0.059999995],"SLP":[1013.2999],"SNDP":[0],"STP":[1017.0301],"TEMP":[0.8000001],"VISIB":[12.089999],"WDSP":[33.71],"WNDDIR":[196.7],"time":[1549364861]}