{"CLDC":[50.090004],"DEWP":[-7.84],"FRSHTT":[1100000],"PRCP":[0.059999995],"SLP":[1006.4],"SNDP":[0],"STP":[1008.0101],"TEMP":[-4.92],"VISIB":[23.02],"WDSP":[31.779999],"WNDDIR":[50.4],"time":[1549364856]}