{"CLDC":[50.289997,50.180004],"DEWP":[-0.76,-0.75999993],"FRSHTT":[100000,100000],"PRCP":[0.059999995,0.063],"SLP":[1013.2999,1013.34],"SNDP":[0,0],"STP":[1017.0301,1016.7999],"TEMP":[0.8000001,0.8000001],"VISIB":[12.089999,12.16],"WDSP":[33.71,34.29],"WNDDIR":[196.7,196.6],"time":[1549364861,1549364918]}