{"CLDC":[50.090004,50.070004],"DEWP":[-7.84,-7.799999],"FRSHTT":[1100000,1100000],"PRCP":[0.059999995,0.059999995],"SLP":[1006.4,1006.4],"SNDP":[0,0],"STP":[1008.0101,1008.2999],"TEMP":[-4.92,-4.95],"VISIB":[23.02,23.439999],"WDSP":[31.779999,34.079998],"WNDDIR":[50.4,46.3],"time":[1549364856,1549364915]}