{"CLDC":[3.0900002],"DEWP":[0.08],"FRSHTT":[0],"PRCP":[0],"SLP":[1018.55994],"SNDP":[0],"STP":[998.31006],"TEMP":[0.8000001],"VISIB":[3.7899997],"WDSP":[21.01],"WNDDIR":[303.7],"time":[1549364859]}