{"CLDC":[50.13,50.010002],"DEWP":[-1.9800001,-1.95],"FRSHTT":[1100000,1100000],"PRCP":[0.039999995,0.039999995],"SLP":[1011.6,1011.6],"SNDP":[0,0],"STP":[1010.82,1011.1],"TEMP":[-0.22000003,-0.25],"VISIB":[11.360001,11.910001],"WDSP":[31.38,31.060003],"WNDDIR":[54.9,51.1],"time":[1549364859,1549364917]}