{"CLDC":[50.100002,50.070004],"DEWP":[-2.4500003,-2.4500003],"FRSHTT":[1110000,1110000],"PRCP":[0.039999995,0.039999995],"SLP":[1009.5,1009.5],"SNDP":[0.10000001,0.10000001],"STP":[1001.1,1001.1],"TEMP":[-0.56,-0.55],"VISIB":[9.17,9.46],"WDSP":[23.25,23.49],"WNDDIR":[129.2,129.5],"time":[1549364859,1549364917]}