{"CLDC":[50.100002],"DEWP":[-2.4500003],"FRSHTT":[1110000],"PRCP":[0.039999995],"SLP":[1009.5],"SNDP":[0.10000001],"STP":[1001.1],"TEMP":[-0.56],"VISIB":[9.17],"WDSP":[23.25],"WNDDIR":[129.2],"time":[1549364859]}