{"CLDC":[20.179998,20.07],"DEWP":[-1.82,-1.8199999],"FRSHTT":[1000000,1000000],"PRCP":[0,0],"SLP":[1005.02,1005.12],"SNDP":[0,0],"STP":[1003.91,1003.92004],"TEMP":[-0.29999998,-0.29999998],"VISIB":[6.1399994,6.03],"WDSP":[22.990002,23.44],"WNDDIR":[309.1,304],"time":[1549364859,1549364917]}