{"CLDC":[50.190006,50],"DEWP":[-0.54,-0.58000004],"FRSHTT":[110000,110000],"PRCP":[0.07,0.07],"SLP":[1013.5,1013.4],"SNDP":[0.10000001,0.10000001],"STP":[1012.1501,1012.1],"TEMP":[1.03,1.02],"VISIB":[10.360001,10.22],"WDSP":[23.02,22.41],"WNDDIR":[111.2,111.3],"time":[1549364859,1549364917]}