{"CLDC":[3.0900002,3.0900002],"DEWP":[0.08,-0.08],"FRSHTT":[0,0],"PRCP":[0,0],"SLP":[1018.55994,1018.91],"SNDP":[0,0],"STP":[998.31006,997.27997],"TEMP":[0.8000001,0.8000001],"VISIB":[3.7899997,4.2200003],"WDSP":[21.01,20.49],"WNDDIR":[303.7,304],"time":[1549364859,1549364917]}