{"CLDC":[50.13],"DEWP":[-1.9800001],"FRSHTT":[1100000],"PRCP":[0.039999995],"SLP":[1011.6],"SNDP":[0],"STP":[1010.82],"TEMP":[-0.22000003],"VISIB":[11.360001],"WDSP":[31.38],"WNDDIR":[54.9],"time":[1549364859]}