{"CLDC":[89.990005,90.05999],"DEWP":[-1.5999999,-1.64],"FRSHTT":[110000,110000],"PRCP":[0.050000004,0.050000004],"SLP":[1008.80994,1009.08997],"SNDP":[0.20000002,0.20000002],"STP":[1004.13007,1004.11],"TEMP":[0.10000001,0.10000001],"VISIB":[8.94,8.7699995],"WDSP":[26.789999,25.18],"WNDDIR":[177.5,177.4],"time":[1549364858,1549364917]}