{"CLDC":[96.77999],"DEWP":[-10],"FRSHTT":[1110000],"PRCP":[0.050000004],"SLP":[1010],"SNDP":[7.7],"STP":[1009.48],"TEMP":[-6.4],"VISIB":[15.81],"WDSP":[29.560001],"WNDDIR":[134.2],"time":[1549364856]}