{"CLDC":[50.050003,50.240005],"DEWP":[-2.25,-2.3],"FRSHTT":[1110000,1110000],"PRCP":[0.029999997,0.029999997],"SLP":[1004.2001,1004.42004],"SNDP":[0.20000002,0.20000002],"STP":[1003.4,1003.5],"TEMP":[-0.48000002,-0.45000005],"VISIB":[7.9200006,8.33],"WDSP":[21.869999,20.289999],"WNDDIR":[11.4,10.4],"time":[1549364859,1549364917]}