{"CLDC":[50.329994],"DEWP":[-2],"FRSHTT":[1110000],"PRCP":[0.13],"SLP":[1015.5],"SNDP":[1.1999999],"STP":[1017.79004],"TEMP":[-0.20000002],"VISIB":[8.930001],"WDSP":[18.9],"WNDDIR":[132.9],"time":[1549364858]}