{"CLDC":[96.77999,96.689995],"DEWP":[-10,-10],"FRSHTT":[1110000,1110000],"PRCP":[0.050000004,0.050000004],"SLP":[1010,1010],"SNDP":[7.7,7.7],"STP":[1009.48,1009.81006],"TEMP":[-6.4,-6.32],"VISIB":[15.81,14.969999],"WDSP":[29.560001,28.159998],"WNDDIR":[134.2,137.2],"time":[1549364856,1549364916]}