{"CLDC":[82.590004],"DEWP":[-2.4],"FRSHTT":[1110000],"PRCP":[0.050000004],"SLP":[1003.8499],"SNDP":[0.20000002],"STP":[1006.27997],"TEMP":[-0.40000004],"VISIB":[7.4800005],"WDSP":[18.170002],"WNDDIR":[70.4],"time":[1549364858]}