{"CLDC":[50.180004],"DEWP":[-2.0400002],"FRSHTT":[1110000],"PRCP":[0.050000004],"SLP":[1004.49005],"SNDP":[0.59999996],"STP":[1001.69006],"TEMP":[-0.5],"VISIB":[7.8299994],"WDSP":[22.539999],"WNDDIR":[25.9],"time":[1549364858]}