{"CLDC":[50.04,50.45],"DEWP":[-2.66,-2.62],"FRSHTT":[1100000,1100000],"PRCP":[0.019999998,0.019999998],"SLP":[1009.7699,1009.7899],"SNDP":[0,0],"STP":[1006.7001,1006.7001],"TEMP":[-1,-1],"VISIB":[7.160001,7.38],"WDSP":[13.25,13.6],"WNDDIR":[117.1,114.4],"time":[1549364859,1549364918]}