{"CLDC":[50.04],"DEWP":[-2.66],"FRSHTT":[1100000],"PRCP":[0.019999998],"SLP":[1009.7699],"SNDP":[0],"STP":[1006.7001],"TEMP":[-1],"VISIB":[7.160001],"WDSP":[13.25],"WNDDIR":[117.1],"time":[1549364859]}