{"CLDC":[50.249992],"DEWP":[-1.2],"FRSHTT":[110000],"PRCP":[0.039999995],"SLP":[1010.45996],"SNDP":[0.40000004],"STP":[1009.6],"TEMP":[0.46999997],"VISIB":[14.030001],"WDSP":[25.29],"WNDDIR":[104.9],"time":[1549364859]}