{"CLDC":[61.43],"DEWP":[-17.22],"FRSHTT":[1110000],"PRCP":[0.009999999],"SLP":[1011.4],"SNDP":[2.1000001],"STP":[1008.2999],"TEMP":[-12.95],"VISIB":[25.65],"WDSP":[19.03],"WNDDIR":[95.7],"time":[1549364856]}