{"CLDC":[61.43,61.389996],"DEWP":[-17.22,-17.1],"FRSHTT":[1110000,1110000],"PRCP":[0.009999999,0.009999999],"SLP":[1011.4,1011.4],"SNDP":[2.1000001,2.1000001],"STP":[1008.2999,1008.4],"TEMP":[-12.95,-13.140001],"VISIB":[25.65,26.11],"WDSP":[19.03,18.289999],"WNDDIR":[95.7,91.2],"time":[1549364856,1549364916]}