{"CLDC":[50.120003],"DEWP":[-2.6200001],"FRSHTT":[1100000],"PRCP":[0.07999999],"SLP":[1012.05994],"SNDP":[0],"STP":[1009.41003],"TEMP":[-0.75999993],"VISIB":[12.42],"WDSP":[27.1],"WNDDIR":[327.2],"time":[1549364858]}