{"CLDC":[50.06],"DEWP":[-8.88],"FRSHTT":[1100000],"PRCP":[0.11999999],"SLP":[1003.7001],"SNDP":[0],"STP":[1004.7001],"TEMP":[-4.6400003],"VISIB":[14.590001],"WDSP":[26.829998],"WNDDIR":[298.7],"time":[1549364856]}