{"CLDC":[75.03999,75.37001],"DEWP":[-1.4599998,-1.5799998],"FRSHTT":[100000,100000],"PRCP":[0.10000001,0.10000001],"SLP":[1012.5,1012.32996],"SNDP":[0,0],"STP":[1011.4,1011.4],"TEMP":[0.10000001,0.10000001],"VISIB":[8.61,8.03],"WDSP":[25.730001,26.570002],"WNDDIR":[214.2,214.7],"time":[1549364860,1549364918]}