{"CLDC":[82.44],"DEWP":[-10.42],"FRSHTT":[1000000],"PRCP":[0],"SLP":[1018.63995],"SNDP":[0],"STP":[992.3],"TEMP":[-7.999999],"VISIB":[4.2],"WDSP":[12.699999],"WNDDIR":[43.1],"time":[1549364860]}