{"CLDC":[98.25,98.420006],"DEWP":[-3.16,-3.2],"FRSHTT":[1000000,1000000],"PRCP":[0,0],"SLP":[995.25,994.7699],"SNDP":[0,0],"STP":[1002.7799,1004.12],"TEMP":[-1.3,-1.3399999],"VISIB":[3.2600002,3.4],"WDSP":[13.540001,13.370001],"WNDDIR":[146.5,148.9],"time":[1549364860,1549364918]}