{"CLDC":[79.34],"DEWP":[-2.4600003],"FRSHTT":[1110000],"PRCP":[0.039999995],"SLP":[1008.07996],"SNDP":[0.20000002],"STP":[1003.32],"TEMP":[-0.59999996],"VISIB":[6.7899995],"WDSP":[18.29],"WNDDIR":[237],"time":[1549364860]}