{"CLDC":[57.73,57.829998],"DEWP":[-2.05,-2],"FRSHTT":[1100000,1100000],"PRCP":[0.09000001,0.09000001],"SLP":[1013.37,1013.2899],"SNDP":[0,0],"STP":[1014.66003,1014.6],"TEMP":[-0.120000005,-0.19000003],"VISIB":[11.5199995,11.76],"WDSP":[20.61,20.91],"WNDDIR":[214.7,215.2],"time":[1549364860,1549364918]}