{"CLDC":[79.34,79.39],"DEWP":[-2.4600003,-2.4],"FRSHTT":[1110000,1110000],"PRCP":[0.039999995,0.039999995],"SLP":[1008.07996,1007.9],"SNDP":[0.20000002,0.20000002],"STP":[1003.32,1003.41003],"TEMP":[-0.59999996,-0.59999996],"VISIB":[6.7899995,6.2400002],"WDSP":[18.29,18.01],"WNDDIR":[237,236.6],"time":[1549364860,1549364918]}