{"CLDC":[66.87001,66.9],"DEWP":[-2.75,-2.8],"FRSHTT":[1110000,1110000],"PRCP":[0.029999997,0.029999997],"SLP":[1008.68005,1008.7001],"SNDP":[0.40000004,0.40000004],"STP":[1005.88,1006.17004],"TEMP":[-0.6999999,-0.6999999],"VISIB":[7.2799997,7.4],"WDSP":[19.869999,20.240002],"WNDDIR":[175.9,176.5],"time":[1549364861,1549364919]}