{"CLDC":[50.08],"DEWP":[-2.0499997],"FRSHTT":[1100000],"PRCP":[0.07999999],"SLP":[1011.7999],"SNDP":[0],"STP":[1011.56995],"TEMP":[-0.24000001],"VISIB":[8.24],"WDSP":[24.130001],"WNDDIR":[267.8],"time":[1549364861]}