{"CLDC":[50.269997],"DEWP":[-2.5399997],"FRSHTT":[1110000],"PRCP":[0.039999995],"SLP":[1013.2001],"SNDP":[0.40000004],"STP":[1010],"TEMP":[-0.29999998],"VISIB":[12.310001],"WDSP":[15.63],"WNDDIR":[304.2],"time":[1549364861]}