{"CLDC":[50.100002],"DEWP":[-3.0499997],"FRSHTT":[1110000],"PRCP":[0.07999999],"SLP":[1014.6],"SNDP":[7.5999994],"STP":[1014.52],"TEMP":[-1.1000001],"VISIB":[7.3],"WDSP":[17.390001],"WNDDIR":[325.4],"time":[1549364861]}