{"CLDC":[50.100002,50.35],"DEWP":[-3.4499996,-3.6499996],"FRSHTT":[1110000,1110000],"PRCP":[0.059999995,0.059999995],"SLP":[1012.4,1012.35],"SNDP":[0.40000004,0.40000004],"STP":[1013,1013.05],"TEMP":[-1.05,-1.0699999],"VISIB":[8.71,8.679999],"WDSP":[16.24,15.83],"WNDDIR":[131.7,130.7],"time":[1549364859,1549364917]}