{"CLDC":[50.100002],"DEWP":[-3.4499996],"FRSHTT":[1110000],"PRCP":[0.059999995],"SLP":[1012.4],"SNDP":[0.40000004],"STP":[1013],"TEMP":[-1.05],"VISIB":[8.71],"WDSP":[16.24],"WNDDIR":[131.7],"time":[1549364859]}