{"CLDC":[16.38,16.64],"DEWP":[-1.7,-1.5199999],"FRSHTT":[0,0],"PRCP":[0,0],"SLP":[1009.9,1010],"SNDP":[0,0],"STP":[1006.68,1006.6],"TEMP":[0,0],"VISIB":[14.33,13.509999],"WDSP":[20.75,21.189999],"WNDDIR":[29.9,31],"time":[1549364859,1549364917]}