{"CLDC":[51.829998,52.090004],"DEWP":[-3.25,-3.4],"FRSHTT":[1100000,1100000],"PRCP":[0.11,0.11],"SLP":[1014.99005,1015],"SNDP":[0,0],"STP":[1007,1007.1],"TEMP":[-1.64,-1.46],"VISIB":[7.0799994,7.0799994],"WDSP":[15.95,15.57],"WNDDIR":[316.5,315.5],"time":[1549364859,1549364917]}