{"CLDC":[63.99],"DEWP":[-10.909999],"FRSHTT":[1000000],"PRCP":[0],"SLP":[987.88],"SNDP":[0],"STP":[992.84],"TEMP":[-5.9199996],"VISIB":[7.4000006],"WDSP":[10.51],"WNDDIR":[35.3],"time":[1549364859]}