{"CLDC":[67.82,68.03001],"DEWP":[-0.8499999,-0.8999999],"FRSHTT":[0,0],"PRCP":[0,0],"SLP":[1014.74005,1014.99005],"SNDP":[0,0],"STP":[1012.61,1013.0199],"TEMP":[0.93999994,0.95],"VISIB":[13.530001,11.75],"WDSP":[27.170002,26.52],"WNDDIR":[155.3,155.9],"time":[1549364859,1549364917]}