{"CLDC":[50.090004],"DEWP":[-3.44],"FRSHTT":[1100000],"PRCP":[0.07],"SLP":[1015.2001],"SNDP":[0],"STP":[1012.2999],"TEMP":[-1.6000001],"VISIB":[4.0999994],"WDSP":[17.8],"WNDDIR":[183.2],"time":[1549364859]}