{"CLDC":[67.82],"DEWP":[-0.8499999],"FRSHTT":[0],"PRCP":[0],"SLP":[1014.74005],"SNDP":[0],"STP":[1012.61],"TEMP":[0.93999994],"VISIB":[13.530001],"WDSP":[27.170002],"WNDDIR":[155.3],"time":[1549364859]}