{"CLDC":[50.090004,50.299995],"DEWP":[-3.44,-3.44],"FRSHTT":[1100000,1100000],"PRCP":[0.07,0.07],"SLP":[1015.2001,1015.2001],"SNDP":[0,0],"STP":[1012.2999,1012.2999],"TEMP":[-1.6000001,-1.6000001],"VISIB":[4.0999994,4.4900002],"WDSP":[17.8,17.749998],"WNDDIR":[183.2,181.4],"time":[1549364859,1549364917]}