{"CLDC":[73.39],"DEWP":[-3.5600002],"FRSHTT":[1110000],"PRCP":[0.019999998],"SLP":[1012.39],"SNDP":[0.29999998],"STP":[1005.19006],"TEMP":[-0.86],"VISIB":[13.410001],"WDSP":[16.69],"WNDDIR":[218.2],"time":[1549364860]}