{"CLDC":[50.170006,50.260002],"DEWP":[-3.8,-3.8],"FRSHTT":[1100000,1100000],"PRCP":[0.059999995,0.059999995],"SLP":[1017.7999,1017.77],"SNDP":[0,0],"STP":[1010.30994,1010.2999],"TEMP":[-2.16,-2.2399998],"VISIB":[5.67,5.95],"WDSP":[20.369999,20.41],"WNDDIR":[26.3,21],"time":[1549364859,1549364918]}