{"CLDC":[50.170006],"DEWP":[-3.8],"FRSHTT":[1100000],"PRCP":[0.059999995],"SLP":[1017.7999],"SNDP":[0],"STP":[1010.30994],"TEMP":[-2.16],"VISIB":[5.67],"WDSP":[20.369999],"WNDDIR":[26.3],"time":[1549364859]}