{"CLDC":[73.39,73.44],"DEWP":[-3.5600002,-3.35],"FRSHTT":[1110000,1110000],"PRCP":[0.019999998,0.019999998],"SLP":[1012.39,1012.2899],"SNDP":[0.29999998,0.29999998],"STP":[1005.19006,1005.1],"TEMP":[-0.86,-0.86],"VISIB":[13.410001,13.65],"WDSP":[16.69,16.39],"WNDDIR":[218.2,216],"time":[1549364860,1549364918]}