{"CLDC":[50.219997,50.010002],"DEWP":[-3.1399996,-3.1399999],"FRSHTT":[1100000,1100000],"PRCP":[0.059999995,0.063],"SLP":[1016.9,1016.95],"SNDP":[0,0],"STP":[1019.32996,1019.0801],"TEMP":[-1.24,-1.25],"VISIB":[7.659999,7.6299996],"WDSP":[20.63,19.86],"WNDDIR":[84.9,88.6],"time":[1549364860,1549364918]}