{"CLDC":[50.46],"DEWP":[-5.3599997],"FRSHTT":[1100000],"PRCP":[0.059999995],"SLP":[1013.2001],"SNDP":[0],"STP":[1017.9],"TEMP":[-3.8600001],"VISIB":[7.21],"WDSP":[19.34],"WNDDIR":[244.7],"time":[1549364859]}