{"CLDC":[73.18],"DEWP":[-3.2800002],"FRSHTT":[1100000],"PRCP":[0.019999998],"SLP":[1012.8],"SNDP":[0],"STP":[1012.24005],"TEMP":[-0.53],"VISIB":[21.240002],"WDSP":[16.55],"WNDDIR":[38.8],"time":[1549364859]}