{"CLDC":[50.06],"DEWP":[-5.6000004],"FRSHTT":[1100000],"PRCP":[0.07],"SLP":[1015.7001],"SNDP":[0],"STP":[1015.1],"TEMP":[-4],"VISIB":[9.089999],"WDSP":[18.039999],"WNDDIR":[91.9],"time":[1549364858]}