{"CLDC":[50.06,50.32],"DEWP":[-5.6000004,-5.4199996],"FRSHTT":[1100000,1100000],"PRCP":[0.07,0.07],"SLP":[1015.7001,1015.7001],"SNDP":[0,0],"STP":[1015.1,1015.09],"TEMP":[-4,-3.9800003],"VISIB":[9.089999,9.559999],"WDSP":[18.039999,16.93],"WNDDIR":[91.9,92.9],"time":[1549364858,1549364916]}