{"CLDC":[58.559998],"DEWP":[-2.44],"FRSHTT":[1000000],"PRCP":[0],"SLP":[1022.52014],"SNDP":[0],"STP":[1045.69],"TEMP":[-1.4599999],"VISIB":[3.2400002],"WDSP":[20.100002],"WNDDIR":[256.2],"time":[1549364855]}