{"CLDC":[62.079998,62.160004],"DEWP":[-0.45999998,-0.21999998],"FRSHTT":[110000,110000],"PRCP":[0.09000001,0.09000001],"SLP":[1010.95996,1011],"SNDP":[0.29999998,0.29999998],"STP":[1010.43,1010.37],"TEMP":[1.1000001,1.1000001],"VISIB":[13.19,13.109999],"WDSP":[18.869999,19.91],"WNDDIR":[146.3,143.8],"time":[1549364855,1549364915]}