{"CLDC":[38.220005],"DEWP":[-2.6],"FRSHTT":[1000000],"PRCP":[0],"SLP":[990.52997],"SNDP":[0],"STP":[997.7001],"TEMP":[-0.5],"VISIB":[5.46],"WDSP":[17.670002],"WNDDIR":[26],"time":[1549364856]}