{"CLDC":[58.719994],"DEWP":[-2.6499999],"FRSHTT":[1110000],"PRCP":[0.07999999],"SLP":[1012.63],"SNDP":[0.10000001],"STP":[1012.2999],"TEMP":[-0.75],"VISIB":[7.2700005],"WDSP":[18.11],"WNDDIR":[185],"time":[1549364856]}