{"CLDC":[58.719994,58.920002],"DEWP":[-2.6499999,-2.6999998],"FRSHTT":[1110000,1110000],"PRCP":[0.07999999,0.07999999],"SLP":[1012.63,1012.7001],"SNDP":[0.10000001,0.10000001],"STP":[1012.2999,1012.2999],"TEMP":[-0.75,-0.76000005],"VISIB":[7.2700005,7.1699996],"WDSP":[18.11,18.45],"WNDDIR":[185,177.6],"time":[1549364856,1549364916]}