{"CLDC":[50.35,50.879997],"DEWP":[-1.9199998,-2.1599998],"FRSHTT":[110000,110000],"PRCP":[0.039999995,0.039999995],"SLP":[1017,1017.09],"SNDP":[0.29999998,0.29999998],"STP":[1007.4,1007.4],"TEMP":[0.8000001,0.8000001],"VISIB":[7.910001,8.25],"WDSP":[8.360001,8.190001],"WNDDIR":[246.6,246.9],"time":[1549364856,1549364915]}