{"CLDC":[88.18001,88.420006],"DEWP":[-10.97,-11.200001],"FRSHTT":[1110000,1110000],"PRCP":[0.059999995,0.059999995],"SLP":[1004.7201,1004.7499],"SNDP":[16.100002,16.199999],"STP":[1002.6,1002.6],"TEMP":[-7.7799997,-7.8],"VISIB":[18.329998,17.91],"WDSP":[7.5799994,7.1299996],"WNDDIR":[294.9,295.5],"time":[1549364857,1549364916]}