{"CLDC":[50.160004,50.02],"DEWP":[-3.0500004,-2.9000003],"FRSHTT":[1110000,1110000],"PRCP":[0.13,0.13],"SLP":[1012.7999,1012.7999],"SNDP":[0.5,0.5],"STP":[1010.92004,1010.9],"TEMP":[-0.96999997,-0.98],"VISIB":[7.0699997,7.6],"WDSP":[13.85,14.479999],"WNDDIR":[68,64.7],"time":[1549364856,1549364915]}