{"CLDC":[50.160004],"DEWP":[-3.0500004],"FRSHTT":[1110000],"PRCP":[0.13],"SLP":[1012.7999],"SNDP":[0.5],"STP":[1010.92004],"TEMP":[-0.96999997],"VISIB":[7.0699997],"WDSP":[13.85],"WNDDIR":[68],"time":[1549364856]}