{"CLDC":[90.12999,90.41],"DEWP":[-2.85,-2.64],"FRSHTT":[1110000,1110000],"PRCP":[0.11,0.11],"SLP":[1011.77997,1011.9],"SNDP":[0.9,0.9],"STP":[1000.5,1000.4],"TEMP":[-0.5,-0.5],"VISIB":[12.609999,12.88],"WDSP":[13.780001,13.389999],"WNDDIR":[111.6,108.5],"time":[1549364860,1549364918]}