{"CLDC":[50.130005,50.389996],"DEWP":[-3.4500003,-3.4500003],"FRSHTT":[1100000,1100000],"PRCP":[0.07999999,0.07999999],"SLP":[1015.4801,1015.41003],"SNDP":[0,0],"STP":[1016,1016],"TEMP":[-1.6700001,-1.64],"VISIB":[4.43,4.71],"WDSP":[15.19,15.7],"WNDDIR":[318.8,318.9],"time":[1549364860,1549364918]}