{"CLDC":[50.289997,50.280003],"DEWP":[-3.9,-3.95],"FRSHTT":[1100000,1100000],"PRCP":[0.019999998,0.019999998],"SLP":[1028.7001,1028.7999],"SNDP":[0,0],"STP":[1030.69,1030.8801],"TEMP":[-1.07,-1.0699999],"VISIB":[7.31,6.62],"WDSP":[17.97,18.41],"WNDDIR":[21.8,26.4],"time":[1549364860,1549364918]}