{"CLDC":[90.12999],"DEWP":[-2.85],"FRSHTT":[1110000],"PRCP":[0.11],"SLP":[1011.77997],"SNDP":[0.9],"STP":[1000.5],"TEMP":[-0.5],"VISIB":[12.609999],"WDSP":[13.780001],"WNDDIR":[111.6],"time":[1549364860]}