{"CLDC":[56.809998,56.43],"DEWP":[-3.4000003,-3.4000003],"FRSHTT":[1110000,1110000],"PRCP":[0.059999995,0.063],"SLP":[1015.2001,1015.2001],"SNDP":[0.20000002,0.20000002],"STP":[1014.7001,1014.7999],"TEMP":[-1.3199999,-1.2799999],"VISIB":[8.4800005,9.4800005],"WDSP":[13.219999,12.67],"WNDDIR":[342.4,343.5],"time":[1549364860,1549364918]}