{"CLDC":[98.87001,99.02],"DEWP":[-5.7,-5.65],"FRSHTT":[1100000,1100000],"PRCP":[0.11999999,0.11999999],"SLP":[1014.7999,1014.7999],"SNDP":[0,0],"STP":[1011.41003,1011.20996],"TEMP":[-3.9499996,-3.9999995],"VISIB":[3.7099998,4.04],"WDSP":[12.12,12.109999],"WNDDIR":[210,209],"time":[1549364860,1549364918]}