{"CLDC":[56.809998],"DEWP":[-3.4000003],"FRSHTT":[1110000],"PRCP":[0.059999995],"SLP":[1015.2001],"SNDP":[0.20000002],"STP":[1014.7001],"TEMP":[-1.3199999],"VISIB":[8.4800005],"WDSP":[13.219999],"WNDDIR":[342.4],"time":[1549364860]}