{"CLDC":[50.070004,50.05],"DEWP":[-7.3,-7.16],"FRSHTT":[1110000,1110000],"PRCP":[0.13,0.13],"SLP":[1002.4,1002.4],"SNDP":[1,1],"STP":[1001.0399,1000.86005],"TEMP":[-3.7,-3.65],"VISIB":[13.99,13.7],"WDSP":[16.24,15.63],"WNDDIR":[306.6,310],"time":[1549364857,1549364916]}