{"CLDC":[50.100002],"DEWP":[-4.2200003],"FRSHTT":[1100000],"PRCP":[0.13],"SLP":[1015.32996],"SNDP":[0],"STP":[1016.2899],"TEMP":[-2.34],"VISIB":[5.29],"WDSP":[14.5],"WNDDIR":[55],"time":[1549364861]}