{"CLDC":[50.100002,50.110004],"DEWP":[-4.2200003,-4.3200006],"FRSHTT":[1100000,1100000],"PRCP":[0.13,0.13],"SLP":[1015.32996,1015.2999],"SNDP":[0,0],"STP":[1016.2899,1016.4801],"TEMP":[-2.34,-2.3],"VISIB":[5.29,4.9500003],"WDSP":[14.5,14.750002],"WNDDIR":[55,55.7],"time":[1549364861,1549364919]}