{"CLDC":[29.66,29.100002],"DEWP":[-1.95,-2.1499999],"FRSHTT":[0,0],"PRCP":[0,0],"SLP":[1016.00995,1016.12],"SNDP":[0,0],"STP":[1013.7699,1014.5],"TEMP":[0,0],"VISIB":[9.65,10.49],"WDSP":[21.05,20.329998],"WNDDIR":[132.5,131],"time":[1549364861,1549364919]}