{"CLDC":[50.02],"DEWP":[-8.46],"FRSHTT":[1110000],"PRCP":[0.11999999],"SLP":[1006.7799],"SNDP":[34.600002],"STP":[992.3099],"TEMP":[-5.5099993],"VISIB":[58.5],"WDSP":[14.300001],"WNDDIR":[142],"time":[1549364857]}