{"CLDC":[50.02,50.190006],"DEWP":[-8.46,-8.460001],"FRSHTT":[1110000,1110000],"PRCP":[0.11999999,0.11999999],"SLP":[1006.7799,1006.7201],"SNDP":[34.600002,34.600002],"STP":[992.3099,992.38],"TEMP":[-5.5099993,-5.4799995],"VISIB":[58.5,58.870003],"WDSP":[14.300001,14.17],"WNDDIR":[142,139.6],"time":[1549364857,1549364916]}