{"CLDC":[87.78999,87.77],"DEWP":[-2.9,-2.9800003],"FRSHTT":[1100000,1100000],"PRCP":[0.07999999,0.07999999],"SLP":[1013.4,1013.5],"SNDP":[0,0],"STP":[1019.81995,1019.75995],"TEMP":[-1.17,-1.0999999],"VISIB":[5.38,5.35],"WDSP":[16.84,17.4],"WNDDIR":[72.4,69.7],"time":[1549364861,1549364919]}