{"CLDC":[50.03,50.11001],"DEWP":[-3.0399997,-3.0399997],"FRSHTT":[1100000,1100000],"PRCP":[0.019999998,0.019999998],"SLP":[1019.41,1018.05],"SNDP":[0,0],"STP":[1010.6701,1010.57],"TEMP":[-0.66999996,-0.6499999],"VISIB":[12.280001,12.61],"WDSP":[20.889997,19.289997],"WNDDIR":[219.6,221],"time":[1549364861,1549364919]}