{"CLDC":[60.57,60.480003],"DEWP":[-2.48,-2.3200002],"FRSHTT":[100000,100000],"PRCP":[0.09000001,0.09000001],"SLP":[1013.7399,1013.32],"SNDP":[0,0],"STP":[1004.25,1003.59],"TEMP":[0.20000002,0.20000002],"VISIB":[14.870001,15.05],"WDSP":[19.45,20.880001],"WNDDIR":[303.9,301.2],"time":[1549364859,1549364917]}