{"CLDC":[50.250004,50.61],"DEWP":[-8.120001,-8.320001],"FRSHTT":[1100000,1100000],"PRCP":[0.21000001,0.21000001],"SLP":[1007,1007],"SNDP":[0,0],"STP":[1006.7001,1006.72003],"TEMP":[-6.7,-6.7],"VISIB":[25.130001,26.48],"WDSP":[32.560005,34.77],"WNDDIR":[168,170],"time":[1549364858,1549364916]}