{"CLDC":[61.5,61.410004],"DEWP":[-3.86,-3.8],"FRSHTT":[1100000,1100000],"PRCP":[0.10000001,0.10000001],"SLP":[1013.23,1013.2999],"SNDP":[0,0],"STP":[1018.7001,1018.7999],"TEMP":[-1.72,-1.7400001],"VISIB":[6.65,6.6],"WDSP":[14.15,13.7699995],"WNDDIR":[83.8,85.6],"time":[1549364859,1549364917]}