{"CLDC":[84.729996],"DEWP":[-2.5],"FRSHTT":[110000],"PRCP":[0.059999995],"SLP":[1011.64],"SNDP":[0.20000002],"STP":[1006.77],"TEMP":[0.29999998],"VISIB":[10.380001],"WDSP":[13.850001],"WNDDIR":[64.3],"time":[1549364858]}