{"CLDC":[84.729996,84.810005],"DEWP":[-2.5,-2.5],"FRSHTT":[110000,110000],"PRCP":[0.059999995,0.059999995],"SLP":[1011.64,1011.36],"SNDP":[0.20000002,0.20000002],"STP":[1006.77,1007.20996],"TEMP":[0.29999998,0.29999998],"VISIB":[10.380001,10.19],"WDSP":[13.850001,14.07],"WNDDIR":[64.3,69.4],"time":[1549364858,1549364917]}