{"CLDC":[62.98],"DEWP":[-12.68],"FRSHTT":[1000000],"PRCP":[0],"SLP":[1018.28986],"SNDP":[0],"STP":[988.57996],"TEMP":[-6.66],"VISIB":[5.2],"WDSP":[17.069998],"WNDDIR":[43.8],"time":[1549364858]}