{"CLDC":[57.809998],"DEWP":[-1.8000002],"FRSHTT":[110000],"PRCP":[0.07999999],"SLP":[1011.6],"SNDP":[4.7000003],"STP":[1008.77997],"TEMP":[0.5],"VISIB":[7.8200006],"WDSP":[12.000001],"WNDDIR":[181.5],"time":[1549364858]}