{"CLDC":[57.809998,58.090004],"DEWP":[-1.8000002,-1.9000002],"FRSHTT":[110000,110000],"PRCP":[0.07999999,0.07999999],"SLP":[1011.6,1011.65],"SNDP":[4.7000003,4.7000003],"STP":[1008.77997,1009.05],"TEMP":[0.5,0.5],"VISIB":[7.8200006,7.8600006],"WDSP":[12.000001,12.290001],"WNDDIR":[181.5,182.1],"time":[1549364858,1549364917]}