{"CLDC":[62.98,63.4],"DEWP":[-12.68,-12.74],"FRSHTT":[1000000,1000000],"PRCP":[0,0],"SLP":[1018.28986,1017.91],"SNDP":[0,0],"STP":[988.57996,988.67004],"TEMP":[-6.66,-6.71],"VISIB":[5.2,5.47],"WDSP":[17.069998,16.349998],"WNDDIR":[43.8,43],"time":[1549364858,1549364917]}