{"CLDC":[83.89],"DEWP":[-2.78],"FRSHTT":[110000],"PRCP":[0.07999999],"SLP":[1014.4],"SNDP":[0.20000002],"STP":[1016.19006],"TEMP":[0.10000001],"VISIB":[7.9200006],"WDSP":[15.38],"WNDDIR":[138.7],"time":[1549364858]}