{"CLDC":[83.89,83.79],"DEWP":[-2.78,-2.85],"FRSHTT":[110000,110000],"PRCP":[0.07999999,0.07999999],"SLP":[1014.4,1014.4],"SNDP":[0.20000002,0.20000002],"STP":[1016.19006,1016.4199],"TEMP":[0.10000001,0.10000001],"VISIB":[7.9200006,8.469999],"WDSP":[15.38,16.79],"WNDDIR":[138.7,140],"time":[1549364858,1549364916]}