{"CLDC":[71.45,71.31999],"DEWP":[-3.3,-3.2400002],"FRSHTT":[1110000,1110000],"PRCP":[0.07,0.07],"SLP":[1013.7001,1013.73],"SNDP":[7.5999994,7.5999994],"STP":[1008.2001,1008.2001],"TEMP":[-1.1000001,-1.1000001],"VISIB":[6.72,6.9900002],"WDSP":[17.24,17.44],"WNDDIR":[269.2,269.9],"time":[1549364855,1549364915]}