{"CLDC":[50.140003],"DEWP":[-3.2],"FRSHTT":[1110000],"PRCP":[0.07],"SLP":[1013.42004],"SNDP":[0.5],"STP":[1006.7201],"TEMP":[-0.29999998],"VISIB":[10.17],"WDSP":[17.87],"WNDDIR":[181.4],"time":[1549364855]}