{"CLDC":[71.45],"DEWP":[-3.3],"FRSHTT":[1110000],"PRCP":[0.07],"SLP":[1013.7001],"SNDP":[7.5999994],"STP":[1008.2001],"TEMP":[-1.1000001],"VISIB":[6.72],"WDSP":[17.24],"WNDDIR":[269.2],"time":[1549364855]}