{"CLDC":[50.140003],"DEWP":[-11.25],"FRSHTT":[1100000],"PRCP":[0.059999995],"SLP":[1019.7301],"SNDP":[0],"STP":[1009.79004],"TEMP":[-9.050001],"VISIB":[5.4100003],"WDSP":[6.7400002],"WNDDIR":[35.5],"time":[1549364855]}