{"CLDC":[50.05,50.190006],"DEWP":[-4.8599997,-4.9199996],"FRSHTT":[1100000,1100000],"PRCP":[0.13,0.13],"SLP":[1016.30994,1016.2001],"SNDP":[0,0],"STP":[1020.95,1021.0301],"TEMP":[-2.8199997,-2.7500002],"VISIB":[5.05,4.34],"WDSP":[13.9800005,13.2699995],"WNDDIR":[212.6,215],"time":[1549364856,1549364916]}