{"CLDC":[50.05],"DEWP":[-4.8599997],"FRSHTT":[1100000],"PRCP":[0.13],"SLP":[1016.30994],"SNDP":[0],"STP":[1020.95],"TEMP":[-2.8199997],"VISIB":[5.05],"WDSP":[13.9800005],"WNDDIR":[212.6],"time":[1549364856]}