{"CLDC":[70.850006],"DEWP":[-3.7400002],"FRSHTT":[1100000],"PRCP":[0.07],"SLP":[1017.2601],"SNDP":[0],"STP":[1016.2001],"TEMP":[-1.28],"VISIB":[6.7400002],"WDSP":[14.789999],"WNDDIR":[146.1],"time":[1549364856]}