{"CLDC":[88.67,88.67999],"DEWP":[-4.25,-4.2500005],"FRSHTT":[1110000,1110000],"PRCP":[0.07,0.07],"SLP":[1014.9,1015],"SNDP":[1.8999999,1.8999999],"STP":[991.6,991.6],"TEMP":[-2.0700002,-1.9799999],"VISIB":[10.43,10.219999],"WDSP":[17.05,17.27],"WNDDIR":[181,182.1],"time":[1549364856,1549364915]}