{"CLDC":[84.36,84.549995],"DEWP":[-8.6,-8.550001],"FRSHTT":[1100000,1100000],"PRCP":[0.059999995,0.059999995],"SLP":[1019.82996,1020.05],"SNDP":[0,0],"STP":[1046.1501,1046.13],"TEMP":[-7.03,-6.7599998],"VISIB":[5.3499994,5.68],"WDSP":[6.71,6.2499995],"WNDDIR":[188.8,188.9],"time":[1549364856,1549364915]}