{"CLDC":[91.43001,91.28999],"DEWP":[-1.4399999,-1.4],"FRSHTT":[0,0],"PRCP":[0,0],"SLP":[1016.07,1015.72003],"SNDP":[0,0],"STP":[1003.95996,1004.27],"TEMP":[0.20000002,0.20000002],"VISIB":[13.31,13.969999],"WDSP":[19.03,20.789999],"WNDDIR":[262.7,261],"time":[1549364860,1549364918]}