{"CLDC":[50.100002],"DEWP":[-5.24],"FRSHTT":[1100000],"PRCP":[0.21000001],"SLP":[1015.2999],"SNDP":[0],"STP":[1016.02997],"TEMP":[-3.6799996],"VISIB":[5.99],"WDSP":[17.01],"WNDDIR":[140.2],"time":[1549364860]}