{"CLDC":[50.05],"DEWP":[-5.38],"FRSHTT":[1110000],"PRCP":[0.019999998],"SLP":[1005.43],"SNDP":[0.20000002],"STP":[999.2101],"TEMP":[-2.56],"VISIB":[6.35],"WDSP":[14.67],"WNDDIR":[282.4],"time":[1549364860]}