{"CLDC":[50.100002,50.200005],"DEWP":[-5.24,-5.3599997],"FRSHTT":[1100000,1100000],"PRCP":[0.21000001,0.21000001],"SLP":[1015.2999,1015.2999],"SNDP":[0,0],"STP":[1016.02997,1015.79004],"TEMP":[-3.6799996,-3.6799998],"VISIB":[5.99,6.0899997],"WDSP":[17.01,16.210001],"WNDDIR":[140.2,142.3],"time":[1549364860,1549364918]}