{"CLDC":[63.48],"DEWP":[-4.21],"FRSHTT":[1100000],"PRCP":[0.10000001],"SLP":[1016.41003],"SNDP":[0],"STP":[1019.2001],"TEMP":[-2.0800002],"VISIB":[6.12],"WDSP":[17.28],"WNDDIR":[338.9],"time":[1549364860]}