{"CLDC":[75.85],"DEWP":[-4.8399997],"FRSHTT":[1100000],"PRCP":[0.10000001],"SLP":[1014.82996],"SNDP":[0],"STP":[1015.11],"TEMP":[-3.0800002],"VISIB":[4.88],"WDSP":[18.8],"WNDDIR":[52.9],"time":[1549364861]}