{"CLDC":[75.85,75.42],"DEWP":[-4.8399997,-5.02],"FRSHTT":[1100000,1100000],"PRCP":[0.10000001,0.10000001],"SLP":[1014.82996,1014.81995],"SNDP":[0,0],"STP":[1015.11,1014.7601],"TEMP":[-3.0800002,-3.0600002],"VISIB":[4.88,4.88],"WDSP":[18.8,19.92],"WNDDIR":[52.9,54.8],"time":[1549364861,1549364919]}