{"CLDC":[50.07,50.270004],"DEWP":[-0.9200001,-0.79999995],"FRSHTT":[100000,100000],"PRCP":[0.21000001,0.21000001],"SLP":[1014.7001,1014.63],"SNDP":[0,0],"STP":[1009.5,1009.5],"TEMP":[2.15,2.1600003],"VISIB":[15.06,14.639999],"WDSP":[13.4800005,13.45],"WNDDIR":[149.1,149.9],"time":[1549364859,1549364917]}