{"CLDC":[71.82],"DEWP":[-2.5399995],"FRSHTT":[1110000],"PRCP":[0.10000001],"SLP":[1013.9],"SNDP":[0.20000002],"STP":[1015.7001],"TEMP":[-0.20000002],"VISIB":[6.79],"WDSP":[16.710001],"WNDDIR":[23.4],"time":[1549364859]}