{"CLDC":[71.82,71.74999],"DEWP":[-2.5399995,-2.6599998],"FRSHTT":[1110000,1110000],"PRCP":[0.10000001,0.10000001],"SLP":[1013.9,1013.99005],"SNDP":[0.20000002,0.20000002],"STP":[1015.7001,1015.7001],"TEMP":[-0.20000002,-0.20000002],"VISIB":[6.79,6.6399994],"WDSP":[16.710001,16.509998],"WNDDIR":[23.4,22.8],"time":[1549364859,1549364917]}