{"CLDC":[51.710003],"DEWP":[-3.0800004],"FRSHTT":[1110000],"PRCP":[0.19000001],"SLP":[1014.5],"SNDP":[0.20000002],"STP":[996.66003],"TEMP":[-1.1999999],"VISIB":[9.71],"WDSP":[13.2],"WNDDIR":[138.3],"time":[1549364859]}