{"CLDC":[94.65001],"DEWP":[-3.6599998],"FRSHTT":[100000],"PRCP":[0.10000001],"SLP":[1014.6],"SNDP":[0],"STP":[1013.2601],"TEMP":[0.10000001],"VISIB":[7.7299995],"WDSP":[16.35],"WNDDIR":[1.4],"time":[1549364859]}