{"CLDC":[94.65001,94.32],"DEWP":[-3.6599998,-3.5199997],"FRSHTT":[100000,100000],"PRCP":[0.10000001,0.10000001],"SLP":[1014.6,1014.6],"SNDP":[0,0],"STP":[1013.2601,1013.2999],"TEMP":[0.10000001,0.10000001],"VISIB":[7.7299995,7.97],"WDSP":[16.35,17.349998],"WNDDIR":[1.4,1.3],"time":[1549364859,1549364917]}