{"CLDC":[55.72,55.95],"DEWP":[-3.5399997,-3.7500005],"FRSHTT":[1110000,1110000],"PRCP":[0.15999998,0.15999998],"SLP":[1015.2999,1015.4],"SNDP":[1.8999999,1.8999999],"STP":[967.30994,967.27],"TEMP":[-2.05,-2.06],"VISIB":[12.46,12.820002],"WDSP":[13.4,12.99],"WNDDIR":[38.8,38.8],"time":[1549364858,1549364916]}