{"CLDC":[50.210003],"DEWP":[-2.8500004],"FRSHTT":[1110000],"PRCP":[0.10000001],"SLP":[1016],"SNDP":[7.8],"STP":[1012],"TEMP":[-0.20000002],"VISIB":[9.76],"WDSP":[16.7],"WNDDIR":[248.2],"time":[1549364859]}