{"CLDC":[50.210003,50.120003],"DEWP":[-2.8500004,-2.9000003],"FRSHTT":[1110000,1110000],"PRCP":[0.10000001,0.10000001],"SLP":[1016,1015.99005],"SNDP":[7.8,7.8],"STP":[1012,1012],"TEMP":[-0.20000002,-0.20000002],"VISIB":[9.76,10.17],"WDSP":[16.7,16.91],"WNDDIR":[248.2,250.6],"time":[1549364859,1549364917]}