{"CLDC":[55.72],"DEWP":[-3.5399997],"FRSHTT":[1110000],"PRCP":[0.15999998],"SLP":[1015.2999],"SNDP":[1.8999999],"STP":[967.30994],"TEMP":[-2.05],"VISIB":[12.46],"WDSP":[13.4],"WNDDIR":[38.8],"time":[1549364858]}