{"CLDC":[75.87],"DEWP":[-2.1599998],"FRSHTT":[0],"PRCP":[0],"SLP":[995.14],"SNDP":[0],"STP":[996.4],"TEMP":[0.8000001],"VISIB":[8.679999],"WDSP":[19.529999],"WNDDIR":[189.3],"time":[1549364857]}