{"CLDC":[75.87,75.48],"DEWP":[-2.1599998,-2.16],"FRSHTT":[0,0],"PRCP":[0,0],"SLP":[995.14,995.2101],"SNDP":[0,0],"STP":[996.4,996.4],"TEMP":[0.8000001,0.8000001],"VISIB":[8.679999,8.42],"WDSP":[19.529999,19.55],"WNDDIR":[189.3,192.6],"time":[1549364857,1549364916]}