{"CLDC":[9.059999],"DEWP":[-3.7999997],"FRSHTT":[0],"PRCP":[0],"SLP":[1013.8999],"SNDP":[0],"STP":[1003.44006],"TEMP":[0],"VISIB":[42.090004],"WDSP":[25.829998],"WNDDIR":[303.2],"time":[1549364857]}