{"CLDC":[89.60999],"DEWP":[-3.1999998],"FRSHTT":[1110000],"PRCP":[0.039999995],"SLP":[1015.18005],"SNDP":[0.6999999],"STP":[1009.61],"TEMP":[-0.5],"VISIB":[10.51],"WDSP":[11.49],"WNDDIR":[274.3],"time":[1549364858]}