{"CLDC":[8.58,8.57],"DEWP":[-0.78000003,-0.66],"FRSHTT":[0,0],"PRCP":[0,0],"SLP":[995.18994,996.89],"SNDP":[0,0],"STP":[999.50995,1000.16003],"TEMP":[1.8999999,1.8999999],"VISIB":[8.190001,8.48],"WDSP":[14.15,13.94],"WNDDIR":[85.7,81.6],"time":[1549364858,1549364917]}