{"CLDC":[89.60999,90.10999],"DEWP":[-3.1999998,-3.12],"FRSHTT":[1110000,1110000],"PRCP":[0.039999995,0.039999995],"SLP":[1015.18005,1015.1],"SNDP":[0.6999999,0.6999999],"STP":[1009.61,1009.45996],"TEMP":[-0.5,-0.5],"VISIB":[10.51,10.5],"WDSP":[11.49,11.84],"WNDDIR":[274.3,272.7],"time":[1549364858,1549364917]}