{"CLDC":[85.27,85.049995],"DEWP":[-4.68,-4.75],"FRSHTT":[1110000,1110000],"PRCP":[0.019999998,0.019999998],"SLP":[1008.00995,1008.1],"SNDP":[0.10000001,0.10000001],"STP":[999.00995,998.85],"TEMP":[-2.13,-2.1400003],"VISIB":[10.729999,10.7300005],"WDSP":[11.649999,12.05],"WNDDIR":[52.9,57.2],"time":[1549364858,1549364917]}