{"CLDC":[50.070004],"DEWP":[-3.5399997],"FRSHTT":[1110000],"PRCP":[0.10000001],"SLP":[1013.6],"SNDP":[0.29999998],"STP":[1010.09],"TEMP":[-0.53],"VISIB":[11.6],"WDSP":[12.95],"WNDDIR":[128],"time":[1549364857]}