{"CLDC":[99.11999],"DEWP":[-4.2],"FRSHTT":[1100000],"PRCP":[0.15999998],"SLP":[1015.1],"SNDP":[0],"STP":[1019.69006],"TEMP":[-2.1000001],"VISIB":[4.8900003],"WDSP":[19.73],"WNDDIR":[297.2],"time":[1549364858]}