{"CLDC":[50.190006],"DEWP":[-3.9000003],"FRSHTT":[1100000],"PRCP":[0.059999995],"SLP":[1016.2999],"SNDP":[0],"STP":[1013.86],"TEMP":[-2.2500002],"VISIB":[6.1499996],"WDSP":[17.03],"WNDDIR":[28.6],"time":[1549364858]}