{"CLDC":[50.190006,50.56],"DEWP":[-3.9000003,-3.9500003],"FRSHTT":[1100000,1100000],"PRCP":[0.059999995,0.060999997],"SLP":[1016.2999,1016.31995],"SNDP":[0,0],"STP":[1013.86,1014.0801],"TEMP":[-2.2500002,-2.2599998],"VISIB":[6.1499996,5.8900003],"WDSP":[17.03,17.140001],"WNDDIR":[28.6,27.1],"time":[1549364858,1549364916]}