{"CLDC":[53.849995],"DEWP":[-4.6500006],"FRSHTT":[1110000],"PRCP":[0.039999995],"SLP":[1014.50995],"SNDP":[0.5],"STP":[1005.27997],"TEMP":[-1.2299999],"VISIB":[10.93],"WDSP":[9.679999],"WNDDIR":[78.8],"time":[1549364858]}