{"CLDC":[93.990005,94.15001],"DEWP":[-4.9500003,-5.0000005],"FRSHTT":[1110000,1110000],"PRCP":[0.16999999,0.16999999],"SLP":[1015.2001,1015.1],"SNDP":[7.3,7.3],"STP":[986.55,986.5],"TEMP":[-2.77,-2.7400002],"VISIB":[10.97,10.42],"WDSP":[12.890001,12.890001],"WNDDIR":[349.5,353.5],"time":[1549364858,1549364916]}