{"CLDC":[98.420006,98.53999],"DEWP":[-6.600001,-6.700001],"FRSHTT":[1110000,1110000],"PRCP":[0.19000001,0.19000001],"SLP":[986.2499,986.58997],"SNDP":[2.8999999,2.8999999],"STP":[989.22003,989.07],"TEMP":[-4.0499997,-4.1499996],"VISIB":[10.51,10.780001],"WDSP":[50.96,54.260002],"WNDDIR":[30.7,28.5],"time":[1549364858,1549364916]}