{"CLDC":[93.990005],"DEWP":[-4.9500003],"FRSHTT":[1110000],"PRCP":[0.16999999],"SLP":[1015.2001],"SNDP":[7.3],"STP":[986.55],"TEMP":[-2.77],"VISIB":[10.97],"WDSP":[12.890001],"WNDDIR":[349.5],"time":[1549364858]}