{"CLDC":[50.04],"DEWP":[-13.3],"FRSHTT":[1100000],"PRCP":[0.059999995],"SLP":[1019.5001],"SNDP":[0],"STP":[1036.5599],"TEMP":[-11.42],"VISIB":[2.6400003],"WDSP":[8.61],"WNDDIR":[296.5],"time":[1549364858]}