{"CLDC":[70.58,70.83],"DEWP":[-2.3600001,-2.24],"FRSHTT":[100000,100000],"PRCP":[0.050000004,0.050000004],"SLP":[1015.4601,1015.5801],"SNDP":[0,0],"STP":[1018.68,1018.5],"TEMP":[0.20000002,0.20000002],"VISIB":[7.72,8.219999],"WDSP":[22.970001,23.35],"WNDDIR":[229.8,233.9],"time":[1549364855,1549364915]}