{"CLDC":[85.06999,84.83],"DEWP":[-0.9799999,-0.9],"FRSHTT":[100000,100000],"PRCP":[0.059999995,0.059999995],"SLP":[1018.5,1017.7699],"SNDP":[0,0],"STP":[1016.56006,1019.66],"TEMP":[1.6700001,1.65],"VISIB":[9.370001,9.5199995],"WDSP":[31.01,31.64],"WNDDIR":[96,92.7],"time":[1549364855,1549364915]}