{"CLDC":[89.61999,89.84001],"DEWP":[-8.8,-8.8],"FRSHTT":[1110000,1110000],"PRCP":[0.009999999,0.009999999],"SLP":[1011.22003,1011.2001],"SNDP":[16.699999,16.800001],"STP":[1010.6,1010.6],"TEMP":[-4.31,-4.2799997],"VISIB":[15.379999,15.9],"WDSP":[33.88,35.55],"WNDDIR":[18.1,24.1],"time":[1549364858,1549364916]}