{"CLDC":[72.36],"DEWP":[-2.15],"FRSHTT":[1000000],"PRCP":[0],"SLP":[1019.22003],"SNDP":[0],"STP":[999.05],"TEMP":[-0.14000002],"VISIB":[16.82],"WDSP":[20.210001],"WNDDIR":[219],"time":[1549364855]}