{"CLDC":[50.130005,50.299995],"DEWP":[-5.85,-5.8],"FRSHTT":[1100000,1100000],"PRCP":[0.050000004,0.050000004],"SLP":[1019.2001,1019.2001],"SNDP":[0,0],"STP":[1013.7001,1013.7001],"TEMP":[-3.55,-3.55],"VISIB":[4.88,4.58],"WDSP":[12.93,12.83],"WNDDIR":[237.8,237.3],"time":[1549364855,1549364915]}