{"CLDC":[50.120003,50.05],"DEWP":[-5.7999997,-5.8999996],"FRSHTT":[1110000,1110000],"PRCP":[0.039999995,0.039999995],"SLP":[1013.6,1013.7001],"SNDP":[0.6999999,0.6999999],"STP":[1002.7999,1002.7999],"TEMP":[-1.76,-1.7],"VISIB":[17.22,16.9],"WDSP":[15.529999,14.51],"WNDDIR":[354,353.3],"time":[1549364855,1549364915]}