{"CLDC":[50.140007],"DEWP":[-0.7199999],"FRSHTT":[100000],"PRCP":[0.019999998],"SLP":[1020.7],"SNDP":[0],"STP":[1018.12],"TEMP":[0.77000004],"VISIB":[6.5399995],"WDSP":[32.9],"WNDDIR":[150.3],"time":[1549364855]}