{"CLDC":[50.120003],"DEWP":[-5.7999997],"FRSHTT":[1110000],"PRCP":[0.039999995],"SLP":[1013.6],"SNDP":[0.6999999],"STP":[1002.7999],"TEMP":[-1.76],"VISIB":[17.22],"WDSP":[15.529999],"WNDDIR":[354],"time":[1549364855]}