{"CLDC":[63.640003,63.99],"DEWP":[-13.15,-13.179998],"FRSHTT":[1100000,1100000],"PRCP":[0.059999995,0.059999995],"SLP":[1019.77997,1019.64],"SNDP":[0,0],"STP":[1008.5501,1010.32],"TEMP":[-11.199999,-11.24],"VISIB":[1.4499999,1.36],"WDSP":[11.83,11.500001],"WNDDIR":[69.2,67.9],"time":[1549364855,1549364915]}