{"CLDC":[50.07,50.409996],"DEWP":[-5.3499994,-5.4199996],"FRSHTT":[1100000,1100000],"PRCP":[0.11999999,0.11999999],"SLP":[1017.86993,1017.7999],"SNDP":[0,0],"STP":[1025.78,1025.59],"TEMP":[-3.1200004,-3.14],"VISIB":[4.18,4.86],"WDSP":[28.37,28.279999],"WNDDIR":[162.1,166.4],"time":[1549364855,1549364915]}