{"CLDC":[50.289997,50.070004],"DEWP":[-15.720001,-15.4],"FRSHTT":[1110000,1110000],"PRCP":[0.019999998,0.019999998],"SLP":[1019.47003,1019.37],"SNDP":[20.899998,20.899998],"STP":[980.38,980.3299],"TEMP":[-14.82,-14.45],"VISIB":[22.429998,22.39],"WDSP":[5.6699996,5.15],"WNDDIR":[121.7,120.9],"time":[1549364858,1549364916]}