{"CLDC":[50.289997],"DEWP":[-15.720001],"FRSHTT":[1110000],"PRCP":[0.019999998],"SLP":[1019.47003],"SNDP":[20.899998],"STP":[980.38],"TEMP":[-14.82],"VISIB":[22.429998],"WDSP":[5.6699996],"WNDDIR":[121.7],"time":[1549364858]}