{"CLDC":[50.140007,50.200005],"DEWP":[-0.7199999,-0.8],"FRSHTT":[100000,100000],"PRCP":[0.019999998,0.019999998],"SLP":[1020.7,1020.95],"SNDP":[0,0],"STP":[1018.12,1016.57],"TEMP":[0.77000004,0.74999994],"VISIB":[6.5399995,5.96],"WDSP":[32.9,31.859997],"WNDDIR":[150.3,149.2],"time":[1549364855,1549364915]}