{"CLDC":[50.090004,50.190006],"DEWP":[-5.52,-5.46],"FRSHTT":[1110000,1110000],"PRCP":[0.07,0.07],"SLP":[1020.7001,1020.75],"SNDP":[12.199999,12.300001],"STP":[1014.9,1014.9],"TEMP":[-3.02,-3.02],"VISIB":[11.62,11.699999],"WDSP":[11.49,12],"WNDDIR":[307.8,308],"time":[1549364855,1549364915]}