{"CLDC":[65.6,65.759995],"DEWP":[-1.9400002,-1.9399999],"FRSHTT":[100000,100000],"PRCP":[0.019999998,0.019999998],"SLP":[1017.4,1017.07996],"SNDP":[0,0],"STP":[998.66,999.2],"TEMP":[0.20000002,0.20000002],"VISIB":[5.0299997,4.3],"WDSP":[24.25,25.23],"WNDDIR":[269.5,268.7],"time":[1549364856,1549364916]}