{"CLDC":[88.48],"DEWP":[-5.8500004],"FRSHTT":[1100000],"PRCP":[0.07],"SLP":[1015.65],"SNDP":[0],"STP":[1010.88],"TEMP":[-3.6799998],"VISIB":[4.33],"WDSP":[16.6],"WNDDIR":[319.3],"time":[1549364856]}