{"CLDC":[51.080006,50.929996],"DEWP":[-4.11,-4.3900003],"FRSHTT":[1110000,1110000],"PRCP":[0.050000004,0.050000004],"SLP":[1011.3099,1011.5],"SNDP":[0.5,0.5],"STP":[1003.04004,1002.92004],"TEMP":[-1.3599999,-1.33],"VISIB":[9.280001,9.08],"WDSP":[12.11,11.589999],"WNDDIR":[94.6,92.6],"time":[1549364856,1549364915]}