{"CLDC":[50.140003,50.309994],"DEWP":[-5.1800003,-5.11],"FRSHTT":[1100000,1100000],"PRCP":[0.07,0.07],"SLP":[1017.2999,1017.2999],"SNDP":[0,0],"STP":[1009.5301,1009.41],"TEMP":[-3.0600002,-2.9],"VISIB":[6.1399994,5.5899997],"WDSP":[18.710001,18.32],"WNDDIR":[330.6,328.6],"time":[1549364856,1549364915]}