{"CLDC":[92.59999,92.52],"DEWP":[-12.299999,-12.160001],"FRSHTT":[1100000,1100000],"PRCP":[0.029999997,0.029999997],"SLP":[1003.6,1003.5],"SNDP":[0,0],"STP":[1001.7001,1001.7999],"TEMP":[-8.54,-8.33],"VISIB":[12.5,12.500001],"WDSP":[14.210001,14.8],"WNDDIR":[306.5,305.3],"time":[1549364858,1549364916]}