{"CLDC":[50.140003],"DEWP":[-5.1800003],"FRSHTT":[1100000],"PRCP":[0.07],"SLP":[1017.2999],"SNDP":[0],"STP":[1009.5301],"TEMP":[-3.0600002],"VISIB":[6.1399994],"WDSP":[18.710001],"WNDDIR":[330.6],"time":[1549364856]}