{"CLDC":[50.309994],"DEWP":[-1],"FRSHTT":[110000],"PRCP":[0.050000004],"SLP":[1010.38],"SNDP":[0.10000001],"STP":[1003.5],"TEMP":[1.7299999],"VISIB":[10.089999],"WDSP":[15.210001],"WNDDIR":[277.1],"time":[1549364859]}