{"CLDC":[50.010002],"DEWP":[-1.9999998],"FRSHTT":[1110000],"PRCP":[0.09000001],"SLP":[1016.2999],"SNDP":[0.6999999],"STP":[956.9],"TEMP":[-0.29999998],"VISIB":[18.119999],"WDSP":[16.01],"WNDDIR":[281.8],"time":[1549364859]}