{"CLDC":[50.140003,50.080006],"DEWP":[-2.44,-2.44],"FRSHTT":[100000,100000],"PRCP":[0.019999998,0.019999998],"SLP":[1005.4,1005.4],"SNDP":[0,0],"STP":[999.59,999.61],"TEMP":[0.6999999,0.6999999],"VISIB":[12.55,12.599999],"WDSP":[16.09,15.63],"WNDDIR":[35.3,35.5],"time":[1549364859,1549364917]}