{"CLDC":[76.89001,76.55999],"DEWP":[-2.65,-2.8],"FRSHTT":[100000,100000],"PRCP":[0.11999999,0.11999999],"SLP":[1014.06995,1014.25995],"SNDP":[0,0],"STP":[1007.1,1007.1],"TEMP":[0.20000002,0.20000002],"VISIB":[11.67,11.999999],"WDSP":[16.35,15.890001],"WNDDIR":[115.7,114.5],"time":[1549364859,1549364917]}