{"CLDC":[50.010002,50.13],"DEWP":[-1.9999998,-2.2999997],"FRSHTT":[1110000,1110000],"PRCP":[0.09000001,0.09000001],"SLP":[1016.2999,1016.38995],"SNDP":[0.6999999,0.6999999],"STP":[956.9,956.91003],"TEMP":[-0.29999998,-0.29999998],"VISIB":[18.119999,18.6],"WDSP":[16.01,16.25],"WNDDIR":[281.8,279.1],"time":[1549364859,1549364917]}