{"CLDC":[50.140003],"DEWP":[-2.44],"FRSHTT":[100000],"PRCP":[0.019999998],"SLP":[1005.4],"SNDP":[0],"STP":[999.59],"TEMP":[0.6999999],"VISIB":[12.55],"WDSP":[16.09],"WNDDIR":[35.3],"time":[1549364859]}