{"CLDC":[77.03001],"DEWP":[-0.75000006],"FRSHTT":[0],"PRCP":[0],"SLP":[1015.88],"SNDP":[0],"STP":[996.49005],"TEMP":[2.56],"VISIB":[45.95],"WDSP":[17.859999],"WNDDIR":[24.5],"time":[1549364859]}