{"CLDC":[85.60999],"DEWP":[-3.0000005],"FRSHTT":[100000],"PRCP":[0.10000001],"SLP":[1015.07],"SNDP":[0],"STP":[1006.1],"TEMP":[0.84000003],"VISIB":[15.009999],"WDSP":[11.749999],"WNDDIR":[112.9],"time":[1549364859]}