{"CLDC":[50.190006,50.279995],"DEWP":[-3.4,-3.3600001],"FRSHTT":[1110000,1110000],"PRCP":[0.14999999,0.14999999],"SLP":[1014.12,1014.1],"SNDP":[0.6999999,0.6999999],"STP":[983.2101,983.2999],"TEMP":[-1.6800001,-1.6600002],"VISIB":[10.059999,9.629999],"WDSP":[18.59,18.029999],"WNDDIR":[348.2,345.7],"time":[1549364859,1549364917]}