{"CLDC":[85.60999,85.42],"DEWP":[-3.0000005,-3.0000005],"FRSHTT":[100000,100000],"PRCP":[0.10000001,0.10000001],"SLP":[1015.07,1015.25],"SNDP":[0,0],"STP":[1006.1,1005.6],"TEMP":[0.84000003,0.8500001],"VISIB":[15.009999,15.45],"WDSP":[11.749999,11.33],"WNDDIR":[112.9,111.7],"time":[1549364859,1549364917]}