{"CLDC":[58.839996,58.77],"DEWP":[-3.4199996,-3.6],"FRSHTT":[1110000,1110000],"PRCP":[0.029999997,0.029999997],"SLP":[1008.2001,1008.2999],"SNDP":[0.10000001,0.10000001],"STP":[997.2001,997.1],"TEMP":[-0.59999996,-0.59999996],"VISIB":[10.309999,10.809999],"WDSP":[12.67,12.75],"WNDDIR":[192,191.6],"time":[1549364859,1549364917]}