{"CLDC":[46.560005,46.749996],"DEWP":[-5.8,-5.75],"FRSHTT":[1000000,1000000],"PRCP":[0,0],"SLP":[1004.81995,1004.45],"SNDP":[0,0],"STP":[1004.98,1005.05],"TEMP":[-3.1,-3.1],"VISIB":[10.34,10.729999],"WDSP":[20.280003,21.7],"WNDDIR":[137.6,139.3],"time":[1549364858,1549364917]}