{"CLDC":[67.99,68.22],"DEWP":[-4.1,-4.25],"FRSHTT":[1110000,1110000],"PRCP":[0.13,0.13],"SLP":[1016.7001,1016.7001],"SNDP":[2.8999999,2.8999999],"STP":[981.9199,982.1],"TEMP":[-2.1200001,-2.0700002],"VISIB":[11.139998,11.54],"WDSP":[13.7300005,13.44],"WNDDIR":[152.6,156.5],"time":[1549364860,1549364918]}