{"CLDC":[67.99],"DEWP":[-4.1],"FRSHTT":[1110000],"PRCP":[0.13],"SLP":[1016.7001],"SNDP":[2.8999999],"STP":[981.9199],"TEMP":[-2.1200001],"VISIB":[11.139998],"WDSP":[13.7300005],"WNDDIR":[152.6],"time":[1549364860]}