{"CLDC":[52.15,52.01],"DEWP":[-6.0099998,-6.15],"FRSHTT":[1000000,1000000],"PRCP":[0,0],"SLP":[1008.65,1008.52997],"SNDP":[0,0],"STP":[971.14,971.2201],"TEMP":[-3.02,-3.01],"VISIB":[10.03,10.270001],"WDSP":[14.17,14.710001],"WNDDIR":[162.2,157.9],"time":[1549364859,1549364917]}