{"CLDC":[50],"DEWP":[-11.83],"FRSHTT":[1100000],"PRCP":[0.23999998],"SLP":[1019.49005],"SNDP":[0],"STP":[992.2999],"TEMP":[-8.24],"VISIB":[59.239998],"WDSP":[11.719999],"WNDDIR":[146.6],"time":[1549364858]}