{"CLDC":[50,50.26],"DEWP":[-11.83,-11.74],"FRSHTT":[1100000,1100000],"PRCP":[0.23999998,0.23999998],"SLP":[1019.49005,1018.5499],"SNDP":[0,0],"STP":[992.2999,992.2999],"TEMP":[-8.24,-8.06],"VISIB":[59.239998,58.460003],"WDSP":[11.719999,11.63],"WNDDIR":[146.6,148.6],"time":[1549364858,1549364917]}