{"CLDC":[89.24],"DEWP":[-5.2500005],"FRSHTT":[1110000],"PRCP":[0.10000001],"SLP":[975.33997],"SNDP":[3.6],"STP":[972.50995],"TEMP":[-3.1799998],"VISIB":[8.23],"WDSP":[25.289999],"WNDDIR":[246.1],"time":[1549364859]}