{"CLDC":[50.200005],"DEWP":[-6.640001],"FRSHTT":[1100000],"PRCP":[0.11],"SLP":[1018.08997],"SNDP":[0],"STP":[1021.12],"TEMP":[-3.27],"VISIB":[6.69],"WDSP":[16.42],"WNDDIR":[22.4],"time":[1549364858]}