{"CLDC":[50.279995],"DEWP":[-5.24],"FRSHTT":[1100000],"PRCP":[0.07],"SLP":[1000.45996],"SNDP":[0],"STP":[1007.36993],"TEMP":[-4.5499997],"VISIB":[3.19],"WDSP":[31.079998],"WNDDIR":[143.2],"time":[1549364858]}