{"CLDC":[50.279995,50.249992],"DEWP":[-5.24,-5.3],"FRSHTT":[1100000,1100000],"PRCP":[0.07,0.07],"SLP":[1000.45996,1000.3799],"SNDP":[0,0],"STP":[1007.36993,1007.43],"TEMP":[-4.5499997,-4.5000005],"VISIB":[3.19,2.94],"WDSP":[31.079998,31.1],"WNDDIR":[143.2,145.2],"time":[1549364858,1549364916]}