{"CLDC":[67.42],"DEWP":[-4.52],"FRSHTT":[1110000],"PRCP":[0.059999995],"SLP":[1016.55994],"SNDP":[0.29999998],"STP":[1003.2899],"TEMP":[-1.25],"VISIB":[8.72],"WDSP":[10.730001],"WNDDIR":[212.8],"time":[1549364859]}