{"CLDC":[92.72001],"DEWP":[-3.9],"FRSHTT":[1110000],"PRCP":[0.16999999],"SLP":[912.3501],"SNDP":[25.899998],"STP":[909.5],"TEMP":[-3.7800002],"VISIB":[0.46999997],"WDSP":[23.500002],"WNDDIR":[270.9],"time":[1549364857]}