{"CLDC":[50.120003,50],"DEWP":[-6.38,-6.3500004],"FRSHTT":[1100000,1100000],"PRCP":[0.059999995,0.059999995],"SLP":[1015.48,1015.75],"SNDP":[0,0],"STP":[1042.42,1042.5999],"TEMP":[-5.56,-5.3900003],"VISIB":[1.59,2.29],"WDSP":[20.45,22.119999],"WNDDIR":[243.7,241.4],"time":[1549364857,1549364916]}