{"CLDC":[4.9500003],"DEWP":[-3.2],"FRSHTT":[0],"PRCP":[0],"SLP":[999.00995],"SNDP":[0],"STP":[1006.1],"TEMP":[2.26],"VISIB":[10.890001],"WDSP":[22.11],"WNDDIR":[145.3],"time":[1549364857]}