{"CLDC":[92.72001,92.56999],"DEWP":[-3.9,-3.8200002],"FRSHTT":[1110000,1110000],"PRCP":[0.16999999,0.16999999],"SLP":[912.3501,914.4999],"SNDP":[25.899998,25.970001],"STP":[909.5,909.45],"TEMP":[-3.7800002,-3.7800002],"VISIB":[0.46999997,1.04],"WDSP":[23.500002,24.070002],"WNDDIR":[270.9,271.3],"time":[1549364857,1549364916]}