{"CLDC":[40.879997,40.799995],"DEWP":[-6.0799994,-6.2799997],"FRSHTT":[1000000,1000000],"PRCP":[0,0],"SLP":[1017.7001,1017.7001],"SNDP":[0,0],"STP":[1023.36993,1023.30994],"TEMP":[-3.22,-3.3800004],"VISIB":[3.9399998,4.24],"WDSP":[18.11,18.369999],"WNDDIR":[56.1,57.7],"time":[1549364857,1549364916]}