{"CLDC":[62.680004,62.45],"DEWP":[-5.4000006,-5.5000005],"FRSHTT":[1100000,1100000],"PRCP":[0.14,0.14],"SLP":[1001.27,1001.12],"SNDP":[0,0],"STP":[997.95,997.97003],"TEMP":[-4.06,-4.0499997],"VISIB":[3.89,3.8700001],"WDSP":[18.27,16.52],"WNDDIR":[265.6,262],"time":[1549364857,1549364916]}