{"CLDC":[50.04],"DEWP":[-2.82],"FRSHTT":[1110000],"PRCP":[0.019999998],"SLP":[906.87],"SNDP":[9.300001],"STP":[918.92004],"TEMP":[-2.2099998],"VISIB":[3.1600003],"WDSP":[17.630001],"WNDDIR":[346.3],"time":[1549364857]}