{"CLDC":[62.680004],"DEWP":[-5.4000006],"FRSHTT":[1100000],"PRCP":[0.14],"SLP":[1001.27],"SNDP":[0],"STP":[997.95],"TEMP":[-4.06],"VISIB":[3.89],"WDSP":[18.27],"WNDDIR":[265.6],"time":[1549364857]}