{"CLDC":[50.04,50.03],"DEWP":[-2.82,-2.94],"FRSHTT":[1110000,1110000],"PRCP":[0.019999998,0.019999998],"SLP":[906.87,908.34],"SNDP":[9.300001,9.300001],"STP":[918.92004,918.35],"TEMP":[-2.2099998,-2.15],"VISIB":[3.1600003,3.1600003],"WDSP":[17.630001,17.33],"WNDDIR":[346.3,348.8],"time":[1549364857,1549364916]}