{"CLDC":[50.110004],"DEWP":[-4.46],"FRSHTT":[1100000],"PRCP":[0.14],"SLP":[1005.16003],"SNDP":[0],"STP":[1008.2899],"TEMP":[-2.08],"VISIB":[33.4],"WDSP":[37.64],"WNDDIR":[15],"time":[1549364858]}