{"CLDC":[80.619995],"DEWP":[-5.25],"FRSHTT":[1100000],"PRCP":[0.019999998],"SLP":[1019.5],"SNDP":[0],"STP":[1024.51],"TEMP":[-3.3000004],"VISIB":[6.4300003],"WDSP":[14.480001],"WNDDIR":[107.5],"time":[1549364857]}