{"CLDC":[96.09999,96.11],"DEWP":[-5.05,-5.0000005],"FRSHTT":[1100000,1100000],"PRCP":[0.050000004,0.050000004],"SLP":[1015.6,1015.6],"SNDP":[0,0],"STP":[1008.74005,1008.75],"TEMP":[-2.5499997,-2.55],"VISIB":[5.9800005,6.22],"WDSP":[14.089999,14.280001],"WNDDIR":[163,166.2],"time":[1549364857,1549364916]}