{"CLDC":[50.259995],"DEWP":[-6.96],"FRSHTT":[1110000],"PRCP":[0.18000002],"SLP":[990.2699],"SNDP":[3.5],"STP":[992.8499],"TEMP":[-5.38],"VISIB":[11.15],"WDSP":[35.59],"WNDDIR":[346.5],"time":[1549364858]}