{"CLDC":[50.190006,50.02],"DEWP":[-7.46,-7.660001],"FRSHTT":[1100000,1100000],"PRCP":[0.019999998,0.019999998],"SLP":[1002.97003,1002.94006],"SNDP":[0,0],"STP":[1008.2899,1008.05],"TEMP":[-4.1400003,-4.37],"VISIB":[11.830001,11.33],"WDSP":[19.869999,19.85],"WNDDIR":[71.3,71],"time":[1549364858,1549364917]}