{"CLDC":[50.190006],"DEWP":[-7.46],"FRSHTT":[1100000],"PRCP":[0.019999998],"SLP":[1002.97003],"SNDP":[0],"STP":[1008.2899],"TEMP":[-4.1400003],"VISIB":[11.830001],"WDSP":[19.869999],"WNDDIR":[71.3],"time":[1549364858]}