{"CLDC":[90.81999],"DEWP":[-0.75],"FRSHTT":[0],"PRCP":[0],"SLP":[1017.5101],"SNDP":[0],"STP":[992.2899],"TEMP":[1.55],"VISIB":[11.300001],"WDSP":[27.61],"WNDDIR":[306.1],"time":[1549364861]}