{"CLDC":[50.2],"DEWP":[-2.8000002],"FRSHTT":[1110000],"PRCP":[0.039999995],"SLP":[1004.7999],"SNDP":[0.29999998],"STP":[981.52],"TEMP":[-1.1499999],"VISIB":[6.45],"WDSP":[15.860001],"WNDDIR":[278.3],"time":[1549364861]}