{"CLDC":[50.13001],"DEWP":[-8.550001],"FRSHTT":[1100000],"PRCP":[0.059999995],"SLP":[1007.95],"SNDP":[0],"STP":[1020.5301],"TEMP":[-4.9999995],"VISIB":[32.67],"WDSP":[17.53],"WNDDIR":[32.4],"time":[1549364859]}