{"CLDC":[50.120003,50.220005],"DEWP":[-2.9500003,-2.8500004],"FRSHTT":[1100000,1100000],"PRCP":[0.14,0.14],"SLP":[1017.1,1017.08997],"SNDP":[0,0],"STP":[988.67004,989.32996],"TEMP":[-0.66999996,-0.65999997],"VISIB":[11.780001,11.870001],"WDSP":[17.539999,16.029999],"WNDDIR":[168,166.8],"time":[1549364861,1549364919]}