{"CLDC":[73.36],"DEWP":[-4.3599997],"FRSHTT":[1110000],"PRCP":[0.050000004],"SLP":[998.7999],"SNDP":[0.8000001],"STP":[968.5],"TEMP":[-1.5],"VISIB":[8.08],"WDSP":[16.529999],"WNDDIR":[204.5],"time":[1549364861]}