{"CLDC":[58.579998],"DEWP":[-4.7200003],"FRSHTT":[1110000],"PRCP":[0.10000001],"SLP":[1008.7699],"SNDP":[0.10000001],"STP":[998.95996],"TEMP":[-1.3999999],"VISIB":[8.67],"WDSP":[11.110001],"WNDDIR":[70.5],"time":[1549364861]}