{"CLDC":[98.380005],"DEWP":[-4],"FRSHTT":[1100000],"PRCP":[0.11],"SLP":[1001.7699],"SNDP":[0],"STP":[982.49005],"TEMP":[-1.17],"VISIB":[8.880001],"WDSP":[15.33],"WNDDIR":[248.2],"time":[1549364861]}