{"CLDC":[50.13],"DEWP":[3.2199998],"FRSHTT":[100000],"PRCP":[0.09000001],"SLP":[1019.9],"SNDP":[0],"STP":[963.5],"TEMP":[3.6200001],"VISIB":[5.5699997],"WDSP":[22.539999],"WNDDIR":[162.2],"time":[1549364861]}