{"CLDC":[98.579994,98.24999],"DEWP":[-3.48,-3.2400002],"FRSHTT":[1110000,1110000],"PRCP":[0.029999997,0.029999997],"SLP":[1019.50995,1019.6],"SNDP":[0.5,0.5],"STP":[973.05994,973.17004],"TEMP":[-0.40000004,-0.40000004],"VISIB":[12.24,13.190001],"WDSP":[15.039999,14.509999],"WNDDIR":[214.2,213.5],"time":[1549364861,1549364919]}