{"CLDC":[90.81999,90.39],"DEWP":[-0.75,-0.89000005],"FRSHTT":[0,0],"PRCP":[0,0],"SLP":[1017.5101,1018.48],"SNDP":[0,0],"STP":[992.2899,994.2101],"TEMP":[1.55,1.5600002],"VISIB":[11.300001,11.65],"WDSP":[27.61,28.11],"WNDDIR":[306.1,312.2],"time":[1549364861,1549364919]}