{"CLDC":[50.06,50.610004],"DEWP":[-4.6600003,-4.7000003],"FRSHTT":[1110000,1110000],"PRCP":[0.14999999,0.14999999],"SLP":[989.5301,989.57996],"SNDP":[7.4000006,7.4000006],"STP":[986.1,986.09],"TEMP":[-2.58,-2.58],"VISIB":[9.780001,10.27],"WDSP":[21.630001,21.07],"WNDDIR":[262.4,259.2],"time":[1549364859,1549364917]}