{"CLDC":[50.06],"DEWP":[-4.6600003],"FRSHTT":[1110000],"PRCP":[0.14999999],"SLP":[989.5301],"SNDP":[7.4000006],"STP":[986.1],"TEMP":[-2.58],"VISIB":[9.780001],"WDSP":[21.630001],"WNDDIR":[262.4],"time":[1549364859]}