{"CLDC":[64.07,63.98],"DEWP":[-3.5499997,-3.4999995],"FRSHTT":[1000000,1000000],"PRCP":[0,0],"SLP":[1013.44006,1013.4],"SNDP":[0,0],"STP":[999.2001,999.2001],"TEMP":[-0.5,-0.5],"VISIB":[7.7599998,7.589999],"WDSP":[11.429999,12.309999],"WNDDIR":[81.4,76.3],"time":[1549364859,1549364917]}