{"CLDC":[50.110004,50.170002],"DEWP":[-4.04,-4.1],"FRSHTT":[1100000,1100000],"PRCP":[0.050000004,0.050000004],"SLP":[1018.1,1018.1],"SNDP":[0,0],"STP":[1010.4,1010.4],"TEMP":[-1.4499999,-1.43],"VISIB":[10.17,10.45],"WDSP":[12.28,12.24],"WNDDIR":[181.6,180.7],"time":[1549364859,1549364917]}