{"CLDC":[64.07],"DEWP":[-3.5499997],"FRSHTT":[1000000],"PRCP":[0],"SLP":[1013.44006],"SNDP":[0],"STP":[999.2001],"TEMP":[-0.5],"VISIB":[7.7599998],"WDSP":[11.429999],"WNDDIR":[81.4],"time":[1549364859]}