{"CLDC":[50.110004],"DEWP":[-4.04],"FRSHTT":[1100000],"PRCP":[0.050000004],"SLP":[1018.1],"SNDP":[0],"STP":[1010.4],"TEMP":[-1.4499999],"VISIB":[10.17],"WDSP":[12.28],"WNDDIR":[181.6],"time":[1549364859]}