{"CLDC":[90.079994,90.23],"DEWP":[-4.2999997,-4.2499995],"FRSHTT":[1100000,1100000],"PRCP":[0.07999999,0.07999999],"SLP":[1014.2001,1014.2001],"SNDP":[0,0],"STP":[1009.00995,1009.16],"TEMP":[-1.0300001,-1.0600001],"VISIB":[13.13,13.69],"WDSP":[15.75,15.709999],"WNDDIR":[44.4,43.9],"time":[1549364859,1549364917]}