{"CLDC":[50.230003,50.140003],"DEWP":[-4.6799994,-4.44],"FRSHTT":[1110000,1110000],"PRCP":[0.050000004,0.050000004],"SLP":[1022.7001,1022.7001],"SNDP":[0.8000001,0.8000001],"STP":[969.1,969.1],"TEMP":[-1.4000001,-1.4200001],"VISIB":[14.619998,14.2300005],"WDSP":[12.9800005,13.57],"WNDDIR":[248,248.8],"time":[1549364859,1549364917]}