{"CLDC":[50.44],"DEWP":[-2.6399999],"FRSHTT":[1100000],"PRCP":[0.21000001],"SLP":[1004.61005],"SNDP":[0],"STP":[1007.08997],"TEMP":[-0.10000001],"VISIB":[8.29],"WDSP":[8.559999],"WNDDIR":[301.8],"time":[1549364859]}