{"CLDC":[69.58,69.78999],"DEWP":[-3.42,-3.18],"FRSHTT":[1000000,1000000],"PRCP":[0,0],"SLP":[1001.41003,1001.4],"SNDP":[0,0],"STP":[992.7501,992.67004],"TEMP":[-0.27,-0.26000002],"VISIB":[10.01,9.229999],"WDSP":[10.69,11.21],"WNDDIR":[206.3,210.3],"time":[1549364860,1549364918]}