{"CLDC":[13.49],"DEWP":[2.0000002],"FRSHTT":[0],"PRCP":[0],"SLP":[976.47003],"SNDP":[0],"STP":[975.59],"TEMP":[3.77],"VISIB":[11.53],"WDSP":[19.19],"WNDDIR":[75.5],"time":[1549364860]}