{"CLDC":[50.06],"DEWP":[-4.2000003],"FRSHTT":[1110000],"PRCP":[0.11],"SLP":[1017.07996],"SNDP":[0.40000004],"STP":[1004.72003],"TEMP":[-1.5500001],"VISIB":[10.490001],"WDSP":[7.5],"WNDDIR":[292.7],"time":[1549364860]}