{"CLDC":[71.56,71.43001],"DEWP":[-1.5999999,-1.64],"FRSHTT":[0,0],"PRCP":[0,0],"SLP":[1024.4401,1024.49],"SNDP":[0,0],"STP":[1027.6299,1027.58],"TEMP":[0,0],"VISIB":[7.3199997,7.2],"WDSP":[26.939999,26.51],"WNDDIR":[319.4,322.2],"time":[1549364859,1549364917]}