{"CLDC":[98.060005],"DEWP":[-2.0000002],"FRSHTT":[0],"PRCP":[0],"SLP":[1023.24005],"SNDP":[0],"STP":[1005],"TEMP":[0],"VISIB":[6.8900003],"WDSP":[15.4],"WNDDIR":[11.1],"time":[1549364860]}