{"CLDC":[98.060005,97.40001],"DEWP":[-2.0000002,-1.8500001],"FRSHTT":[0,0],"PRCP":[0,0],"SLP":[1023.24005,1023.0399],"SNDP":[0,0],"STP":[1005,1003.35],"TEMP":[0,0],"VISIB":[6.8900003,6.72],"WDSP":[15.4,14.929998],"WNDDIR":[11.1,12.1],"time":[1549364860,1549364918]}