{"CLDC":[60.590004,60.670002],"DEWP":[-1.8799999,-1.9399999],"FRSHTT":[1100000,1100000],"PRCP":[0.059999995,0.059999995],"SLP":[1024.72,1024.72],"SNDP":[0,0],"STP":[1058.7699,1059.02],"TEMP":[-0.75,-0.73999995],"VISIB":[4.27,4.18],"WDSP":[19.91,20.09],"WNDDIR":[238.9,236.2],"time":[1549364859,1549364917]}