{"CLDC":[89.93001],"DEWP":[-4.3999996],"FRSHTT":[1110000],"PRCP":[0.10000001],"SLP":[1016.7001],"SNDP":[1.1999999],"STP":[993.87],"TEMP":[-1.8999999],"VISIB":[9.460001],"WDSP":[6.9600005],"WNDDIR":[199],"time":[1549364859]}