{"CLDC":[70.27],"DEWP":[-4.2999997],"FRSHTT":[1110000],"PRCP":[0.050000004],"SLP":[1017.7001],"SNDP":[0.40000004],"STP":[1005.7001],"TEMP":[-1.97],"VISIB":[11.069999],"WDSP":[7.95],"WNDDIR":[223.1],"time":[1549364859]}