{"CLDC":[89.93001,90.119995],"DEWP":[-4.3999996,-4.2999997],"FRSHTT":[1110000,1110000],"PRCP":[0.10000001,0.10000001],"SLP":[1016.7001,1016.6],"SNDP":[1.1999999,1.1999999],"STP":[993.87,994.02],"TEMP":[-1.8999999,-1.8599999],"VISIB":[9.460001,9.460001],"WDSP":[6.9600005,6.940001],"WNDDIR":[199,195.3],"time":[1549364859,1549364917]}