{"CLDC":[60.590004],"DEWP":[-1.8799999],"FRSHTT":[1100000],"PRCP":[0.059999995],"SLP":[1024.72],"SNDP":[0],"STP":[1058.7699],"TEMP":[-0.75],"VISIB":[4.27],"WDSP":[19.91],"WNDDIR":[238.9],"time":[1549364859]}