{"CLDC":[70.27,70.12999],"DEWP":[-4.2999997,-4.3999996],"FRSHTT":[1110000,1110000],"PRCP":[0.050000004,0.050000004],"SLP":[1017.7001,1017.7001],"SNDP":[0.40000004,0.40000004],"STP":[1005.7001,1005.7001],"TEMP":[-1.97,-1.9499998],"VISIB":[11.069999,11.039999],"WDSP":[7.95,7.55],"WNDDIR":[223.1,221.2],"time":[1549364859,1549364917]}