{"CLDC":[50.05,50.329994],"DEWP":[-7.2599998,-7.2400002],"FRSHTT":[1100000,1100000],"PRCP":[0.059999995,0.059999995],"SLP":[1016,1016],"SNDP":[0,0],"STP":[1008.9601,1009.05],"TEMP":[-3.8199997,-3.9],"VISIB":[11.639998,11.559999],"WDSP":[13.410001,14.160001],"WNDDIR":[115.7,115.9],"time":[1549364859,1549364917]}