{"CLDC":[56.909996],"DEWP":[-4.8],"FRSHTT":[1110000],"PRCP":[0.07],"SLP":[1017.7999],"SNDP":[0.9],"STP":[998.36005],"TEMP":[-2.23],"VISIB":[10.490001],"WDSP":[9.589999],"WNDDIR":[196.8],"time":[1549364857]}