{"CLDC":[50.05],"DEWP":[-4.1],"FRSHTT":[1110000],"PRCP":[0.019999998],"SLP":[995.12],"SNDP":[0.29999998],"STP":[974.41003],"TEMP":[-2.5800002],"VISIB":[7.839999],"WDSP":[10.08],"WNDDIR":[54.1],"time":[1549364857]}