{"CLDC":[64.78,64.630005],"DEWP":[-13.15,-13.1],"FRSHTT":[1000000,1000000],"PRCP":[0,0],"SLP":[1020.9,1021.18005],"SNDP":[0,0],"STP":[1007.84,1007.1],"TEMP":[-5.75,-5.68],"VISIB":[10.62,10.049999],"WDSP":[11.370001,11.199999],"WNDDIR":[241,240.3],"time":[1549364857,1549364916]}