{"CLDC":[50.29],"DEWP":[-2.1399999],"FRSHTT":[1110000],"PRCP":[0.14],"SLP":[1015.2999],"SNDP":[0.10000001],"STP":[993.32],"TEMP":[-0.40000004],"VISIB":[12.5199995],"WDSP":[20.78],"WNDDIR":[314.4],"time":[1549364857]}