{"CLDC":[79.28999],"DEWP":[-2.9000003],"FRSHTT":[1110000],"PRCP":[0.15999998],"SLP":[1016.2001],"SNDP":[0.20000002],"STP":[992.7001],"TEMP":[-0.59999996],"VISIB":[11.88],"WDSP":[15.88],"WNDDIR":[185.9],"time":[1549364856]}