{"CLDC":[58.55,58.849995],"DEWP":[-2.56,-2.5],"FRSHTT":[1100000,1100000],"PRCP":[0.15999998,0.15999998],"SLP":[1018.2999,1018.2301],"SNDP":[0,0],"STP":[1006.9,1006.7101],"TEMP":[-0.65999997,-0.62],"VISIB":[6.53,6.7599998],"WDSP":[13.860001,13.290001],"WNDDIR":[332.7,333.7],"time":[1549364856,1549364916]}