{"CLDC":[72.66],"DEWP":[-3.25],"FRSHTT":[1100000],"PRCP":[0.029999997],"SLP":[1009],"SNDP":[0],"STP":[982.6],"TEMP":[-0.57],"VISIB":[7.4000006],"WDSP":[13.63],"WNDDIR":[272.7],"time":[1549364856]}