{"CLDC":[50.18],"DEWP":[-4.54],"FRSHTT":[1100000],"PRCP":[0.16999999],"SLP":[1019.5399],"SNDP":[0],"STP":[983.09],"TEMP":[-1.26],"VISIB":[8.249999],"WDSP":[15.75],"WNDDIR":[18.2],"time":[1549364856]}