{"CLDC":[50.18,50.550003],"DEWP":[-4.54,-4.3],"FRSHTT":[1100000,1100000],"PRCP":[0.16999999,0.16999999],"SLP":[1019.5399,1019.4899],"SNDP":[0,0],"STP":[983.09,983.1],"TEMP":[-1.26,-1.2000002],"VISIB":[8.249999,8.42],"WDSP":[15.75,15.490001],"WNDDIR":[18.2,17.2],"time":[1549364856,1549364916]}