{"CLDC":[50.260002],"DEWP":[-3.08],"FRSHTT":[1100000],"PRCP":[0.10000001],"SLP":[1017.2999],"SNDP":[0],"STP":[1025.39],"TEMP":[-0.40000004],"VISIB":[7.9800005],"WDSP":[9.92],"WNDDIR":[106.5],"time":[1549364860]}