{"CLDC":[90.26,89.840004],"DEWP":[-3.6499996,-3.4999995],"FRSHTT":[1110000,1110000],"PRCP":[0.07999999,0.07999999],"SLP":[1020.6,1020.6],"SNDP":[0.6999999,0.6999999],"STP":[983.61,982.83997],"TEMP":[-0.88,-0.85],"VISIB":[11.139998,11.66],"WDSP":[27.170002,27.34],"WNDDIR":[265.9,267.2],"time":[1549364860,1549364918]}