{"CLDC":[62.870003],"DEWP":[-3.78],"FRSHTT":[1100000],"PRCP":[0.07999999],"SLP":[1016],"SNDP":[0],"STP":[1011.2999],"TEMP":[-0.65999997],"VISIB":[12.75],"WDSP":[11.48],"WNDDIR":[17.5],"time":[1549364860]}