{"CLDC":[62.870003,62.72],"DEWP":[-3.78,-3.92],"FRSHTT":[1100000,1100000],"PRCP":[0.07999999,0.07999999],"SLP":[1016,1016],"SNDP":[0,0],"STP":[1011.2999,1011.2999],"TEMP":[-0.65999997,-0.65],"VISIB":[12.75,12.8],"WDSP":[11.48,11.280001],"WNDDIR":[17.5,19.7],"time":[1549364860,1549364918]}