{"CLDC":[63.370003,63.120003],"DEWP":[-4.48,-4.32],"FRSHTT":[0,0],"PRCP":[0,0],"SLP":[996,996.02997],"SNDP":[0,0],"STP":[1006.24005,1006.4],"TEMP":[0.20000002,0.20000002],"VISIB":[9.430001,9.29],"WDSP":[16.4,16.31],"WNDDIR":[345.5,348],"time":[1549364860,1549364918]}