{"CLDC":[89.56999],"DEWP":[-2.94],"FRSHTT":[1110000],"PRCP":[0.09000001],"SLP":[1008.7],"SNDP":[0.20000002],"STP":[1003.32996],"TEMP":[-0.40000004],"VISIB":[8.5199995],"WDSP":[8.09],"WNDDIR":[240.3],"time":[1549364860]}