{"CLDC":[97.18001,97.299995],"DEWP":[-5.4599996,-5.3200006],"FRSHTT":[1110000,1110000],"PRCP":[0.07,0.07],"SLP":[1021.5,1021.42004],"SNDP":[0.10000001,0.10000001],"STP":[990.64,990.34],"TEMP":[-1.3399999,-1.3399999],"VISIB":[15.530001,16.01],"WDSP":[10.280001,10.15],"WNDDIR":[288.9,288.8],"time":[1549364860,1549364918]}