{"CLDC":[50.11001,50.15],"DEWP":[-8.460001,-8.5199995],"FRSHTT":[1100000,1100000],"PRCP":[0.019999998,0.019999998],"SLP":[1018.00995,1018.43],"SNDP":[0,0],"STP":[1032.42,1032.5999],"TEMP":[-7.15,-7.15],"VISIB":[1.4499999,1.6300001],"WDSP":[7.1,7.46],"WNDDIR":[284.5,280.4],"time":[1549364860,1549364918]}