{"CLDC":[50.229996,50.359997],"DEWP":[-2.8400002,-2.7800002],"FRSHTT":[100000,100000],"PRCP":[0.14,0.14],"SLP":[1014.12,1014.2001],"SNDP":[0,0],"STP":[1003.79004,1004.29004],"TEMP":[0.10000001,0.10000001],"VISIB":[9.219999,9.280001],"WDSP":[8.51,8.639999],"WNDDIR":[232.3,233],"time":[1549364860,1549364918]}