{"CLDC":[50.32],"DEWP":[-4.5],"FRSHTT":[1110000],"PRCP":[0.07999999],"SLP":[1016.6],"SNDP":[0.59999996],"STP":[990.2999],"TEMP":[-1.72],"VISIB":[11.35],"WDSP":[12.05],"WNDDIR":[318.9],"time":[1549364860]}