{"CLDC":[59.410004,59.630005],"DEWP":[-4.92,-4.85],"FRSHTT":[1110000,1110000],"PRCP":[0.019999998,0.019999998],"SLP":[1011.02,1011.07],"SNDP":[0.6999999,0.6999999],"STP":[976.9,976.9],"TEMP":[-1.78,-1.7000002],"VISIB":[11.08,10.790001],"WDSP":[16.140001,16.01],"WNDDIR":[53.5,54.8],"time":[1549364861,1549364919]}