{"CLDC":[79.53999],"DEWP":[-3.06],"FRSHTT":[1100000],"PRCP":[0.050000004],"SLP":[1018.2999],"SNDP":[0],"STP":[1017.95],"TEMP":[-2.13],"VISIB":[4.85],"WDSP":[12.53],"WNDDIR":[10.8],"time":[1549364861]}