{"CLDC":[53.849995,54.600006],"DEWP":[-2.66,-2.6599998],"FRSHTT":[1000000,1000000],"PRCP":[0,0],"SLP":[1020.2001,1020.2001],"SNDP":[0,0],"STP":[1042.3901,1041.57],"TEMP":[-0.8500001,-0.84000003],"VISIB":[10.340001,10.109999],"WDSP":[20.6,20.499998],"WNDDIR":[98.2,98.2],"time":[1549364861,1549364918]}