{"CLDC":[50.120007,50.43],"DEWP":[-4.4000006,-4.4500003],"FRSHTT":[1110000,1110000],"PRCP":[0.07,0.07],"SLP":[992.1,991.77997],"SNDP":[1.5,1.5],"STP":[983.57996,983.80994],"TEMP":[-2.7599998,-2.7400002],"VISIB":[5.4700003,5.4800005],"WDSP":[7.6699996,7.5999994],"WNDDIR":[273,273.3],"time":[1549364859,1549364917]}