{"CLDC":[60.5],"DEWP":[-6.7600007],"FRSHTT":[1110000],"PRCP":[0.019999998],"SLP":[1006.1],"SNDP":[0.20000002],"STP":[976.7999],"TEMP":[-3.13],"VISIB":[13.38],"WDSP":[9.99],"WNDDIR":[87.4],"time":[1549364859]}