{"CLDC":[60.5,59.95],"DEWP":[-6.7600007,-6.7599998],"FRSHTT":[1110000,1110000],"PRCP":[0.019999998,0.019999998],"SLP":[1006.1,1006.1],"SNDP":[0.20000002,0.20000002],"STP":[976.7999,976.7999],"TEMP":[-3.13,-3.14],"VISIB":[13.38,13.039999],"WDSP":[9.99,10.08],"WNDDIR":[87.4,91.3],"time":[1549364859,1549364917]}