{"CLDC":[86.259995,85.759995],"DEWP":[-5.6800003,-5.6800003],"FRSHTT":[1110000,1110000],"PRCP":[0.059999995,0.059999995],"SLP":[1017.0399,1017.08997],"SNDP":[0.5,0.5],"STP":[1001.6,1001.6],"TEMP":[-3.1200001,-3.04],"VISIB":[11.910001,11.27],"WDSP":[11.290001,11.460001],"WNDDIR":[48,46.7],"time":[1549364861,1549364918]}