{"CLDC":[87.009995,87.14],"DEWP":[-5.1,-5.16],"FRSHTT":[1110000,1110000],"PRCP":[0.09000001,0.09000001],"SLP":[1016.7001,1016.7001],"SNDP":[0.20000002,0.20000002],"STP":[1007.02,1006.94006],"TEMP":[-2.3799999,-2.4],"VISIB":[8.27,8.97],"WDSP":[11.039999,10.95],"WNDDIR":[277,278.4],"time":[1549364859,1549364917]}