{"CLDC":[50],"DEWP":[-5.899999],"FRSHTT":[1100000],"PRCP":[0.11],"SLP":[1004.7999],"SNDP":[0],"STP":[1006.11005],"TEMP":[-4],"VISIB":[25.259998],"WDSP":[37.29],"WNDDIR":[107.4],"time":[1549364859]}