{"CLDC":[50.030003],"DEWP":[-9.679999],"FRSHTT":[1110000],"PRCP":[0.22],"SLP":[942.41],"SNDP":[24.399998],"STP":[935.2999],"TEMP":[-5.7199993],"VISIB":[24.46],"WDSP":[24.990002],"WNDDIR":[50.1],"time":[1549364860]}