{"CLDC":[58.160004,57.980003],"DEWP":[-3.8899999,-3.6799998],"FRSHTT":[110000,110000],"PRCP":[0.10000001,0.10000001],"SLP":[1019,1018.91003],"SNDP":[2.7000003,2.7000003],"STP":[1008.7501,1008.7101],"TEMP":[0.10000001,0.10000001],"VISIB":[18.150002,17.92],"WDSP":[12.589999,12.15],"WNDDIR":[151.2,152.2],"time":[1549364858,1549364917]}