{"CLDC":[68.69],"DEWP":[-4.1500006],"FRSHTT":[1110000],"PRCP":[0.40000004],"SLP":[963.25995],"SNDP":[7],"STP":[962.4],"TEMP":[-1.6700001],"VISIB":[17.9],"WDSP":[10.059999],"WNDDIR":[105.2],"time":[1549364855]}