{"CLDC":[85.729996],"DEWP":[-5.3499994],"FRSHTT":[1110000],"PRCP":[0.13],"SLP":[963.7001],"SNDP":[3.2000003],"STP":[955.2],"TEMP":[-2.4299998],"VISIB":[19.13],"WDSP":[13.740001],"WNDDIR":[236.4],"time":[1549364855]}