{"CLDC":[95.40001,95.53001],"DEWP":[-5.74,-5.74],"FRSHTT":[1110000,1110000],"PRCP":[0.050000004,0.050000004],"SLP":[909.5801,909.54004],"SNDP":[3,3],"STP":[908.2999,908.2999],"TEMP":[-1.7599999,-1.76],"VISIB":[21.1,21.579998],"WDSP":[12.46,12.27],"WNDDIR":[318,319.8],"time":[1549364855,1549364915]}