{"CLDC":[95.40001],"DEWP":[-5.74],"FRSHTT":[1110000],"PRCP":[0.050000004],"SLP":[909.5801],"SNDP":[3],"STP":[908.2999],"TEMP":[-1.7599999],"VISIB":[21.1],"WDSP":[12.46],"WNDDIR":[318],"time":[1549364855]}