{"CLDC":[83],"DEWP":[-4.95],"FRSHTT":[1110000],"PRCP":[0.09000001],"SLP":[1016.9],"SNDP":[13],"STP":[997.2999],"TEMP":[-2.85],"VISIB":[11.440001],"WDSP":[10.12],"WNDDIR":[209.3],"time":[1549364856]}