{"CLDC":[56.77999,56.680004],"DEWP":[-5.6200004,-5.4800005],"FRSHTT":[1110000,1110000],"PRCP":[0.019999998,0.019999998],"SLP":[1021.17004,1020.82996],"SNDP":[0.40000004,0.40000004],"STP":[966.5,966.5],"TEMP":[-2.18,-1.9799999],"VISIB":[12.179998,12.01],"WDSP":[13.290001,14.109999],"WNDDIR":[135.9,138.6],"time":[1549364857,1549364916]}