{"CLDC":[56.77999],"DEWP":[-5.6200004],"FRSHTT":[1110000],"PRCP":[0.019999998],"SLP":[1021.17004],"SNDP":[0.40000004],"STP":[966.5],"TEMP":[-2.18],"VISIB":[12.179998],"WDSP":[13.290001],"WNDDIR":[135.9],"time":[1549364857]}