{"CLDC":[17.38,17.29],"DEWP":[-4.2799997,-4.339999],"FRSHTT":[1000000,1000000],"PRCP":[0,0],"SLP":[1006.5,1006.4299],"SNDP":[0,0],"STP":[999.7301,999.57996],"TEMP":[-2.3799999,-2.3799999],"VISIB":[6,5.52],"WDSP":[13.039999,13.139999],"WNDDIR":[209,209.4],"time":[1549364856,1549364916]}