{"CLDC":[17.38],"DEWP":[-4.2799997],"FRSHTT":[1000000],"PRCP":[0],"SLP":[1006.5],"SNDP":[0],"STP":[999.7301],"TEMP":[-2.3799999],"VISIB":[6],"WDSP":[13.039999],"WNDDIR":[209],"time":[1549364856]}