{"CLDC":[84.89001,85.34],"DEWP":[-2.74,-2.8600001],"FRSHTT":[0,0],"PRCP":[0,0],"SLP":[990.0301,989.84],"SNDP":[0,0],"STP":[1000.4001,1001.6001],"TEMP":[0.59999996,0.59999996],"VISIB":[10.4,10.74],"WDSP":[17.51,18.05],"WNDDIR":[308.2,305.1],"time":[1549364860,1549364918]}