{"CLDC":[79.14],"DEWP":[-6.66],"FRSHTT":[1010000],"PRCP":[0],"SLP":[1002.7699],"SNDP":[0.29999998],"STP":[971.81995],"TEMP":[-3.5300002],"VISIB":[10.71],"WDSP":[15.089999],"WNDDIR":[245.3],"time":[1549364860]}