{"CLDC":[84.89001],"DEWP":[-2.74],"FRSHTT":[0],"PRCP":[0],"SLP":[990.0301],"SNDP":[0],"STP":[1000.4001],"TEMP":[0.59999996],"VISIB":[10.4],"WDSP":[17.51],"WNDDIR":[308.2],"time":[1549364860]}