{"CLDC":[35.230003,35.130005],"DEWP":[-5.95,-6.0799994],"FRSHTT":[1000000,1000000],"PRCP":[0,0],"SLP":[998.47003,999.16003],"SNDP":[0,0],"STP":[981,981],"TEMP":[-3.55,-3.5600002],"VISIB":[6.81,7.0999994],"WDSP":[13.460001,13.209999],"WNDDIR":[304.6,304.2],"time":[1549364860,1549364918]}