{"CLDC":[35.230003],"DEWP":[-5.95],"FRSHTT":[1000000],"PRCP":[0],"SLP":[998.47003],"SNDP":[0],"STP":[981],"TEMP":[-3.55],"VISIB":[6.81],"WDSP":[13.460001],"WNDDIR":[304.6],"time":[1549364860]}