{"CLDC":[67.08],"DEWP":[-6.700001],"FRSHTT":[1100000],"PRCP":[0.039999995],"SLP":[1017.4],"SNDP":[0],"STP":[963.00995],"TEMP":[-4.2400002],"VISIB":[9.309999],"WDSP":[10.940001],"WNDDIR":[358.1],"time":[1549364860]}