{"CLDC":[50.469997],"DEWP":[-5.0600004],"FRSHTT":[1000000],"PRCP":[0],"SLP":[1002.86],"SNDP":[0],"STP":[976.9],"TEMP":[-2.6799998],"VISIB":[6.46],"WDSP":[10.370001],"WNDDIR":[266.5],"time":[1549364860]}