{"CLDC":[50.179996],"DEWP":[-5.7799997],"FRSHTT":[1110000],"PRCP":[0.07999999],"SLP":[1012.4],"SNDP":[6.4000006],"STP":[1002.9],"TEMP":[-2.75],"VISIB":[8.900001],"WDSP":[13.35],"WNDDIR":[103.6],"time":[1549364860]}