{"CLDC":[60.99],"DEWP":[-5.2200003],"FRSHTT":[1110000],"PRCP":[0.050000004],"SLP":[1020.2001],"SNDP":[0.29999998],"STP":[990.5],"TEMP":[-1.5],"VISIB":[18.65],"WDSP":[9.820001],"WNDDIR":[165.9],"time":[1549364860]}