{"CLDC":[50.07],"DEWP":[-5.7799997],"FRSHTT":[1110000],"PRCP":[0.13],"SLP":[1017.6],"SNDP":[0.20000002],"STP":[996.99005],"TEMP":[-3.1600003],"VISIB":[13.7],"WDSP":[8.249999],"WNDDIR":[70.1],"time":[1549364861]}