{"CLDC":[12.089999],"DEWP":[-7.34],"FRSHTT":[1000000],"PRCP":[0],"SLP":[1016.0199],"SNDP":[0],"STP":[1016.86],"TEMP":[-5.7200003],"VISIB":[10.440001],"WDSP":[21.99],"WNDDIR":[129],"time":[1549364859]}