{"CLDC":[12.089999,12.089999],"DEWP":[-7.34,-7.339999],"FRSHTT":[1000000,1000000],"PRCP":[0,0],"SLP":[1016.0199,1016.7499],"SNDP":[0,0],"STP":[1016.86,1016.6701],"TEMP":[-5.7200003,-5.8],"VISIB":[10.440001,10.57],"WDSP":[21.99,23.31],"WNDDIR":[129,126.5],"time":[1549364859,1549364917]}