{"CLDC":[90.729996,90.89],"DEWP":[-9.82,-9.750001],"FRSHTT":[1100000,1100000],"PRCP":[0.059999995,0.062],"SLP":[1005.37,1005.4],"SNDP":[0,0],"STP":[1001.9,1002.05],"TEMP":[-8.030001,-7.850001],"VISIB":[13.029999,12.559999],"WDSP":[17.759998,16.560001],"WNDDIR":[288.2,287.8],"time":[1549364859,1549364917]}