{"CLDC":[97.700005,97.59],"DEWP":[-5.3,-5.3],"FRSHTT":[1110000,1110000],"PRCP":[0.11,0.11],"SLP":[1018,1018.0199],"SNDP":[10.199999,10.199999],"STP":[1002.5,1002.5],"TEMP":[-3.02,-3],"VISIB":[11.169999,11.039999],"WDSP":[6.05,5.6299996],"WNDDIR":[213.6,217],"time":[1549364861,1549364918]}