{"CLDC":[50.210003,50.5],"DEWP":[-5.05,-4.9800005],"FRSHTT":[1110000,1110000],"PRCP":[0.059999995,0.059999995],"SLP":[1018.5,1018.5],"SNDP":[0.9,0.9],"STP":[959.7999,959.7999],"TEMP":[-2.4099998,-2.34],"VISIB":[22.34,23],"WDSP":[11.469999,10.999999],"WNDDIR":[9,16.7],"time":[1549364861,1549364918]}