{"CLDC":[90.729996],"DEWP":[-9.82],"FRSHTT":[1100000],"PRCP":[0.059999995],"SLP":[1005.37],"SNDP":[0],"STP":[1001.9],"TEMP":[-8.030001],"VISIB":[13.029999],"WDSP":[17.759998],"WNDDIR":[288.2],"time":[1549364859]}