{"CLDC":[47.44,47.789997],"DEWP":[-3.22,-3.22],"FRSHTT":[0,0],"PRCP":[0,0],"SLP":[1004.06995,1004.07996],"SNDP":[0,0],"STP":[997.41,997.42004],"TEMP":[0,0],"VISIB":[8.66,8.85],"WDSP":[16.650002,15.93],"WNDDIR":[26,25.8],"time":[1549364858,1549364916]}