{"CLDC":[88.40001],"DEWP":[-2.8],"FRSHTT":[1110000],"PRCP":[0.13],"SLP":[1018],"SNDP":[0.29999998],"STP":[996.7999],"TEMP":[-0.46000004],"VISIB":[15.719999],"WDSP":[8.039999],"WNDDIR":[163.6],"time":[1549364858]}