{"CLDC":[94.579994],"DEWP":[-5.6400003],"FRSHTT":[1000000],"PRCP":[0],"SLP":[994.1],"SNDP":[0],"STP":[1001.12],"TEMP":[-3.67],"VISIB":[5.34],"WDSP":[9.179999],"WNDDIR":[204],"time":[1549364858]}