{"CLDC":[50.530003,50.620003],"DEWP":[-1.9500002,-2.0700002],"FRSHTT":[1100000,1100000],"PRCP":[0.16999999,0.16999999],"SLP":[1021.7999,1021.9],"SNDP":[0,0],"STP":[1024.3099,1024.4],"TEMP":[-0.10000001,-0.10000001],"VISIB":[16.789999,16.560001],"WDSP":[9.0199995,9.529999],"WNDDIR":[9.9,12.1],"time":[1549364858,1549364917]}