{"CLDC":[50.530003],"DEWP":[-1.9500002],"FRSHTT":[1100000],"PRCP":[0.16999999],"SLP":[1021.7999],"SNDP":[0],"STP":[1024.3099],"TEMP":[-0.10000001],"VISIB":[16.789999],"WDSP":[9.0199995],"WNDDIR":[9.9],"time":[1549364858]}