{"CLDC":[86.14],"DEWP":[-4.5600004],"FRSHTT":[1000000],"PRCP":[0],"SLP":[998.82996],"SNDP":[0],"STP":[1002.7],"TEMP":[-1.55],"VISIB":[8.210001],"WDSP":[9.360001],"WNDDIR":[132.2],"time":[1549364858]}