{"CLDC":[86.14,86.329994],"DEWP":[-4.5600004,-4.6400003],"FRSHTT":[1000000,1000000],"PRCP":[0,0],"SLP":[998.82996,998.33997],"SNDP":[0,0],"STP":[1002.7,1002.55],"TEMP":[-1.55,-1.55],"VISIB":[8.210001,8.069999],"WDSP":[9.360001,9.900001],"WNDDIR":[132.2,131.7],"time":[1549364858,1549364917]}