{"CLDC":[72.41],"DEWP":[-6.85],"FRSHTT":[1110000],"PRCP":[0.16999999],"SLP":[1018.9],"SNDP":[1.7],"STP":[984.9],"TEMP":[-3.7800002],"VISIB":[25.039999],"WDSP":[7.589999],"WNDDIR":[333.3],"time":[1549364856]}