{"CLDC":[72.41,72.17],"DEWP":[-6.85,-6.7600007],"FRSHTT":[1110000,1110000],"PRCP":[0.16999999,0.16999999],"SLP":[1018.9,1018.9],"SNDP":[1.7,1.7],"STP":[984.9,985.1],"TEMP":[-3.7800002,-3.7600002],"VISIB":[25.039999,24.41],"WDSP":[7.589999,7.47],"WNDDIR":[333.3,337.2],"time":[1549364856,1549364915]}