{"CLDC":[73.77999],"DEWP":[-7],"FRSHTT":[1110000],"PRCP":[0.38000003],"SLP":[969.1],"SNDP":[8.900001],"STP":[965],"TEMP":[-3.7800002],"VISIB":[26.01],"WDSP":[3.2499995],"WNDDIR":[246.1],"time":[1549364855]}