{"CLDC":[59.869995,59.920002],"DEWP":[-11.950002,-11.879999],"FRSHTT":[1110000,1110000],"PRCP":[0.29999998,0.29999998],"SLP":[964.00995,964.22003],"SNDP":[23.5,23.5],"STP":[941.7101,941.6],"TEMP":[-7.7,-7.7],"VISIB":[35.230003,35.31],"WDSP":[32.41,34.66],"WNDDIR":[71.5,67.4],"time":[1549364856,1549364916]}