{"CLDC":[76.18,76.46001],"DEWP":[-7.2,-7.2599998],"FRSHTT":[1110000,1110000],"PRCP":[0.13,0.13],"SLP":[966.98,967.11],"SNDP":[2.7999997,2.7999997],"STP":[971.69006,971.69006],"TEMP":[-3.0500002,-3.0300002],"VISIB":[30.7,31.62],"WDSP":[18.670002,17.29],"WNDDIR":[184.9,186.9],"time":[1549364856,1549364916]}