{"CLDC":[50.399998],"DEWP":[-7.6800003],"FRSHTT":[1110000],"PRCP":[0.32999998],"SLP":[1017.1],"SNDP":[4.4000006],"STP":[984.56006],"TEMP":[-3.8200004],"VISIB":[27.689999],"WDSP":[3.53],"WNDDIR":[226.7],"time":[1549364856]}