{"CLDC":[83.04],"DEWP":[-4.2799997],"FRSHTT":[1010000],"PRCP":[0],"SLP":[936.50995],"SNDP":[17.699999],"STP":[925.02997],"TEMP":[-3],"VISIB":[9.380001],"WDSP":[3.7499995],"WNDDIR":[310.8],"time":[1549364856]}