{"CLDC":[71.77999,72.12],"DEWP":[-13.360001,-13.18],"FRSHTT":[1110000,1110000],"PRCP":[0.22999999,0.22999999],"SLP":[898.7101,898.86],"SNDP":[30.7,30.7],"STP":[891.7001,891.7001],"TEMP":[-5.020001,-5.05],"VISIB":[43.2,41.68],"WDSP":[24.43,23.4],"WNDDIR":[81.5,80.7],"time":[1549364856,1549364915]}