{"CLDC":[71.77999],"DEWP":[-13.360001],"FRSHTT":[1110000],"PRCP":[0.22999999],"SLP":[898.7101],"SNDP":[30.7],"STP":[891.7001],"TEMP":[-5.020001],"VISIB":[43.2],"WDSP":[24.43],"WNDDIR":[81.5],"time":[1549364856]}