{"CLDC":[50.229996],"DEWP":[-7.2599998],"FRSHTT":[1100000],"PRCP":[0.11999999],"SLP":[1005.4],"SNDP":[0],"STP":[1004.89],"TEMP":[-5.3999996],"VISIB":[31.88],"WDSP":[26.76],"WNDDIR":[90.5],"time":[1549364859]}