{"CLDC":[50.220005,50.02],"DEWP":[-5.82,-5.6099997],"FRSHTT":[1110000,1110000],"PRCP":[0.07999999,0.07999999],"SLP":[1016.2001,1016.2001],"SNDP":[0.9,0.9],"STP":[1002.36,1002.3299],"TEMP":[-3.55,-3.5400002],"VISIB":[6.890001,6.880001],"WDSP":[9.769999,9.980001],"WNDDIR":[330.5,330],"time":[1549364857,1549364916]}