{"CLDC":[67.020004,67.41],"DEWP":[-7.1700006,-6.84],"FRSHTT":[1000000,1000000],"PRCP":[0,0],"SLP":[1028.47,1028.6498],"SNDP":[0,0],"STP":[993.27997,992.83997],"TEMP":[-1,-1],"VISIB":[32.079998,30.74],"WDSP":[7.5199995,7.0799994],"WNDDIR":[192.6,188.8],"time":[1549364858,1549364917]}