{"CLDC":[68.43001],"DEWP":[-0.65999997],"FRSHTT":[0],"PRCP":[0],"SLP":[1031.5499],"SNDP":[0],"STP":[1024.6901],"TEMP":[4.18],"VISIB":[10.860001],"WDSP":[42.589996],"WNDDIR":[218.2],"time":[1549364855]}