{"CLDC":[79.39001],"DEWP":[-4.8500004],"FRSHTT":[1110000],"PRCP":[0.15999998],"SLP":[1001.7001],"SNDP":[1.3000001],"STP":[1003.7799],"TEMP":[-1.04],"VISIB":[26.73],"WDSP":[41.69],"WNDDIR":[51.1],"time":[1549364855]}