{"CLDC":[79.39001,79.41],"DEWP":[-4.8500004,-4.85],"FRSHTT":[1110000,1110000],"PRCP":[0.15999998,0.15999998],"SLP":[1001.7001,1001.7001],"SNDP":[1.3000001,1.3000001],"STP":[1003.7799,1003.9],"TEMP":[-1.04,-1.04],"VISIB":[26.73,26.409998],"WDSP":[41.69,42.079998],"WNDDIR":[51.1,52.9],"time":[1549364855,1549364915]}