{"CLDC":[97.04,97.40001],"DEWP":[-5.25,-5.32],"FRSHTT":[1110000,1110000],"PRCP":[0.029999997,0.029999997],"SLP":[1015.9,1015.9],"SNDP":[0.40000004,0.40000004],"STP":[998.49005,998.77997],"TEMP":[-1.5400002,-1.5900002],"VISIB":[16.83,17.329998],"WDSP":[16.27,14.88],"WNDDIR":[43.1,43],"time":[1549364858,1549364917]}