{"CLDC":[51.51,51.620007],"DEWP":[-5.44,-5.56],"FRSHTT":[1110000,1110000],"PRCP":[0.029999997,0.029999997],"SLP":[1019.9,1019.7999],"SNDP":[1.3000001,1.3000001],"STP":[1005.38,1005.2899],"TEMP":[-1.1300001,-1.13],"VISIB":[11.400001,11.179999],"WDSP":[13.25,13.440001],"WNDDIR":[27.3,24.4],"time":[1549364858,1549364917]}