{"CLDC":[97.04],"DEWP":[-5.25],"FRSHTT":[1110000],"PRCP":[0.029999997],"SLP":[1015.9],"SNDP":[0.40000004],"STP":[998.49005],"TEMP":[-1.5400002],"VISIB":[16.83],"WDSP":[16.27],"WNDDIR":[43.1],"time":[1549364858]}