{"CLDC":[50.04],"DEWP":[-1.9],"FRSHTT":[100000],"PRCP":[0.050000004],"SLP":[986.81995],"SNDP":[0],"STP":[982.65],"TEMP":[0],"VISIB":[39.47],"WDSP":[34.120003],"WNDDIR":[87.6],"time":[1549364855]}