{"CLDC":[50.030003],"DEWP":[-1.6200001],"FRSHTT":[100000],"PRCP":[0.07999999],"SLP":[1004.42004],"SNDP":[0],"STP":[1010.93],"TEMP":[0.59999996],"VISIB":[45.35],"WDSP":[28.3],"WNDDIR":[187.2],"time":[1549364855]}