{"CLDC":[50.030003,50.120003],"DEWP":[-1.6200001,-1.71],"FRSHTT":[100000,100000],"PRCP":[0.07999999,0.07999999],"SLP":[1004.42004,1004.39],"SNDP":[0,0],"STP":[1010.93,1012.07996],"TEMP":[0.59999996,0.59999996],"VISIB":[45.35,45.449997],"WDSP":[28.3,28.01],"WNDDIR":[187.2,181],"time":[1549364855,1549364915]}