{"CLDC":[82.36001,82.53001],"DEWP":[-5.12,-4.88],"FRSHTT":[1110000,1110000],"PRCP":[0.14,0.14],"SLP":[1019.1,1019],"SNDP":[2,2],"STP":[984.7999,985.05],"TEMP":[-0.9,-0.9],"VISIB":[15.44,15.2699995],"WDSP":[6.4200006,6.3700004],"WNDDIR":[170.5,165.4],"time":[1549364859,1549364917]}