{"CLDC":[82.36001],"DEWP":[-5.12],"FRSHTT":[1110000],"PRCP":[0.14],"SLP":[1019.1],"SNDP":[2],"STP":[984.7999],"TEMP":[-0.9],"VISIB":[15.44],"WDSP":[6.4200006],"WNDDIR":[170.5],"time":[1549364859]}