{"CLDC":[95.10999],"DEWP":[-28.25],"FRSHTT":[1010000],"PRCP":[0],"SLP":[1013.59],"SNDP":[4.5999994],"STP":[1009.56006],"TEMP":[-1.5],"VISIB":[69.53],"WDSP":[38.2],"WNDDIR":[227.2],"time":[1549364859]}