{"CLDC":[11.42,10.980001],"DEWP":[-7.1200004,-7.2],"FRSHTT":[1000000,1000000],"PRCP":[0,0],"SLP":[996.06995,996.41],"SNDP":[0,0],"STP":[987.6701,987.29004],"TEMP":[-2.0800002,-2.0500002],"VISIB":[10.440001,10.539999],"WDSP":[15.85,14.969999],"WNDDIR":[3.2,0.7],"time":[1549364855,1549364915]}