{"CLDC":[63.129997],"DEWP":[-7.100001],"FRSHTT":[1110000],"PRCP":[0.13],"SLP":[1018.07],"SNDP":[3.1000001],"STP":[988.2199],"TEMP":[-3.36],"VISIB":[10.069999],"WDSP":[5.95],"WNDDIR":[107.9],"time":[1549364859]}