{"CLDC":[63.129997,63.210003],"DEWP":[-7.100001,-6.9000006],"FRSHTT":[1110000,1110000],"PRCP":[0.13,0.13],"SLP":[1018.07,1018.1],"SNDP":[3.1000001,3.1000001],"STP":[988.2199,988.58997],"TEMP":[-3.36,-3.4],"VISIB":[10.069999,10.019999],"WDSP":[5.95,6],"WNDDIR":[107.9,107],"time":[1549364859,1549364917]}