{"CLDC":[79.5,79.380005],"DEWP":[-5.6000004,-5.48],"FRSHTT":[1110000,1110000],"PRCP":[0.039999995,0.039999995],"SLP":[1018,1018],"SNDP":[1.3000001,1.3000001],"STP":[965.2999,965.41],"TEMP":[-1.78,-1.8599999],"VISIB":[18.289999,17.8],"WDSP":[6.410001,6.5099998],"WNDDIR":[135.4,135.2],"time":[1549364858,1549364916]}