{"CLDC":[79.5],"DEWP":[-5.6000004],"FRSHTT":[1110000],"PRCP":[0.039999995],"SLP":[1018],"SNDP":[1.3000001],"STP":[965.2999],"TEMP":[-1.78],"VISIB":[18.289999],"WDSP":[6.410001],"WNDDIR":[135.4],"time":[1549364858]}