{"CLDC":[50.080006],"DEWP":[-22.890003],"FRSHTT":[1010000],"PRCP":[0],"SLP":[704.05005],"SNDP":[120.59999],"STP":[690.60004],"TEMP":[-13.300001],"VISIB":[74.89],"WDSP":[41.690002],"WNDDIR":[257.2],"time":[1549364857]}