{"CLDC":[50.080006,50],"DEWP":[-22.890003,-22.980003],"FRSHTT":[1010000,1010000],"PRCP":[0,0],"SLP":[704.05005,704.14],"SNDP":[120.59999,120.75],"STP":[690.60004,690.60004],"TEMP":[-13.300001,-13.2],"VISIB":[74.89,75.03999],"WDSP":[41.690002,40.489998],"WNDDIR":[257.2,259.8],"time":[1549364857,1549364916]}