{"CLDC":[69.2],"DEWP":[-6.4],"FRSHTT":[1110000],"PRCP":[0.11],"SLP":[1020],"SNDP":[1.1999999],"STP":[1002.36993],"TEMP":[-3.02],"VISIB":[8.99],"WDSP":[9.070001],"WNDDIR":[161.2],"time":[1549364858]}