{"CLDC":[58.390003,58.1],"DEWP":[-6.38,-6.5],"FRSHTT":[1100000,1100000],"PRCP":[0.11,0.11],"SLP":[1021.30994,1021.5301],"SNDP":[0,0],"STP":[1019.5101,1020.1],"TEMP":[-0.59999996,-0.59999996],"VISIB":[32.94,31.939999],"WDSP":[24.02,23],"WNDDIR":[235.5,235.5],"time":[1549364855,1549364915]}