{"CLDC":[99.53999],"DEWP":[-7.5800004],"FRSHTT":[1000000],"PRCP":[0],"SLP":[1001.5],"SNDP":[0],"STP":[995.5199],"TEMP":[-2.04],"VISIB":[10.250001],"WDSP":[18.15],"WNDDIR":[2.9],"time":[1549364855]}