{"CLDC":[99.53999,99.549995],"DEWP":[-7.5800004,-7.66],"FRSHTT":[1000000,1000000],"PRCP":[0,0],"SLP":[1001.5,1001.5001],"SNDP":[0,0],"STP":[995.5199,995.2101],"TEMP":[-2.04,-1.9999998],"VISIB":[10.250001,10.16],"WDSP":[18.15,19.03],"WNDDIR":[2.9,6.5],"time":[1549364855,1549364915]}