{"CLDC":[50.190002],"DEWP":[-7.1800003],"FRSHTT":[1010000],"PRCP":[0],"SLP":[1018.7999],"SNDP":[0.59999996],"STP":[1003.50995],"TEMP":[-1.2299999],"VISIB":[12.26],"WDSP":[12.27],"WNDDIR":[354.8],"time":[1549364856]}