{"CLDC":[50.190002,50.050003],"DEWP":[-7.1800003,-7.46],"FRSHTT":[1010000,1010000],"PRCP":[0,0],"SLP":[1018.7999,1018.7999],"SNDP":[0.59999996,0.59999996],"STP":[1003.50995,1003.16003],"TEMP":[-1.2299999,-1.23],"VISIB":[12.26,12.65],"WDSP":[12.27,12.219999],"WNDDIR":[354.8,352.7],"time":[1549364856,1549364916]}