{"CLDC":[50.090004],"DEWP":[-12.789999],"FRSHTT":[1110000],"PRCP":[0.050000004],"SLP":[799.7999],"SNDP":[15.199999],"STP":[811.2001],"TEMP":[-7.05],"VISIB":[43.999996],"WDSP":[26.289999],"WNDDIR":[355.7],"time":[1549364861]}