{"CLDC":[50.090004,50.04],"DEWP":[-12.789999,-12.910001],"FRSHTT":[1110000,1110000],"PRCP":[0.050000004,0.050000004],"SLP":[799.7999,799.8399],"SNDP":[15.199999,15.199999],"STP":[811.2001,811.2001],"TEMP":[-7.05,-6.9],"VISIB":[43.999996,43.48],"WDSP":[26.289999,24.880001],"WNDDIR":[355.7,355.6],"time":[1549364861,1549364918]}