{"CLDC":[40.82,40.600002],"DEWP":[-1.12,-1.12],"FRSHTT":[1000000,1000000],"PRCP":[0,0],"SLP":[982.2101,982.67004],"SNDP":[0,0],"STP":[1008.64,1008.95],"TEMP":[-0.6999999,-0.6999999],"VISIB":[9.89,9.57],"WDSP":[2.3999999,2.2999997],"WNDDIR":[287.4,288.8],"time":[1549364855,1549364915]}