{"CLDC":[86.96,86.80999],"DEWP":[-8.200001,-8.300001],"FRSHTT":[1110000,1110000],"PRCP":[0.029999997,0.029999997],"SLP":[1017.5,1017.4],"SNDP":[3.7999997,3.7999997],"STP":[993.24005,993.11],"TEMP":[-5.3,-5.3200006],"VISIB":[8.12,8.01],"WDSP":[3.8199997,3.5900002],"WNDDIR":[242.8,246.8],"time":[1549364858,1549364917]}