{"CLDC":[95.54],"DEWP":[-6.1000004],"FRSHTT":[1110000],"PRCP":[0.019999998],"SLP":[1018.7999],"SNDP":[2.2000003],"STP":[1001],"TEMP":[-3.1999998],"VISIB":[6.1099997],"WDSP":[3.5900002],"WNDDIR":[50],"time":[1549364860]}