{"CLDC":[95.54,95.28],"DEWP":[-6.1000004,-6.1499996],"FRSHTT":[1110000,1110000],"PRCP":[0.019999998,0.019999998],"SLP":[1018.7999,1018.7999],"SNDP":[2.2000003,2.2000003],"STP":[1001,1001],"TEMP":[-3.1999998,-3.1299996],"VISIB":[6.1099997,5.8399997],"WDSP":[3.5900002,4.14],"WNDDIR":[50,50],"time":[1549364860,1549364918]}