{"CLDC":[89.84001,89.659996],"DEWP":[-4.54,-4.6],"FRSHTT":[1110000,1110000],"PRCP":[0.050000004,0.050000004],"SLP":[1017.88,1017.7999],"SNDP":[1.1999999,1.1999999],"STP":[985.27997,985.5],"TEMP":[-2.2800002,-2.3],"VISIB":[10.260001,10.55],"WDSP":[9.79,10.240001],"WNDDIR":[79.7,82.9],"time":[1549364855,1549364915]}