{"CLDC":[50.15,50.010002],"DEWP":[-7.899999,-8.199999],"FRSHTT":[1110000,1110000],"PRCP":[0.050000004,0.050000004],"SLP":[1023.08997,1023.2101],"SNDP":[2.6000001,2.6000001],"STP":[956.11,955.9],"TEMP":[-5.3599997,-5.3999996],"VISIB":[6.87,7.3],"WDSP":[6.72,6.96],"WNDDIR":[319.9,322.9],"time":[1549364856,1549364916]}