{"CLDC":[50.15],"DEWP":[-7.899999],"FRSHTT":[1110000],"PRCP":[0.050000004],"SLP":[1023.08997],"SNDP":[2.6000001],"STP":[956.11],"TEMP":[-5.3599997],"VISIB":[6.87],"WDSP":[6.72],"WNDDIR":[319.9],"time":[1549364856]}