{"CLDC":[50.100002],"DEWP":[-5.26],"FRSHTT":[1110000],"PRCP":[0.009999999],"SLP":[965.66003],"SNDP":[2.7999997],"STP":[946.2001],"TEMP":[-2.7600002],"VISIB":[14.7699995],"WDSP":[11.719999],"WNDDIR":[121.5],"time":[1549364855]}