{"CLDC":[20.26,20.33],"DEWP":[-2.7400002,-3.0199997],"FRSHTT":[0,0],"PRCP":[0,0],"SLP":[1012.73,1009.75],"SNDP":[0,0],"STP":[1011.43,1009.47986],"TEMP":[0.8000001,0.8000001],"VISIB":[10.9800005,11.35],"WDSP":[18.49,17.439999],"WNDDIR":[34.1,36.5],"time":[1549364856,1549364916]}