{"CLDC":[44.809994],"DEWP":[-1.6599998],"FRSHTT":[0],"PRCP":[0],"SLP":[1011.48],"SNDP":[0],"STP":[1007.99005],"TEMP":[1.8399998],"VISIB":[9.88],"WDSP":[16.22],"WNDDIR":[230.6],"time":[1549364856]}