{"CLDC":[44.809994,44.600002],"DEWP":[-1.6599998,-1.6600001],"FRSHTT":[0,0],"PRCP":[0,0],"SLP":[1011.48,1004.73],"SNDP":[0,0],"STP":[1007.99005,1007.77997],"TEMP":[1.8399998,1.78],"VISIB":[9.88,9.7300005],"WDSP":[16.22,15.969999],"WNDDIR":[230.6,227],"time":[1549364856,1549364916]}