{"CLDC":[20.26],"DEWP":[-2.7400002],"FRSHTT":[0],"PRCP":[0],"SLP":[1012.73],"SNDP":[0],"STP":[1011.43],"TEMP":[0.8000001],"VISIB":[10.9800005],"WDSP":[18.49],"WNDDIR":[34.1],"time":[1549364856]}