{"CLDC":[50.220005,50.080006],"DEWP":[-4.7500005,-4.7200003],"FRSHTT":[1110000,1110000],"PRCP":[0.029999997,0.029999997],"SLP":[932.2001,932.11],"SNDP":[5.7999997,5.81],"STP":[929.5,929.5],"TEMP":[-2.8399997,-2.9199996],"VISIB":[17.48,17.49],"WDSP":[22.17,23.01],"WNDDIR":[2,5.3],"time":[1549364856,1549364916]}