{"CLDC":[50.220005],"DEWP":[-4.7500005],"FRSHTT":[1110000],"PRCP":[0.029999997],"SLP":[932.2001],"SNDP":[5.7999997],"STP":[929.5],"TEMP":[-2.8399997],"VISIB":[17.48],"WDSP":[22.17],"WNDDIR":[2],"time":[1549364856]}