{"CLDC":[50.359997,50.200005],"DEWP":[-5.6800003,-5.76],"FRSHTT":[1110000,1110000],"PRCP":[0.009999999,0.009999999],"SLP":[1014.95,1015.1],"SNDP":[0.40000004,0.40000004],"STP":[979.6,979.52],"TEMP":[-2.1999998,-2.22],"VISIB":[15.05,15.57],"WDSP":[12.870001,13.2300005],"WNDDIR":[20.6,23.6],"time":[1549364856,1549364915]}