{"CLDC":[50.359997],"DEWP":[-5.6800003],"FRSHTT":[1110000],"PRCP":[0.009999999],"SLP":[1014.95],"SNDP":[0.40000004],"STP":[979.6],"TEMP":[-2.1999998],"VISIB":[15.05],"WDSP":[12.870001],"WNDDIR":[20.6],"time":[1549364856]}