{"CLDC":[54.55,54.730003],"DEWP":[-6.24,-6.0200005],"FRSHTT":[1110000,1110000],"PRCP":[0.019999998,0.019999998],"SLP":[1021.47003,1021.55994],"SNDP":[1.1000001,1.1000001],"STP":[1001.57,1001.58997],"TEMP":[-3.6799998,-3.7399998],"VISIB":[6.4300003,6.9399996],"WDSP":[10.870001,11.230001],"WNDDIR":[247.1,250.5],"time":[1549364860,1549364918]}