{"CLDC":[61.140003],"DEWP":[-4.52],"FRSHTT":[1000000],"PRCP":[0],"SLP":[1019.9],"SNDP":[0],"STP":[974.7999],"TEMP":[-0.59999996],"VISIB":[22.800001],"WDSP":[18.630001],"WNDDIR":[76],"time":[1549364860]}