{"CLDC":[50.02,50.399998],"DEWP":[-7.7400002,-7.81],"FRSHTT":[1110000,1110000],"PRCP":[0.09000001,0.09000001],"SLP":[934.34,934.4801],"SNDP":[15.199999,15.199999],"STP":[931,931.05],"TEMP":[-4.38,-4.38],"VISIB":[21.25,22.28],"WDSP":[16.3,17.070002],"WNDDIR":[309.2,313.9],"time":[1549364860,1549364918]}