{"CLDC":[50.43,50.260002],"DEWP":[-5.6600003,-5.5699997],"FRSHTT":[1110000,1110000],"PRCP":[0.009999999,0.009999999],"SLP":[1020.7999,1020.7999],"SNDP":[1.8,1.8],"STP":[956.7001,956.7001],"TEMP":[-2.6100001,-2.5800004],"VISIB":[21.279999,21.999998],"WDSP":[15.17,14.589999],"WNDDIR":[155.7,152.7],"time":[1549364859,1549364917]}