{"CLDC":[50.43],"DEWP":[-5.6600003],"FRSHTT":[1110000],"PRCP":[0.009999999],"SLP":[1020.7999],"SNDP":[1.8],"STP":[956.7001],"TEMP":[-2.6100001],"VISIB":[21.279999],"WDSP":[15.17],"WNDDIR":[155.7],"time":[1549364859]}