{"CLDC":[50.04],"DEWP":[-4.9399996],"FRSHTT":[1110000],"PRCP":[0.039999995],"SLP":[1017.2999],"SNDP":[2],"STP":[970.6],"TEMP":[-1.9399999],"VISIB":[20.03],"WDSP":[12.57],"WNDDIR":[78.7],"time":[1549364858]}