{"CLDC":[52.93],"DEWP":[-4.8],"FRSHTT":[1110000],"PRCP":[0.019999998],"SLP":[1016.2999],"SNDP":[0.29999998],"STP":[996.2999],"TEMP":[-2],"VISIB":[14.8],"WDSP":[12.030001],"WNDDIR":[71.1],"time":[1549364858]}