{"CLDC":[50.04,50.120003],"DEWP":[-4.9399996,-5.12],"FRSHTT":[1110000,1110000],"PRCP":[0.039999995,0.039999995],"SLP":[1017.2999,1017.4],"SNDP":[2,2],"STP":[970.6,970.57],"TEMP":[-1.9399999,-1.9599998],"VISIB":[20.03,20.7],"WDSP":[12.57,12.190001],"WNDDIR":[78.7,75.6],"time":[1549364858,1549364917]}