{"CLDC":[21.27,20.84],"DEWP":[-0.78000003,-0.62],"FRSHTT":[0,0],"PRCP":[0,0],"SLP":[1019.2899,1019.2001],"SNDP":[0,0],"STP":[988.4,988.4],"TEMP":[4.88,4.85],"VISIB":[20.869999,20.92],"WDSP":[17.369999,16.52],"WNDDIR":[46.8,44.4],"time":[1549364858,1549364916]}