{"CLDC":[21.27],"DEWP":[-0.78000003],"FRSHTT":[0],"PRCP":[0],"SLP":[1019.2899],"SNDP":[0],"STP":[988.4],"TEMP":[4.88],"VISIB":[20.869999],"WDSP":[17.369999],"WNDDIR":[46.8],"time":[1549364858]}