{"CLDC":[78.119995,78.09999],"DEWP":[-5.9600005,-5.8800006],"FRSHTT":[1110000,1110000],"PRCP":[0.039999995,0.039999995],"SLP":[1019.7999,1019.7001],"SNDP":[0.8000001,0.8000001],"STP":[992.52,992.63],"TEMP":[-2.9900002,-3.1400003],"VISIB":[10.42,10.099999],"WDSP":[15.550001,14.969998],"WNDDIR":[9.9,9.6],"time":[1549364858,1549364916]}