{"CLDC":[50.02],"DEWP":[-6.8599997],"FRSHTT":[1110000],"PRCP":[0.07999999],"SLP":[1004.2001],"SNDP":[1.5],"STP":[1001.38995],"TEMP":[-2.5400002],"VISIB":[17.000002],"WDSP":[31.99],"WNDDIR":[187.6],"time":[1549364857]}