{"CLDC":[50.02,50.190006],"DEWP":[-6.8599997,-6.899999],"FRSHTT":[1110000,1110000],"PRCP":[0.07999999,0.07999999],"SLP":[1004.2001,1004.1],"SNDP":[1.5,1.5],"STP":[1001.38995,1001.6501],"TEMP":[-2.5400002,-2.5099998],"VISIB":[17.000002,16.970001],"WDSP":[31.99,31.45],"WNDDIR":[187.6,184.2],"time":[1549364857,1549364916]}