{"CLDC":[50.259995,50.309994],"DEWP":[-6.9,-7.06],"FRSHTT":[1110000,1110000],"PRCP":[0.009999999,0.009999999],"SLP":[1019.9,1019.9],"SNDP":[2.2000003,2.2000003],"STP":[957.2999,957.2101],"TEMP":[-3.4599998,-3.5400002],"VISIB":[21.779999,22.1],"WDSP":[14.599998,14.19],"WNDDIR":[94.1,93.2],"time":[1549364855,1549364915]}