{"CLDC":[96.579994],"DEWP":[-8.65],"FRSHTT":[1000000],"PRCP":[0],"SLP":[1029.5499],"SNDP":[0],"STP":[969.11005],"TEMP":[-1.1400001],"VISIB":[17.99],"WDSP":[5.8300004],"WNDDIR":[302.1],"time":[1549364855]}