{"CLDC":[96.579994,96.43001],"DEWP":[-8.65,-9.16],"FRSHTT":[1000000,1000000],"PRCP":[0,0],"SLP":[1029.5499,1029.6501],"SNDP":[0,0],"STP":[969.11005,969.2699],"TEMP":[-1.1400001,-1.1],"VISIB":[17.99,18.399998],"WDSP":[5.8300004,5.9000006],"WNDDIR":[302.1,299.5],"time":[1549364855,1549364915]}