{"CLDC":[50.100002],"DEWP":[-6.8299994],"FRSHTT":[1110000],"PRCP":[0.019999998],"SLP":[1018.5],"SNDP":[0.9],"STP":[999.02997],"TEMP":[-3.6200001],"VISIB":[8.77],"WDSP":[10.0199995],"WNDDIR":[297.2],"time":[1549364855]}