{"CLDC":[50.15,50.359993],"DEWP":[-5.6000004,-5.48],"FRSHTT":[1110000,1110000],"PRCP":[0.050000004,0.050000004],"SLP":[1017.6,1017.6],"SNDP":[2.6000001,2.6000001],"STP":[989.9699,989.73],"TEMP":[-3.2199998,-3.1599998],"VISIB":[8.710001,9.07],"WDSP":[13.83,14.51],"WNDDIR":[250.9,253.3],"time":[1549364859,1549364918]}