{"CLDC":[50.15],"DEWP":[-5.6000004],"FRSHTT":[1110000],"PRCP":[0.050000004],"SLP":[1017.6],"SNDP":[2.6000001],"STP":[989.9699],"TEMP":[-3.2199998],"VISIB":[8.710001],"WDSP":[13.83],"WNDDIR":[250.9],"time":[1549364859]}