{"CLDC":[34.08,34.120003],"DEWP":[-7.1,-7.2200003],"FRSHTT":[1000000,1000000],"PRCP":[0,0],"SLP":[988.11005,986.70996],"SNDP":[0,0],"STP":[1009.36,1006.66],"TEMP":[-3.6000004,-3.6800003],"VISIB":[10.24,9.72],"WDSP":[9.950001,10.71],"WNDDIR":[331.4,331.4],"time":[1549364857,1549364916]}