{"CLDC":[50.339996],"DEWP":[-6.1800003],"FRSHTT":[1110000],"PRCP":[0.029999997],"SLP":[984.05],"SNDP":[3.2000003],"STP":[972.41003],"TEMP":[-3.4599998],"VISIB":[13.149999],"WDSP":[12.99],"WNDDIR":[276.2],"time":[1549364858]}