{"CLDC":[62.589996],"DEWP":[-8.42],"FRSHTT":[1110000],"PRCP":[0.14],"SLP":[957.2101],"SNDP":[16.100002],"STP":[959.5],"TEMP":[-4.71],"VISIB":[14.38],"WDSP":[21.789999],"WNDDIR":[27.8],"time":[1549364858]}