{"CLDC":[81.380005,81.39001],"DEWP":[-5.2599998,-5.2599998],"FRSHTT":[1110000,1110000],"PRCP":[0.059999995,0.059999995],"SLP":[1017.4,1017.4],"SNDP":[0.6999999,0.6999999],"STP":[988.7999,988.7999],"TEMP":[-2.4900002,-2.5500002],"VISIB":[11.210001,11.370001],"WDSP":[12.25,12.27],"WNDDIR":[121.1,121.4],"time":[1549364858,1549364916]}