{"CLDC":[50.469997],"DEWP":[-6.180001],"FRSHTT":[1110000],"PRCP":[0.050000004],"SLP":[1019.2999],"SNDP":[3.9],"STP":[984.2899],"TEMP":[-4.25],"VISIB":[9.35],"WDSP":[15.45],"WNDDIR":[142.5],"time":[1549364855]}