{"CLDC":[11.4800005,11.059999],"DEWP":[-0.85,-0.93999994],"FRSHTT":[1000000,1000000],"PRCP":[0,0],"SLP":[931.15,930.38007],"SNDP":[0,0],"STP":[930.2999,930.2001],"TEMP":[-0.10000001,-0.10000001],"VISIB":[9.65,8.93],"WDSP":[13.039999,12.910001],"WNDDIR":[226.5,226.8],"time":[1549364855,1549364915]}