{"CLDC":[66.450005],"DEWP":[-6.3399997],"FRSHTT":[1100000],"PRCP":[0.20000002],"SLP":[999.4],"SNDP":[0],"STP":[999.95],"TEMP":[-2.48],"VISIB":[37.519997],"WDSP":[12.93],"WNDDIR":[256.2],"time":[1549364857]}