{"CLDC":[90.979996,91.28001],"DEWP":[-6.15,-6.18],"FRSHTT":[1110000,1110000],"PRCP":[0.039999995,0.039999995],"SLP":[1018.45,1018.2001],"SNDP":[2.2999997,2.2999997],"STP":[988.4,988.4],"TEMP":[-3.8799999,-3.92],"VISIB":[6.9300003,7.089999],"WDSP":[11.16,10.699999],"WNDDIR":[163.1,161.6],"time":[1549364855,1549364915]}