{"CLDC":[90.979996],"DEWP":[-6.15],"FRSHTT":[1110000],"PRCP":[0.039999995],"SLP":[1018.45],"SNDP":[2.2999997],"STP":[988.4],"TEMP":[-3.8799999],"VISIB":[6.9300003],"WDSP":[11.16],"WNDDIR":[163.1],"time":[1549364855]}