{"CLDC":[86.08999,86.63999],"DEWP":[-6.55,-6.6200004],"FRSHTT":[1110000,1110000],"PRCP":[0.009999999,0.009999999],"SLP":[1020.7001,1020.7999],"SNDP":[1.7,1.7],"STP":[970.6,970.6],"TEMP":[-3.2400002,-3.2799995],"VISIB":[13.109999,12.559999],"WDSP":[15.7699995,16.109999],"WNDDIR":[45.9,48],"time":[1549364856,1549364915]}