{"CLDC":[86.08999],"DEWP":[-6.55],"FRSHTT":[1110000],"PRCP":[0.009999999],"SLP":[1020.7001],"SNDP":[1.7],"STP":[970.6],"TEMP":[-3.2400002],"VISIB":[13.109999],"WDSP":[15.7699995],"WNDDIR":[45.9],"time":[1549364856]}