{"CLDC":[64.1,63.839996],"DEWP":[-5.08,-5.3599997],"FRSHTT":[1110000,1110000],"PRCP":[0.029999997,0.029999997],"SLP":[1019.1,1019.1],"SNDP":[0.8000001,0.8000001],"STP":[1002.1,1002.1],"TEMP":[-2.7600002,-2.72],"VISIB":[7.5700006,7.54],"WDSP":[10.699999,10.940001],"WNDDIR":[49.9,45.7],"time":[1549364860,1549364918]}