{"CLDC":[50.05,50.570004],"DEWP":[-9.8,-9.88],"FRSHTT":[1110000,1110000],"PRCP":[0.11999999,0.11999999],"SLP":[934.65,935.17004],"SNDP":[28,28.100002],"STP":[941.5,941.5],"TEMP":[-5.9500003,-5.9500003],"VISIB":[20.869999,20.789999],"WDSP":[28.55,27.439997],"WNDDIR":[79.6,75],"time":[1549364859,1549364918]}