{"CLDC":[67.56999],"DEWP":[-4.5099993],"FRSHTT":[1010000],"PRCP":[0],"SLP":[854.43],"SNDP":[20.899998],"STP":[854.9],"TEMP":[-4.14],"VISIB":[24.57],"WDSP":[23.480001],"WNDDIR":[21],"time":[1549364860]}