{"CLDC":[71.920006,71.96999],"DEWP":[-4.8099995,-5.0199995],"FRSHTT":[1110000,1110000],"PRCP":[0.029999997,0.029999997],"SLP":[1017.4,1017.4],"SNDP":[1.3999999,1.3999999],"STP":[991.4,991.4],"TEMP":[-2.5400002,-2.55],"VISIB":[11.870001,11.84],"WDSP":[10.32,10.73],"WNDDIR":[135.4,132.3],"time":[1549364858,1549364916]}