{"CLDC":[71.920006],"DEWP":[-4.8099995],"FRSHTT":[1110000],"PRCP":[0.029999997],"SLP":[1017.4],"SNDP":[1.3999999],"STP":[991.4],"TEMP":[-2.5400002],"VISIB":[11.870001],"WDSP":[10.32],"WNDDIR":[135.4],"time":[1549364858]}