{"CLDC":[90.44,90.55],"DEWP":[-4.6000004,-4.7000003],"FRSHTT":[1110000,1110000],"PRCP":[0.039999995,0.039999995],"SLP":[948.14,948.2999],"SNDP":[8.800001,8.800001],"STP":[941.5,941.4],"TEMP":[-2.88,-2.8400002],"VISIB":[13.74,14.039999],"WDSP":[16.91,17.029999],"WNDDIR":[15,13.8],"time":[1549364857,1549364916]}