{"CLDC":[90.44],"DEWP":[-4.6000004],"FRSHTT":[1110000],"PRCP":[0.039999995],"SLP":[948.14],"SNDP":[8.800001],"STP":[941.5],"TEMP":[-2.88],"VISIB":[13.74],"WDSP":[16.91],"WNDDIR":[15],"time":[1549364857]}