{"CLDC":[74.229996,74.63999],"DEWP":[-6.65,-6.72],"FRSHTT":[1110000,1110000],"PRCP":[0.029999997,0.029999997],"SLP":[1018.88995,1018.9],"SNDP":[1.1999999,1.1999999],"STP":[1000.2501,1000.2999],"TEMP":[-4.27,-4.2599998],"VISIB":[8.77,9.08],"WDSP":[10.659999,10.31],"WNDDIR":[349.8,351.9],"time":[1549364858,1549364917]}