{"CLDC":[74.229996],"DEWP":[-6.65],"FRSHTT":[1110000],"PRCP":[0.029999997],"SLP":[1018.88995],"SNDP":[1.1999999],"STP":[1000.2501],"TEMP":[-4.27],"VISIB":[8.77],"WDSP":[10.659999],"WNDDIR":[349.8],"time":[1549364858]}