{"CLDC":[50.030003],"DEWP":[-5.9800005],"FRSHTT":[1110000],"PRCP":[0.029999997],"SLP":[1019.2001],"SNDP":[1.6000001],"STP":[1001.16],"TEMP":[-3.3200002],"VISIB":[8.960001],"WDSP":[16.130001],"WNDDIR":[219.5],"time":[1549364858]}