{"CLDC":[50.120003],"DEWP":[-8.8],"FRSHTT":[1110000],"PRCP":[0.07999999],"SLP":[910.58997],"SNDP":[33.299995],"STP":[911.67004],"TEMP":[-5.81],"VISIB":[23.27],"WDSP":[27.990002],"WNDDIR":[149.3],"time":[1549364858]}