{"CLDC":[50.030003,50.309994],"DEWP":[-5.9800005,-6.1200004],"FRSHTT":[1110000,1110000],"PRCP":[0.029999997,0.029999997],"SLP":[1019.2001,1019.2001],"SNDP":[1.6000001,1.6000001],"STP":[1001.16,1000.82996],"TEMP":[-3.3200002,-3.35],"VISIB":[8.960001,8.599999],"WDSP":[16.130001,16.210001],"WNDDIR":[219.5,214.1],"time":[1549364858,1549364916]}