{"CLDC":[92.52,92.47],"DEWP":[-6.3,-6.3800006],"FRSHTT":[1110000,1110000],"PRCP":[0.029999997,0.029999997],"SLP":[1018.7999,1018.7999],"SNDP":[0.8000001,0.8000001],"STP":[1008.67004,1008.63],"TEMP":[-3.2399998,-3.2],"VISIB":[8.370001,8.67],"WDSP":[9.610001,9.85],"WNDDIR":[147,149],"time":[1549364861,1549364919]}