{"CLDC":[50.66,50.789997],"DEWP":[-6.2700005,-6.54],"FRSHTT":[1110000,1110000],"PRCP":[0.019999998,0.019999998],"SLP":[1021.1,1021.0801],"SNDP":[5.7000003,5.7000003],"STP":[985.1,985],"TEMP":[-4.3100004,-4.2799997],"VISIB":[6.3300004,6.0899997],"WDSP":[6.18,6.6700006],"WNDDIR":[149,149.2],"time":[1549364859,1549364917]}