{"CLDC":[50.66],"DEWP":[-6.2700005],"FRSHTT":[1110000],"PRCP":[0.019999998],"SLP":[1021.1],"SNDP":[5.7000003],"STP":[985.1],"TEMP":[-4.3100004],"VISIB":[6.3300004],"WDSP":[6.18],"WNDDIR":[149],"time":[1549364859]}