{"CLDC":[50.13],"DEWP":[-5.1499996],"FRSHTT":[1110000],"PRCP":[0.039999995],"SLP":[1018.7001],"SNDP":[4.4000006],"STP":[1012],"TEMP":[-2.3399997],"VISIB":[13.850001],"WDSP":[9.330001],"WNDDIR":[336],"time":[1549364860]}