{"CLDC":[50.210003,50.010002],"DEWP":[-5.92,-5.8399997],"FRSHTT":[1110000,1110000],"PRCP":[0.009999999,0.009999999],"SLP":[1021.9,1021.9],"SNDP":[0.20000002,0.20000002],"STP":[1004.2999,1004.2999],"TEMP":[-2.8999999,-2.9399998],"VISIB":[13.830002,13.890001],"WDSP":[12.88,12.489999],"WNDDIR":[210.8,210.1],"time":[1549364860,1549364918]}