{"CLDC":[83.020004],"DEWP":[-6.7],"FRSHTT":[1110000],"PRCP":[0.019999998],"SLP":[1017.44006],"SNDP":[2.7999997],"STP":[984.7001],"TEMP":[-3.3899999],"VISIB":[13.659999],"WDSP":[7.75],"WNDDIR":[150.4],"time":[1549364859]}