{"CLDC":[78.33,78.59],"DEWP":[0.15,0.15],"FRSHTT":[0,0],"PRCP":[0,0],"SLP":[1022.6,1022.7001],"SNDP":[0,0],"STP":[1005.24005,1005.4],"TEMP":[1.6700001,1.6699998],"VISIB":[4.19,4.2],"WDSP":[3.2200005,3.19],"WNDDIR":[282,286.1],"time":[1549364857,1549364916]}