{"CLDC":[50.23,50.260002],"DEWP":[-5.7700005,-6.04],"FRSHTT":[1110000,1110000],"PRCP":[0.059999995,0.059999995],"SLP":[1017.91003,1017.9],"SNDP":[3.2000003,3.2000003],"STP":[978.7001,978.7001],"TEMP":[-3.8499997,-3.8200002],"VISIB":[6.6800003,6.6],"WDSP":[3.98,4],"WNDDIR":[311.4,305.1],"time":[1549364857,1549364916]}