{"CLDC":[90.700005],"DEWP":[-8.48],"FRSHTT":[1110000],"PRCP":[0.029999997],"SLP":[923.58997],"SNDP":[8.300001],"STP":[933],"TEMP":[-5.62],"VISIB":[21.83],"WDSP":[16.009998],"WNDDIR":[264.8],"time":[1549364856]}