{"CLDC":[58.76,59.05],"DEWP":[-3.4,-3.4],"FRSHTT":[1000000,1000000],"PRCP":[0,0],"SLP":[1004.75995,1004.13],"SNDP":[0,0],"STP":[1014.36005,1013.73],"TEMP":[-0.59999996,-0.59999996],"VISIB":[5.7,5.62],"WDSP":[5.54,5.0899997],"WNDDIR":[320,317.6],"time":[1549364860,1549364918]}