{"CLDC":[68.939995],"DEWP":[-0.08],"FRSHTT":[0],"PRCP":[0],"SLP":[1031.0399],"SNDP":[0],"STP":[1017.9199],"TEMP":[0.8000001],"VISIB":[3.92],"WDSP":[2.8799996],"WNDDIR":[231.1],"time":[1549364860]}