{"CLDC":[92.81999,92.799995],"DEWP":[-0.41,-0.62],"FRSHTT":[0,0],"PRCP":[0,0],"SLP":[1007.0999,1007.98],"SNDP":[0,0],"STP":[987.13007,987.15],"TEMP":[0,0],"VISIB":[1.68,1.5000001],"WDSP":[7.410001,7.1800003],"WNDDIR":[183.8,183.2],"time":[1549364860,1549364918]}