{"CLDC":[37.379997,37.46],"DEWP":[-1.93,-1.44],"FRSHTT":[0,0],"PRCP":[0,0],"SLP":[989.02,991.24005],"SNDP":[0,0],"STP":[974.86,974.88995],"TEMP":[0.59999996,0.59999996],"VISIB":[6.66,6.66],"WDSP":[2.1200004,2],"WNDDIR":[229.4,228.6],"time":[1549364860,1549364918]}