{"CLDC":[50.510002,50.700005],"DEWP":[-5.5600004,-5.6500006],"FRSHTT":[1110000,1110000],"PRCP":[0.019999998,0.019999998],"SLP":[1017.55994,1017.5801],"SNDP":[0.8000001,0.8000001],"STP":[990.4801,990.4],"TEMP":[-2.7400002,-2.78],"VISIB":[12.549999,12.120001],"WDSP":[7.28,7.7599998],"WNDDIR":[250.7,252.7],"time":[1549364860,1549364918]}