{"CLDC":[11.870001,11.77],"DEWP":[-1.95,-2.02],"FRSHTT":[0,0],"PRCP":[0,0],"SLP":[1012.5,1012.66003],"SNDP":[0,0],"STP":[1010.1,1010.1],"TEMP":[0.9700001,0.96999997],"VISIB":[4.91,4.74],"WDSP":[5.14,6.1500006],"WNDDIR":[249,248],"time":[1549364860,1549364918]}