{"CLDC":[58.76],"DEWP":[-3.4],"FRSHTT":[1000000],"PRCP":[0],"SLP":[1004.75995],"SNDP":[0],"STP":[1014.36005],"TEMP":[-0.59999996],"VISIB":[5.7],"WDSP":[5.54],"WNDDIR":[320],"time":[1549364860]}