{"CLDC":[37.379997],"DEWP":[-1.93],"FRSHTT":[0],"PRCP":[0],"SLP":[989.02],"SNDP":[0],"STP":[974.86],"TEMP":[0.59999996],"VISIB":[6.66],"WDSP":[2.1200004],"WNDDIR":[229.4],"time":[1549364860]}