{"CLDC":[81.06],"DEWP":[-8.799999],"FRSHTT":[1110000],"PRCP":[0.16999999],"SLP":[861.57996],"SNDP":[35],"STP":[860.36],"TEMP":[-5.520001],"VISIB":[16.11],"WDSP":[12.75],"WNDDIR":[206],"time":[1549364860]}