{"CLDC":[50.230003,50.289997],"DEWP":[-13.9,-13.839999],"FRSHTT":[1110000,1110000],"PRCP":[0.039999995,0.039999995],"SLP":[825.7999,825.7999],"SNDP":[26.8,26.899998],"STP":[818.5,818.5],"TEMP":[-7.8000007,-7.72],"VISIB":[38.87,39.03],"WDSP":[33.51,34.08],"WNDDIR":[60.9,62.1],"time":[1549364860,1549364918]}