{"CLDC":[50.04],"DEWP":[-8],"FRSHTT":[1110000],"PRCP":[0.039999995],"SLP":[967.05],"SNDP":[2.3999999],"STP":[964.97003],"TEMP":[-4.95],"VISIB":[9.790001],"WDSP":[12.840001],"WNDDIR":[252.2],"time":[1549364860]}