{"CLDC":[53.680004],"DEWP":[-2.6],"FRSHTT":[1110000],"PRCP":[0.09000001],"SLP":[1018.2001],"SNDP":[1.5],"STP":[1004.7999],"TEMP":[-1.0600001],"VISIB":[11.65],"WDSP":[6.8],"WNDDIR":[180.4],"time":[1549364859]}