{"CLDC":[53.819996],"DEWP":[-6],"FRSHTT":[1110000],"PRCP":[0.07999999],"SLP":[1016.12],"SNDP":[5.5],"STP":[988.7001],"TEMP":[-3.52],"VISIB":[13.020001],"WDSP":[7.9300003],"WNDDIR":[47.9],"time":[1549364859]}