{"CLDC":[50.15,50.319996],"DEWP":[-5.3799996,-5.31],"FRSHTT":[1110000,1110000],"PRCP":[0.09000001,0.09000001],"SLP":[1020.50995,1020.4],"SNDP":[4.7999997,4.7999997],"STP":[998.2101,998.2001],"TEMP":[-2.66,-2.66],"VISIB":[11.01,11.059999],"WDSP":[6.06,5.1399994],"WNDDIR":[29.6,31.6],"time":[1549364860,1549364918]}