{"CLDC":[50.15],"DEWP":[-5.3799996],"FRSHTT":[1110000],"PRCP":[0.09000001],"SLP":[1020.50995],"SNDP":[4.7999997],"STP":[998.2101],"TEMP":[-2.66],"VISIB":[11.01],"WDSP":[6.06],"WNDDIR":[29.6],"time":[1549364860]}