{"CLDC":[65.54,65.45],"DEWP":[-2.6200001,-2.59],"FRSHTT":[110000,110000],"PRCP":[0.050000004,0.050000004],"SLP":[1001.5,1001.5],"SNDP":[0.10000001,0.10000001],"STP":[1002.0199,1002.07],"TEMP":[0.76000005,0.7299999],"VISIB":[36.610004,35.95],"WDSP":[36.480003,37.079998],"WNDDIR":[127.8,129.7],"time":[1549364860,1549364918]}