{"CLDC":[50.04,50.010002],"DEWP":[-4.68,-4.5899997],"FRSHTT":[100000,100000],"PRCP":[0.21000001,0.21000001],"SLP":[1008.5,1008.5],"SNDP":[0,0],"STP":[1003.12,1003.18994],"TEMP":[0.45,0.40000004],"VISIB":[12.970001,13.33],"WDSP":[23.68,25.41],"WNDDIR":[45.8,48.3],"time":[1549364861,1549364918]}