{"CLDC":[52.080006],"DEWP":[-2.12],"FRSHTT":[0],"PRCP":[0],"SLP":[1024.9601],"SNDP":[0],"STP":[1008.88007],"TEMP":[0],"VISIB":[8.870001],"WDSP":[11.9800005],"WNDDIR":[179.2],"time":[1549364858]}