{"CLDC":[6.4800005],"DEWP":[-2.24],"FRSHTT":[1000000],"PRCP":[0],"SLP":[1035.2899],"SNDP":[0],"STP":[1027.7999],"TEMP":[-1.4399998],"VISIB":[2.0399997],"WDSP":[10.67],"WNDDIR":[29.6],"time":[1549364858]}