{"CLDC":[50.279995],"DEWP":[-4.6499996],"FRSHTT":[1110000],"PRCP":[0.039999995],"SLP":[1015.2001],"SNDP":[0.8000001],"STP":[1016.7001],"TEMP":[-1.9199998],"VISIB":[7.95],"WDSP":[15.56],"WNDDIR":[13.1],"time":[1549364858]}