{"CLDC":[52.080006,52.339996],"DEWP":[-2.12,-2.3600001],"FRSHTT":[0,0],"PRCP":[0,0],"SLP":[1024.9601,1024.66],"SNDP":[0,0],"STP":[1008.88007,1010.93],"TEMP":[0,0],"VISIB":[8.870001,10.030001],"WDSP":[11.9800005,11.139999],"WNDDIR":[179.2,178.2],"time":[1549364858,1549364916]}