{"CLDC":[50,50.22],"DEWP":[-4.8799996,-4.72],"FRSHTT":[1100000,1100000],"PRCP":[0.029999997,0.029999997],"SLP":[1019.1501,1019.13995],"SNDP":[0,0],"STP":[1022.68,1022.55],"TEMP":[-2.8400002,-2.8600001],"VISIB":[8.7,8.109999],"WDSP":[13.780001,14.25],"WNDDIR":[266.3,266.8],"time":[1549364855,1549364915]}