{"CLDC":[50],"DEWP":[-4.8799996],"FRSHTT":[1100000],"PRCP":[0.029999997],"SLP":[1019.1501],"SNDP":[0],"STP":[1022.68],"TEMP":[-2.8400002],"VISIB":[8.7],"WDSP":[13.780001],"WNDDIR":[266.3],"time":[1549364855]}