{"CLDC":[73.43001],"DEWP":[-3.4499996],"FRSHTT":[1110000],"PRCP":[0.029999997],"SLP":[1013.77997],"SNDP":[0.59999996],"STP":[1010.48],"TEMP":[-0.86],"VISIB":[8.679998],"WDSP":[20.37],"WNDDIR":[239.9],"time":[1549364855]}