{"CLDC":[63.72,63.789997],"DEWP":[-4.0999994,-4.1499996],"FRSHTT":[1110000,1110000],"PRCP":[0.039999995,0.039999995],"SLP":[1013.4,1013.4],"SNDP":[1.3999999,1.3999999],"STP":[1009.39,1009.5],"TEMP":[-2.06,-2.0400002],"VISIB":[9.34,9.539999],"WDSP":[21.91,20.57],"WNDDIR":[316.7,315.2],"time":[1549364855,1549364915]}