{"CLDC":[50.309994],"DEWP":[-3.48],"FRSHTT":[110000],"PRCP":[0.40000004],"SLP":[1000.9],"SNDP":[1.6000001],"STP":[1003.4],"TEMP":[0.6599999],"VISIB":[32.729996],"WDSP":[38.530003],"WNDDIR":[111.1],"time":[1549364861]}