{"CLDC":[50.309994,50.550003],"DEWP":[-3.48,-3.4199996],"FRSHTT":[110000,110000],"PRCP":[0.40000004,0.40000004],"SLP":[1000.9,1000.9],"SNDP":[1.6000001,1.6000001],"STP":[1003.4,1003.43],"TEMP":[0.6599999,0.65],"VISIB":[32.729996,33.43],"WDSP":[38.530003,38.86],"WNDDIR":[111.1,113.3],"time":[1549364861,1549364918]}