{"CLDC":[85.60999,85.63999],"DEWP":[-15.200002,-15.200002],"FRSHTT":[1000000,1000000],"PRCP":[0,0],"SLP":[1009.31995,1009.5199],"SNDP":[0,0],"STP":[1008.1,1008.2001],"TEMP":[-11.949999,-12.099998],"VISIB":[6.94,6.8799996],"WDSP":[8.360001,8.340001],"WNDDIR":[17.9,18.6],"time":[1549364856,1549364916]}