{"CLDC":[63.96],"DEWP":[-1.5000001],"FRSHTT":[0],"PRCP":[0],"SLP":[1010.91],"SNDP":[0],"STP":[1001.92004],"TEMP":[0.7199999],"VISIB":[9.539999],"WDSP":[21.570002],"WNDDIR":[78.8],"time":[1549364856]}