{"CLDC":[50.030003],"DEWP":[-2.9000003],"FRSHTT":[1110000],"PRCP":[0.019999998],"SLP":[1015.9],"SNDP":[0.8000001],"STP":[1015],"TEMP":[-0.40000004],"VISIB":[12.290001],"WDSP":[17.779999],"WNDDIR":[231.9],"time":[1549364856]}