{"CLDC":[50.030003,50.220005],"DEWP":[-2.9000003,-3.0000005],"FRSHTT":[1110000,1110000],"PRCP":[0.019999998,0.019999998],"SLP":[1015.9,1015.9],"SNDP":[0.8000001,0.8000001],"STP":[1015,1015.1],"TEMP":[-0.40000004,-0.40000004],"VISIB":[12.290001,11.940001],"WDSP":[17.779999,18.439999],"WNDDIR":[231.9,230.4],"time":[1549364856,1549364916]}