{"CLDC":[50.240005,50.180004],"DEWP":[-6.06,-5.9000006],"FRSHTT":[1010000,1010000],"PRCP":[0,0],"SLP":[1010.45,1010.4],"SNDP":[0.40000004,0.40000004],"STP":[1006.5,1006.41003],"TEMP":[-3.8999996,-3.86],"VISIB":[6.5,6.5],"WDSP":[17.619999,18.91],"WNDDIR":[42.4,43.3],"time":[1549364860,1549364918]}