{"CLDC":[50.240005],"DEWP":[-6.06],"FRSHTT":[1010000],"PRCP":[0],"SLP":[1010.45],"SNDP":[0.40000004],"STP":[1006.5],"TEMP":[-3.8999996],"VISIB":[6.5],"WDSP":[17.619999],"WNDDIR":[42.4],"time":[1549364860]}