{"CLDC":[50.08],"DEWP":[-4.6499996],"FRSHTT":[1110000],"PRCP":[0.009999999],"SLP":[1015.97003],"SNDP":[4.7999997],"STP":[1001.13995],"TEMP":[-2.6200001],"VISIB":[7.9],"WDSP":[16.74],"WNDDIR":[213.6],"time":[1549364860]}