{"CLDC":[50.120003,50.08],"DEWP":[-11.22,-11.13],"FRSHTT":[1010000,1010000],"PRCP":[0,0],"SLP":[1025.8301,1025.95],"SNDP":[6,6],"STP":[1025.5701,1025.75],"TEMP":[-8.150001,-8.150001],"VISIB":[7.45,7.8],"WDSP":[11.73,11.539999],"WNDDIR":[243.1,245.2],"time":[1549364860,1549364918]}