{"CLDC":[50.120003],"DEWP":[-11.22],"FRSHTT":[1010000],"PRCP":[0],"SLP":[1025.8301],"SNDP":[6],"STP":[1025.5701],"TEMP":[-8.150001],"VISIB":[7.45],"WDSP":[11.73],"WNDDIR":[243.1],"time":[1549364860]}