{"CLDC":[86.58],"DEWP":[-21.66],"FRSHTT":[1000000],"PRCP":[0],"SLP":[1023.7899],"SNDP":[0],"STP":[1041.5399],"TEMP":[-19.460001],"VISIB":[1.07],"WDSP":[1.1999999],"WNDDIR":[60.4],"time":[1549364860]}