{"CLDC":[95.200005],"DEWP":[-7.4],"FRSHTT":[1000000],"PRCP":[0],"SLP":[1000],"SNDP":[0],"STP":[994.91003],"TEMP":[-2.64],"VISIB":[10.129999],"WDSP":[11.969999],"WNDDIR":[69.7],"time":[1549364861]}