{"CLDC":[95.200005,94.89],"DEWP":[-7.4,-7.2],"FRSHTT":[1000000,1000000],"PRCP":[0,0],"SLP":[1000,1000],"SNDP":[0,0],"STP":[994.91003,994.80994],"TEMP":[-2.64,-2.67],"VISIB":[10.129999,10.21],"WDSP":[11.969999,12.07],"WNDDIR":[69.7,71.4],"time":[1549364861,1549364919]}