{"CLDC":[10.55,10.309999],"DEWP":[-15.9,-15.8],"FRSHTT":[1000000,1000000],"PRCP":[0,0],"SLP":[1025.2101,1025.49],"SNDP":[0,0],"STP":[1056.39,1057.44],"TEMP":[-13.5,-13.45],"VISIB":[2.65,3.2499995],"WDSP":[23.01,23.289999],"WNDDIR":[262,261.5],"time":[1549364861,1549364918]}