{"CLDC":[63.97,64.19],"DEWP":[-10.94,-10.869999],"FRSHTT":[1100000,1100000],"PRCP":[0.019999998,0.019999998],"SLP":[1019.5,1019.5],"SNDP":[0,0],"STP":[1020.7,1020.9],"TEMP":[-8.5,-8.52],"VISIB":[8.699999,7.7299995],"WDSP":[14.539999,16.22],"WNDDIR":[313.8,315.3],"time":[1549364857,1549364916]}