{"CLDC":[87.21001,87.21001],"DEWP":[-3.9999995,-3.9499996],"FRSHTT":[1110000,1110000],"PRCP":[0.029999997,0.029999997],"SLP":[1015.4,1015.4],"SNDP":[0.9,0.9],"STP":[1014.4,1014.36005],"TEMP":[-0.52,-0.57],"VISIB":[11.88,11.05],"WDSP":[15.01,14.909999],"WNDDIR":[293.8,290.2],"time":[1549364857,1549364916]}