{"CLDC":[47.379997],"DEWP":[-2.4000003],"FRSHTT":[0],"PRCP":[0],"SLP":[1008.2999],"SNDP":[0],"STP":[1003.48],"TEMP":[0],"VISIB":[8.559999],"WDSP":[21.03],"WNDDIR":[342.9],"time":[1549364857]}