{"CLDC":[36.04],"DEWP":[-12.319999],"FRSHTT":[1000000],"PRCP":[0],"SLP":[1027],"SNDP":[0],"STP":[1028.4],"TEMP":[-11.499998],"VISIB":[3.2600002],"WDSP":[6.01],"WNDDIR":[126.3],"time":[1549364858]}