{"CLDC":[50.110004],"DEWP":[-13.840001],"FRSHTT":[1100000],"PRCP":[0.019999998],"SLP":[1016.2999],"SNDP":[0],"STP":[1016.41],"TEMP":[-11.679999],"VISIB":[8.940001],"WDSP":[5.8800006],"WNDDIR":[109],"time":[1549364858]}