{"CLDC":[50.120003],"DEWP":[-9.3],"FRSHTT":[1100000],"PRCP":[0.009999999],"SLP":[1020.9],"SNDP":[0],"STP":[1044.13],"TEMP":[-7.2],"VISIB":[3.4099998],"WDSP":[18.02],"WNDDIR":[358.4],"time":[1549364858]}