{"CLDC":[98.93001],"DEWP":[-11.269999],"FRSHTT":[1000000],"PRCP":[0],"SLP":[1021.5],"SNDP":[0],"STP":[1033.95],"TEMP":[-8.170001],"VISIB":[5.57],"WDSP":[9.5199995],"WNDDIR":[210.4],"time":[1549364858]}