{"CLDC":[44.39],"DEWP":[-4.8899994],"FRSHTT":[1000000],"PRCP":[0],"SLP":[993.2001],"SNDP":[0],"STP":[992.6],"TEMP":[-0.32999998],"VISIB":[10.34],"WDSP":[14.509999],"WNDDIR":[113.9],"time":[1549364861]}