{"CLDC":[50.219997,50.08],"DEWP":[-5.999999,-5.999999],"FRSHTT":[1110000,1110000],"PRCP":[0.019999998,0.019999998],"SLP":[1015.2999,1015.4],"SNDP":[1.5,1.5],"STP":[1006.5,1006.5],"TEMP":[-4.1400003,-4.13],"VISIB":[6.3900003,6.6],"WDSP":[13.039999,14.139999],"WNDDIR":[336.4,336.6],"time":[1549364858,1549364916]}