{"CLDC":[89.81,90.41001],"DEWP":[-3.16,-3.4],"FRSHTT":[1110000,1110000],"PRCP":[0.019999998,0.019999998],"SLP":[1012.27997,1012.4],"SNDP":[1.8,1.8],"STP":[998.43,997.82],"TEMP":[-1.16,-1.08],"VISIB":[8.47,8.269999],"WDSP":[10.300001,10.320001],"WNDDIR":[290.1,288.9],"time":[1549364858,1549364917]}