{"CLDC":[44.39,44.120003],"DEWP":[-4.8899994,-5.0099993],"FRSHTT":[1000000,1000000],"PRCP":[0,0],"SLP":[993.2001,993.30994],"SNDP":[0,0],"STP":[992.6,992.2201],"TEMP":[-0.32999998,-0.35],"VISIB":[10.34,10.830001],"WDSP":[14.509999,15.69],"WNDDIR":[113.9,115.7],"time":[1549364861,1549364919]}