{"CLDC":[50.120003,50.660004],"DEWP":[-9.3,-9.26],"FRSHTT":[1100000,1100000],"PRCP":[0.009999999,0.009999999],"SLP":[1020.9,1020.7999],"SNDP":[0,0],"STP":[1044.13,1045.84],"TEMP":[-7.2,-7.16],"VISIB":[3.4099998,3.5700002],"WDSP":[18.02,18.74],"WNDDIR":[358.4,358.3],"time":[1549364858,1549364917]}