{"CLDC":[78.770004,78.520004],"DEWP":[-0.58,-0.64],"FRSHTT":[0,0],"PRCP":[0,0],"SLP":[1017.43994,1016.68],"SNDP":[0,0],"STP":[1049.1702,1049.6901],"TEMP":[0,0],"VISIB":[1.8499998,1.5800002],"WDSP":[14.1,14.030001],"WNDDIR":[338.7,344.8],"time":[1549364858,1549364916]}