{"CLDC":[56.920002],"DEWP":[-5.3399997],"FRSHTT":[1110000],"PRCP":[0.050000004],"SLP":[1016.1],"SNDP":[2],"STP":[1017.02],"TEMP":[-3.48],"VISIB":[5.11],"WDSP":[15.579999],"WNDDIR":[237],"time":[1549364856]}