{"CLDC":[56.920002,56.910004],"DEWP":[-5.3399997,-5.4],"FRSHTT":[1110000,1110000],"PRCP":[0.050000004,0.050000004],"SLP":[1016.1,1016.1],"SNDP":[2,2],"STP":[1017.02,1017],"TEMP":[-3.48,-3.56],"VISIB":[5.11,5.34],"WDSP":[15.579999,15.19],"WNDDIR":[237,239.8],"time":[1549364856,1549364915]}