{"CLDC":[50.050003,50.359997],"DEWP":[-4.48,-4.45],"FRSHTT":[1110000,1110000],"PRCP":[0.050000004,0.050000004],"SLP":[1014.4,1014.4],"SNDP":[3.9,3.9],"STP":[1010.7001,1010.7699],"TEMP":[-1.8399998,-1.8199999],"VISIB":[10.05,9.9800005],"WDSP":[13.800001,13.9800005],"WNDDIR":[287.6,287],"time":[1549364856,1549364915]}