{"CLDC":[50.03],"DEWP":[-6.8499994],"FRSHTT":[1110000],"PRCP":[0.039999995],"SLP":[1015.1],"SNDP":[2.5],"STP":[1009.9],"TEMP":[-3.6800003],"VISIB":[6.7599998],"WDSP":[13.67],"WNDDIR":[26.8],"time":[1549364860]}