{"CLDC":[50.03,50.399998],"DEWP":[-6.8499994,-6.899999],"FRSHTT":[1110000,1110000],"PRCP":[0.039999995,0.039999995],"SLP":[1015.1,1015.1],"SNDP":[2.5,2.5],"STP":[1009.9,1009.9],"TEMP":[-3.6800003,-3.58],"VISIB":[6.7599998,6.6399994],"WDSP":[13.67,13.85],"WNDDIR":[26.8,31],"time":[1549364860,1549364918]}