{"CLDC":[50.299995],"DEWP":[-15.099998],"FRSHTT":[1100000],"PRCP":[0.019999998],"SLP":[1019.4801],"SNDP":[0],"STP":[1004.4],"TEMP":[-13.139999],"VISIB":[1.04],"WDSP":[4.62],"WNDDIR":[286.6],"time":[1549364860]}