{"CLDC":[82.72,82.78999],"DEWP":[-5.1,-4.96],"FRSHTT":[1010000,1010000],"PRCP":[0,0],"SLP":[1008.49005,1008.2001],"SNDP":[1.3999999,1.3999999],"STP":[1007.7999,1007.9],"TEMP":[-3.7600002,-3.8800004],"VISIB":[47.209995,47.93],"WDSP":[16.990002,17.869999],"WNDDIR":[1.2,3.1],"time":[1549364861,1549364919]}