{"CLDC":[82.72],"DEWP":[-5.1],"FRSHTT":[1010000],"PRCP":[0],"SLP":[1008.49005],"SNDP":[1.3999999],"STP":[1007.7999],"TEMP":[-3.7600002],"VISIB":[47.209995],"WDSP":[16.990002],"WNDDIR":[1.2],"time":[1549364861]}