{"CLDC":[50.299995,50.02],"DEWP":[-15.099998,-15.099998],"FRSHTT":[1100000,1100000],"PRCP":[0.019999998,0.019999998],"SLP":[1019.4801,1019.39],"SNDP":[0,0],"STP":[1004.4,1001.68005],"TEMP":[-13.139999,-13.029999],"VISIB":[1.04,0.53000003],"WDSP":[4.62,4.7000003],"WNDDIR":[286.6,292.3],"time":[1549364860,1549364918]}