{"CLDC":[50.04,50.04],"DEWP":[-3.8400002,-3.6599998],"FRSHTT":[1110000,1110000],"PRCP":[0.039999995,0.039999995],"SLP":[1013.7001,1013.7001],"SNDP":[0.5,0.5],"STP":[1008.17004,1008.19006],"TEMP":[-1.8,-1.8],"VISIB":[6.2,6.35],"WDSP":[12.579999,12.729999],"WNDDIR":[78.3,78.8],"time":[1549364859,1549364917]}