{"CLDC":[96.200005,96.270004],"DEWP":[-4.6499996,-4.76],"FRSHTT":[1000000,1000000],"PRCP":[0,0],"SLP":[1014.6,1014.63995],"SNDP":[0,0],"STP":[1011.65,1011.7899],"TEMP":[-0.47000003,-0.45],"VISIB":[21.28,20.91],"WDSP":[14.149999,14.33],"WNDDIR":[332.5,332.4],"time":[1549364859,1549364918]}