{"CLDC":[46.620003,46.82],"DEWP":[-1.3399999,-1.3],"FRSHTT":[0,0],"PRCP":[0,0],"SLP":[1016.2001,1016.2001],"SNDP":[0,0],"STP":[1005.5,1005.5],"TEMP":[0.6999999,0.6999999],"VISIB":[7.9300003,8.129999],"WDSP":[16.55,16.81],"WNDDIR":[116.2,115.1],"time":[1549364859,1549364917]}