{"CLDC":[50.070004],"DEWP":[-4.9800005],"FRSHTT":[1110000],"PRCP":[0.019999998],"SLP":[1017.93],"SNDP":[0.59999996],"STP":[1017.5],"TEMP":[-2.7199998],"VISIB":[5.21],"WDSP":[14.610001],"WNDDIR":[270.5],"time":[1549364857]}