{"CLDC":[94.38001],"DEWP":[-11.109999],"FRSHTT":[1000000],"PRCP":[0],"SLP":[1020.9],"SNDP":[0],"STP":[1007.2999],"TEMP":[-9.58],"VISIB":[2.04],"WDSP":[4.48],"WNDDIR":[168.6],"time":[1549364857]}