{"CLDC":[53.07,52.859997],"DEWP":[-5.3200006,-5.32],"FRSHTT":[1110000,1110000],"PRCP":[0.029999997,0.029999997],"SLP":[1016.69006,1016.6],"SNDP":[1.5,1.5],"STP":[1008.4199,1008.59],"TEMP":[-1.9399998,-2.02],"VISIB":[8.26,8.35],"WDSP":[18.15,19.219997],"WNDDIR":[178,176],"time":[1549364857,1549364916]}