{"CLDC":[53.07],"DEWP":[-5.3200006],"FRSHTT":[1110000],"PRCP":[0.029999997],"SLP":[1016.69006],"SNDP":[1.5],"STP":[1008.4199],"TEMP":[-1.9399998],"VISIB":[8.26],"WDSP":[18.15],"WNDDIR":[178],"time":[1549364857]}