{"CLDC":[67.5,67.28999],"DEWP":[-6.1000004,-6.0200005],"FRSHTT":[1100000,1100000],"PRCP":[0.059999995,0.059999995],"SLP":[990.22003,989.57996],"SNDP":[0,0],"STP":[991.82996,992.13007],"TEMP":[-5.520001,-5.54],"VISIB":[34.43,33.870003],"WDSP":[7.589999,7.3900003],"WNDDIR":[342.2,336.8],"time":[1549364855,1549364915]}