{"CLDC":[50.120003,50.409996],"DEWP":[-5.160001,-5.1000004],"FRSHTT":[1110000,1110000],"PRCP":[0.059999995,0.059999995],"SLP":[1014.6,1014.6],"SNDP":[1.1999999,1.1999999],"STP":[1009.9801,1009.38995],"TEMP":[-3.08,-3.0300002],"VISIB":[6.7400002,6.2400002],"WDSP":[13.290001,13.42],"WNDDIR":[297.1,297.1],"time":[1549364858,1549364917]}