{"CLDC":[50.120003],"DEWP":[-5.160001],"FRSHTT":[1110000],"PRCP":[0.059999995],"SLP":[1014.6],"SNDP":[1.1999999],"STP":[1009.9801],"TEMP":[-3.08],"VISIB":[6.7400002],"WDSP":[13.290001],"WNDDIR":[297.1],"time":[1549364858]}