{"CLDC":[30.25],"DEWP":[-14.26],"FRSHTT":[1000000],"PRCP":[0],"SLP":[1022.9801],"SNDP":[0],"STP":[1006.39],"TEMP":[-11.120001],"VISIB":[7.12],"WDSP":[8.139999],"WNDDIR":[229.7],"time":[1549364856]}