{"CLDC":[57.319996,57.420002],"DEWP":[-11.219999,-10.789999],"FRSHTT":[1000000,1000000],"PRCP":[0,0],"SLP":[1009.99005,1010],"SNDP":[0,0],"STP":[1025.6,1028.6501],"TEMP":[-9.219999,-8.7],"VISIB":[1.53,1.8499998],"WDSP":[6.0099998,5.9500003],"WNDDIR":[123.4,122.2],"time":[1549364856,1549364915]}