{"CLDC":[91.22001],"DEWP":[-5.2000003],"FRSHTT":[1110000],"PRCP":[0.050000004],"SLP":[1017.7001],"SNDP":[1.3999999],"STP":[1015.9],"TEMP":[-2.9199996],"VISIB":[7.1799994],"WDSP":[15.259999],"WNDDIR":[269.4],"time":[1549364856]}