{"CLDC":[57.319996],"DEWP":[-11.219999],"FRSHTT":[1000000],"PRCP":[0],"SLP":[1009.99005],"SNDP":[0],"STP":[1025.6],"TEMP":[-9.219999],"VISIB":[1.53],"WDSP":[6.0099998],"WNDDIR":[123.4],"time":[1549364856]}