{"CLDC":[72.43001],"DEWP":[-9.76],"FRSHTT":[1000000],"PRCP":[0],"SLP":[1000.33997],"SNDP":[0],"STP":[994.44006],"TEMP":[-6.3099995],"VISIB":[7.05],"WDSP":[11.58],"WNDDIR":[228.9],"time":[1549364856]}