{"CLDC":[50.07,50.200005],"DEWP":[-5.6500006,-5.4],"FRSHTT":[1110000,1110000],"PRCP":[0.029999997,0.029999997],"SLP":[1016,1015.93005],"SNDP":[2,2],"STP":[1013.2999,1013.2999],"TEMP":[-3.4100003,-3.3200002],"VISIB":[5.64,5.96],"WDSP":[13.67,13.13],"WNDDIR":[51.5,48.9],"time":[1549364855,1549364915]}