{"CLDC":[50.289997],"DEWP":[-11.980001],"FRSHTT":[1110000],"PRCP":[0.050000004],"SLP":[1017.7999],"SNDP":[21.300001],"STP":[921.94006],"TEMP":[-6.640001],"VISIB":[42.34],"WDSP":[15.19],"WNDDIR":[156.7],"time":[1549364855]}