{"CLDC":[50.07],"DEWP":[-5.6500006],"FRSHTT":[1110000],"PRCP":[0.029999997],"SLP":[1016],"SNDP":[2],"STP":[1013.2999],"TEMP":[-3.4100003],"VISIB":[5.64],"WDSP":[13.67],"WNDDIR":[51.5],"time":[1549364855]}