{"CLDC":[50.289997,50.550003],"DEWP":[-11.980001,-12.050001],"FRSHTT":[1110000,1110000],"PRCP":[0.050000004,0.050000004],"SLP":[1017.7999,1017.9],"SNDP":[21.300001,21.399998],"STP":[921.94006,922.2999],"TEMP":[-6.640001,-6.6400003],"VISIB":[42.34,42.26],"WDSP":[15.19,14.970001],"WNDDIR":[156.7,158.6],"time":[1549364855,1549364915]}