{"CLDC":[56.590004,56.28],"DEWP":[-2.15,-2.1499999],"FRSHTT":[1110000,1110000],"PRCP":[0.07,0.07],"SLP":[1013.89,1014],"SNDP":[0.59999996,0.60999995],"STP":[1003.0801,1003.48],"TEMP":[-0.28,-0.26],"VISIB":[5.58,5.07],"WDSP":[12.51,11.779999],"WNDDIR":[144.5,141.7],"time":[1549364857,1549364916]}