{"CLDC":[50.35,50.84],"DEWP":[-5.2999997,-5.4199996],"FRSHTT":[1110000,1110000],"PRCP":[0.039999995,0.039999995],"SLP":[1016.1,1016.1],"SNDP":[0.9,0.9],"STP":[1010.5,1010.45],"TEMP":[-2.6999998,-2.6799998],"VISIB":[9.17,9.179999],"WDSP":[14.2300005,14.030001],"WNDDIR":[20.5,19],"time":[1549364861,1549364919]}