{"CLDC":[50.07],"DEWP":[-10.849998],"FRSHTT":[1100000],"PRCP":[0.059999995],"SLP":[1019.97003],"SNDP":[0],"STP":[1032.58],"TEMP":[-9.640001],"VISIB":[2.3300002],"WDSP":[9.86],"WNDDIR":[342],"time":[1549364861]}