{"CLDC":[50],"DEWP":[-6.2200003],"FRSHTT":[1110000],"PRCP":[0.019999998],"SLP":[1018],"SNDP":[0.9],"STP":[1010],"TEMP":[-2.6799998],"VISIB":[11.92],"WDSP":[14.360001],"WNDDIR":[95],"time":[1549364861]}