{"CLDC":[50.03],"DEWP":[-4.9399996],"FRSHTT":[1110000],"PRCP":[0.18000002],"SLP":[1005.4],"SNDP":[3.2000003],"STP":[1005.7799],"TEMP":[-1.76],"VISIB":[13.94],"WDSP":[25.53],"WNDDIR":[341.9],"time":[1549364855]}