{"CLDC":[50.379997],"DEWP":[-6.640001],"FRSHTT":[1110000],"PRCP":[0.019999998],"SLP":[1015.2999],"SNDP":[0.9],"STP":[1011.37],"TEMP":[-4.02],"VISIB":[10.35],"WDSP":[12.609999],"WNDDIR":[175.4],"time":[1549364859]}