{"CLDC":[50.379997,50.590004],"DEWP":[-6.640001,-6.7200003],"FRSHTT":[1110000,1110000],"PRCP":[0.019999998,0.019999998],"SLP":[1015.2999,1015.49005],"SNDP":[0.9,0.9],"STP":[1011.37,1011.47003],"TEMP":[-4.02,-4.08],"VISIB":[10.35,10.530001],"WDSP":[12.609999,12.789999],"WNDDIR":[175.4,175.5],"time":[1549364859,1549364917]}