{"CLDC":[83.36],"DEWP":[-5.339999],"FRSHTT":[1110000],"PRCP":[0.029999997],"SLP":[1016.7001],"SNDP":[1],"STP":[1010.97003],"TEMP":[-3.2600002],"VISIB":[6.0200005],"WDSP":[14.56],"WNDDIR":[285.5],"time":[1549364858]}