{"CLDC":[62.24,62.5],"DEWP":[-4.5199995,-4.45],"FRSHTT":[1110000,1110000],"PRCP":[0.039999995,0.039999995],"SLP":[1016.7999,1016.7999],"SNDP":[2.5,2.6000001],"STP":[1005.32996,1005.4],"TEMP":[-1.4,-1.3800001],"VISIB":[6.95,7.5299997],"WDSP":[16.079998,15.690001],"WNDDIR":[152.9,149.3],"time":[1549364859,1549364917]}