{"CLDC":[62.24],"DEWP":[-4.5199995],"FRSHTT":[1110000],"PRCP":[0.039999995],"SLP":[1016.7999],"SNDP":[2.5],"STP":[1005.32996],"TEMP":[-1.4],"VISIB":[6.95],"WDSP":[16.079998],"WNDDIR":[152.9],"time":[1549364859]}