{"CLDC":[54.97,55.319996],"DEWP":[-5.5999994,-5.6200004],"FRSHTT":[1110000,1110000],"PRCP":[0.029999997,0.029999997],"SLP":[1017.37,1017.2999],"SNDP":[1.5,1.5],"STP":[1008.1,1008.1],"TEMP":[-3.06,-3.0499997],"VISIB":[6.2599998,5.8400006],"WDSP":[15.009999,16.02],"WNDDIR":[113.8,114.8],"time":[1549364857,1549364916]}