{"CLDC":[50.13,50.600006],"DEWP":[-3.2,-3.12],"FRSHTT":[1110000,1110000],"PRCP":[0.039999995,0.039999995],"SLP":[1015.11,1015.1],"SNDP":[0.6999999,0.6999999],"STP":[1002.61,1002.5],"TEMP":[-0.20000002,-0.20000002],"VISIB":[7.7299995,7.62],"WDSP":[16.25,16.48],"WNDDIR":[322.1,318.8],"time":[1549364857,1549364916]}