{"CLDC":[50.080006],"DEWP":[-1.72],"FRSHTT":[100000],"PRCP":[0.009999999],"SLP":[1018.2999],"SNDP":[0],"STP":[1002.5],"TEMP":[0.84000003],"VISIB":[6.97],"WDSP":[13.35],"WNDDIR":[154.3],"time":[1549364858]}