{"CLDC":[95.72],"DEWP":[-6.1499996],"FRSHTT":[1110000],"PRCP":[0.039999995],"SLP":[1017.5],"SNDP":[2],"STP":[1007.4],"TEMP":[-2.7600002],"VISIB":[9.33],"WDSP":[18.640003],"WNDDIR":[160.2],"time":[1549364858]}