{"CLDC":[26.550003],"DEWP":[-2.22],"FRSHTT":[0],"PRCP":[0],"SLP":[1019],"SNDP":[0],"STP":[1033.8099],"TEMP":[1.26],"VISIB":[9.72],"WDSP":[9.960001],"WNDDIR":[281],"time":[1549364858]}