{"CLDC":[86.73],"DEWP":[-4.9999995],"FRSHTT":[1110000],"PRCP":[0.050000004],"SLP":[1017.1],"SNDP":[2.8999999],"STP":[1008.1],"TEMP":[-2.9199996],"VISIB":[5.95],"WDSP":[13.51],"WNDDIR":[342.3],"time":[1549364858]}