{"CLDC":[26.550003,26.570002],"DEWP":[-2.22,-2.22],"FRSHTT":[0,0],"PRCP":[0,0],"SLP":[1019,1019],"SNDP":[0,0],"STP":[1033.8099,1032.8699],"TEMP":[1.26,1.26],"VISIB":[9.72,9.610001],"WDSP":[9.960001,10.27],"WNDDIR":[281,278],"time":[1549364858,1549364916]}