{"CLDC":[95.72,95.43001],"DEWP":[-6.1499996,-6.22],"FRSHTT":[1110000,1110000],"PRCP":[0.039999995,0.039999995],"SLP":[1017.5,1017.5],"SNDP":[2,2],"STP":[1007.4,1007.4],"TEMP":[-2.7600002,-2.85],"VISIB":[9.33,9.57],"WDSP":[18.640003,17.369999],"WNDDIR":[160.2,162.1],"time":[1549364858,1549364917]}