{"CLDC":[50.120003,50.06],"DEWP":[-6.94,-7.660001],"FRSHTT":[1110000,1110000],"PRCP":[0.029999997,0.029999997],"SLP":[1018.2001,1018.2001],"SNDP":[2.5,2.6000001],"STP":[988.74005,988.7001],"TEMP":[-3.3600001,-3.3],"VISIB":[13.43,12.88],"WDSP":[9.910001,10.49],"WNDDIR":[138.6,135.3],"time":[1549364856,1549364915]}