{"CLDC":[82.81,82.59999],"DEWP":[-10.550001,-10.550001],"FRSHTT":[1110000,1110000],"PRCP":[0.07999999,0.07999999],"SLP":[947.12,946.77997],"SNDP":[24.600002,24.600002],"STP":[949.99005,949.77],"TEMP":[-7.41,-7.35],"VISIB":[17.289999,18.04],"WDSP":[56.239998,59.72],"WNDDIR":[181,181.7],"time":[1549364860,1549364918]}