{"CLDC":[74.90001],"DEWP":[-6.4600005],"FRSHTT":[1110000],"PRCP":[0.019999998],"SLP":[1018.7999],"SNDP":[2.1000001],"STP":[1005.94006],"TEMP":[-3.8400002],"VISIB":[9.960001],"WDSP":[12.269999],"WNDDIR":[336.6],"time":[1549364860]}