{"CLDC":[74.90001,74.48],"DEWP":[-6.4600005,-6.1099997],"FRSHTT":[1110000,1110000],"PRCP":[0.019999998,0.019999998],"SLP":[1018.7999,1018.7999],"SNDP":[2.1000001,2.1000001],"STP":[1005.94006,1006.05994],"TEMP":[-3.8400002,-3.8000004],"VISIB":[9.960001,10.01],"WDSP":[12.269999,12.209999],"WNDDIR":[336.6,340],"time":[1549364860,1549364918]}