{"CLDC":[65.799995,65.23],"DEWP":[-5.2000003,-4.8],"FRSHTT":[1010000,1010000],"PRCP":[0,0],"SLP":[1015.7001,1015.7999],"SNDP":[1.8,1.8],"STP":[999.02997,999.2699],"TEMP":[-1.6800001,-1.7],"VISIB":[8.910001,9.280001],"WDSP":[17.22,16.75],"WNDDIR":[214.9,215.8],"time":[1549364861,1549364918]}