{"CLDC":[65.799995],"DEWP":[-5.2000003],"FRSHTT":[1010000],"PRCP":[0],"SLP":[1015.7001],"SNDP":[1.8],"STP":[999.02997],"TEMP":[-1.6800001],"VISIB":[8.910001],"WDSP":[17.22],"WNDDIR":[214.9],"time":[1549364861]}