{"CLDC":[50.219997,50.56],"DEWP":[-8.4800005,-8.4800005],"FRSHTT":[1110000,1110000],"PRCP":[0.039999995,0.039999995],"SLP":[1020.7999,1020.9],"SNDP":[3.9,3.9],"STP":[988.7699,988.7001],"TEMP":[-3.86,-3.7600002],"VISIB":[7.16,6.95],"WDSP":[11.66,11.99],"WNDDIR":[55,54.9],"time":[1549364859,1549364917]}