{"CLDC":[50.05,50.319996],"DEWP":[-7.16,-7],"FRSHTT":[1110000,1110000],"PRCP":[0.029999997,0.029999997],"SLP":[1018.1,1018.11],"SNDP":[1.8,1.8],"STP":[1010.2001,1010.2999],"TEMP":[-4.3,-4.32],"VISIB":[5.88,5.6400003],"WDSP":[10.96,11.609999],"WNDDIR":[152.1,155.1],"time":[1549364859,1549364917]}