{"CLDC":[50.220005],"DEWP":[-6.4199996],"FRSHTT":[1110000],"PRCP":[0.039999995],"SLP":[1017.2999],"SNDP":[2.2999997],"STP":[1007.7899],"TEMP":[-3.56],"VISIB":[6.25],"WDSP":[12.499999],"WNDDIR":[310.1],"time":[1549364858]}