{"CLDC":[67.28999],"DEWP":[-7.3199997],"FRSHTT":[1110000],"PRCP":[0.059999995],"SLP":[1018.2001],"SNDP":[2.1000001],"STP":[1009.85],"TEMP":[-5.31],"VISIB":[5.7699995],"WDSP":[11.02],"WNDDIR":[357.3],"time":[1549364860]}