{"CLDC":[67.28999,66.97001],"DEWP":[-7.3199997,-7.22],"FRSHTT":[1110000,1110000],"PRCP":[0.059999995,0.059999995],"SLP":[1018.2001,1018.2001],"SNDP":[2.1000001,2.1000001],"STP":[1009.85,1009.72003],"TEMP":[-5.31,-5.2799997],"VISIB":[5.7699995,5.36],"WDSP":[11.02,11.67],"WNDDIR":[357.3,355.8],"time":[1549364860,1549364918]}