{"CLDC":[50.260002,50.329994],"DEWP":[-7.1399994,-7.1],"FRSHTT":[1110000,1110000],"PRCP":[0.07,0.07],"SLP":[1012.7001,1012.6],"SNDP":[3.2000003,3.2000003],"STP":[1002.7999,1002.7999],"TEMP":[-2.7900002,-2.8799999],"VISIB":[8.81,8.69],"WDSP":[17.710001,16.94],"WNDDIR":[321.2,317.7],"time":[1549364859,1549364918]}