{"CLDC":[70.29,70.409996],"DEWP":[-6.5,-6.4199996],"FRSHTT":[1110000,1110000],"PRCP":[0.059999995,0.059999995],"SLP":[1015.2999,1015.2999],"SNDP":[1.5,1.5],"STP":[997.30994,997.4],"TEMP":[-3.9599998,-3.9800003],"VISIB":[7.94,8.42],"WDSP":[15.660001,16.310001],"WNDDIR":[343.2,337.7],"time":[1549364859,1549364917]}