{"CLDC":[50.190006],"DEWP":[-7.540001],"FRSHTT":[1110000],"PRCP":[0.019999998],"SLP":[1018.6],"SNDP":[1.8],"STP":[1017.14],"TEMP":[-5.4799995],"VISIB":[7.160001],"WDSP":[11.52],"WNDDIR":[303.9],"time":[1549364858]}