{"CLDC":[50.240005,50.210003],"DEWP":[-7.8299994,-7.5600004],"FRSHTT":[1110000,1110000],"PRCP":[0.019999998,0.019999998],"SLP":[1020,1020],"SNDP":[5.7000003,5.7000003],"STP":[996.2001,996.1],"TEMP":[-2.6,-2.6399999],"VISIB":[11.749999,11.860001],"WDSP":[15.7300005,13.75],"WNDDIR":[123.6,121.9],"time":[1549364855,1549364915]}