{"CLDC":[50.349995],"DEWP":[-2],"FRSHTT":[1110000],"PRCP":[0.09000001],"SLP":[916.45],"SNDP":[6],"STP":[919.5],"TEMP":[-0.65],"VISIB":[15.770001],"WDSP":[5.0699997],"WNDDIR":[29],"time":[1549364856]}