{"CLDC":[59.359997],"DEWP":[-11.42],"FRSHTT":[1110000],"PRCP":[0.14999999],"SLP":[900.4],"SNDP":[40.799995],"STP":[901.02],"TEMP":[-5.34],"VISIB":[28.369999],"WDSP":[31.189999],"WNDDIR":[98.9],"time":[1549364860]}