{"CLDC":[59.359997,59.24],"DEWP":[-11.42,-11.3],"FRSHTT":[1110000,1110000],"PRCP":[0.14999999,0.14999999],"SLP":[900.4,900.52],"SNDP":[40.799995,40.899998],"STP":[901.02,901],"TEMP":[-5.34,-5.42],"VISIB":[28.369999,28.720001],"WDSP":[31.189999,31.460001],"WNDDIR":[98.9,102.9],"time":[1549364860,1549364918]}