{"CLDC":[50.08,50.090004],"DEWP":[-5.34,-5.18],"FRSHTT":[1110000,1110000],"PRCP":[0.059999995,0.059999995],"SLP":[1013.41,1013.4],"SNDP":[3.7999997,3.9],"STP":[976.9,976.9],"TEMP":[-1.5,-1.5],"VISIB":[10.960001,10.760001],"WDSP":[10.31,11.840001],"WNDDIR":[183.3,182.8],"time":[1549364861,1549364919]}