{"CLDC":[19.859999,20.27],"DEWP":[0.70000005,0.56000006],"FRSHTT":[0,0],"PRCP":[0,0],"SLP":[1021.2101,1021.2001],"SNDP":[0,0],"STP":[980.6,980.6],"TEMP":[2.34,2.26],"VISIB":[8.72,8.390001],"WDSP":[14.45,14.089999],"WNDDIR":[45.9,46.6],"time":[1549364861,1549364918]}