{"CLDC":[50.02,50.37],"DEWP":[-5.2000003,-5.26],"FRSHTT":[1110000,1110000],"PRCP":[0.029999997,0.029999997],"SLP":[1019.19006,1019.11],"SNDP":[2,2],"STP":[1016.25995,1016.07],"TEMP":[-2.7,-2.7],"VISIB":[8.12,8.07],"WDSP":[13.2300005,12.970001],"WNDDIR":[39.5,40.4],"time":[1549364858,1549364917]}