{"CLDC":[95.12999,95.549995],"DEWP":[-1.08,-1.2499999],"FRSHTT":[100000,100000],"PRCP":[0.009999999,0.009999999],"SLP":[1021.5,1021.5],"SNDP":[0,0],"STP":[970,970],"TEMP":[0.61,0.66999996],"VISIB":[13.35,13.269999],"WDSP":[13.759999,13.870001],"WNDDIR":[32,32.6],"time":[1549364859,1549364917]}