{"CLDC":[50.120003],"DEWP":[-7.69],"FRSHTT":[1110000],"PRCP":[0.10000001],"SLP":[1005],"SNDP":[3],"STP":[1001.30994],"TEMP":[-3.78],"VISIB":[14.910001],"WDSP":[13.31],"WNDDIR":[165.6],"time":[1549364856]}