{"CLDC":[50.120003,50.030003],"DEWP":[-7.69,-7.55],"FRSHTT":[1110000,1110000],"PRCP":[0.10000001,0.10000001],"SLP":[1005,1005],"SNDP":[3,3],"STP":[1001.30994,1001.4801],"TEMP":[-3.78,-3.7199998],"VISIB":[14.910001,15.08],"WDSP":[13.31,14.55],"WNDDIR":[165.6,165.3],"time":[1549364856,1549364916]}