{"CLDC":[71.340004],"DEWP":[-5.5],"FRSHTT":[1110000],"PRCP":[0.050000004],"SLP":[1019.1],"SNDP":[1.1000001],"STP":[1003.7001],"TEMP":[-2.86],"VISIB":[9.129999],"WDSP":[7.7],"WNDDIR":[251],"time":[1549364860]}