{"CLDC":[77.54],"DEWP":[-5.94],"FRSHTT":[1110000],"PRCP":[0.009999999],"SLP":[1019.6],"SNDP":[1.1000001],"STP":[1000.48],"TEMP":[-1.9400002],"VISIB":[14.51],"WDSP":[14.089999],"WNDDIR":[349.9],"time":[1549364859]}