{"CLDC":[77.54,77.63],"DEWP":[-5.94,-5.5099998],"FRSHTT":[1110000,1110000],"PRCP":[0.009999999,0.009999999],"SLP":[1019.6,1019.6],"SNDP":[1.1000001,1.1000001],"STP":[1000.48,1000.42004],"TEMP":[-1.9400002,-1.9],"VISIB":[14.51,14.219999],"WDSP":[14.089999,13.030001],"WNDDIR":[349.9,350.6],"time":[1549364859,1549364918]}