{"CLDC":[82.619995],"DEWP":[-12.76],"FRSHTT":[1000000],"PRCP":[0],"SLP":[1029.2999],"SNDP":[0],"STP":[1013.4],"TEMP":[-7.6400003],"VISIB":[14.2300005],"WDSP":[14.19],"WNDDIR":[327.8],"time":[1549364858]}