{"CLDC":[50.07,50.02],"DEWP":[-6.589999,-6.4399996],"FRSHTT":[1110000,1110000],"PRCP":[0.019999998,0.019999998],"SLP":[1020.1,1020.1],"SNDP":[0.59999996,0.59999996],"STP":[1017.1,1017.1],"TEMP":[-2.86,-2.8200002],"VISIB":[9.250001,8.9800005],"WDSP":[9.07,8.72],"WNDDIR":[34.3,30.4],"time":[1549364857,1549364916]}