{"CLDC":[54.700005,54.9],"DEWP":[-6.0200005,-6.18],"FRSHTT":[1110000,1110000],"PRCP":[0.029999997,0.029999997],"SLP":[1018.4,1018.4],"SNDP":[1,1],"STP":[1013.6,1013.6],"TEMP":[-2.7599998,-2.78],"VISIB":[8.65,8.349999],"WDSP":[8.259999,8.42],"WNDDIR":[352.5,358],"time":[1549364857,1549364916]}