{"CLDC":[50.07],"DEWP":[-6.589999],"FRSHTT":[1110000],"PRCP":[0.019999998],"SLP":[1020.1],"SNDP":[0.59999996],"STP":[1017.1],"TEMP":[-2.86],"VISIB":[9.250001],"WDSP":[9.07],"WNDDIR":[34.3],"time":[1549364857]}