{"CLDC":[30.55,30.709997],"DEWP":[-5.98,-6.22],"FRSHTT":[1000000,1000000],"PRCP":[0,0],"SLP":[996.30994,996.30994],"SNDP":[0,0],"STP":[1000.7799,1000.80994],"TEMP":[-2.8600001,-2.8000002],"VISIB":[6.27,6.85],"WDSP":[10.370001,10.07],"WNDDIR":[335.9,340.4],"time":[1549364858,1549364917]}