{"CLDC":[90.69],"DEWP":[-5.1200004],"FRSHTT":[1110000],"PRCP":[0.13],"SLP":[1019],"SNDP":[6.4000006],"STP":[983.1],"TEMP":[-1.9200001],"VISIB":[8.8],"WDSP":[18.51],"WNDDIR":[15.6],"time":[1549364857]}