{"CLDC":[37.160004],"DEWP":[-6.589999],"FRSHTT":[1000000],"PRCP":[0],"SLP":[1021.7999],"SNDP":[0],"STP":[1025.1599],"TEMP":[-2.3399997],"VISIB":[9.209999],"WDSP":[9.139999],"WNDDIR":[310.3],"time":[1549364858]}