{"CLDC":[30.55],"DEWP":[-5.98],"FRSHTT":[1000000],"PRCP":[0],"SLP":[996.30994],"SNDP":[0],"STP":[1000.7799],"TEMP":[-2.8600001],"VISIB":[6.27],"WDSP":[10.370001],"WNDDIR":[335.9],"time":[1549364858]}