{"CLDC":[84.84,84.90001],"DEWP":[-5.3599997,-5.24],"FRSHTT":[1110000,1110000],"PRCP":[0.029999997,0.029999997],"SLP":[1018.86993,1018.7999],"SNDP":[1,1],"STP":[1014.91003,1014.7999],"TEMP":[-2.02,-2],"VISIB":[10.38,10.710001],"WDSP":[8.530001,9.02],"WNDDIR":[89.9,90.9],"time":[1549364858,1549364917]}