{"CLDC":[66.68,66.53],"DEWP":[-6.4,-6.3599997],"FRSHTT":[1110000,1110000],"PRCP":[0.059999995,0.059999995],"SLP":[914.7499,914.86],"SNDP":[5.5,5.5],"STP":[913.2899,913.2999],"TEMP":[-3.1,-3.1399996],"VISIB":[23.47,22.14],"WDSP":[16.16,16.95],"WNDDIR":[243.6,243.5],"time":[1549364858,1549364916]}