{"CLDC":[74.619995,74.54],"DEWP":[-5.92,-5.9900002],"FRSHTT":[1110000,1110000],"PRCP":[0.050000004,0.050000004],"SLP":[1020,1020],"SNDP":[1.1999999,1.1999999],"STP":[1012.98,1012.80994],"TEMP":[-3.15,-3.14],"VISIB":[7.0399995,7.21],"WDSP":[8.249999,8.579999],"WNDDIR":[355.6,354.3],"time":[1549364855,1549364915]}