{"CLDC":[97.86001,98.12999],"DEWP":[-6.04,-6.1000004],"FRSHTT":[1110000,1110000],"PRCP":[0.009999999,0.009999999],"SLP":[1020.1,1020],"SNDP":[0.59999996,0.59999996],"STP":[1017.5499,1017.59],"TEMP":[-3.8600001,-3.9],"VISIB":[7.9200006,7.8900003],"WDSP":[7.6299996,7.5799994],"WNDDIR":[277.7,277.7],"time":[1549364856,1549364915]}