{"CLDC":[97.86001],"DEWP":[-6.04],"FRSHTT":[1110000],"PRCP":[0.009999999],"SLP":[1020.1],"SNDP":[0.59999996],"STP":[1017.5499],"TEMP":[-3.8600001],"VISIB":[7.9200006],"WDSP":[7.6299996],"WNDDIR":[277.7],"time":[1549364856]}