{"CLDC":[65.600006],"DEWP":[-5.24],"FRSHTT":[1100000],"PRCP":[0.050000004],"SLP":[1019.67004],"SNDP":[0],"STP":[1009.2999],"TEMP":[-2.06],"VISIB":[16.55],"WDSP":[7.1],"WNDDIR":[14.1],"time":[1549364859]}