{"CLDC":[94.96999],"DEWP":[-7.6400003],"FRSHTT":[1110000],"PRCP":[0.019999998],"SLP":[1019],"SNDP":[1.3000001],"STP":[991.6],"TEMP":[-3.35],"VISIB":[17.7],"WDSP":[7.1400003],"WNDDIR":[248.7],"time":[1549364859]}