{"CLDC":[68.57],"DEWP":[-5.74],"FRSHTT":[1110000],"PRCP":[0.019999998],"SLP":[1019.2999],"SNDP":[1.3999999],"STP":[1011.02997],"TEMP":[-2.6700003],"VISIB":[14.7],"WDSP":[7.3199997],"WNDDIR":[29.1],"time":[1549364860]}