{"CLDC":[94.53999,94.77999],"DEWP":[-4.62,-4.32],"FRSHTT":[1110000,1110000],"PRCP":[0.019999998,0.019999998],"SLP":[1020.49005,1020.30994],"SNDP":[0.20000002,0.20000002],"STP":[1023.6,1023.4],"TEMP":[-1.38,-1.4000001],"VISIB":[9.249999,8.539999],"WDSP":[5.1399994,4.94],"WNDDIR":[57.7,53.9],"time":[1549364860,1549364918]}