{"CLDC":[60.059998,59.829998],"DEWP":[-4.3,-4.3500004],"FRSHTT":[1110000,1110000],"PRCP":[0.059999995,0.062],"SLP":[1019.7999,1019.9],"SNDP":[1.8,1.8],"STP":[1020.1201,1020.06006],"TEMP":[-1.8299999,-1.8299999],"VISIB":[8.35,8.01],"WDSP":[10.089999,10.099999],"WNDDIR":[274.4,274.8],"time":[1549364859,1549364917]}