{"CLDC":[29.590002,29.789999],"DEWP":[-6.88,-6.7],"FRSHTT":[1000000,1000000],"PRCP":[0,0],"SLP":[1032.0499,1032.0798],"SNDP":[0,0],"STP":[1018.48,1020.04004],"TEMP":[-5.84,-5.8399997],"VISIB":[1.9799999,1.8399998],"WDSP":[4.9300003,4.6399994],"WNDDIR":[69.7,66.2],"time":[1549364859,1549364917]}