{"CLDC":[55.6,55.369995],"DEWP":[-4.25,-4.0699997],"FRSHTT":[1110000,1110000],"PRCP":[0.13,0.13],"SLP":[1014.93,1015],"SNDP":[1.1999999,1.1999999],"STP":[993.1,993],"TEMP":[-0.29999998,-0.29999998],"VISIB":[8.38,7.9800005],"WDSP":[15.199999,14.87],"WNDDIR":[243.8,243.7],"time":[1549364859,1549364917]}