{"CLDC":[59.010002,58.890003],"DEWP":[-4.5800004,-4.6200004],"FRSHTT":[1110000,1110000],"PRCP":[0.050000004,0.050000004],"SLP":[1019.1,1019.02997],"SNDP":[0.8000001,0.8000001],"STP":[1001.9,1001.9],"TEMP":[-1.3499999,-1.3799999],"VISIB":[8.680001,9.0199995],"WDSP":[11.280001,10.43],"WNDDIR":[191.1,192.5],"time":[1549364857,1549364916]}