{"CLDC":[73.94001],"DEWP":[-5.5],"FRSHTT":[1110000],"PRCP":[0.16999999],"SLP":[1020.2001],"SNDP":[4.2000003],"STP":[1013.62],"TEMP":[-2.22],"VISIB":[8.89],"WDSP":[6.2],"WNDDIR":[355.6],"time":[1549364857]}