{"CLDC":[73.94001,73.47],"DEWP":[-5.5,-5.7400002],"FRSHTT":[1110000,1110000],"PRCP":[0.16999999,0.16999999],"SLP":[1020.2001,1020.0399],"SNDP":[4.2000003,4.2000003],"STP":[1013.62,1013.4601],"TEMP":[-2.22,-2.2199998],"VISIB":[8.89,8.969999],"WDSP":[6.2,5.500001],"WNDDIR":[355.6,355.4],"time":[1549364857,1549364916]}