{"CLDC":[50.04],"DEWP":[-4.6600003],"FRSHTT":[1100000],"PRCP":[0.07999999],"SLP":[1019.4],"SNDP":[0],"STP":[1025.3099],"TEMP":[-1.76],"VISIB":[7.5299997],"WDSP":[8.079999],"WNDDIR":[11],"time":[1549364857]}