{"CLDC":[50.04,50.120003],"DEWP":[-4.6600003,-4.7200003],"FRSHTT":[1100000,1100000],"PRCP":[0.07999999,0.07999999],"SLP":[1019.4,1019.4],"SNDP":[0,0],"STP":[1025.3099,1025.2001],"TEMP":[-1.76,-1.74],"VISIB":[7.5299997,7.19],"WDSP":[8.079999,8.15],"WNDDIR":[11,8.5],"time":[1549364857,1549364916]}