{"CLDC":[50.06],"DEWP":[-6.359999],"FRSHTT":[1110000],"PRCP":[0.029999997],"SLP":[1017.4],"SNDP":[1.3999999],"STP":[1011.5],"TEMP":[-3.16],"VISIB":[6.01],"WDSP":[12.259999],"WNDDIR":[74.3],"time":[1549364858]}