{"CLDC":[50.06,50.230003],"DEWP":[-6.359999,-6.3599997],"FRSHTT":[1110000,1110000],"PRCP":[0.029999997,0.029999997],"SLP":[1017.4,1017.4],"SNDP":[1.3999999,1.3999999],"STP":[1011.5,1011.36],"TEMP":[-3.16,-3.2199998],"VISIB":[6.01,5.5],"WDSP":[12.259999,12.58],"WNDDIR":[74.3,76.8],"time":[1549364858,1549364917]}