{"CLDC":[92.740005],"DEWP":[-4.3],"FRSHTT":[1110000],"PRCP":[0.039999995],"SLP":[1019.5],"SNDP":[1],"STP":[1014.86993],"TEMP":[-1.65],"VISIB":[6.5100007],"WDSP":[11.860002],"WNDDIR":[334.1],"time":[1549364858]}