{"CLDC":[92.740005,92.61999],"DEWP":[-4.3,-4.2200003],"FRSHTT":[1110000,1110000],"PRCP":[0.039999995,0.039999995],"SLP":[1019.5,1019.5],"SNDP":[1,1],"STP":[1014.86993,1014.7999],"TEMP":[-1.65,-1.68],"VISIB":[6.5100007,6.85],"WDSP":[11.860002,12.259998],"WNDDIR":[334.1,337.2],"time":[1549364858,1549364916]}