{"CLDC":[84.09999,84.28],"DEWP":[-5.1499996,-5.43],"FRSHTT":[1110000,1110000],"PRCP":[0.059999995,0.059999995],"SLP":[1019.4,1019.4],"SNDP":[0.59999996,0.59999996],"STP":[1011.55994,1011.6],"TEMP":[-2.75,-2.8399997],"VISIB":[9.95,10.330001],"WDSP":[9.67,9.53],"WNDDIR":[112.1,114.6],"time":[1549364855,1549364915]}