{"CLDC":[48.100002,47.909996],"DEWP":[1.5,1.48],"FRSHTT":[0,0],"PRCP":[0,0],"SLP":[996.44006,995.77],"SNDP":[0,0],"STP":[986.82,987.00995],"TEMP":[4.1500006,4.14],"VISIB":[15.559999,16.060001],"WDSP":[40.84,41.73],"WNDDIR":[108.6,104.3],"time":[1549364859,1549364917]}