{"CLDC":[50.220005],"DEWP":[-6.6],"FRSHTT":[1110000],"PRCP":[0.019999998],"SLP":[1017.7101],"SNDP":[2.3999999],"STP":[1005.07996],"TEMP":[-3.7599998],"VISIB":[6.95],"WDSP":[3.7799995],"WNDDIR":[43.5],"time":[1549364859]}