{"CLDC":[50.220005,50.010002],"DEWP":[-6.6,-6.7],"FRSHTT":[1110000,1110000],"PRCP":[0.019999998,0.019999998],"SLP":[1017.7101,1017.66003],"SNDP":[2.3999999,2.3999999],"STP":[1005.07996,1005.1],"TEMP":[-3.7599998,-3.7399998],"VISIB":[6.95,6.85],"WDSP":[3.7799995,3.9599998],"WNDDIR":[43.5,40.7],"time":[1549364859,1549364917]}