{"CLDC":[49.550003,49.730003],"DEWP":[-1.82,-1.9],"FRSHTT":[0,0],"PRCP":[0,0],"SLP":[1013.95,1015.24005],"SNDP":[0,0],"STP":[1001.54004,1001.38007],"TEMP":[0.64,0.65],"VISIB":[4.44,4.9700003],"WDSP":[3.25,3.2999997],"WNDDIR":[89.3,89.2],"time":[1549364859,1549364917]}