{"CLDC":[7.890001,7.910001],"DEWP":[-7.25,-7.5099998],"FRSHTT":[1000000,1000000],"PRCP":[0,0],"SLP":[1033.0999,1033.0999],"SNDP":[0,0],"STP":[999.5,999.56995],"TEMP":[-4.28,-4.2400002],"VISIB":[4.5899997,4.3300004],"WDSP":[3.02,3.2999997],"WNDDIR":[269.4,267.7],"time":[1549364860,1549364918]}