{"CLDC":[98.65999],"DEWP":[-6.2799997],"FRSHTT":[1000000],"PRCP":[0],"SLP":[916.0101],"SNDP":[0],"STP":[919.99005],"TEMP":[-2.28],"VISIB":[12.95],"WDSP":[7.0099998],"WNDDIR":[335.5],"time":[1549364860]}