{"CLDC":[7.890001],"DEWP":[-7.25],"FRSHTT":[1000000],"PRCP":[0],"SLP":[1033.0999],"SNDP":[0],"STP":[999.5],"TEMP":[-4.28],"VISIB":[4.5899997],"WDSP":[3.02],"WNDDIR":[269.4],"time":[1549364860]}