{"CLDC":[93.86],"DEWP":[-3.78],"FRSHTT":[1110000],"PRCP":[0.059999995],"SLP":[1019.7001],"SNDP":[1.1999999],"STP":[1015.37],"TEMP":[-1.4],"VISIB":[5.9200006],"WDSP":[8.71],"WNDDIR":[181.7],"time":[1549364858]}