{"CLDC":[0.95],"DEWP":[-6.899999],"FRSHTT":[0],"PRCP":[0],"SLP":[1045.2001],"SNDP":[0],"STP":[1010],"TEMP":[0.8000001],"VISIB":[55.409996],"WDSP":[15.960001],"WNDDIR":[17.6],"time":[1549364859]}