{"CLDC":[50.090004],"DEWP":[-2.26],"FRSHTT":[100000],"PRCP":[0.059999995],"SLP":[1018],"SNDP":[0],"STP":[1017.2001],"TEMP":[2],"VISIB":[8.379999],"WDSP":[9.32],"WNDDIR":[351.7],"time":[1549364860]}