{"CLDC":[18.41,18.160002],"DEWP":[-1.9799999,-2.0400002],"FRSHTT":[0,0],"PRCP":[0,0],"SLP":[997.75,997.92004],"SNDP":[0,0],"STP":[999.61,999.64],"TEMP":[1.3499999,1.3399999],"VISIB":[11.09,11.41],"WDSP":[25.350002,25.380001],"WNDDIR":[126.3,123.9],"time":[1549364860,1549364918]}