{"CLDC":[18.41],"DEWP":[-1.9799999],"FRSHTT":[0],"PRCP":[0],"SLP":[997.75],"SNDP":[0],"STP":[999.61],"TEMP":[1.3499999],"VISIB":[11.09],"WDSP":[25.350002],"WNDDIR":[126.3],"time":[1549364860]}