{"CLDC":[50.090004,50.140007],"DEWP":[-2.26,-2.5],"FRSHTT":[100000,100000],"PRCP":[0.059999995,0.063],"SLP":[1018,1018],"SNDP":[0,0],"STP":[1017.2001,1017.38],"TEMP":[2,2],"VISIB":[8.379999,8.709999],"WDSP":[9.32,9.99],"WNDDIR":[351.7,350],"time":[1549364860,1549364918]}