{"CLDC":[50.050003,50.05],"DEWP":[-6.399999,-6.3499994],"FRSHTT":[100000,100000],"PRCP":[0.029999997,0.029999997],"SLP":[1011.50995,1011.6],"SNDP":[0,0],"STP":[1003.3499,1003.37],"TEMP":[1.56,1.55],"VISIB":[9.019999,9.39],"WDSP":[10.570001,10.16],"WNDDIR":[151.5,147.3],"time":[1549364861,1549364919]}