{"CLDC":[50.050003],"DEWP":[-6.399999],"FRSHTT":[100000],"PRCP":[0.029999997],"SLP":[1011.50995],"SNDP":[0],"STP":[1003.3499],"TEMP":[1.56],"VISIB":[9.019999],"WDSP":[10.570001],"WNDDIR":[151.5],"time":[1549364861]}