{"CLDC":[81.40001,81.33],"DEWP":[-4.0699997,-4.1599994],"FRSHTT":[1110000,1110000],"PRCP":[0.059999995,0.062],"SLP":[1020.5801,1020.05994],"SNDP":[1.1999999,1.1999999],"STP":[1016.1,1016.2001],"TEMP":[-1.72,-1.7],"VISIB":[6.41,6.4300003],"WDSP":[6.0999994,5.09],"WNDDIR":[73.7,73.3],"time":[1549364859,1549364917]}