{"CLDC":[98.89001,98.91],"DEWP":[-1.3,-1.3],"FRSHTT":[0,0],"PRCP":[0,0],"SLP":[1034.2999,1034.2101],"SNDP":[0,0],"STP":[1058.52,1059.15],"TEMP":[0,0],"VISIB":[3.14,2.81],"WDSP":[3.2000003,3.1000001],"WNDDIR":[129.3,129.8],"time":[1549364859,1549364917]}