{"CLDC":[98.89001],"DEWP":[-1.3],"FRSHTT":[0],"PRCP":[0],"SLP":[1034.2999],"SNDP":[0],"STP":[1058.52],"TEMP":[0],"VISIB":[3.14],"WDSP":[3.2000003],"WNDDIR":[129.3],"time":[1549364859]}