{"CLDC":[89.37001],"DEWP":[-0.7000001],"FRSHTT":[0],"PRCP":[0],"SLP":[1035.2999],"SNDP":[0],"STP":[1044.45],"TEMP":[0],"VISIB":[3.52],"WDSP":[3.2000003],"WNDDIR":[284.7],"time":[1549364859]}