{"CLDC":[91.7],"DEWP":[-7.96],"FRSHTT":[1000000],"PRCP":[0],"SLP":[1035.8401],"SNDP":[0],"STP":[1025.6301],"TEMP":[-5.8500004],"VISIB":[2.9299998],"WDSP":[3.58],"WNDDIR":[135.7],"time":[1549364860]}