{"CLDC":[92.990005],"DEWP":[-3.8799999],"FRSHTT":[1110000],"PRCP":[0.039999995],"SLP":[1019.02],"SNDP":[1.3000001],"STP":[1012.24005],"TEMP":[-1.5800002],"VISIB":[8.440001],"WDSP":[5.6099997],"WNDDIR":[85],"time":[1549364860]}