{"CLDC":[78.14],"DEWP":[-6.2],"FRSHTT":[1110000],"PRCP":[0.07],"SLP":[1024.6301],"SNDP":[1.3999999],"STP":[1015.2999],"TEMP":[-3.48],"VISIB":[7.0699997],"WDSP":[9.81],"WNDDIR":[209.3],"time":[1549364859]}