{"CLDC":[19.130001],"DEWP":[-7.03],"FRSHTT":[1000000],"PRCP":[0],"SLP":[1036.79],"SNDP":[0],"STP":[1036.9299],"TEMP":[-4.4],"VISIB":[3.6799998],"WDSP":[2.63],"WNDDIR":[250.3],"time":[1549364859]}