{"CLDC":[96.93001],"DEWP":[-3.6],"FRSHTT":[110000],"PRCP":[0.29999998],"SLP":[1005.2999],"SNDP":[1.3000001],"STP":[1005.1],"TEMP":[0.10000001],"VISIB":[23.22],"WDSP":[13.420001],"WNDDIR":[175.4],"time":[1549364860]}