{"CLDC":[64.47,64.57],"DEWP":[-5.23,-5.14],"FRSHTT":[1110000,1110000],"PRCP":[0.019999998,0.019999998],"SLP":[1020.50995,1020.6],"SNDP":[1.8999999,1.8999999],"STP":[1009.41,1009.27997],"TEMP":[-1.7,-1.74],"VISIB":[9.81,9.32],"WDSP":[14.729999,15.109999],"WNDDIR":[25.8,25.6],"time":[1549364857,1549364916]}