{"CLDC":[96.53999],"DEWP":[-2.6799998],"FRSHTT":[0],"PRCP":[0],"SLP":[1024.99],"SNDP":[0],"STP":[1039.6101],"TEMP":[1.89],"VISIB":[7.2599998],"WDSP":[8.92],"WNDDIR":[227],"time":[1549364857]}