{"CLDC":[53.419994,53.140003],"DEWP":[-4.7799997,-4.85],"FRSHTT":[1110000,1110000],"PRCP":[0.029999997,0.029999997],"SLP":[1016.6,1016.64],"SNDP":[0.29999998,0.29999998],"STP":[1014.1,1013.95],"TEMP":[-1.5400001,-1.5500001],"VISIB":[7.8600006,8.34],"WDSP":[10.309999,10.000001],"WNDDIR":[128.8,134.1],"time":[1549364857,1549364916]}