{"CLDC":[90.53],"DEWP":[-11.909999],"FRSHTT":[1000000],"PRCP":[0],"SLP":[1003.99005],"SNDP":[0],"STP":[1013.9],"TEMP":[-6.1499996],"VISIB":[11.069999],"WDSP":[4.76],"WNDDIR":[37.1],"time":[1549364860]}