{"CLDC":[52.25],"DEWP":[-3.8100002],"FRSHTT":[100000],"PRCP":[0.25],"SLP":[1017.2001],"SNDP":[0],"STP":[1017.24005],"TEMP":[0.20000002],"VISIB":[8.099999],"WDSP":[9],"WNDDIR":[272.8],"time":[1549364856]}