{"CLDC":[52.25,52.319996],"DEWP":[-3.8100002,-4.03],"FRSHTT":[100000,100000],"PRCP":[0.25,0.25],"SLP":[1017.2001,1017.2001],"SNDP":[0,0],"STP":[1017.24005,1017.32996],"TEMP":[0.20000002,0.20000002],"VISIB":[8.099999,8.2300005],"WDSP":[9,9.270001],"WNDDIR":[272.8,270.7],"time":[1549364856,1549364916]}