{"CLDC":[90.53,90.020004],"DEWP":[-11.909999,-11.909999],"FRSHTT":[1000000,1000000],"PRCP":[0,0],"SLP":[1003.99005,1003.75995],"SNDP":[0,0],"STP":[1013.9,1014.0301],"TEMP":[-6.1499996,-6.0799994],"VISIB":[11.069999,11.23],"WDSP":[4.76,4.6499996],"WNDDIR":[37.1,30.1],"time":[1549364860,1549364918]}