{"CLDC":[98.50001],"DEWP":[-0.79999995],"FRSHTT":[1100000],"PRCP":[0.09000001],"SLP":[1034.8099],"SNDP":[0],"STP":[964.7001],"TEMP":[-0.5],"VISIB":[1.2499999],"WDSP":[2.7000003],"WNDDIR":[165.6],"time":[1549364860]}