{"CLDC":[80.52],"DEWP":[-4.5],"FRSHTT":[100000],"PRCP":[0.09000001],"SLP":[1017.95],"SNDP":[0],"STP":[1018.94006],"TEMP":[0.6999999],"VISIB":[16.94],"WDSP":[9.440001],"WNDDIR":[145.9],"time":[1549364860]}