{"CLDC":[68.78999],"DEWP":[-5.24],"FRSHTT":[1110000],"PRCP":[0.059999995],"SLP":[1016.7001],"SNDP":[1.1999999],"STP":[1011.6],"TEMP":[-1.9399999],"VISIB":[8.31],"WDSP":[6.2799997],"WNDDIR":[298.5],"time":[1549364861]}