{"CLDC":[61.07],"DEWP":[-11.099999],"FRSHTT":[1010000],"PRCP":[0],"SLP":[977.1699],"SNDP":[9.300001],"STP":[977.52997],"TEMP":[-9.339999],"VISIB":[2.9699998],"WDSP":[2.4399998],"WNDDIR":[179.4],"time":[1549364861]}