{"CLDC":[61.07,61.480003],"DEWP":[-11.099999,-10.88],"FRSHTT":[1010000,1010000],"PRCP":[0,0],"SLP":[977.1699,976.93],"SNDP":[9.300001,9.300001],"STP":[977.52997,977.6],"TEMP":[-9.339999,-9.219999],"VISIB":[2.9699998,3.44],"WDSP":[2.4399998,2.3399997],"WNDDIR":[179.4,175.7],"time":[1549364861,1549364919]}