{"CLDC":[50.090004],"DEWP":[-4.76],"FRSHTT":[1100000],"PRCP":[0.019999998],"SLP":[1022.89],"SNDP":[0],"STP":[1055.81],"TEMP":[-1.34],"VISIB":[26.4],"WDSP":[13.57],"WNDDIR":[55.2],"time":[1549364859]}