{"CLDC":[85.729996],"DEWP":[-0.1],"FRSHTT":[100000],"PRCP":[0.059999995],"SLP":[1022.86993],"SNDP":[0],"STP":[1001.2999],"TEMP":[1.9],"VISIB":[15.55],"WDSP":[3.0300002],"WNDDIR":[138.7],"time":[1549364859]}