{"CLDC":[50.249992],"DEWP":[-6.2],"FRSHTT":[1110000],"PRCP":[0.07999999],"SLP":[1023.2001],"SNDP":[0.8000001],"STP":[1013.5],"TEMP":[-2.5700002],"VISIB":[10.530001],"WDSP":[8.450001],"WNDDIR":[332.7],"time":[1549364859]}