{"CLDC":[50.090004,50.200005],"DEWP":[-4.76,-4.94],"FRSHTT":[1100000,1100000],"PRCP":[0.019999998,0.019999998],"SLP":[1022.89,1022.7301],"SNDP":[0,0],"STP":[1055.81,1055.72],"TEMP":[-1.34,-1.36],"VISIB":[26.4,26.76],"WDSP":[13.57,13.5],"WNDDIR":[55.2,57.8],"time":[1549364859,1549364917]}