{"CLDC":[50.249992,50.130005],"DEWP":[-6.2,-6.3],"FRSHTT":[1110000,1110000],"PRCP":[0.07999999,0.07999999],"SLP":[1023.2001,1023.2101],"SNDP":[0.8000001,0.8000001],"STP":[1013.5,1013.93],"TEMP":[-2.5700002,-2.55],"VISIB":[10.530001,10.159999],"WDSP":[8.450001,8.809999],"WNDDIR":[332.7,334],"time":[1549364859,1549364917]}