{"CLDC":[50.04,50.03],"DEWP":[-4.3599997,-4.2799997],"FRSHTT":[1110000,1110000],"PRCP":[0.059999995,0.062],"SLP":[1021,1021],"SNDP":[0.9,0.9],"STP":[1017.42004,1017.6],"TEMP":[-1.78,-1.76],"VISIB":[7.19,7.249999],"WDSP":[10.08,10.2300005],"WNDDIR":[100.7,100.5],"time":[1549364859,1549364917]}