{"CLDC":[50.04],"DEWP":[-4.3599997],"FRSHTT":[1110000],"PRCP":[0.059999995],"SLP":[1021],"SNDP":[0.9],"STP":[1017.42004],"TEMP":[-1.78],"VISIB":[7.19],"WDSP":[10.08],"WNDDIR":[100.7],"time":[1549364859]}