{"CLDC":[75.72,75.64],"DEWP":[-5.2799997,-5.3599997],"FRSHTT":[1110000,1110000],"PRCP":[0.039999995,0.039999995],"SLP":[1021.2999,1021.2999],"SNDP":[0.6999999,0.6999999],"STP":[1005.65,1005.86993],"TEMP":[-1.3000001,-1.3000001],"VISIB":[15.01,15.49],"WDSP":[8.67,8.7],"WNDDIR":[39.2,40.7],"time":[1549364859,1549364917]}