{"CLDC":[50.090004,50.13],"DEWP":[-4.94,-5.1],"FRSHTT":[1110000,1110000],"PRCP":[0.039999995,0.039999995],"SLP":[1023.2001,1023.14],"SNDP":[0.9,0.9],"STP":[1014.5,1014.5],"TEMP":[-1.6600001,-1.6800001],"VISIB":[10.780001,10.030001],"WDSP":[7.4600005,8.089999],"WNDDIR":[37.3,34.6],"time":[1549364860,1549364918]}