{"CLDC":[87.170006],"DEWP":[-5.2000003],"FRSHTT":[1010000],"PRCP":[0],"SLP":[1016.2999],"SNDP":[1.1999999],"STP":[1023.25995],"TEMP":[-1.8],"VISIB":[13.55],"WDSP":[10.07],"WNDDIR":[94.8],"time":[1549364859]}