{"CLDC":[87.170006,86.829994],"DEWP":[-5.2000003,-5.5000005],"FRSHTT":[1010000,1010000],"PRCP":[0,0],"SLP":[1016.2999,1016.4],"SNDP":[1.1999999,1.1999999],"STP":[1023.25995,1022.88],"TEMP":[-1.8,-1.8],"VISIB":[13.55,14.159999],"WDSP":[10.07,11.000001],"WNDDIR":[94.8,96.3],"time":[1549364859,1549364917]}