{"CLDC":[74.56999],"DEWP":[-5.4700003],"FRSHTT":[100000],"PRCP":[0.050000004],"SLP":[1016.2999],"SNDP":[0],"STP":[1021.9],"TEMP":[2.15],"VISIB":[12.320002],"WDSP":[11.089999],"WNDDIR":[278.9],"time":[1549364856]}