{"CLDC":[50.04],"DEWP":[-4.7],"FRSHTT":[1110000],"PRCP":[0.039999995],"SLP":[1004.2899],"SNDP":[2],"STP":[998.5],"TEMP":[-2.53],"VISIB":[5.9000006],"WDSP":[6.85],"WNDDIR":[209],"time":[1549364861]}