{"CLDC":[50.130005],"DEWP":[-4.55],"FRSHTT":[1110000],"PRCP":[0.13],"SLP":[975.5],"SNDP":[13.300001],"STP":[984.65],"TEMP":[-1.85],"VISIB":[10.900001],"WDSP":[7.2400002],"WNDDIR":[126.2],"time":[1549364860]}