{"CLDC":[50.130005,50.26],"DEWP":[-4.55,-4.55],"FRSHTT":[1110000,1110000],"PRCP":[0.13,0.13],"SLP":[975.5,975.57996],"SNDP":[13.300001,13.300001],"STP":[984.65,984.41],"TEMP":[-1.85,-1.7900002],"VISIB":[10.900001,10.73],"WDSP":[7.2400002,7.28],"WNDDIR":[126.2,122.2],"time":[1549364860,1549364918]}