{"CLDC":[90.44001,90.509995],"DEWP":[-4.9999995,-5.0800004],"FRSHTT":[1110000,1110000],"PRCP":[0.07999999,0.07999999],"SLP":[1023.7101,1023.7],"SNDP":[1.8999999,1.8999999],"STP":[996.55,996.48],"TEMP":[-1.1600001,-1.1600001],"VISIB":[14.920001,15.340001],"WDSP":[6.08,5.8199997],"WNDDIR":[265.9,266.8],"time":[1549364861,1549364919]}