{"CLDC":[50.02],"DEWP":[-9.140001],"FRSHTT":[1110000],"PRCP":[0.10000001],"SLP":[985.61],"SNDP":[29.2],"STP":[985.7999],"TEMP":[-7.65],"VISIB":[17.5],"WDSP":[11.69],"WNDDIR":[236.6],"time":[1549364861]}