{"CLDC":[85.14,84.90001],"DEWP":[0.10999999,-0.01],"FRSHTT":[0,0],"PRCP":[0,0],"SLP":[992.4601,991.25],"SNDP":[0,0],"STP":[1009.7399,1007.93],"TEMP":[2.48,2.52],"VISIB":[8.500001,8.359999],"WDSP":[7.1099997,7.3899994],"WNDDIR":[23.9,23.1],"time":[1549364861,1549364919]}