{"CLDC":[50.02,50.090004],"DEWP":[-9.140001,-9.08],"FRSHTT":[1110000,1110000],"PRCP":[0.10000001,0.10000001],"SLP":[985.61,984.86],"SNDP":[29.2,29.2],"STP":[985.7999,985.7001],"TEMP":[-7.65,-7.589999],"VISIB":[17.5,17.42],"WDSP":[11.69,11.179999],"WNDDIR":[236.6,234],"time":[1549364861,1549364919]}