{"CLDC":[50.21],"DEWP":[-5.2799997],"FRSHTT":[1110000],"PRCP":[0.07999999],"SLP":[1023.17004],"SNDP":[2.5],"STP":[1009],"TEMP":[-1.8599999],"VISIB":[11.579999],"WDSP":[5.4600005],"WNDDIR":[289.6],"time":[1549364861]}