{"CLDC":[50.090004],"DEWP":[-7.1999993],"FRSHTT":[1110000],"PRCP":[0.14],"SLP":[1022.22003],"SNDP":[3.7999997],"STP":[974.9],"TEMP":[-4.02],"VISIB":[12.839999],"WDSP":[9.88],"WNDDIR":[174.5],"time":[1549364859]}