{"CLDC":[59.29],"DEWP":[-4.8],"FRSHTT":[100000],"PRCP":[0.21000001],"SLP":[1013.30994],"SNDP":[0],"STP":[1010.7999],"TEMP":[1.3499999],"VISIB":[10.910001],"WDSP":[7.22],"WNDDIR":[137.8],"time":[1549364855]}