{"CLDC":[50,50.05],"DEWP":[-7.1200004,-7.2599998],"FRSHTT":[1110000,1110000],"PRCP":[0.33999997,0.33999997],"SLP":[1023.82,1023.9],"SNDP":[4.5,4.5],"STP":[960.09,960.06995],"TEMP":[-1.13,-1.1500001],"VISIB":[18.309998,18.38],"WDSP":[11.55,11.609999],"WNDDIR":[8,11.3],"time":[1549364855,1549364915]}