{"CLDC":[50],"DEWP":[-7.1200004],"FRSHTT":[1110000],"PRCP":[0.33999997],"SLP":[1023.82],"SNDP":[4.5],"STP":[960.09],"TEMP":[-1.13],"VISIB":[18.309998],"WDSP":[11.55],"WNDDIR":[8],"time":[1549364855]}