{"CLDC":[59.29,59.53],"DEWP":[-4.8,-4.6000004],"FRSHTT":[100000,100000],"PRCP":[0.21000001,0.21000001],"SLP":[1013.30994,1012.7501],"SNDP":[0,0],"STP":[1010.7999,1010.7699],"TEMP":[1.3499999,1.3599999],"VISIB":[10.910001,10.870001],"WDSP":[7.22,7.6],"WNDDIR":[137.8,137.2],"time":[1549364855,1549364915]}