{"CLDC":[50.409996,50.590004],"DEWP":[-3.9,-4.14],"FRSHTT":[110000,110000],"PRCP":[0.22999999,0.22999999],"SLP":[1018.2999,1018.2999],"SNDP":[0.10000001,0.10000001],"STP":[1021.4,1021.7001],"TEMP":[0.85,0.87],"VISIB":[10.16,10.370001],"WDSP":[9.559999,9.6],"WNDDIR":[184.1,185.7],"time":[1549364857,1549364916]}