{"CLDC":[48.399998,48.42],"DEWP":[-10.6,-10.700001],"FRSHTT":[1000000,1000000],"PRCP":[0,0],"SLP":[1027,1027],"SNDP":[0,0],"STP":[977.5,977.5],"TEMP":[-3.6799998,-3.65],"VISIB":[11.67,11.54],"WDSP":[4.38,4.76],"WNDDIR":[60.6,58.9],"time":[1549364856,1549364916]}