{"CLDC":[87.079994,87.03],"DEWP":[-6.6400003,-7.0799994],"FRSHTT":[1110000,1110000],"PRCP":[0.029999997,0.029999997],"SLP":[1027.2999,1027.2001],"SNDP":[2.2000003,2.2000003],"STP":[980.6,980.75995],"TEMP":[-3.1700003,-3.1600003],"VISIB":[4.68,4.81],"WDSP":[7.0099998,6.65],"WNDDIR":[330.3,329.4],"time":[1549364860,1549364918]}