{"CLDC":[87.079994],"DEWP":[-6.6400003],"FRSHTT":[1110000],"PRCP":[0.029999997],"SLP":[1027.2999],"SNDP":[2.2000003],"STP":[980.6],"TEMP":[-3.1700003],"VISIB":[4.68],"WDSP":[7.0099998],"WNDDIR":[330.3],"time":[1549364860]}