{"CLDC":[5.79,5.8],"DEWP":[-2.02,-2.12],"FRSHTT":[0,0],"PRCP":[0,0],"SLP":[999.85,999.38],"SNDP":[0,0],"STP":[993.89,993.13995],"TEMP":[1,1.04],"VISIB":[10.249999,10.169999],"WDSP":[13.390001,14.910001],"WNDDIR":[132.7,136.6],"time":[1549364860,1549364918]}