{"CLDC":[53.660004],"DEWP":[-1.5],"FRSHTT":[0],"PRCP":[0],"SLP":[988.09015],"SNDP":[0],"STP":[996.85],"TEMP":[1.5],"VISIB":[9.08],"WDSP":[6.21],"WNDDIR":[51.2],"time":[1549364860]}