{"CLDC":[5.79],"DEWP":[-2.02],"FRSHTT":[0],"PRCP":[0],"SLP":[999.85],"SNDP":[0],"STP":[993.89],"TEMP":[1],"VISIB":[10.249999],"WDSP":[13.390001],"WNDDIR":[132.7],"time":[1549364860]}