{"CLDC":[66.83,66.829994],"DEWP":[-3.5800004,-3.7600002],"FRSHTT":[1110000,1110000],"PRCP":[0.19000001,0.19000001],"SLP":[1018.7999,1018.7999],"SNDP":[2,2],"STP":[933.5,933.4],"TEMP":[-1.27,-1.25],"VISIB":[15.2699995,14.799998],"WDSP":[13.099998,12.9800005],"WNDDIR":[72.5,70.2],"time":[1549364855,1549364915]}