{"CLDC":[50.090004],"DEWP":[-4.13],"FRSHTT":[1110000],"PRCP":[0.029999997],"SLP":[1017.7301],"SNDP":[0.20000002],"STP":[1006.2001],"TEMP":[-0.85],"VISIB":[7.79],"WDSP":[5.8],"WNDDIR":[68.1],"time":[1549364855]}