{"CLDC":[59.530006,59.630005],"DEWP":[-5.7800007,-5.7200003],"FRSHTT":[1000000,1000000],"PRCP":[0,0],"SLP":[1034.5,1034.5],"SNDP":[0,0],"STP":[1049.22,1051.8099],"TEMP":[-4.7799997,-4.7400002],"VISIB":[3.5100002,3.5899997],"WDSP":[3.6,3.7000003],"WNDDIR":[139.4,140.7],"time":[1549364855,1549364915]}