{"CLDC":[78.55,78.34],"DEWP":[-10.05,-9.96],"FRSHTT":[1100000,1100000],"PRCP":[0.28,0.28],"SLP":[1006.07996,1006.36],"SNDP":[0,0],"STP":[1000.88995,997.67004],"TEMP":[-7.38,-7.35],"VISIB":[33.82,34.94],"WDSP":[22.38,23.5],"WNDDIR":[204.3,199.9],"time":[1549364861,1549364919]}