{"CLDC":[14.250002,14.31],"DEWP":[1.2500001,1.25],"FRSHTT":[0,0],"PRCP":[0,0],"SLP":[991.07996,990.86993],"SNDP":[0,0],"STP":[1004.7001,1004.7101],"TEMP":[3.1499999,3.12],"VISIB":[10.559999,11.320001],"WDSP":[46.260002,46.39],"WNDDIR":[132.3,129.5],"time":[1549364855,1549364915]}