{"CLDC":[14.250002],"DEWP":[1.2500001],"FRSHTT":[0],"PRCP":[0],"SLP":[991.07996],"SNDP":[0],"STP":[1004.7001],"TEMP":[3.1499999],"VISIB":[10.559999],"WDSP":[46.260002],"WNDDIR":[132.3],"time":[1549364855]}