{"CLDC":[53.730003,53.99],"DEWP":[-4.16,-4.22],"FRSHTT":[1100000,1100000],"PRCP":[0.09000001,0.09000001],"SLP":[1028.5,1028.5],"SNDP":[0,0],"STP":[1038.48,1038.53],"TEMP":[-2.6200001,-2.52],"VISIB":[7.0099998,7.4900002],"WDSP":[6.4300003,6.38],"WNDDIR":[253.2,253.6],"time":[1549364855,1549364915]}