{"CLDC":[53.730003],"DEWP":[-4.16],"FRSHTT":[1100000],"PRCP":[0.09000001],"SLP":[1028.5],"SNDP":[0],"STP":[1038.48],"TEMP":[-2.6200001],"VISIB":[7.0099998],"WDSP":[6.4300003],"WNDDIR":[253.2],"time":[1549364855]}