{"CLDC":[81.02999],"DEWP":[-4.6699996],"FRSHTT":[1110000],"PRCP":[0.07999999],"SLP":[1018.7001],"SNDP":[2.2999997],"STP":[982],"TEMP":[-0.86],"VISIB":[12.990001],"WDSP":[4.4900002],"WNDDIR":[288.4],"time":[1549364858]}