{"CLDC":[81.02999,81.18001],"DEWP":[-4.6699996,-4.94],"FRSHTT":[1110000,1110000],"PRCP":[0.07999999,0.07999999],"SLP":[1018.7001,1018.7001],"SNDP":[2.2999997,2.2999997],"STP":[982,981.9],"TEMP":[-0.86,-0.86],"VISIB":[12.990001,13.2300005],"WDSP":[4.4900002,4.4300003],"WNDDIR":[288.4,290.5],"time":[1549364858,1549364916]}