{"CLDC":[65.31999,65.28999],"DEWP":[-8.18,-8.05],"FRSHTT":[1110000,1110000],"PRCP":[0.050000004,0.050000004],"SLP":[1017.4,1017.37],"SNDP":[2.7000003,2.7000003],"STP":[988.1,988.1501],"TEMP":[-3.8200002,-3.8200002],"VISIB":[8.86,9.309999],"WDSP":[7.8300004,8.8],"WNDDIR":[275.9,276.7],"time":[1549364855,1549364915]}