{"CLDC":[65.31999],"DEWP":[-8.18],"FRSHTT":[1110000],"PRCP":[0.050000004],"SLP":[1017.4],"SNDP":[2.7000003],"STP":[988.1],"TEMP":[-3.8200002],"VISIB":[8.86],"WDSP":[7.8300004],"WNDDIR":[275.9],"time":[1549364855]}