{"CLDC":[71.43001],"DEWP":[-2.3899999],"FRSHTT":[110000],"PRCP":[0.16999999],"SLP":[1007.4],"SNDP":[0.20000002],"STP":[1009.43],"TEMP":[0.60999995],"VISIB":[36.309998],"WDSP":[34.69],"WNDDIR":[241.3],"time":[1549364858]}