{"CLDC":[84.33],"DEWP":[0.11],"FRSHTT":[100000],"PRCP":[0.21000001],"SLP":[1002.7001],"SNDP":[0],"STP":[1008.6],"TEMP":[1.9200001],"VISIB":[29.52],"WDSP":[33.87],"WNDDIR":[161.4],"time":[1549364858]}