{"CLDC":[84.33,84.37001],"DEWP":[0.11,0.050000004],"FRSHTT":[100000,100000],"PRCP":[0.21000001,0.21000001],"SLP":[1002.7001,1002.7001],"SNDP":[0,0],"STP":[1008.6,1008.63],"TEMP":[1.9200001,1.85],"VISIB":[29.52,29.929998],"WDSP":[33.87,35.989998],"WNDDIR":[161.4,156.9],"time":[1549364858,1549364917]}