{"CLDC":[50.100002,50.369995],"DEWP":[-4.1000004,-4.1500006],"FRSHTT":[1110000,1110000],"PRCP":[0.15999998,0.15999998],"SLP":[1010.6,1010.6],"SNDP":[0.10000001,0.10000001],"STP":[1007.5,1007.5],"TEMP":[-0.9599999,-0.96000004],"VISIB":[12.71,12.089999],"WDSP":[18.539999,18.99],"WNDDIR":[291.1,292.8],"time":[1549364859,1549364917]}