{"CLDC":[50],"DEWP":[-7.9199996],"FRSHTT":[1110000],"PRCP":[0.38999996],"SLP":[915.05994],"SNDP":[9.699999],"STP":[916.1],"TEMP":[-1.24],"VISIB":[35.57],"WDSP":[11.309999],"WNDDIR":[148.7],"time":[1549364859]}