{"CLDC":[64.53,64.939995],"DEWP":[-5.85,-5.63],"FRSHTT":[1110000,1110000],"PRCP":[0.07999999,0.07999999],"SLP":[1020.1,1020.1],"SNDP":[1.7,1.7],"STP":[994.9,994.9],"TEMP":[-1.2700001,-1.26],"VISIB":[21.079998,21.100002],"WDSP":[8.589999,8.71],"WNDDIR":[28.8,26.8],"time":[1549364859,1549364918]}