{"CLDC":[64.53],"DEWP":[-5.85],"FRSHTT":[1110000],"PRCP":[0.07999999],"SLP":[1020.1],"SNDP":[1.7],"STP":[994.9],"TEMP":[-1.2700001],"VISIB":[21.079998],"WDSP":[8.589999],"WNDDIR":[28.8],"time":[1549364859]}