{"CLDC":[50.15],"DEWP":[-5.600001],"FRSHTT":[1110000],"PRCP":[0.07],"SLP":[1020.1],"SNDP":[1.1999999],"STP":[1006.9],"TEMP":[-0.59999996],"VISIB":[19.79],"WDSP":[9.49],"WNDDIR":[81.7],"time":[1549364858]}