{"CLDC":[50.07],"DEWP":[-6.0299997],"FRSHTT":[1110000],"PRCP":[0.13],"SLP":[1021.2999],"SNDP":[1.8999999],"STP":[1003.24005],"TEMP":[-1.38],"VISIB":[10.67],"WDSP":[8.509999],"WNDDIR":[10.2],"time":[1549364858]}