{"CLDC":[97.34],"DEWP":[-6.59],"FRSHTT":[1110000],"PRCP":[0.009999999],"SLP":[1017.4499],"SNDP":[1],"STP":[1004.97003],"TEMP":[-3.01],"VISIB":[10.370001],"WDSP":[8.409999],"WNDDIR":[229.6],"time":[1549364857]}