{"CLDC":[50.15,50.050003],"DEWP":[-5.600001,-5.3000007],"FRSHTT":[1110000,1110000],"PRCP":[0.07,0.07],"SLP":[1020.1,1020.1],"SNDP":[1.1999999,1.1999999],"STP":[1006.9,1006.9],"TEMP":[-0.59999996,-0.59999996],"VISIB":[19.79,20.38],"WDSP":[9.49,8.76],"WNDDIR":[81.7,78.3],"time":[1549364858,1549364916]}