{"CLDC":[50.07,50.150005],"DEWP":[-6.0299997,-6.03],"FRSHTT":[1110000,1110000],"PRCP":[0.13,0.13],"SLP":[1021.2999,1021.2999],"SNDP":[1.8999999,1.8999999],"STP":[1003.24005,1003.2001],"TEMP":[-1.38,-1.4399999],"VISIB":[10.67,10.820001],"WDSP":[8.509999,8.33],"WNDDIR":[10.2,10.6],"time":[1549364858,1549364916]}