{"CLDC":[97.34,97.3],"DEWP":[-6.59,-7.2400002],"FRSHTT":[1110000,1110000],"PRCP":[0.009999999,0.009999999],"SLP":[1017.4499,1017.45996],"SNDP":[1,1],"STP":[1004.97003,1004.82],"TEMP":[-3.01,-3.06],"VISIB":[10.370001,10.820001],"WDSP":[8.409999,7.8900003],"WNDDIR":[229.6,232.5],"time":[1549364857,1549364916]}