{"CLDC":[50.349995],"DEWP":[-6.319999],"FRSHTT":[1110000],"PRCP":[0.07999999],"SLP":[1019.45996],"SNDP":[3],"STP":[998.5],"TEMP":[-2.05],"VISIB":[18.329998],"WDSP":[8.33],"WNDDIR":[287.7],"time":[1549364858]}