{"CLDC":[50.349995,50.409996],"DEWP":[-6.319999,-6.54],"FRSHTT":[1110000,1110000],"PRCP":[0.07999999,0.07999999],"SLP":[1019.45996,1019.4],"SNDP":[3,3],"STP":[998.5,998.5],"TEMP":[-2.05,-2.06],"VISIB":[18.329998,18.060001],"WDSP":[8.33,8.01],"WNDDIR":[287.7,291],"time":[1549364858,1549364916]}