{"CLDC":[74.91001],"DEWP":[-5.0800004],"FRSHTT":[0],"PRCP":[0],"SLP":[1027],"SNDP":[0],"STP":[1009.4],"TEMP":[0.47000003],"VISIB":[8.609999],"WDSP":[8.219999],"WNDDIR":[56.9],"time":[1549364857]}