{"CLDC":[50.100002,50.190006],"DEWP":[-5.3599997,-5.2],"FRSHTT":[110000,110000],"PRCP":[0.10000001,0.10000001],"SLP":[1019.6,1019.6],"SNDP":[3.2000003,3.2000003],"STP":[987.2001,987.2001],"TEMP":[0.20000002,0.20000002],"VISIB":[14.770001,15.039999],"WDSP":[16.630001,16.3],"WNDDIR":[153.9,154.7],"time":[1549364857,1549364916]}