{"CLDC":[50.100002],"DEWP":[-5.3599997],"FRSHTT":[110000],"PRCP":[0.10000001],"SLP":[1019.6],"SNDP":[3.2000003],"STP":[987.2001],"TEMP":[0.20000002],"VISIB":[14.770001],"WDSP":[16.630001],"WNDDIR":[153.9],"time":[1549364857]}