{"CLDC":[74.91001,75.28],"DEWP":[-5.0800004,-5.08],"FRSHTT":[0,0],"PRCP":[0,0],"SLP":[1027,1026.9001],"SNDP":[0,0],"STP":[1009.4,1009.41003],"TEMP":[0.47000003,0.40000004],"VISIB":[8.609999,8.6],"WDSP":[8.219999,7.7],"WNDDIR":[56.9,58.6],"time":[1549364857,1549364916]}