{"CLDC":[62.909996],"DEWP":[-5.13],"FRSHTT":[1110000],"PRCP":[0.059999995],"SLP":[1017.9],"SNDP":[1.1000001],"STP":[998.7001],"TEMP":[-0.95],"VISIB":[17.65],"WDSP":[7.3000007],"WNDDIR":[221.2],"time":[1549364857]}