{"CLDC":[68.24999,69.07],"DEWP":[-3.1999998,-3.12],"FRSHTT":[110000,110000],"PRCP":[0.18000002,0.18000002],"SLP":[1009.9,1009.97003],"SNDP":[0.59999996,0.61999995],"STP":[1005.17004,1005.2799],"TEMP":[0,0],"VISIB":[26.74,26.540003],"WDSP":[27.309998,27.49],"WNDDIR":[347.1,345.6],"time":[1549364859,1549364917]}