{"CLDC":[32.630005,32.870003],"DEWP":[2.85,2.75],"FRSHTT":[0,0],"PRCP":[0,0],"SLP":[1021.9,1021.7001],"SNDP":[0,0],"STP":[1011.2399,1011.2699],"TEMP":[3.6199996,3.5899997],"VISIB":[5.2400002,5.83],"WDSP":[6.1400003,6.4900002],"WNDDIR":[108,108.5],"time":[1549364858,1549364916]}