{"CLDC":[63.590004,63.680004],"DEWP":[-0.66,-0.57000005],"FRSHTT":[0,0],"PRCP":[0,0],"SLP":[1022.57996,1022.7001],"SNDP":[0,0],"STP":[1011.4801,1011.69006],"TEMP":[2.4199998,2.51],"VISIB":[12.59,12.49],"WDSP":[9.9,9.89],"WNDDIR":[240.8,239.8],"time":[1549364858,1549364916]}