{"CLDC":[63.590004],"DEWP":[-0.66],"FRSHTT":[0],"PRCP":[0],"SLP":[1022.57996],"SNDP":[0],"STP":[1011.4801],"TEMP":[2.4199998],"VISIB":[12.59],"WDSP":[9.9],"WNDDIR":[240.8],"time":[1549364858]}