{"CLDC":[65.97],"DEWP":[-7.649999],"FRSHTT":[1100000],"PRCP":[0.14],"SLP":[1019.4],"SNDP":[0],"STP":[983.57996],"TEMP":[-0.64],"VISIB":[22.640001],"WDSP":[7.250001],"WNDDIR":[182.7],"time":[1549364860]}