{"CLDC":[88.81999,88.72],"DEWP":[-8.9,-9.08],"FRSHTT":[0,0],"PRCP":[0,0],"SLP":[1028.2999,1028.3801],"SNDP":[0,0],"STP":[1051.63,1051.47],"TEMP":[0.96999997,0.93999994],"VISIB":[20.570002,20.54],"WDSP":[8.890001,8.72],"WNDDIR":[184.4,178.8],"time":[1549364860,1549364918]}