{"CLDC":[50.200005,50.530003],"DEWP":[-4.8299994,-4.919999],"FRSHTT":[100000,100000],"PRCP":[0.029999997,0.029999997],"SLP":[1016.62,1016.36],"SNDP":[0,0],"STP":[1010.5399,1010.65],"TEMP":[0.40000004,0.40000004],"VISIB":[9.12,8.640001],"WDSP":[10.840001,10.230001],"WNDDIR":[273.9,267.7],"time":[1549364860,1549364918]}