{"CLDC":[88.81999],"DEWP":[-8.9],"FRSHTT":[0],"PRCP":[0],"SLP":[1028.2999],"SNDP":[0],"STP":[1051.63],"TEMP":[0.96999997],"VISIB":[20.570002],"WDSP":[8.890001],"WNDDIR":[184.4],"time":[1549364860]}