{"CLDC":[50.120003],"DEWP":[-0.87999994],"FRSHTT":[100000],"PRCP":[0.07],"SLP":[1018.7899],"SNDP":[0],"STP":[1012.4],"TEMP":[4.78],"VISIB":[16.41],"WDSP":[12.49],"WNDDIR":[76.5],"time":[1549364861]}