{"CLDC":[63.22,63.4],"DEWP":[-9.15,-9.18],"FRSHTT":[1110000,1110000],"PRCP":[0.16999999,0.16999999],"SLP":[834.30994,834.43],"SNDP":[49,49.100002],"STP":[837,836.9],"TEMP":[-4.12,-4.2099996],"VISIB":[11.38,12.34],"WDSP":[28.539999,28.230001],"WNDDIR":[259.2,259.3],"time":[1549364861,1549364919]}