{"CLDC":[84.36],"DEWP":[-2.6399999],"FRSHTT":[100000],"PRCP":[0.050000004],"SLP":[1018.7001],"SNDP":[0],"STP":[1015.48],"TEMP":[3.0300002],"VISIB":[20.5],"WDSP":[12.789999],"WNDDIR":[103.1],"time":[1549364861]}