{"CLDC":[50.15],"DEWP":[-5.48],"FRSHTT":[1110000],"PRCP":[0.19000001],"SLP":[1019.7001],"SNDP":[4.2000003],"STP":[979.50995],"TEMP":[-0.40000004],"VISIB":[12],"WDSP":[7.2299995],"WNDDIR":[258.6],"time":[1549364861]}