{"CLDC":[50.15,50.279995],"DEWP":[-5.48,-5.3199997],"FRSHTT":[1110000,1110000],"PRCP":[0.19000001,0.19000001],"SLP":[1019.7001,1019.7001],"SNDP":[4.2000003,4.2000003],"STP":[979.50995,979.6],"TEMP":[-0.40000004,-0.40000004],"VISIB":[12,11.55],"WDSP":[7.2299995,6.5699997],"WNDDIR":[258.6,260.6],"time":[1549364861,1549364918]}