{"CLDC":[50.389996,50.54],"DEWP":[-5.48,-5.4],"FRSHTT":[100000,100000],"PRCP":[0.050000004,0.050000004],"SLP":[1019.63007,1019.7999],"SNDP":[0,0],"STP":[1017.08997,1017.1],"TEMP":[2.42,2.3899999],"VISIB":[15.479999,15.259999],"WDSP":[11.53,11.539999],"WNDDIR":[80,81.7],"time":[1549364861,1549364919]}