{"CLDC":[50.55,50.299995],"DEWP":[-6.56,-6.65],"FRSHTT":[1110000,1110000],"PRCP":[0.11,0.11],"SLP":[1021.07,1021],"SNDP":[3.7999997,3.7999997],"STP":[952.2999,952.36],"TEMP":[-1.5799999,-1.6],"VISIB":[13.280001,12.32],"WDSP":[6.9799995,7.6099997],"WNDDIR":[230.4,232.2],"time":[1549364859,1549364917]}