{"CLDC":[84.509995],"DEWP":[-1.3100001],"FRSHTT":[0],"PRCP":[0],"SLP":[1029.5],"SNDP":[0],"STP":[1017.98],"TEMP":[2.13],"VISIB":[22.759998],"WDSP":[13.719999],"WNDDIR":[112.4],"time":[1549364860]}