{"CLDC":[67.95],"DEWP":[-4.25],"FRSHTT":[1110000],"PRCP":[0.34999996],"SLP":[1008.9],"SNDP":[9.400001],"STP":[999.2001],"TEMP":[-1.4399998],"VISIB":[46.25],"WDSP":[19.519999],"WNDDIR":[129.8],"time":[1549364860]}