{"CLDC":[95.97001],"DEWP":[-3.8600001],"FRSHTT":[100000],"PRCP":[0.07],"SLP":[1019.08997],"SNDP":[0],"STP":[1018.4],"TEMP":[2.8600001],"VISIB":[16.609999],"WDSP":[9.740001],"WNDDIR":[345.3],"time":[1549364860]}