{"CLDC":[84.509995,84.46001],"DEWP":[-1.3100001,-1.2500001],"FRSHTT":[0,0],"PRCP":[0,0],"SLP":[1029.5,1029.4001],"SNDP":[0,0],"STP":[1017.98,1017.27997],"TEMP":[2.13,2.16],"VISIB":[22.759998,23.189999],"WDSP":[13.719999,15.089999],"WNDDIR":[112.4,112.4],"time":[1549364860,1549364918]}