{"CLDC":[95.97001,96.009995],"DEWP":[-3.8600001,-3.8500004],"FRSHTT":[100000,100000],"PRCP":[0.07,0.07],"SLP":[1019.08997,1018.91],"SNDP":[0,0],"STP":[1018.4,1018.49005],"TEMP":[2.8600001,2.8500001],"VISIB":[16.609999,16.59],"WDSP":[9.740001,9.910001],"WNDDIR":[345.3,344.4],"time":[1549364860,1549364918]}