{"CLDC":[51.230003],"DEWP":[-3.5399997],"FRSHTT":[0],"PRCP":[0],"SLP":[1012.5],"SNDP":[0],"STP":[1003.5],"TEMP":[1.3999999],"VISIB":[10.05],"WDSP":[10.910001],"WNDDIR":[236.5],"time":[1549364860]}