{"CLDC":[50.010002,50.489998],"DEWP":[-4.3599997,-4.3599997],"FRSHTT":[100000,100000],"PRCP":[0.11999999,0.11999999],"SLP":[1018.1,1018.05],"SNDP":[0,0],"STP":[1008.9,1009],"TEMP":[2.56,2.5800002],"VISIB":[24.93,25.960001],"WDSP":[17.89,18.16],"WNDDIR":[112.9,108.8],"time":[1549364860,1549364918]}