{"CLDC":[50.02,50.250004],"DEWP":[-1.5999999,-1.6999998],"FRSHTT":[100000,100000],"PRCP":[0.19000001,0.19000001],"SLP":[1017.97003,1018.08997],"SNDP":[0,0],"STP":[1015,1015.08997],"TEMP":[4.0800004,4.1400003],"VISIB":[30.179998,30.819998],"WDSP":[12.150001,13.280001],"WNDDIR":[281.5,287.5],"time":[1549364861,1549364919]}