{"CLDC":[72.73,72.73],"DEWP":[-7.2700005,-7.3600006],"FRSHTT":[110000,110000],"PRCP":[0.11999999,0.11999999],"SLP":[1019.52997,1019.63],"SNDP":[0.10000001,0.10000001],"STP":[987.99005,988],"TEMP":[0.55,0.52],"VISIB":[21.99,21.399998],"WDSP":[20.289999,19.55],"WNDDIR":[74.5,77.3],"time":[1549364861,1549364919]}