{"CLDC":[50.369995,50.180004],"DEWP":[-3.0499997,-2.9999995],"FRSHTT":[100000,100000],"PRCP":[0.31999996,0.32399994],"SLP":[1016.48,1016.42004],"SNDP":[0,0],"STP":[1000.88,1000.9],"TEMP":[4.58,4.5800004],"VISIB":[21.600002,22.21],"WDSP":[17.07,16.67],"WNDDIR":[215.1,217],"time":[1549364861,1549364919]}