{"CLDC":[50.250004],"DEWP":[-3.65],"FRSHTT":[100000],"PRCP":[0.36000004],"SLP":[1017.25],"SNDP":[0],"STP":[1014.7999],"TEMP":[3.8600001],"VISIB":[14.629999],"WDSP":[13.360001],"WNDDIR":[294.7],"time":[1549364861]}