{"CLDC":[51.160007,51.47],"DEWP":[-4.2799997,-4.2799997],"FRSHTT":[100000,100000],"PRCP":[0.11999999,0.11999999],"SLP":[1014.7001,1014.7001],"SNDP":[0,0],"STP":[1011.2001,1011.2001],"TEMP":[2.48,2.4999998],"VISIB":[12.2300005,11.76],"WDSP":[12.300001,12.4],"WNDDIR":[5.7,10.3],"time":[1549364861,1549364919]}