{"CLDC":[50.02],"DEWP":[-1.5999999],"FRSHTT":[100000],"PRCP":[0.19000001],"SLP":[1017.97003],"SNDP":[0],"STP":[1015],"TEMP":[4.0800004],"VISIB":[30.179998],"WDSP":[12.150001],"WNDDIR":[281.5],"time":[1549364861]}