{"CLDC":[79.09,78.85001],"DEWP":[-9.139999,-9.099999],"FRSHTT":[0,0],"PRCP":[0,0],"SLP":[1025.58,1025.7301],"SNDP":[0,0],"STP":[1002.5,1002.6],"TEMP":[1.54,1.5200001],"VISIB":[19.439999,19.43],"WDSP":[10.68,10.25],"WNDDIR":[311,309.8],"time":[1549364861,1549364919]}