{"CLDC":[50.249996],"DEWP":[-3.5000005],"FRSHTT":[100000],"PRCP":[0.79],"SLP":[1018.61993],"SNDP":[0],"STP":[1018.19006],"TEMP":[2.6999998],"VISIB":[19.9],"WDSP":[13.75],"WNDDIR":[320.4],"time":[1549364859]}