{"CLDC":[50.249996,50.519997],"DEWP":[-3.5000005,-3.5999997],"FRSHTT":[100000,100000],"PRCP":[0.79,0.79],"SLP":[1018.61993,1018.61993],"SNDP":[0,0],"STP":[1018.19006,1018.19006],"TEMP":[2.6999998,2.6999998],"VISIB":[19.9,20.25],"WDSP":[13.75,14.92],"WNDDIR":[320.4,321.7],"time":[1549364859,1549364917]}