{"CLDC":[54.93,54.940002],"DEWP":[-0.65000004,-0.5500001],"FRSHTT":[100000,100000],"PRCP":[0.45,0.45],"SLP":[1017.30994,1017.2999],"SNDP":[0,0],"STP":[1010.7201,1010.82996],"TEMP":[5.6399994,5.72],"VISIB":[20.939999,20.740002],"WDSP":[17.329998,17.07],"WNDDIR":[37,38],"time":[1549364859,1549364917]}