{"CLDC":[54.93],"DEWP":[-0.65000004],"FRSHTT":[100000],"PRCP":[0.45],"SLP":[1017.30994],"SNDP":[0],"STP":[1010.7201],"TEMP":[5.6399994],"VISIB":[20.939999],"WDSP":[17.329998],"WNDDIR":[37],"time":[1549364859]}