{"CLDC":[72.810005,72.880005],"DEWP":[-3.14,-2.96],"FRSHTT":[1100000,1100000],"PRCP":[0.15999998,0.15999998],"SLP":[1009,1009],"SNDP":[0,0],"STP":[1011.12,1010.7399],"TEMP":[-0.10000001,-0.10000001],"VISIB":[34.14,33.670002],"WDSP":[27.24,28.73],"WNDDIR":[306,307.8],"time":[1549364860,1549364918]}