{"CLDC":[72.810005],"DEWP":[-3.14],"FRSHTT":[1100000],"PRCP":[0.15999998],"SLP":[1009],"SNDP":[0],"STP":[1011.12],"TEMP":[-0.10000001],"VISIB":[34.14],"WDSP":[27.24],"WNDDIR":[306],"time":[1549364860]}