{"CLDC":[73.299995,73.41],"DEWP":[-5.54,-5.54],"FRSHTT":[1110000,1110000],"PRCP":[0.20000002,0.20000002],"SLP":[1004.5,1004.6],"SNDP":[2.5,2.5],"STP":[1003.7999,1003.89],"TEMP":[-2.18,-2.2599998],"VISIB":[11.58,11.679999],"WDSP":[15.65,14.9],"WNDDIR":[332.6,330],"time":[1549364860,1549364918]}