{"CLDC":[50.080006,50.37],"DEWP":[-12.8,-12.74],"FRSHTT":[1110000,1110000],"PRCP":[0.11,0.11],"SLP":[802.61005,802.59],"SNDP":[59.6,59.700005],"STP":[790.89996,790.89996],"TEMP":[-7.96,-8.000001],"VISIB":[24.13,23.73],"WDSP":[45.749996,43.919994],"WNDDIR":[178.1,176.4],"time":[1549364855,1549364915]}