{"CLDC":[50.080006],"DEWP":[-12.8],"FRSHTT":[1110000],"PRCP":[0.11],"SLP":[802.61005],"SNDP":[59.6],"STP":[790.89996],"TEMP":[-7.96],"VISIB":[24.13],"WDSP":[45.749996],"WNDDIR":[178.1],"time":[1549364855]}