{"CLDC":[50,50.130005],"DEWP":[-10.14,-10.26],"FRSHTT":[1110000,1110000],"PRCP":[0.07,0.07],"SLP":[1024.5999,1024.65],"SNDP":[0.9,0.9],"STP":[945.2001,945.2001],"TEMP":[-5.8799996,-5.8599997],"VISIB":[9.71,9.53],"WDSP":[6.5699997,6.62],"WNDDIR":[55.5,55.3],"time":[1549364855,1549364915]}