{"CLDC":[53.05,53],"DEWP":[-2.8899999,-2.98],"FRSHTT":[100000,100000],"PRCP":[0.11999999,0.11999999],"SLP":[1007.9,1007.9],"SNDP":[0,0],"STP":[1009.2999,1009.2999],"TEMP":[0.20000002,0.20000002],"VISIB":[26.36,26.220001],"WDSP":[37.14,37.450005],"WNDDIR":[193.1,191.1],"time":[1549364860,1549364918]}