{"CLDC":[50],"DEWP":[-10.14],"FRSHTT":[1110000],"PRCP":[0.07],"SLP":[1024.5999],"SNDP":[0.9],"STP":[945.2001],"TEMP":[-5.8799996],"VISIB":[9.71],"WDSP":[6.5699997],"WNDDIR":[55.5],"time":[1549364855]}