{"CLDC":[89.98],"DEWP":[-3.6799998],"FRSHTT":[1100000],"PRCP":[0.059999995],"SLP":[1009.2101],"SNDP":[0],"STP":[1009.17004],"TEMP":[-0.7500001],"VISIB":[20.759998],"WDSP":[29.59],"WNDDIR":[305.6],"time":[1549364861]}