{"CLDC":[63.059998],"DEWP":[-1.72],"FRSHTT":[0],"PRCP":[0],"SLP":[992.1],"SNDP":[0],"STP":[1025.72],"TEMP":[2.3200002],"VISIB":[9.99],"WDSP":[12.61],"WNDDIR":[230.1],"time":[1549364861]}