{"CLDC":[63.059998,63.919994],"DEWP":[-1.72,-1.9200001],"FRSHTT":[0,0],"PRCP":[0,0],"SLP":[992.1,992.23],"SNDP":[0,0],"STP":[1025.72,1026.07],"TEMP":[2.3200002,2.35],"VISIB":[9.99,10.059999],"WDSP":[12.61,11.34],"WNDDIR":[230.1,229.6],"time":[1549364861,1549364918]}