{"CLDC":[50.1,50.160004],"DEWP":[-3.58,-3.5],"FRSHTT":[1110000,1110000],"PRCP":[0.039999995,0.039999995],"SLP":[1016.4,1016.4],"SNDP":[2.2000003,2.2000003],"STP":[998.2999,998.2001],"TEMP":[-2.1100001,-2.11],"VISIB":[7.79,7.62],"WDSP":[2.8899996,2.6000001],"WNDDIR":[287.3,286.7],"time":[1549364860,1549364918]}