{"CLDC":[50.010002,50.210003],"DEWP":[-6.2799997,-6.24],"FRSHTT":[1110000,1110000],"PRCP":[0.029999997,0.029999997],"SLP":[1013.2999,1013.2999],"SNDP":[1.1000001,1.1000001],"STP":[1009.2799,1009.55],"TEMP":[-4.1,-4.05],"VISIB":[8.15,8.410001],"WDSP":[7.7299995,7.19],"WNDDIR":[323.2,321.7],"time":[1549364860,1549364918]}