{"CLDC":[50,50.189995],"DEWP":[-3.9599998,-3.9599998],"FRSHTT":[1010000,1010000],"PRCP":[0,0],"SLP":[1007.2301,1007.32996],"SNDP":[1.5,1.5],"STP":[1000.09,1000],"TEMP":[-2.4499998,-2.4599998],"VISIB":[9.210001,9.01],"WDSP":[6.16,6.35],"WNDDIR":[203.8,202.4],"time":[1549364860,1549364918]}