{"CLDC":[89.33],"DEWP":[-5.2],"FRSHTT":[1010000],"PRCP":[0],"SLP":[1002.7001],"SNDP":[1.1999999],"STP":[992.77997],"TEMP":[-3.1199996],"VISIB":[7.78],"WDSP":[13.410001],"WNDDIR":[342.7],"time":[1549364861]}