{"CLDC":[50.100002,50.180004],"DEWP":[-5.62,-5.7999997],"FRSHTT":[1110000,1110000],"PRCP":[0.029999997,0.029999997],"SLP":[1017.1,1017.1],"SNDP":[0.8000001,0.8000001],"STP":[1004.64,1004.6],"TEMP":[-2.52,-2.64],"VISIB":[7.2799997,7.589999],"WDSP":[10.67,10.410001],"WNDDIR":[129.5,129.5],"time":[1549364860,1549364918]}