{"CLDC":[89.33,88.990005],"DEWP":[-5.2,-5.2],"FRSHTT":[1010000,1010000],"PRCP":[0,0],"SLP":[1002.7001,1002.75],"SNDP":[1.1999999,1.1999999],"STP":[992.77997,992.98],"TEMP":[-3.1199996,-3.2099998],"VISIB":[7.78,8.099999],"WDSP":[13.410001,13.370001],"WNDDIR":[342.7,343],"time":[1549364861,1549364919]}