{"CLDC":[50.48],"DEWP":[-4.34],"FRSHTT":[1110000],"PRCP":[0.039999995],"SLP":[1009.32],"SNDP":[0.9],"STP":[1010.4899],"TEMP":[-2.9599998],"VISIB":[7.1800003],"WDSP":[12.33],"WNDDIR":[165],"time":[1549364859]}