{"CLDC":[50.48,50.680004],"DEWP":[-4.34,-4.4800005],"FRSHTT":[1110000,1110000],"PRCP":[0.039999995,0.039999995],"SLP":[1009.32,1009.12],"SNDP":[0.9,0.9],"STP":[1010.4899,1010.73],"TEMP":[-2.9599998,-2.9299998],"VISIB":[7.1800003,7.4000006],"WDSP":[12.33,13.029999],"WNDDIR":[165,167.9],"time":[1549364859,1549364917]}