{"CLDC":[50.37],"DEWP":[-7.4499993],"FRSHTT":[1110000],"PRCP":[0.07999999],"SLP":[879.2601],"SNDP":[17],"STP":[880],"TEMP":[-6.8100004],"VISIB":[11.56],"WDSP":[34.5],"WNDDIR":[327.4],"time":[1549364855]}