{"CLDC":[85.59999,85.810005],"DEWP":[-5.73,-5.64],"FRSHTT":[1110000,1110000],"PRCP":[0.009999999,0.009999999],"SLP":[1021.2999,1021.2999],"SNDP":[1,1],"STP":[979.7001,979.7001],"TEMP":[-2.9499998,-2.9199998],"VISIB":[7.88,8.289999],"WDSP":[5.6699996,5.35],"WNDDIR":[102.8,102.8],"time":[1549364856,1549364915]}