{"CLDC":[50.070004,50.04],"DEWP":[-3.8,-3.7999997],"FRSHTT":[1110000,1110000],"PRCP":[0.009999999,0.009999999],"SLP":[1012.4,1012.4],"SNDP":[1,1],"STP":[993.47003,993.69006],"TEMP":[-1.9200001,-1.9100001],"VISIB":[6.1400003,6.2400002],"WDSP":[5.5899997,5.22],"WNDDIR":[190.9,191.3],"time":[1549364860,1549364918]}