{"CLDC":[50.090004,50.100002],"DEWP":[-4.29,-4.18],"FRSHTT":[1110000,1110000],"PRCP":[0.009999999,0.009999999],"SLP":[1017.4,1017.2999],"SNDP":[1.8,1.8],"STP":[994,994.05994],"TEMP":[-1.9199998,-1.9],"VISIB":[5.97,6.5699997],"WDSP":[10.91,11.569999],"WNDDIR":[184,184.8],"time":[1549364860,1549364918]}