{"CLDC":[77.21001],"DEWP":[-4.93],"FRSHTT":[1010000],"PRCP":[0],"SLP":[946.37],"SNDP":[0.9],"STP":[945.2999],"TEMP":[-4.1600003],"VISIB":[2.31],"WDSP":[2.18],"WNDDIR":[47.8],"time":[1549364861]}