{"CLDC":[77.21001,77.03999],"DEWP":[-4.93,-4.93],"FRSHTT":[1010000,1010000],"PRCP":[0,0],"SLP":[946.37,945.36993],"SNDP":[0.9,0.9],"STP":[945.2999,945.2001],"TEMP":[-4.1600003,-4.15],"VISIB":[2.31,2.5300002],"WDSP":[2.18,2.1000001],"WNDDIR":[47.8,45.7],"time":[1549364861,1549364918]}