{"CLDC":[92.5],"DEWP":[-3.3600001],"FRSHTT":[1010000],"PRCP":[0],"SLP":[1016.75995],"SNDP":[5.5],"STP":[995.19006],"TEMP":[-1.74],"VISIB":[2.98],"WDSP":[5.7200003],"WNDDIR":[265.6],"time":[1549364859]}