{"CLDC":[92.5,92.31999],"DEWP":[-3.3600001,-3.52],"FRSHTT":[1010000,1010000],"PRCP":[0,0],"SLP":[1016.75995,1016.7101],"SNDP":[5.5,5.5],"STP":[995.19006,995.4],"TEMP":[-1.74,-1.75],"VISIB":[2.98,2.6500003],"WDSP":[5.7200003,5.08],"WNDDIR":[265.6,266.9],"time":[1549364859,1549364917]}