{"CLDC":[70.27999,69.990005],"DEWP":[-6.4200006,-6.55],"FRSHTT":[1110000,1110000],"PRCP":[0.009999999,0.009999999],"SLP":[1024.7999,1024.73],"SNDP":[1.1000001,1.1000001],"STP":[994.7999,994.7999],"TEMP":[-3.6499996,-3.7499995],"VISIB":[9.48,9.389999],"WDSP":[5.0899997,5.38],"WNDDIR":[237.1,234.6],"time":[1549364855,1549364915]}