{"CLDC":[94.53001,94.28],"DEWP":[-3.6500003,-3.5600002],"FRSHTT":[1110000,1110000],"PRCP":[0.039999995,0.039999995],"SLP":[1011.69006,1011.7001],"SNDP":[0.10000001,0.10000001],"STP":[1001.6,1001.6],"TEMP":[-1.6200001,-1.5799999],"VISIB":[6.910001,6.7400002],"WDSP":[8.97,8.589999],"WNDDIR":[314.1,317.2],"time":[1549364856,1549364916]}