{"CLDC":[51.160004,51.090004],"DEWP":[-5.7300005,-5.9500003],"FRSHTT":[1110000,1110000],"PRCP":[0.009999999,0.009999999],"SLP":[1020,1020],"SNDP":[2.5,2.5],"STP":[964.9,964.9],"TEMP":[-2.98,-2.9199998],"VISIB":[10.800001,10.910002],"WDSP":[8.289999,7.0799994],"WNDDIR":[326.4,328.3],"time":[1549364856,1549364915]}