{"CLDC":[50.329998,50.010002],"DEWP":[-13.74,-13.68],"FRSHTT":[1110000,1110000],"PRCP":[0.050000004,0.050000004],"SLP":[901.4,901.4],"SNDP":[22.5,22.600002],"STP":[900.3999,900.2101],"TEMP":[-11.100001,-11.020001],"VISIB":[18.62,19.480001],"WDSP":[40.25,37.25],"WNDDIR":[273.6,274.4],"time":[1549364860,1549364918]}