{"CLDC":[68.490005],"DEWP":[-3.1799998],"FRSHTT":[1110000],"PRCP":[0.019999998],"SLP":[1017.99005],"SNDP":[0.10000001],"STP":[994.85],"TEMP":[-0.34],"VISIB":[13.7],"WDSP":[8.030001],"WNDDIR":[112.7],"time":[1549364861]}