{"CLDC":[50.63,50.73],"DEWP":[-5.5399995,-5.58],"FRSHTT":[1110000,1110000],"PRCP":[0.009999999,0.009999999],"SLP":[1019.4,1019.5],"SNDP":[0.5,0.5],"STP":[1018.97003,1019],"TEMP":[-3.1,-3.0800002],"VISIB":[8.49,8.609999],"WDSP":[17.25,17.9],"WNDDIR":[140.9,140.8],"time":[1549364858,1549364916]}