{"CLDC":[3.1300004],"DEWP":[-8.92],"FRSHTT":[1000000],"PRCP":[0],"SLP":[1020.32],"SNDP":[0],"STP":[981.7999],"TEMP":[-0.5],"VISIB":[10.02],"WDSP":[6.9300003],"WNDDIR":[73],"time":[1549364858]}