{"CLDC":[93.23],"DEWP":[-5.2000003],"FRSHTT":[1110000],"PRCP":[0.050000004],"SLP":[1019.2001],"SNDP":[1.3000001],"STP":[989.2999],"TEMP":[-1.5999999],"VISIB":[6.8],"WDSP":[6.3100004],"WNDDIR":[177.2],"time":[1549364858]}