{"CLDC":[50.030003,50.02],"DEWP":[-5.3599997,-5.2],"FRSHTT":[1110000,1110000],"PRCP":[0.009999999,0.009999999],"SLP":[1018.2001,1018.2001],"SNDP":[0.20000002,0.20000002],"STP":[1014.95,1014.81995],"TEMP":[-2,-1.9599998],"VISIB":[6.4,6.0699997],"WDSP":[12.890001,13.81],"WNDDIR":[95.1,93.1],"time":[1549364855,1549364915]}