{"CLDC":[59.809998],"DEWP":[-2.28],"FRSHTT":[1100000],"PRCP":[0.029999997],"SLP":[1016.7101],"SNDP":[0],"STP":[1012.2999],"TEMP":[-0.33],"VISIB":[7.0299997],"WDSP":[28.330002],"WNDDIR":[356.2],"time":[1549364855]}