{"CLDC":[50.04],"DEWP":[-2.5000002],"FRSHTT":[1110000],"PRCP":[0.050000004],"SLP":[1007.31995],"SNDP":[3.7000003],"STP":[996.9],"TEMP":[-2],"VISIB":[2.7400002],"WDSP":[7.44],"WNDDIR":[322.6],"time":[1549364856]}