{"CLDC":[50.170002,50.06],"DEWP":[-2.02,-1.8800001],"FRSHTT":[1010000,1010000],"PRCP":[0,0],"SLP":[1011,1011],"SNDP":[0.5,0.5],"STP":[1045.9801,1046.2001],"TEMP":[-0.92999995,-0.93999994],"VISIB":[1.03,1.2800001],"WDSP":[5.4700003,5.4100003],"WNDDIR":[237.2,237.7],"time":[1549364859,1549364917]}