{"CLDC":[50.170002],"DEWP":[-2.02],"FRSHTT":[1010000],"PRCP":[0],"SLP":[1011],"SNDP":[0.5],"STP":[1045.9801],"TEMP":[-0.92999995],"VISIB":[1.03],"WDSP":[5.4700003],"WNDDIR":[237.2],"time":[1549364859]}