{"CLDC":[51.630005],"DEWP":[-11.1],"FRSHTT":[1010000],"PRCP":[0],"SLP":[1024.91],"SNDP":[0.9],"STP":[1020],"TEMP":[-4.7499995],"VISIB":[9.320002],"WDSP":[9.699999],"WNDDIR":[72.2],"time":[1549364859]}