{"CLDC":[67.45],"DEWP":[-5.94],"FRSHTT":[1010000],"PRCP":[0],"SLP":[1020.55],"SNDP":[0.8000001],"STP":[1010.7999],"TEMP":[-0.6999999],"VISIB":[6.940001],"WDSP":[5.500001],"WNDDIR":[58.4],"time":[1549364859]}