{"CLDC":[50.02],"DEWP":[-4.5199995],"FRSHTT":[1100000],"PRCP":[0.029999997],"SLP":[997.5],"SNDP":[0],"STP":[1000.95996],"TEMP":[-2.7600002],"VISIB":[5.8400006],"WDSP":[11.420001],"WNDDIR":[315],"time":[1549364860]}