{"CLDC":[96.84999,96.73],"DEWP":[-3.2400002,-2.9999998],"FRSHTT":[1000000,1000000],"PRCP":[0,0],"SLP":[1008.18,1008.38],"SNDP":[0,0],"STP":[998.41003,998.48],"TEMP":[-0.58,-0.55],"VISIB":[5.3399997,5.1],"WDSP":[4.0099998,3.9299998],"WNDDIR":[354.4,355.3],"time":[1549364860,1549364918]}