{"CLDC":[50.110004,50.240005],"DEWP":[-4.94,-5.02],"FRSHTT":[1110000,1110000],"PRCP":[0.029999997,0.029999997],"SLP":[1019,1019],"SNDP":[2,2],"STP":[1013.0301,1013.2001],"TEMP":[-3.5,-3.52],"VISIB":[5.71,5.8],"WDSP":[11.11,10.009999],"WNDDIR":[325,327.3],"time":[1549364860,1549364918]}