{"CLDC":[50.110004],"DEWP":[-4.94],"FRSHTT":[1110000],"PRCP":[0.029999997],"SLP":[1019],"SNDP":[2],"STP":[1013.0301],"TEMP":[-3.5],"VISIB":[5.71],"WDSP":[11.11],"WNDDIR":[325],"time":[1549364860]}