{"CLDC":[61.309998],"DEWP":[-3.2],"FRSHTT":[10000],"PRCP":[0],"SLP":[1018.54004],"SNDP":[0.5],"STP":[1011.00995],"TEMP":[0],"VISIB":[6.38],"WDSP":[9.8],"WNDDIR":[181.9],"time":[1549364858]}