{"CLDC":[61.309998,61.569996],"DEWP":[-3.2,-3.4],"FRSHTT":[10000,10000],"PRCP":[0,0],"SLP":[1018.54004,1018.7101],"SNDP":[0.5,0.5],"STP":[1011.00995,1010.87],"TEMP":[0,0],"VISIB":[6.38,5.9800005],"WDSP":[9.8,9.549999],"WNDDIR":[181.9,180],"time":[1549364858,1549364916]}