{"CLDC":[50.030003],"DEWP":[-4.5899997],"FRSHTT":[1110000],"PRCP":[0.019999998],"SLP":[1018.4],"SNDP":[1.5],"STP":[1000.93],"TEMP":[-2.49],"VISIB":[4.88],"WDSP":[10.96],"WNDDIR":[271],"time":[1549364857]}