{"CLDC":[66.89,67.03001],"DEWP":[-5.1899996,-5.34],"FRSHTT":[1010000,1010000],"PRCP":[0,0],"SLP":[1022.77997,1022.7001],"SNDP":[1.1999999,1.1999999],"STP":[1009.6,1009.58997],"TEMP":[-3.2600002,-3.3],"VISIB":[6.1199994,6.8200006],"WDSP":[7.71,8.039999],"WNDDIR":[2.2,0.6],"time":[1549364858,1549364917]}