{"CLDC":[18.89],"DEWP":[-2.2199998],"FRSHTT":[1000000],"PRCP":[0],"SLP":[1008.55994],"SNDP":[0],"STP":[1001.5801],"TEMP":[-1.1800001],"VISIB":[6.4800005],"WDSP":[19.710001],"WNDDIR":[27.1],"time":[1549364858]}