{"CLDC":[74.380005,74.61999],"DEWP":[-3.08,-3.2599998],"FRSHTT":[1100000,1100000],"PRCP":[0.029999997,0.029999997],"SLP":[1018.99005,1019],"SNDP":[0,0],"STP":[1020.1,1020],"TEMP":[-0.75,-0.6999999],"VISIB":[7.7599998,7.94],"WDSP":[13.219998,13.65],"WNDDIR":[322,323.9],"time":[1549364855,1549364915]}