{"CLDC":[77.56999,77.829994],"DEWP":[-12.759999,-12.719999],"FRSHTT":[1010000,1010000],"PRCP":[0,0],"SLP":[1033.95,1034.17],"SNDP":[9.300001,9.300001],"STP":[1029.91,1030.22],"TEMP":[-9.940001,-10.030001],"VISIB":[14.690001,14.629999],"WDSP":[3.95,4.1000004],"WNDDIR":[231.8,233],"time":[1549364860,1549364918]}