{"CLDC":[50,50.04],"DEWP":[-6.0000005,-6.2000003],"FRSHTT":[1110000,1110000],"PRCP":[0.050000004,0.050000004],"SLP":[1019.7999,1019.7001],"SNDP":[5.4000006,5.4000006],"STP":[981.2999,981.2301],"TEMP":[-2.7199998,-2.7199998],"VISIB":[13.659999,13.81],"WDSP":[9.03,8.91],"WNDDIR":[340.8,340.5],"time":[1549364860,1549364918]}