{"CLDC":[65.94],"DEWP":[-3.6599998],"FRSHTT":[1110000],"PRCP":[0.07999999],"SLP":[1021.11],"SNDP":[1],"STP":[1032.4501],"TEMP":[-1.15],"VISIB":[5.7799997],"WDSP":[7.91],"WNDDIR":[150.4],"time":[1549364861]}