{"CLDC":[54.799995,55.160004],"DEWP":[-10.130001,-10.460001],"FRSHTT":[1110000,1110000],"PRCP":[0.13,0.13],"SLP":[1035.12,1034.9001],"SNDP":[23.199999,23.199999],"STP":[1009.02997,1008.95],"TEMP":[-7.35,-7.2600007],"VISIB":[13.67,13.5],"WDSP":[5.6499996,5.7],"WNDDIR":[143.1,145.6],"time":[1549364859,1549364917]}