{"CLDC":[72.16,72.490005],"DEWP":[-5.36,-5.7200003],"FRSHTT":[1110000,1110000],"PRCP":[0.009999999,0.009999999],"SLP":[1020.2001,1020.2001],"SNDP":[2.3999999,2.3999999],"STP":[1012.2001,1012.2001],"TEMP":[-2.56,-2.55],"VISIB":[7.8599997,7.7300005],"WDSP":[11.17,11.71],"WNDDIR":[232.6,233.7],"time":[1549364859,1549364917]}