{"CLDC":[54.799995],"DEWP":[-10.130001],"FRSHTT":[1110000],"PRCP":[0.13],"SLP":[1035.12],"SNDP":[23.199999],"STP":[1009.02997],"TEMP":[-7.35],"VISIB":[13.67],"WDSP":[5.6499996],"WNDDIR":[143.1],"time":[1549364859]}