{"CLDC":[81.94],"DEWP":[-6.499999],"FRSHTT":[1110000],"PRCP":[0.009999999],"SLP":[1019.2999],"SNDP":[2.5],"STP":[986.5101],"TEMP":[-2.75],"VISIB":[15.62],"WDSP":[11.49],"WNDDIR":[150],"time":[1549364859]}