{"CLDC":[54.05,54.03],"DEWP":[-2.75,-2.75],"FRSHTT":[0,0],"PRCP":[0,0],"SLP":[996.29004,996.18],"SNDP":[0,0],"STP":[988.44006,988.75],"TEMP":[0,0],"VISIB":[6.71,7.1799994],"WDSP":[8.17,8.620001],"WNDDIR":[166.4,168.6],"time":[1549364860,1549364918]}