{"CLDC":[27.36,27.16],"DEWP":[-4.12,-4.1599994],"FRSHTT":[1000000,1000000],"PRCP":[0,0],"SLP":[1000.11,1000.2001],"SNDP":[0,0],"STP":[1002.73,1002.74005],"TEMP":[-1.1400001,-1.16],"VISIB":[7.1699996,6.85],"WDSP":[12.719999,12.049999],"WNDDIR":[272.2,269.1],"time":[1549364860,1549364918]}