{"CLDC":[50.190006],"DEWP":[-4.5800004],"FRSHTT":[110000],"PRCP":[0.28],"SLP":[1012.35986],"SNDP":[0.5],"STP":[1011.02997],"TEMP":[0.20000002],"VISIB":[18.38],"WDSP":[11.24],"WNDDIR":[39.5],"time":[1549364860]}