{"CLDC":[50.190006,50.319996],"DEWP":[-4.5800004,-4.5800004],"FRSHTT":[110000,110000],"PRCP":[0.28,0.28],"SLP":[1012.35986,1012.68],"SNDP":[0.5,0.5],"STP":[1011.02997,1010.72986],"TEMP":[0.20000002,0.20000002],"VISIB":[18.38,18.47],"WDSP":[11.24,11.870001],"WNDDIR":[39.5,37.9],"time":[1549364860,1549364918]}