{"CLDC":[80.56999],"DEWP":[-2.95],"FRSHTT":[1110000],"PRCP":[0.009999999],"SLP":[1018.6701],"SNDP":[0.59999996],"STP":[1016.9],"TEMP":[-0.45],"VISIB":[13.85],"WDSP":[27.76],"WNDDIR":[61.6],"time":[1549364859]}