{"CLDC":[67.06999,67.03999],"DEWP":[-8.8,-8.8],"FRSHTT":[1000000,1000000],"PRCP":[0,0],"SLP":[995.93,995.79004],"SNDP":[0,0],"STP":[1000.02997,1000.42004],"TEMP":[-3.98,-3.9599998],"VISIB":[6.6099997,6.6],"WDSP":[11.089998,9.62],"WNDDIR":[267.7,267],"time":[1549364856,1549364916]}