{"CLDC":[85.380005],"DEWP":[-3.22],"FRSHTT":[1000000],"PRCP":[0],"SLP":[1045.64],"SNDP":[0],"STP":[1019.24005],"TEMP":[-0.54],"VISIB":[8.059999],"WDSP":[16.289999],"WNDDIR":[286.7],"time":[1549364856]}