{"CLDC":[85.380005,85.47],"DEWP":[-3.22,-3.3400002],"FRSHTT":[1000000,1000000],"PRCP":[0,0],"SLP":[1045.64,1045.26],"SNDP":[0,0],"STP":[1019.24005,1019.22003],"TEMP":[-0.54,-0.55999994],"VISIB":[8.059999,7.8700004],"WDSP":[16.289999,15.55],"WNDDIR":[286.7,287.1],"time":[1549364856,1549364916]}