{"CLDC":[67.06999],"DEWP":[-8.8],"FRSHTT":[1000000],"PRCP":[0],"SLP":[995.93],"SNDP":[0],"STP":[1000.02997],"TEMP":[-3.98],"VISIB":[6.6099997],"WDSP":[11.089998],"WNDDIR":[267.7],"time":[1549364856]}