{"CLDC":[50.06,50.519997],"DEWP":[-11.980001,-11.9800005],"FRSHTT":[1110000,1110000],"PRCP":[0.059999995,0.059999995],"SLP":[840.07,839.87],"SNDP":[26.8,26.899998],"STP":[828.36,828.5],"TEMP":[-11.339999,-11.55],"VISIB":[48.06,51.890003],"WDSP":[52.579998,54.4],"WNDDIR":[16.2,14.9],"time":[1549364856,1549364916]}