{"CLDC":[78.78999,78.72],"DEWP":[-6.839999,-7.0799994],"FRSHTT":[1110000,1110000],"PRCP":[0.15999998,0.15999998],"SLP":[1021.25995,1021.1],"SNDP":[2.3999999,2.3999999],"STP":[962,962.1901],"TEMP":[-2.4,-2.2400002],"VISIB":[7.8200006,8.4800005],"WDSP":[8.65,8.83],"WNDDIR":[228.2,229.8],"time":[1549364856,1549364915]}