{"CLDC":[50.04,50.190006],"DEWP":[-10.28,-10.339998],"FRSHTT":[1100000,1100000],"PRCP":[0.11999999,0.11999999],"SLP":[811.2601,810.89996],"SNDP":[0,0],"STP":[815.39996,815.39996],"TEMP":[-7.1800003,-7.2],"VISIB":[22.75,23.08],"WDSP":[29.480001,28.840002],"WNDDIR":[12.6,9.3],"time":[1549364856,1549364915]}