{"CLDC":[93.96001],"DEWP":[-9.28],"FRSHTT":[1110000],"PRCP":[0.19000001],"SLP":[770.2001],"SNDP":[41.700005],"STP":[763.39996],"TEMP":[-7.249999],"VISIB":[16.119999],"WDSP":[40.359997],"WNDDIR":[203.5],"time":[1549364856]}