{"CLDC":[92.04,92.15001],"DEWP":[-6.05,-6.2],"FRSHTT":[1000000,1000000],"PRCP":[0,0],"SLP":[1019.9,1019.9],"SNDP":[0,0],"STP":[987.2001,987.2101],"TEMP":[-2.36,-2.36],"VISIB":[10.599999,10.940001],"WDSP":[17.3,18.86],"WNDDIR":[99.3,103.1],"time":[1549364861,1549364919]}