{"CLDC":[82.07],"DEWP":[-4.05],"FRSHTT":[1110000],"PRCP":[0.14],"SLP":[1019.30994],"SNDP":[0.29999998],"STP":[1016.99005],"TEMP":[-1.0600001],"VISIB":[8.99],"WDSP":[13.350001],"WNDDIR":[275.6],"time":[1549364861]}