{"CLDC":[77.840004,77.81],"DEWP":[0.9799999,1.08],"FRSHTT":[0,0],"PRCP":[0,0],"SLP":[1024.5999,1024.5999],"SNDP":[0,0],"STP":[1021.2001,1021.2001],"TEMP":[2.16,2.1500003],"VISIB":[5.71,5.75],"WDSP":[7.850001,7.940001],"WNDDIR":[169.9,170.6],"time":[1549364859,1549364917]}