{"CLDC":[77.840004],"DEWP":[0.9799999],"FRSHTT":[0],"PRCP":[0],"SLP":[1024.5999],"SNDP":[0],"STP":[1021.2001],"TEMP":[2.16],"VISIB":[5.71],"WDSP":[7.850001],"WNDDIR":[169.9],"time":[1549364859]}