{"CLDC":[62.870003],"DEWP":[-5.7],"FRSHTT":[10000],"PRCP":[0],"SLP":[1022],"SNDP":[0.59999996],"STP":[996.6],"TEMP":[0],"VISIB":[19.42],"WDSP":[8.34],"WNDDIR":[308.6],"time":[1549364855]}