{"CLDC":[50.42,50.04],"DEWP":[-7.72,-7.8],"FRSHTT":[1110000,1110000],"PRCP":[0.09000001,0.09000001],"SLP":[830.94006,831.0801],"SNDP":[26,26],"STP":[821.5,821.4],"TEMP":[-4.4999995,-4.4000006],"VISIB":[18.92,19.9],"WDSP":[10.42,10.410001],"WNDDIR":[38.1,38.4],"time":[1549364855,1549364915]}