{"CLDC":[74.58999],"DEWP":[-13.45],"FRSHTT":[1010000],"PRCP":[0],"SLP":[821.02997],"SNDP":[13.4],"STP":[807.89996],"TEMP":[-4.0499997],"VISIB":[20.23],"WDSP":[5.4300003],"WNDDIR":[194],"time":[1549364855]}