{"CLDC":[74.58999,74.47],"DEWP":[-13.45,-13.360001],"FRSHTT":[1010000,1010000],"PRCP":[0,0],"SLP":[821.02997,821.02997],"SNDP":[13.4,13.5],"STP":[807.89996,807.7999],"TEMP":[-4.0499997,-4.0000005],"VISIB":[20.23,19.929998],"WDSP":[5.4300003,5.8199997],"WNDDIR":[194,194.6],"time":[1549364855,1549364915]}