{"CLDC":[50.42],"DEWP":[-7.72],"FRSHTT":[1110000],"PRCP":[0.09000001],"SLP":[830.94006],"SNDP":[26],"STP":[821.5],"TEMP":[-4.4999995],"VISIB":[18.92],"WDSP":[10.42],"WNDDIR":[38.1],"time":[1549364855]}