{"CLDC":[85.81999],"DEWP":[-10.800001],"FRSHTT":[1110000],"PRCP":[0.029999997],"SLP":[897.2999],"SNDP":[14],"STP":[912.82996],"TEMP":[-6.8],"VISIB":[10.42],"WDSP":[9.6],"WNDDIR":[59.4],"time":[1549364860]}