{"CLDC":[81.72],"DEWP":[-14.720001],"FRSHTT":[1010000],"PRCP":[0],"SLP":[776.94995],"SNDP":[25.300001],"STP":[781.2001],"TEMP":[-3.5],"VISIB":[13.890001],"WDSP":[14.459999],"WNDDIR":[212.7],"time":[1549364859]}