{"CLDC":[50],"DEWP":[-5.1499996],"FRSHTT":[1110000],"PRCP":[0.039999995],"SLP":[1003.48],"SNDP":[0.20000002],"STP":[1001.4],"TEMP":[-0.66999996],"VISIB":[9.4800005],"WDSP":[4.7699995],"WNDDIR":[234.1],"time":[1549364857]}