{"CLDC":[33.45,33.53],"DEWP":[-2.3999999,-2.1],"FRSHTT":[1000000,1000000],"PRCP":[0,0],"SLP":[1005.64,1005.86],"SNDP":[0,0],"STP":[1026.24,1026.51],"TEMP":[-0.54,-0.55999994],"VISIB":[8.179999,7.9200006],"WDSP":[10.21,10.599998],"WNDDIR":[194.4,190.8],"time":[1549364857,1549364916]}