{"CLDC":[50,50.05],"DEWP":[-5.1499996,-4.97],"FRSHTT":[1110000,1110000],"PRCP":[0.039999995,0.039999995],"SLP":[1003.48,1003.4701],"SNDP":[0.20000002,0.20000002],"STP":[1001.4,1001.44006],"TEMP":[-0.66999996,-0.66999996],"VISIB":[9.4800005,9.679998],"WDSP":[4.7699995,4.3599997],"WNDDIR":[234.1,233.2],"time":[1549364857,1549364916]}