{"CLDC":[28.34],"DEWP":[-18.45],"FRSHTT":[1000000],"PRCP":[0],"SLP":[666.9],"SNDP":[0],"STP":[669.7001],"TEMP":[-12.460001],"VISIB":[7.2899995],"WDSP":[27.51],"WNDDIR":[289.9],"time":[1549364858]}