{"CLDC":[50.060005],"DEWP":[-5.9000006],"FRSHTT":[1100000],"PRCP":[0.019999998],"SLP":[1017],"SNDP":[0],"STP":[984.9],"TEMP":[-0.93999994],"VISIB":[6.5999994],"WDSP":[8.08],"WNDDIR":[19.3],"time":[1549364858]}