{"CLDC":[28.34,28.48],"DEWP":[-18.45,-18.63],"FRSHTT":[1000000,1000000],"PRCP":[0,0],"SLP":[666.9,664.63],"SNDP":[0,0],"STP":[669.7001,669.60004],"TEMP":[-12.460001,-12.500002],"VISIB":[7.2899995,6.549999],"WDSP":[27.51,23.900002],"WNDDIR":[289.9,288.8],"time":[1549364858,1549364917]}