{"CLDC":[86],"DEWP":[-7.2400002],"FRSHTT":[1010000],"PRCP":[0],"SLP":[958.88],"SNDP":[1.8999999],"STP":[945.7999],"TEMP":[-1.3300002],"VISIB":[10.79],"WDSP":[7.79],"WNDDIR":[227.9],"time":[1549364858]}