{"CLDC":[86,85.86],"DEWP":[-7.2400002,-7.5700006],"FRSHTT":[1010000,1010000],"PRCP":[0,0],"SLP":[958.88,960.32],"SNDP":[1.8999999,1.8999999],"STP":[945.7999,945.7999],"TEMP":[-1.3300002,-1.3599999],"VISIB":[10.79,10.57],"WDSP":[7.79,7.3300004],"WNDDIR":[227.9,228.7],"time":[1549364858,1549364916]}