{"CLDC":[50.130005],"DEWP":[-4.74],"FRSHTT":[100000],"PRCP":[0.09000001],"SLP":[1012.81995],"SNDP":[0],"STP":[992.5],"TEMP":[0.10000001],"VISIB":[5.28],"WDSP":[6.4800005],"WNDDIR":[128],"time":[1549364855]}