{"CLDC":[50.010002,50.030003],"DEWP":[-6.26,-6.080001],"FRSHTT":[1110000,1110000],"PRCP":[0.019999998,0.019999998],"SLP":[998.54004,999.00995],"SNDP":[0.10000001,0.10000001],"STP":[994.2999,994.2899],"TEMP":[-0.10000001,-0.10000001],"VISIB":[8.349999,8.199999],"WDSP":[10.57,10.440001],"WNDDIR":[123.9,129.1],"time":[1549364855,1549364915]}