{"CLDC":[94.68],"DEWP":[-3.9000003],"FRSHTT":[100000],"PRCP":[0.11999999],"SLP":[1006.8499],"SNDP":[0],"STP":[1006.93],"TEMP":[0.20000002],"VISIB":[5.0099998],"WDSP":[3.1600003],"WNDDIR":[148],"time":[1549364856]}