{"CLDC":[94.68,94.93001],"DEWP":[-3.9000003,-3.7000003],"FRSHTT":[100000,100000],"PRCP":[0.11999999,0.11999999],"SLP":[1006.8499,1006.9699],"SNDP":[0,0],"STP":[1006.93,1006.89],"TEMP":[0.20000002,0.20000002],"VISIB":[5.0099998,4.7200003],"WDSP":[3.1600003,3.6000004],"WNDDIR":[148,149.1],"time":[1549364856,1549364916]}