{"CLDC":[50.329994,50.530003],"DEWP":[-5.5299997,-5.26],"FRSHTT":[1100000,1100000],"PRCP":[0.07999999,0.07999999],"SLP":[1021.5,1021.5],"SNDP":[0,0],"STP":[1016.2001,1016.1],"TEMP":[-1.03,-1.0600001],"VISIB":[5.46,5.3500004],"WDSP":[6.54,7.12],"WNDDIR":[106.2,108.8],"time":[1549364856,1549364916]}