{"CLDC":[50.189995],"DEWP":[-4.05],"FRSHTT":[1100000],"PRCP":[0.050000004],"SLP":[1018.7001],"SNDP":[0],"STP":[1010.4],"TEMP":[-0.24000001],"VISIB":[6.12],"WDSP":[7.8600006],"WNDDIR":[102.9],"time":[1549364857]}