{"CLDC":[50.189995,50.47],"DEWP":[-4.05,-4.1400003],"FRSHTT":[1100000,1100000],"PRCP":[0.050000004,0.050000004],"SLP":[1018.7001,1018.65],"SNDP":[0,0],"STP":[1010.4,1010.4],"TEMP":[-0.24000001,-0.24000001],"VISIB":[6.12,5.51],"WDSP":[7.8600006,8.13],"WNDDIR":[102.9,109.1],"time":[1549364857,1549364916]}