{"CLDC":[12.179999],"DEWP":[-6.0700006],"FRSHTT":[1000000],"PRCP":[0],"SLP":[1016.9],"SNDP":[0],"STP":[1014.9],"TEMP":[-0.96000004],"VISIB":[7.1],"WDSP":[6.5699997],"WNDDIR":[248.5],"time":[1549364861]}