{"CLDC":[86.01001],"DEWP":[2.5800002],"FRSHTT":[0],"PRCP":[0],"SLP":[1001.55994],"SNDP":[0],"STP":[1006.09],"TEMP":[3.55],"VISIB":[3.97],"WDSP":[8.23],"WNDDIR":[90.6],"time":[1549364861]}