{"CLDC":[6.5999994,6.3800006],"DEWP":[-4.1800003,-4.54],"FRSHTT":[1000000,1000000],"PRCP":[0,0],"SLP":[1014.2001,1014.2101],"SNDP":[0,0],"STP":[1012.7899,1012.82996],"TEMP":[-0.10000001,-0.10000001],"VISIB":[6.4300003,6.59],"WDSP":[7.4200006,8.62],"WNDDIR":[155.2,152.1],"time":[1549364861,1549364918]}