{"CLDC":[50.329994],"DEWP":[-4.7799997],"FRSHTT":[10000],"PRCP":[0],"SLP":[960.15],"SNDP":[1.8999999],"STP":[993.4],"TEMP":[0.63],"VISIB":[10.47],"WDSP":[14.33],"WNDDIR":[57.8],"time":[1549364859]}