{"CLDC":[91.700005],"DEWP":[-5.2],"FRSHTT":[100000],"PRCP":[0.059999995],"SLP":[1023.7999],"SNDP":[0],"STP":[1023.47003],"TEMP":[1.4499999],"VISIB":[7.950001],"WDSP":[11.679999],"WNDDIR":[315],"time":[1549364861]}