{"CLDC":[91.700005,91.69001],"DEWP":[-5.2,-5.2],"FRSHTT":[100000,100000],"PRCP":[0.059999995,0.059999995],"SLP":[1023.7999,1023.86005],"SNDP":[0,0],"STP":[1023.47003,1023.57996],"TEMP":[1.4499999,1.4499999],"VISIB":[7.950001,8.22],"WDSP":[11.679999,10.93],"WNDDIR":[315,313.4],"time":[1549364861,1549364918]}