{"CLDC":[60.349995,60.420002],"DEWP":[-13.1,-13.15],"FRSHTT":[100000,100000],"PRCP":[0.050000004,0.050000004],"SLP":[876.88995,877.0199],"SNDP":[0,0],"STP":[883.7999,883.7999],"TEMP":[2.5300002,2.5400002],"VISIB":[10.11,9.43],"WDSP":[1.74,1.4200001],"WNDDIR":[140.8,137.4],"time":[1549364859,1549364917]}