{"CLDC":[96.16],"DEWP":[0.34999996],"FRSHTT":[0],"PRCP":[0],"SLP":[1009.7999],"SNDP":[0],"STP":[988],"TEMP":[2.05],"VISIB":[2.2799997],"WDSP":[1.24],"WNDDIR":[49.1],"time":[1549364859]}