{"CLDC":[87.52,87.36001],"DEWP":[-8.3,-8.36],"FRSHTT":[1100000,1100000],"PRCP":[0.019999998,0.019999998],"SLP":[1013,1012.97003],"SNDP":[0,0],"STP":[997.65,999.14],"TEMP":[-2.9900002,-3.0400002],"VISIB":[10.059999,10.22],"WDSP":[33.46,31.91],"WNDDIR":[32,33.8],"time":[1549364859,1549364917]}