{"CLDC":[50.030003,50.409996],"DEWP":[-1.24,-1.25],"FRSHTT":[100000,100000],"PRCP":[0.039999995,0.039999995],"SLP":[1015.7799,1015.7001],"SNDP":[0,0],"STP":[1014.67004,1014.6],"TEMP":[5.0800004,5.0500007],"VISIB":[9.649999,9.599999],"WDSP":[17.759998,17.16],"WNDDIR":[144.2,146.1],"time":[1549364859,1549364917]}