{"CLDC":[51.439995],"DEWP":[7.0800004],"FRSHTT":[100000],"PRCP":[0.14],"SLP":[1034.2001],"SNDP":[0],"STP":[1032.7999],"TEMP":[8.16],"VISIB":[6.4199996],"WDSP":[8.629999],"WNDDIR":[83.7],"time":[1549364859]}