{"CLDC":[87.52],"DEWP":[-8.3],"FRSHTT":[1100000],"PRCP":[0.019999998],"SLP":[1013],"SNDP":[0],"STP":[997.65],"TEMP":[-2.9900002],"VISIB":[10.059999],"WDSP":[33.46],"WNDDIR":[32],"time":[1549364859]}