{"CLDC":[62.329998,62.45],"DEWP":[-5.6799994,-5.74],"FRSHTT":[110000,110000],"PRCP":[0.63000005,0.63000005],"SLP":[916.89,917.11],"SNDP":[3.2999997,3.2999997],"STP":[926.7,926.5399],"TEMP":[0,0],"VISIB":[10.259999,10.76],"WDSP":[13.790001,13.470001],"WNDDIR":[355.4,358.7],"time":[1549364859,1549364917]}