{"CLDC":[51.439995,51.789997],"DEWP":[7.0800004,7.0800004],"FRSHTT":[100000,100000],"PRCP":[0.14,0.14],"SLP":[1034.2001,1034.2001],"SNDP":[0,0],"STP":[1032.7999,1032.7999],"TEMP":[8.16,8.200001],"VISIB":[6.4199996,6.9300003],"WDSP":[8.629999,7.3900003],"WNDDIR":[83.7,83.3],"time":[1549364859,1549364917]}