{"CLDC":[50.030003],"DEWP":[-1.24],"FRSHTT":[100000],"PRCP":[0.039999995],"SLP":[1015.7799],"SNDP":[0],"STP":[1014.67004],"TEMP":[5.0800004],"VISIB":[9.649999],"WDSP":[17.759998],"WNDDIR":[144.2],"time":[1549364859]}