{"CLDC":[51.28,51.379997],"DEWP":[-4.2,-4.12],"FRSHTT":[0,0],"PRCP":[0,0],"SLP":[995.18005,995.94006],"SNDP":[0,0],"STP":[995.2999,995.2999],"TEMP":[2.7399998,2.6999998],"VISIB":[8.539999,8.509999],"WDSP":[10.4800005,10.85],"WNDDIR":[41.7,43.4],"time":[1549364859,1549364917]}