{"CLDC":[60.260002,59.97],"DEWP":[-10.459999,-10.4],"FRSHTT":[1110000,1110000],"PRCP":[0.13,0.13],"SLP":[881.19006,881.80994],"SNDP":[26.2,26.2],"STP":[883.81995,883.7101],"TEMP":[-5.4999995,-5.48],"VISIB":[11.549999,11.85],"WDSP":[42.600002,41.84],"WNDDIR":[239.2,235.4],"time":[1549364859,1549364917]}