{"CLDC":[60.260002],"DEWP":[-10.459999],"FRSHTT":[1110000],"PRCP":[0.13],"SLP":[881.19006],"SNDP":[26.2],"STP":[883.81995],"TEMP":[-5.4999995],"VISIB":[11.549999],"WDSP":[42.600002],"WNDDIR":[239.2],"time":[1549364859]}