{"CLDC":[50.04],"DEWP":[-4.7400007],"FRSHTT":[1110000],"PRCP":[0.07],"SLP":[1006.25995],"SNDP":[0.10000001],"STP":[1004.33997],"TEMP":[-0.10000001],"VISIB":[4.65],"WDSP":[7.6699996],"WNDDIR":[139.4],"time":[1549364860]}