{"CLDC":[57.55,57.590004],"DEWP":[-3.3800004,-3.65],"FRSHTT":[1100000,1100000],"PRCP":[0.050000004,0.050000004],"SLP":[1006.62,1006.8499],"SNDP":[0,0],"STP":[1003.57,1003.55994],"TEMP":[-0.10000001,-0.10000001],"VISIB":[4.38,3.97],"WDSP":[6.04,5.71],"WNDDIR":[109.9,112.7],"time":[1549364860,1549364918]}