{"CLDC":[59.419994,59.440002],"DEWP":[0.22,0.2],"FRSHTT":[0,0],"PRCP":[0,0],"SLP":[1016.47003,1016.2601],"SNDP":[0,0],"STP":[1015.13007,1014.7899],"TEMP":[1.27,1.24],"VISIB":[1.8699999,2.69],"WDSP":[16.969997,17.16],"WNDDIR":[211.4,210.6],"time":[1549364860,1549364918]}