{"CLDC":[60.5,60.210003],"DEWP":[-2.1000001,-1.9000002],"FRSHTT":[100000,100000],"PRCP":[0.050000004,0.050000004],"SLP":[1005.33997,1005.13],"SNDP":[0,0],"STP":[1012.50995,1012.43],"TEMP":[0.20000002,0.20000002],"VISIB":[5.4200006,4.87],"WDSP":[10.49,10.809999],"WNDDIR":[300.3,301.9],"time":[1549364859,1549364917]}