{"CLDC":[50.04,50.010002],"DEWP":[-4.7400007,-4.66],"FRSHTT":[1110000,1110000],"PRCP":[0.07,0.07],"SLP":[1006.25995,1006.3499],"SNDP":[0.10000001,0.10000001],"STP":[1004.33997,1004.30994],"TEMP":[-0.10000001,-0.10000001],"VISIB":[4.65,4.4900002],"WDSP":[7.6699996,7.72],"WNDDIR":[139.4,135.8],"time":[1549364860,1549364918]}