{"CLDC":[57.55],"DEWP":[-3.3800004],"FRSHTT":[1100000],"PRCP":[0.050000004],"SLP":[1006.62],"SNDP":[0],"STP":[1003.57],"TEMP":[-0.10000001],"VISIB":[4.38],"WDSP":[6.04],"WNDDIR":[109.9],"time":[1549364860]}