{"CLDC":[50.1,50.32],"DEWP":[-0.87,-1.05],"FRSHTT":[100000,100000],"PRCP":[0.09000001,0.09000001],"SLP":[1015.7001,1015.7301],"SNDP":[0,0],"STP":[1011.2999,1011.39],"TEMP":[3.06,3.0700002],"VISIB":[8.190001,7.45],"WDSP":[8.250001,8.860001],"WNDDIR":[181.2,184.1],"time":[1549364859,1549364917]}