{"CLDC":[50.239998,50.769997],"DEWP":[-2.8500001,-2.9],"FRSHTT":[100000,100000],"PRCP":[0.009999999,0.009999999],"SLP":[1017.2101,1017.1],"SNDP":[0,0],"STP":[1006.44006,1006.5],"TEMP":[4.4199996,4.2400002],"VISIB":[14.589999,14.440001],"WDSP":[18.890001,18.07],"WNDDIR":[84.3,88.1],"time":[1549364859,1549364917]}