{"CLDC":[66.229996],"DEWP":[-1.04],"FRSHTT":[0],"PRCP":[0],"SLP":[996.23],"SNDP":[0],"STP":[993.29004],"TEMP":[3.06],"VISIB":[8.79],"WDSP":[15.49],"WNDDIR":[129.8],"time":[1549364857]}