{"CLDC":[50.02],"DEWP":[-4.05],"FRSHTT":[100000],"PRCP":[0.11],"SLP":[1018.50995],"SNDP":[0],"STP":[1012.4],"TEMP":[2.5600002],"VISIB":[8.139999],"WDSP":[6.3599997],"WNDDIR":[281],"time":[1549364857]}