{"CLDC":[29.76,29.45],"DEWP":[-6.02,-5.96],"FRSHTT":[1000000,1000000],"PRCP":[0,0],"SLP":[975.0801,974.45],"SNDP":[0,0],"STP":[947.1,947.1],"TEMP":[-2.3299997,-2.3499997],"VISIB":[11.0199995,10.960001],"WDSP":[10.599999,10.01],"WNDDIR":[352.7,354.6],"time":[1549364857,1549364916]}