{"CLDC":[29.76],"DEWP":[-6.02],"FRSHTT":[1000000],"PRCP":[0],"SLP":[975.0801],"SNDP":[0],"STP":[947.1],"TEMP":[-2.3299997],"VISIB":[11.0199995],"WDSP":[10.599999],"WNDDIR":[352.7],"time":[1549364857]}