{"CLDC":[50.15],"DEWP":[-3.65],"FRSHTT":[100000],"PRCP":[0.019999998],"SLP":[1011.2101],"SNDP":[0],"STP":[994.6],"TEMP":[0.33],"VISIB":[9.319999],"WDSP":[10.400001],"WNDDIR":[279.9],"time":[1549364858]}