{"CLDC":[50.15,50.060005],"DEWP":[-3.65,-3.65],"FRSHTT":[100000,100000],"PRCP":[0.019999998,0.019999998],"SLP":[1011.2101,1011.3299],"SNDP":[0,0],"STP":[994.6,994.6],"TEMP":[0.33,0.36],"VISIB":[9.319999,9.6],"WDSP":[10.400001,10.309999],"WNDDIR":[279.9,276],"time":[1549364858,1549364917]}