{"CLDC":[50.04,50.04],"DEWP":[1.29,1.3199999],"FRSHTT":[100000,100000],"PRCP":[0.07999999,0.07999999],"SLP":[1015.7999,1015.75995],"SNDP":[0,0],"STP":[1016.7899,1015.85],"TEMP":[3.9199996,4.04],"VISIB":[8.160001,8.57],"WDSP":[10.479999,10.669999],"WNDDIR":[305.5,307.2],"time":[1549364858,1549364917]}