{"CLDC":[50.15],"DEWP":[2.2500002],"FRSHTT":[100000],"PRCP":[0.09000001],"SLP":[1025.78],"SNDP":[0],"STP":[1017.1],"TEMP":[5.95],"VISIB":[15.38],"WDSP":[25.19],"WNDDIR":[5.2],"time":[1549364860]}