{"CLDC":[50.010002],"DEWP":[-1.27],"FRSHTT":[100000],"PRCP":[0.050000004],"SLP":[1017.16],"SNDP":[0],"STP":[1015.00995],"TEMP":[2.6200001],"VISIB":[10.26],"WDSP":[10.449999],"WNDDIR":[111.4],"time":[1549364860]}