{"CLDC":[39.780003,39.93],"DEWP":[-4.1400003,-3.8700001],"FRSHTT":[0,0],"PRCP":[0,0],"SLP":[1012.42004,1012.04004],"SNDP":[0,0],"STP":[987.5,987.5],"TEMP":[1.3799999,1.33],"VISIB":[9.21,9.720001],"WDSP":[20.189999,20.189999],"WNDDIR":[251.1,250.2],"time":[1549364860,1549364918]}