{"CLDC":[75.87001,75.5],"DEWP":[-2.4199998,-2.4600003],"FRSHTT":[100000,100000],"PRCP":[0.32999998,0.32999998],"SLP":[1023.9,1023.7001],"SNDP":[0,0],"STP":[1021.52997,1021.67004],"TEMP":[3.2399998,3.2400002],"VISIB":[10.5,10.249999],"WDSP":[5.67,5.9800005],"WNDDIR":[38.5,38.3],"time":[1549364861,1549364918]}