{"CLDC":[50.190006],"DEWP":[-4.4999995],"FRSHTT":[100000],"PRCP":[0.11999999],"SLP":[1017],"SNDP":[0],"STP":[1016.19006],"TEMP":[0.8000001],"VISIB":[7.4],"WDSP":[7.71],"WNDDIR":[240.3],"time":[1549364861]}