{"CLDC":[50.249996],"DEWP":[-0.12999998],"FRSHTT":[100000],"PRCP":[0.019999998],"SLP":[1023],"SNDP":[0],"STP":[1017.57996],"TEMP":[3.95],"VISIB":[10.259999],"WDSP":[22.610003],"WNDDIR":[190.4],"time":[1549364861]}