{"CLDC":[52.339996],"DEWP":[-4.4000006],"FRSHTT":[100000],"PRCP":[0.009999999],"SLP":[1002.52997],"SNDP":[0],"STP":[995.24005],"TEMP":[1.0300001],"VISIB":[7.2200003],"WDSP":[5.2799997],"WNDDIR":[272.6],"time":[1549364861]}