{"CLDC":[50.379997],"DEWP":[-1.32],"FRSHTT":[100000],"PRCP":[0.13],"SLP":[1015.9],"SNDP":[0],"STP":[1014.7001],"TEMP":[2.9199998],"VISIB":[8.92],"WDSP":[12.76],"WNDDIR":[125.8],"time":[1549364861]}