{"CLDC":[75.09999],"DEWP":[-1.6],"FRSHTT":[100000],"PRCP":[0.009999999],"SLP":[1010.9],"SNDP":[0],"STP":[1008],"TEMP":[1.9399998],"VISIB":[8.45],"WDSP":[8.61],"WNDDIR":[305],"time":[1549364859]}