{"CLDC":[2.05,1.75],"DEWP":[-0.42999998,-0.43],"FRSHTT":[0,0],"PRCP":[0,0],"SLP":[1008.7799,1009.1501],"SNDP":[0,0],"STP":[1000.7301,1001.07],"TEMP":[1.6400001,1.6300001],"VISIB":[7.950001,7.4200006],"WDSP":[8.05,8.51],"WNDDIR":[272,272],"time":[1549364859,1549364917]}