{"CLDC":[50.190006,50.46],"DEWP":[-3.3199997,-3.35],"FRSHTT":[110000,110000],"PRCP":[0.059999995,0.059999995],"SLP":[976.41,976.7601],"SNDP":[0.10000001,0.10000001],"STP":[975.93005,975.7999],"TEMP":[1.5400001,1.5800002],"VISIB":[12.35,12.390001],"WDSP":[21.02,20.72],"WNDDIR":[49.8,47.8],"time":[1549364859,1549364917]}