{"CLDC":[50.190006],"DEWP":[-3.3199997],"FRSHTT":[110000],"PRCP":[0.059999995],"SLP":[976.41],"SNDP":[0.10000001],"STP":[975.93005],"TEMP":[1.5400001],"VISIB":[12.35],"WDSP":[21.02],"WNDDIR":[49.8],"time":[1549364859]}