{"CLDC":[50.010002,50.570004],"DEWP":[-1.6800001,-1.8799999],"FRSHTT":[100000,100000],"PRCP":[0.26,0.26],"SLP":[902.6,902.6],"SNDP":[0,0],"STP":[920.07996,919.7499],"TEMP":[1.3399999,1.3999999],"VISIB":[9.57,9.07],"WDSP":[22.03,22.8],"WNDDIR":[81.5,83],"time":[1549364859,1549364917]}