{"CLDC":[48.93,48.760002],"DEWP":[-3.3100002,-4.08],"FRSHTT":[1000000,1000000],"PRCP":[0,0],"SLP":[995.72003,996.63],"SNDP":[0,0],"STP":[1008.7201,1008.7899],"TEMP":[-2.6499999,-2.56],"VISIB":[2.94,3.1600003],"WDSP":[3.2100003,3.05],"WNDDIR":[326.1,322.1],"time":[1549364859,1549364917]}