{"CLDC":[50.010002],"DEWP":[-1.6800001],"FRSHTT":[100000],"PRCP":[0.26],"SLP":[902.6],"SNDP":[0],"STP":[920.07996],"TEMP":[1.3399999],"VISIB":[9.57],"WDSP":[22.03],"WNDDIR":[81.5],"time":[1549364859]}