{"CLDC":[80.67,80.159996],"DEWP":[-6.3,-6.4200006],"FRSHTT":[1000000,1000000],"PRCP":[0,0],"SLP":[1031.05,1025.6699],"SNDP":[0,0],"STP":[1010.5,1009.55],"TEMP":[-2.26,-2.26],"VISIB":[9.99,9.92],"WDSP":[6.8600006,7.03],"WNDDIR":[298.3,300.6],"time":[1549364859,1549364917]}