{"CLDC":[48.93],"DEWP":[-3.3100002],"FRSHTT":[1000000],"PRCP":[0],"SLP":[995.72003],"SNDP":[0],"STP":[1008.7201],"TEMP":[-2.6499999],"VISIB":[2.94],"WDSP":[3.2100003],"WNDDIR":[326.1],"time":[1549364859]}