{"CLDC":[81.93001,81.729996],"DEWP":[-0.94000006,-0.49],"FRSHTT":[100000,100000],"PRCP":[0.059999995,0.062],"SLP":[1015.8499,1015.7001],"SNDP":[0,0],"STP":[1011.64,1011.43],"TEMP":[2.66,2.6599998],"VISIB":[7.980001,8.15],"WDSP":[14.45,14.770001],"WNDDIR":[96.7,97.2],"time":[1549364859,1549364917]}