{"CLDC":[50.160007,50.080006],"DEWP":[-4.2599998,-4.38],"FRSHTT":[1110000,1110000],"PRCP":[0.48999995,0.48999995],"SLP":[933.2301,933.86],"SNDP":[0.5,0.5],"STP":[934.62,934.43994],"TEMP":[-0.59999996,-0.59999996],"VISIB":[7.53,7.5799994],"WDSP":[25.1,25.880001],"WNDDIR":[325.3,323.7],"time":[1549364859,1549364917]}