{"CLDC":[59.379997],"DEWP":[-0.2],"FRSHTT":[0],"PRCP":[0],"SLP":[1020.13995],"SNDP":[0],"STP":[1026.73],"TEMP":[2.73],"VISIB":[18.820002],"WDSP":[13.639999],"WNDDIR":[290.6],"time":[1549364858]}