{"CLDC":[50.160007],"DEWP":[-4.2599998],"FRSHTT":[1110000],"PRCP":[0.48999995],"SLP":[933.2301],"SNDP":[0.5],"STP":[934.62],"TEMP":[-0.59999996],"VISIB":[7.53],"WDSP":[25.1],"WNDDIR":[325.3],"time":[1549364859]}