{"CLDC":[50.010002,50.13],"DEWP":[-2.1,-2.1399999],"FRSHTT":[100000,100000],"PRCP":[0.19000001,0.192],"SLP":[1015.1,1015.1],"SNDP":[0,0],"STP":[1011,1011],"TEMP":[2.7099998,2.56],"VISIB":[8.76,9.160001],"WDSP":[10.089999,9.37],"WNDDIR":[271,270.6],"time":[1549364859,1549364917]}