{"CLDC":[50.010002],"DEWP":[-2.1],"FRSHTT":[100000],"PRCP":[0.19000001],"SLP":[1015.1],"SNDP":[0],"STP":[1011],"TEMP":[2.7099998],"VISIB":[8.76],"WDSP":[10.089999],"WNDDIR":[271],"time":[1549364859]}