{"CLDC":[61.829998],"DEWP":[-2.02],"FRSHTT":[110000],"PRCP":[0.14],"SLP":[1016],"SNDP":[0.10000001],"STP":[1005.9],"TEMP":[3.7599998],"VISIB":[15.769999],"WDSP":[13.469999],"WNDDIR":[119.2],"time":[1549364856]}