{"CLDC":[69.45],"DEWP":[-3.3700001],"FRSHTT":[0],"PRCP":[0],"SLP":[1006.29004],"SNDP":[0],"STP":[1000.27],"TEMP":[3.44],"VISIB":[28.869999],"WDSP":[14.850001],"WNDDIR":[349.2],"time":[1549364856]}