{"CLDC":[53.690002],"DEWP":[0.39000002],"FRSHTT":[100000],"PRCP":[0.07],"SLP":[1013.9],"SNDP":[0],"STP":[1010.5],"TEMP":[3.42],"VISIB":[9.51],"WDSP":[16.57],"WNDDIR":[124],"time":[1549364856]}