{"CLDC":[50.030003],"DEWP":[0.26999998],"FRSHTT":[100000],"PRCP":[0.009999999],"SLP":[1006.0199],"SNDP":[0],"STP":[1005.20996],"TEMP":[3.2599998],"VISIB":[13.889999],"WDSP":[12.370001],"WNDDIR":[274.5],"time":[1549364860]}