{"CLDC":[50.030003,50.050003],"DEWP":[0.26999998,0.54],"FRSHTT":[100000,100000],"PRCP":[0.009999999,0.009999999],"SLP":[1006.0199,1005.91003],"SNDP":[0,0],"STP":[1005.20996,1005.0301],"TEMP":[3.2599998,3.2600002],"VISIB":[13.889999,14.270001],"WDSP":[12.370001,12.33],"WNDDIR":[274.5,270.7],"time":[1549364860,1549364918]}