{"CLDC":[50.030003,50.030003],"DEWP":[-5.6600003,-5.7400002],"FRSHTT":[1110000,1110000],"PRCP":[0.019999998,0.019999998],"SLP":[944.02,943.85],"SNDP":[7.2,7.2],"STP":[935.43,934.50995],"TEMP":[-0.29999998,-0.29999998],"VISIB":[5.77,5.4300003],"WDSP":[10.27,10.870001],"WNDDIR":[153.7,150.3],"time":[1549364860,1549364918]}