{"CLDC":[50.030003],"DEWP":[-5.6600003],"FRSHTT":[1110000],"PRCP":[0.019999998],"SLP":[944.02],"SNDP":[7.2],"STP":[935.43],"TEMP":[-0.29999998],"VISIB":[5.77],"WDSP":[10.27],"WNDDIR":[153.7],"time":[1549364860]}