{"CLDC":[50],"DEWP":[0.18],"FRSHTT":[100000],"PRCP":[0.059999995],"SLP":[1014],"SNDP":[0],"STP":[1007.5],"TEMP":[4.7400002],"VISIB":[10.330001],"WDSP":[14.350001],"WNDDIR":[154.5],"time":[1549364860]}