{"CLDC":[50.279995],"DEWP":[-0.04],"FRSHTT":[100000],"PRCP":[0.14],"SLP":[1016.4],"SNDP":[0],"STP":[1016.1],"TEMP":[4.24],"VISIB":[9.719999],"WDSP":[11.789999],"WNDDIR":[122],"time":[1549364861]}