{"CLDC":[50.279995,50.600002],"DEWP":[-0.04,0.22999999],"FRSHTT":[100000,100000],"PRCP":[0.14,0.14],"SLP":[1016.4,1016.4],"SNDP":[0,0],"STP":[1016.1,1016.00995],"TEMP":[4.24,4.2],"VISIB":[9.719999,9.750001],"WDSP":[11.789999,11.910001],"WNDDIR":[122,125.5],"time":[1549364861,1549364919]}