{"CLDC":[90.66],"DEWP":[1.75],"FRSHTT":[100000],"PRCP":[0.050000004],"SLP":[1017.1],"SNDP":[0],"STP":[1013.88],"TEMP":[6.0200005],"VISIB":[12.059999],"WDSP":[18.91],"WNDDIR":[311.8],"time":[1549364861]}