{"CLDC":[77.67999,78],"DEWP":[2.9499996,3.0999997],"FRSHTT":[100000,100000],"PRCP":[0.059999995,0.062],"SLP":[1017.2001,1017.2001],"SNDP":[0,0],"STP":[1016.52997,1016.7999],"TEMP":[7.299999,7.299999],"VISIB":[11.19,11.17],"WDSP":[18.59,19.95],"WNDDIR":[47.1,44.8],"time":[1549364858,1549364917]}