{"CLDC":[70.950005],"DEWP":[1.7],"FRSHTT":[100000],"PRCP":[0.050000004],"SLP":[1018.5],"SNDP":[0],"STP":[998.35],"TEMP":[5.95],"VISIB":[10.750001],"WDSP":[27.670002],"WNDDIR":[173.6],"time":[1549364858]}