{"CLDC":[92.18],"DEWP":[-0.8999999],"FRSHTT":[100000],"PRCP":[0.22],"SLP":[1008.1],"SNDP":[0],"STP":[1001.18005],"TEMP":[5.3],"VISIB":[23.670002],"WDSP":[12.620001],"WNDDIR":[110.2],"time":[1549364858]}