{"CLDC":[50.02],"DEWP":[0],"FRSHTT":[100000],"PRCP":[0.009999999],"SLP":[1010.19006],"SNDP":[0],"STP":[1008.6],"TEMP":[6.72],"VISIB":[11.15],"WDSP":[13.9800005],"WNDDIR":[169.1],"time":[1549364855]}