{"CLDC":[86.96001],"DEWP":[1.34],"FRSHTT":[0],"PRCP":[0],"SLP":[1023.13],"SNDP":[0],"STP":[1040.7001],"TEMP":[4.1],"VISIB":[17.850002],"WDSP":[9.0199995],"WNDDIR":[75],"time":[1549364855]}