{"CLDC":[86.96001,86.97],"DEWP":[1.34,1.1600001],"FRSHTT":[0,0],"PRCP":[0,0],"SLP":[1023.13,1023.41],"SNDP":[0,0],"STP":[1040.7001,1040.6799],"TEMP":[4.1,4.08],"VISIB":[17.850002,18.140001],"WDSP":[9.0199995,9.24],"WNDDIR":[75,76.6],"time":[1549364855,1549364915]}