{"CLDC":[78.240005,78.009995],"DEWP":[0.09999999,-0.10000001],"FRSHTT":[100000,100000],"PRCP":[0.019999998,0.019999998],"SLP":[1005.45,1005.27],"SNDP":[0,0],"STP":[1004.69006,1004.6],"TEMP":[3.9199996,3.83],"VISIB":[8.85,8.98],"WDSP":[14.009999,15.2300005],"WNDDIR":[19.6,18.5],"time":[1549364856,1549364915]}