{"CLDC":[92.78001,92.990005],"DEWP":[0.39999998,0.45999998],"FRSHTT":[0,0],"PRCP":[0,0],"SLP":[892.86,892.7799],"SNDP":[0,0],"STP":[894.5,894.6],"TEMP":[2.9599998,2.7900002],"VISIB":[6.3399997,5.8500004],"WDSP":[10.78,11.49],"WNDDIR":[274,279.8],"time":[1549364856,1549364916]}