{"CLDC":[77.200005,77.46],"DEWP":[1.3799999,1.55],"FRSHTT":[100000,100000],"PRCP":[0.10000001,0.10000001],"SLP":[1018.5,1018.5],"SNDP":[0,0],"STP":[1013.61,1013.55],"TEMP":[5.5499997,5.6499996],"VISIB":[13.69,13.38],"WDSP":[12.559999,12.52],"WNDDIR":[54.7,53.1],"time":[1549364856,1549364915]}