{"CLDC":[50.329998],"DEWP":[-1.4000001],"FRSHTT":[100000],"PRCP":[0.10000001],"SLP":[1014],"SNDP":[0],"STP":[1007.9],"TEMP":[3.1700003],"VISIB":[10.709999],"WDSP":[11.27],"WNDDIR":[307.2],"time":[1549364856]}