{"CLDC":[50.02],"DEWP":[3.0399997],"FRSHTT":[100000],"PRCP":[0.050000004],"SLP":[1017.1501],"SNDP":[0],"STP":[1008.9801],"TEMP":[6.55],"VISIB":[12.129999],"WDSP":[22.900002],"WNDDIR":[111.5],"time":[1549364860]}