{"CLDC":[50.379997,50.26],"DEWP":[2.4399998,2.44],"FRSHTT":[100000,100000],"PRCP":[0.019999998,0.019999998],"SLP":[1017.2999,1017.2999],"SNDP":[0,0],"STP":[1014.9,1014.9],"TEMP":[6,5.94],"VISIB":[12.690001,12.730001],"WDSP":[13.33,13.890001],"WNDDIR":[28.3,28.2],"time":[1549364860,1549364918]}