{"CLDC":[50.379997],"DEWP":[2.4399998],"FRSHTT":[100000],"PRCP":[0.019999998],"SLP":[1017.2999],"SNDP":[0],"STP":[1014.9],"TEMP":[6],"VISIB":[12.690001],"WDSP":[13.33],"WNDDIR":[28.3],"time":[1549364860]}