{"CLDC":[66.39],"DEWP":[5.05],"FRSHTT":[100000],"PRCP":[0.34999996],"SLP":[1016.59],"SNDP":[0],"STP":[1020.82996],"TEMP":[9.449999],"VISIB":[10.67],"WDSP":[21.92],"WNDDIR":[104.7],"time":[1549364861]}