{"CLDC":[66.39,66.63],"DEWP":[5.05,4.9900007],"FRSHTT":[100000,100000],"PRCP":[0.34999996,0.34999996],"SLP":[1016.59,1016.31995],"SNDP":[0,0],"STP":[1020.82996,1020.9],"TEMP":[9.449999,9.349999],"VISIB":[10.67,10.309999],"WDSP":[21.92,22.289999],"WNDDIR":[104.7,102.8],"time":[1549364861,1549364919]}