{"CLDC":[68.399994,68.02999],"DEWP":[1.86,1.9200001],"FRSHTT":[100000,100000],"PRCP":[0.20000002,0.20000002],"SLP":[1005.93,1005.94006],"SNDP":[0,0],"STP":[1038.65,1038.23],"TEMP":[4.8200006,4.8],"VISIB":[20.97,21.359997],"WDSP":[49.63,51.159996],"WNDDIR":[68.6,66.3],"time":[1549364859,1549364918]}