{"CLDC":[68.399994],"DEWP":[1.86],"FRSHTT":[100000],"PRCP":[0.20000002],"SLP":[1005.93],"SNDP":[0],"STP":[1038.65],"TEMP":[4.8200006],"VISIB":[20.97],"WDSP":[49.63],"WNDDIR":[68.6],"time":[1549364859]}