{"CLDC":[37.319996,37.230003],"DEWP":[5.1000004,5.2000003],"FRSHTT":[0,0],"PRCP":[0,0],"SLP":[1019.43,1019.4],"SNDP":[0,0],"STP":[1011.2999,1011.43],"TEMP":[6.4900002,6.21],"VISIB":[11.629999,11.77],"WDSP":[49.29,47.22],"WNDDIR":[25.8,23.3],"time":[1549364859,1549364917]}