{"CLDC":[37.319996],"DEWP":[5.1000004],"FRSHTT":[0],"PRCP":[0],"SLP":[1019.43],"SNDP":[0],"STP":[1011.2999],"TEMP":[6.4900002],"VISIB":[11.629999],"WDSP":[49.29],"WNDDIR":[25.8],"time":[1549364859]}