{"CLDC":[50.010002],"DEWP":[3.25],"FRSHTT":[100000],"PRCP":[0.009999999],"SLP":[1023.4],"SNDP":[0],"STP":[998.7001],"TEMP":[7.12],"VISIB":[15.740001],"WDSP":[16.5],"WNDDIR":[345.8],"time":[1549364857]}