{"CLDC":[50.110004],"DEWP":[1.2499999],"FRSHTT":[100000],"PRCP":[0.029999997],"SLP":[1015.9],"SNDP":[0],"STP":[1010.33997],"TEMP":[4.9799995],"VISIB":[13.320002],"WDSP":[12.42],"WNDDIR":[117.7],"time":[1549364857]}