{"CLDC":[50.010002,50.210007],"DEWP":[3.25,3.28],"FRSHTT":[100000,100000],"PRCP":[0.009999999,0.009999999],"SLP":[1023.4,1023.5],"SNDP":[0,0],"STP":[998.7001,998.7001],"TEMP":[7.12,7.06],"VISIB":[15.740001,15.840001],"WDSP":[16.5,16.130001],"WNDDIR":[345.8,346.7],"time":[1549364857,1549364916]}