{"CLDC":[80.06999,79.880005],"DEWP":[-1.45,-1.45],"FRSHTT":[100000,100000],"PRCP":[0.019999998,0.019999998],"SLP":[1011.34,1011.18005],"SNDP":[0,0],"STP":[1009.13,1008.92004],"TEMP":[2.7499998,2.75],"VISIB":[9.45,9.570001],"WDSP":[10.469999,11.21],"WNDDIR":[323,324.7],"time":[1549364858,1549364917]}