{"CLDC":[50.140003,50.180004],"DEWP":[3.1599998,3.0499997],"FRSHTT":[100000,100000],"PRCP":[0.16999999,0.16999999],"SLP":[1014,1014],"SNDP":[0,0],"STP":[1013.07996,1012.9],"TEMP":[6.9600005,7.05],"VISIB":[14.81,15.160001],"WDSP":[19.15,19.07],"WNDDIR":[190.7,190.5],"time":[1549364860,1549364918]}