{"CLDC":[93.36,93.18],"DEWP":[-4.85,-4.85],"FRSHTT":[100000,100000],"PRCP":[0.11,0.11],"SLP":[1018.83997,1018.7999],"SNDP":[0,0],"STP":[1022.4,1022.09],"TEMP":[0.81000006,0.84000003],"VISIB":[11.89,11.45],"WDSP":[14.33,14.729999],"WNDDIR":[267.3,268.2],"time":[1549364859,1549364918]}