{"CLDC":[50.34],"DEWP":[-3.2],"FRSHTT":[100000],"PRCP":[0.09000001],"SLP":[1015.4],"SNDP":[0],"STP":[1017.43],"TEMP":[1.5],"VISIB":[9.31],"WDSP":[11.210001],"WNDDIR":[341.5],"time":[1549364860]}