{"CLDC":[93.36],"DEWP":[-4.85],"FRSHTT":[100000],"PRCP":[0.11],"SLP":[1018.83997],"SNDP":[0],"STP":[1022.4],"TEMP":[0.81000006],"VISIB":[11.89],"WDSP":[14.33],"WNDDIR":[267.3],"time":[1549364859]}