{"CLDC":[50.34,50.250008],"DEWP":[-3.2,-3.1999998],"FRSHTT":[100000,100000],"PRCP":[0.09000001,0.09000001],"SLP":[1015.4,1015.4],"SNDP":[0,0],"STP":[1017.43,1017.5],"TEMP":[1.5,1.5],"VISIB":[9.31,9.619999],"WDSP":[11.210001,11.61],"WNDDIR":[341.5,341.1],"time":[1549364860,1549364918]}