{"CLDC":[61.43,61.339996],"DEWP":[1.1000001,1.1600001],"FRSHTT":[0,0],"PRCP":[0,0],"SLP":[1025.63,1023.61],"SNDP":[0,0],"STP":[1011.57,1010.88],"TEMP":[6.54,6.3799996],"VISIB":[11.429999,11.639999],"WDSP":[9.9800005,10.609999],"WNDDIR":[153.4,154.5],"time":[1549364858,1549364916]}