{"CLDC":[73.73,74.11],"DEWP":[-1.25,-1.25],"FRSHTT":[100000,100000],"PRCP":[0.14,0.14],"SLP":[1009.74005,1009.86005],"SNDP":[0,0],"STP":[1013.41,1013.66003],"TEMP":[2.8899999,2.9199996],"VISIB":[10.790001,11.589999],"WDSP":[7.0699997,7.3700004],"WNDDIR":[248.9,244],"time":[1549364858,1549364916]}