{"CLDC":[50.22],"DEWP":[-1.5599998],"FRSHTT":[100000],"PRCP":[0.20000002],"SLP":[1013.5],"SNDP":[0],"STP":[1010.66003],"TEMP":[2.8600001],"VISIB":[12.309999],"WDSP":[13.389999],"WNDDIR":[332.6],"time":[1549364858]}