{"CLDC":[73.73],"DEWP":[-1.25],"FRSHTT":[100000],"PRCP":[0.14],"SLP":[1009.74005],"SNDP":[0],"STP":[1013.41],"TEMP":[2.8899999],"VISIB":[10.790001],"WDSP":[7.0699997],"WNDDIR":[248.9],"time":[1549364858]}