{"CLDC":[78.700005,78.240005],"DEWP":[-1.9399999,-2.1],"FRSHTT":[100000,100000],"PRCP":[0.14999999,0.14999999],"SLP":[1015.7999,1015.7999],"SNDP":[0,0],"STP":[1021.1,1021.1],"TEMP":[1.7,1.6500002],"VISIB":[10.039999,9.460001],"WDSP":[18.08,18.53],"WNDDIR":[304.1,306.1],"time":[1549364857,1549364916]}