{"CLDC":[13.37],"DEWP":[-4.6099997],"FRSHTT":[0],"PRCP":[0],"SLP":[1030.34],"SNDP":[0],"STP":[1006.02997],"TEMP":[0.93999994],"VISIB":[13.639999],"WDSP":[19.91],"WNDDIR":[233.1],"time":[1549364857]}