{"CLDC":[50.010002,50.010002],"DEWP":[-1.28,-1.28],"FRSHTT":[100000,100000],"PRCP":[0.30999997,0.30999997],"SLP":[1015.4,1015.5],"SNDP":[0,0],"STP":[1012.69006,1012.65],"TEMP":[3.6100001,3.6400006],"VISIB":[12.589999,12.709999],"WDSP":[17.189999,17.46],"WNDDIR":[137.9,135.7],"time":[1549364858,1549364917]}