{"CLDC":[50.010002],"DEWP":[-1.28],"FRSHTT":[100000],"PRCP":[0.30999997],"SLP":[1015.4],"SNDP":[0],"STP":[1012.69006],"TEMP":[3.6100001],"VISIB":[12.589999],"WDSP":[17.189999],"WNDDIR":[137.9],"time":[1549364858]}