{"CLDC":[70.25,70.11],"DEWP":[1.96,1.96],"FRSHTT":[0,0],"PRCP":[0,0],"SLP":[992.38007,991.95],"SNDP":[0,0],"STP":[1003.50995,1003.22003],"TEMP":[3.9,4.08],"VISIB":[9.67,10.400001],"WDSP":[9.969999,10.049999],"WNDDIR":[179.1,176.3],"time":[1549364858,1549364917]}