{"CLDC":[70.25],"DEWP":[1.96],"FRSHTT":[0],"PRCP":[0],"SLP":[992.38007],"SNDP":[0],"STP":[1003.50995],"TEMP":[3.9],"VISIB":[9.67],"WDSP":[9.969999],"WNDDIR":[179.1],"time":[1549364858]}