{"CLDC":[85.44,85.700005],"DEWP":[-1.95,-2.1299999],"FRSHTT":[100000,100000],"PRCP":[0.15999998,0.15999998],"SLP":[1017.5,1017.4],"SNDP":[0,0],"STP":[1013.7999,1013.9],"TEMP":[2.1700003,2.13],"VISIB":[14.19,14.44],"WDSP":[10.39,10.85],"WNDDIR":[162.1,161],"time":[1549364858,1549364916]}