{"CLDC":[24.48,24.48],"DEWP":[2.2199998,2.12],"FRSHTT":[0,0],"PRCP":[0,0],"SLP":[969.63,971.54004],"SNDP":[0,0],"STP":[972.1,972.06995],"TEMP":[4.6900005,4.56],"VISIB":[10.92,11.25],"WDSP":[7.85,7.7400002],"WNDDIR":[150.2,144.4],"time":[1549364855,1549364915]}