{"CLDC":[67.229996,67.82001],"DEWP":[-0.13,-0.15],"FRSHTT":[100000,100000],"PRCP":[0.07999999,0.07999999],"SLP":[1016.7999,1016.7999],"SNDP":[0,0],"STP":[1013.02,1012.91003],"TEMP":[3.7399998,3.65],"VISIB":[9.699999,10.759999],"WDSP":[20.140001,20.15],"WNDDIR":[136.6,140],"time":[1549364855,1549364915]}