{"CLDC":[50.289997],"DEWP":[0.93999994],"FRSHTT":[100000],"PRCP":[0.059999995],"SLP":[1014.07],"SNDP":[0],"STP":[1011.2499],"TEMP":[5.43],"VISIB":[11.17],"WDSP":[15.75],"WNDDIR":[265.2],"time":[1549364855]}