{"CLDC":[50.010002],"DEWP":[-1.5],"FRSHTT":[100000],"PRCP":[0.07999999],"SLP":[1016.7999],"SNDP":[0],"STP":[1013.2999],"TEMP":[2.5],"VISIB":[9.73],"WDSP":[8.2699995],"WNDDIR":[178],"time":[1549364855]}