{"CLDC":[50.530003,50.289997],"DEWP":[4.5600004,4.6000004],"FRSHTT":[100000,100000],"PRCP":[0.019999998,0.019999998],"SLP":[1006.95,1006.82996],"SNDP":[0,0],"STP":[1011.24005,1011.67004],"TEMP":[6.859999,6.8599997],"VISIB":[16.829998,16.91],"WDSP":[12.190001,13.49],"WNDDIR":[354.3,352],"time":[1549364855,1549364915]}