{"CLDC":[50.060005],"DEWP":[-1.28],"FRSHTT":[100000],"PRCP":[0.13],"SLP":[1015.93],"SNDP":[0],"STP":[1017.95],"TEMP":[4.5200005],"VISIB":[13.220001],"WDSP":[12.34],"WNDDIR":[167.3],"time":[1549364861]}