{"CLDC":[56.590004,56.47],"DEWP":[-2.23,-2.05],"FRSHTT":[0,0],"PRCP":[0,0],"SLP":[1004.2001,1004.2001],"SNDP":[0,0],"STP":[1008.18005,1008.19006],"TEMP":[1.9599998,1.9499998],"VISIB":[10.3,10.460001],"WDSP":[15.32,14.69],"WNDDIR":[44.4,46.9],"time":[1549364861,1549364919]}