{"CLDC":[86.170006],"DEWP":[-2.3000002],"FRSHTT":[0],"PRCP":[0],"SLP":[1003.95],"SNDP":[0],"STP":[998.30994],"TEMP":[2.6],"VISIB":[10.11],"WDSP":[11.55],"WNDDIR":[330.1],"time":[1549364861]}