{"CLDC":[22.369999,22.210001],"DEWP":[6.3499994,6.35],"FRSHTT":[0,0],"PRCP":[0,0],"SLP":[1001.8499,999.84],"SNDP":[0,0],"STP":[982.84,982.1201],"TEMP":[9.26,9.339999],"VISIB":[10.820002,10.72],"WDSP":[10.210001,10.099999],"WNDDIR":[52.1,49.8],"time":[1549364861,1549364919]}