{"CLDC":[86.170006,86.67],"DEWP":[-2.3000002,-2.35],"FRSHTT":[0,0],"PRCP":[0,0],"SLP":[1003.95,1003.55],"SNDP":[0,0],"STP":[998.30994,998.3],"TEMP":[2.6,2.55],"VISIB":[10.11,9.33],"WDSP":[11.55,10.75],"WNDDIR":[330.1,333],"time":[1549364861,1549364919]}