{"CLDC":[53.690002,53.730003],"DEWP":[-0.35999998,-0.24000001],"FRSHTT":[100000,100000],"PRCP":[0.34999996,0.34999996],"SLP":[1012.7999,1012.9],"SNDP":[0,0],"STP":[1015.99005,1016.02997],"TEMP":[5.0299997,4.98],"VISIB":[11.789999,11.45],"WDSP":[24.939999,24.54],"WNDDIR":[269.2,267.2],"time":[1549364861,1549364918]}