{"CLDC":[53.690002],"DEWP":[-0.35999998],"FRSHTT":[100000],"PRCP":[0.34999996],"SLP":[1012.7999],"SNDP":[0],"STP":[1015.99005],"TEMP":[5.0299997],"VISIB":[11.789999],"WDSP":[24.939999],"WNDDIR":[269.2],"time":[1549364861]}