{"CLDC":[85],"DEWP":[0.9799999],"FRSHTT":[0],"PRCP":[0],"SLP":[991.45996],"SNDP":[0],"STP":[986.22003],"TEMP":[5.6600003],"VISIB":[10.940001],"WDSP":[12.300001],"WNDDIR":[6.6],"time":[1549364861]}