{"CLDC":[3.8399997,3.7100003],"DEWP":[-1.7,-1.7],"FRSHTT":[0,0],"PRCP":[0,0],"SLP":[1002.05,1002.36005],"SNDP":[0,0],"STP":[995.5,995.4],"TEMP":[2.6,2.49],"VISIB":[9.129999,9.49],"WDSP":[7.6400003,7.2300005],"WNDDIR":[252.1,252.3],"time":[1549364861,1549364918]}