{"CLDC":[50.030003],"DEWP":[2.8400002],"FRSHTT":[100000],"PRCP":[0.07],"SLP":[1015.05994],"SNDP":[0],"STP":[1014.2501],"TEMP":[7.53],"VISIB":[15.45],"WDSP":[30.289999],"WNDDIR":[111.8],"time":[1549364859]}