{"CLDC":[66.36],"DEWP":[2],"FRSHTT":[100000],"PRCP":[0.07],"SLP":[1012.98],"SNDP":[0],"STP":[999.7101],"TEMP":[6.6999993],"VISIB":[11.129999],"WDSP":[30.87],"WNDDIR":[150.2],"time":[1549364859]}