{"CLDC":[66.36,66.58],"DEWP":[2,1.95],"FRSHTT":[100000,100000],"PRCP":[0.07,0.07],"SLP":[1012.98,1012.9],"SNDP":[0,0],"STP":[999.7101,999.98],"TEMP":[6.6999993,6.62],"VISIB":[11.129999,11.03],"WDSP":[30.87,29.65],"WNDDIR":[150.2,151.1],"time":[1549364859,1549364917]}