{"CLDC":[50.030003,50.299995],"DEWP":[2.8400002,2.77],"FRSHTT":[100000,100000],"PRCP":[0.07,0.07],"SLP":[1015.05994,1015.08997],"SNDP":[0,0],"STP":[1014.2501,1014.1],"TEMP":[7.53,7.589999],"VISIB":[15.45,14.83],"WDSP":[30.289999,30.24],"WNDDIR":[111.8,112],"time":[1549364859,1549364917]}