{"CLDC":[29.329998],"DEWP":[0.3],"FRSHTT":[0],"PRCP":[0],"SLP":[1019.2999],"SNDP":[0],"STP":[1006.7001],"TEMP":[5.0000005],"VISIB":[14.679998],"WDSP":[24.61],"WNDDIR":[223.2],"time":[1549364859]}