{"CLDC":[50.100002,50.24],"DEWP":[-0.8299999,-0.79999995],"FRSHTT":[100000,100000],"PRCP":[0.16999999,0.16999999],"SLP":[1010.9,1010.9],"SNDP":[0,0],"STP":[1009.7999,1009.7999],"TEMP":[5.4499993,5.2599998],"VISIB":[11.169999,11.5],"WDSP":[13.460001,13.559999],"WNDDIR":[139.9,137.9],"time":[1549364859,1549364917]}