{"CLDC":[85.87],"DEWP":[0.73999995],"FRSHTT":[100000],"PRCP":[0.36000004],"SLP":[1015.4],"SNDP":[0],"STP":[1002.6],"TEMP":[5.1600003],"VISIB":[11.790001],"WDSP":[10.55],"WNDDIR":[53.1],"time":[1549364859]}