{"CLDC":[68.27999,68.259995],"DEWP":[0.28000003,0.24000001],"FRSHTT":[0,0],"PRCP":[0,0],"SLP":[1006.15,1006.2101],"SNDP":[0,0],"STP":[994.7999,994.62],"TEMP":[6.1200004,6.2000003],"VISIB":[10.220001,10.7300005],"WDSP":[13.25,14.15],"WNDDIR":[88.7,94],"time":[1549364859,1549364917]}