{"CLDC":[27],"DEWP":[-0.35],"FRSHTT":[0],"PRCP":[0],"SLP":[993.9199],"SNDP":[0],"STP":[995.95],"TEMP":[5.0499997],"VISIB":[10.860001],"WDSP":[22.72],"WNDDIR":[336.7],"time":[1549364859]}