{"CLDC":[17.25],"DEWP":[-2.1999998],"FRSHTT":[0],"PRCP":[0],"SLP":[999.48],"SNDP":[0],"STP":[996.4],"TEMP":[3.4000003],"VISIB":[10.430001],"WDSP":[19.08],"WNDDIR":[148.1],"time":[1549364859]}