{"CLDC":[85.87,85.86],"DEWP":[0.73999995,0.96000004],"FRSHTT":[100000,100000],"PRCP":[0.36000004,0.36000004],"SLP":[1015.4,1015.4],"SNDP":[0,0],"STP":[1002.6,1002.6],"TEMP":[5.1600003,5.2],"VISIB":[11.790001,12.49],"WDSP":[10.55,10.219999],"WNDDIR":[53.1,53.5],"time":[1549364859,1549364917]}