{"CLDC":[70.40001,70.41],"DEWP":[-0.62,-0.50000006],"FRSHTT":[0,0],"PRCP":[0,0],"SLP":[1005.42004,1006.02],"SNDP":[0,0],"STP":[997.7,997.82996],"TEMP":[6.3,6.2499995],"VISIB":[11.39,11.099999],"WDSP":[24.650002,22.939999],"WNDDIR":[163.2,162.9],"time":[1549364860,1549364918]}