{"CLDC":[70.40001],"DEWP":[-0.62],"FRSHTT":[0],"PRCP":[0],"SLP":[1005.42004],"SNDP":[0],"STP":[997.7],"TEMP":[6.3],"VISIB":[11.39],"WDSP":[24.650002],"WNDDIR":[163.2],"time":[1549364860]}