{"CLDC":[50.200005],"DEWP":[-0.18],"FRSHTT":[100000],"PRCP":[0.14999999],"SLP":[1014.69006],"SNDP":[0],"STP":[1012.4601],"TEMP":[5.9900007],"VISIB":[11.880001],"WDSP":[18.67],"WNDDIR":[190],"time":[1549364860]}