{"CLDC":[50.200005,50.050003],"DEWP":[-0.18,-0.35999998],"FRSHTT":[100000,100000],"PRCP":[0.14999999,0.14999999],"SLP":[1014.69006,1014.7001],"SNDP":[0,0],"STP":[1012.4601,1012.47003],"TEMP":[5.9900007,6.0500007],"VISIB":[11.880001,12.04],"WDSP":[18.67,19.73],"WNDDIR":[190,194.5],"time":[1549364860,1549364918]}