{"CLDC":[62.870003,62.890003],"DEWP":[-4.2,-4.2],"FRSHTT":[110000,110000],"PRCP":[0.07999999,0.07999999],"SLP":[1019.11,1019.1],"SNDP":[2.6000001,2.6000001],"STP":[1018.5,1018.5],"TEMP":[0.20000002,0.20000002],"VISIB":[16.350002,16.08],"WDSP":[11.71,11.78],"WNDDIR":[354.4,354.9],"time":[1549364855,1549364915]}