{"CLDC":[77.5,77.509995],"DEWP":[-4.7,-4.7999997],"FRSHTT":[110000,110000],"PRCP":[0.07,0.07],"SLP":[1020.16003,1020.19006],"SNDP":[1.8,1.8],"STP":[1016.5,1016.63995],"TEMP":[0.84000003,0.84000003],"VISIB":[15.619998,15.4800005],"WDSP":[9.34,9.73],"WNDDIR":[221.8,221.2],"time":[1549364855,1549364915]}