{"CLDC":[50.640007],"DEWP":[-3.4000003],"FRSHTT":[110000],"PRCP":[0.15999998],"SLP":[1011.30994],"SNDP":[0.10000001],"STP":[1009.5],"TEMP":[1.3199999],"VISIB":[20.96],"WDSP":[18.24],"WNDDIR":[209.8],"time":[1549364855]}