{"CLDC":[62.870003],"DEWP":[-4.2],"FRSHTT":[110000],"PRCP":[0.07999999],"SLP":[1019.11],"SNDP":[2.6000001],"STP":[1018.5],"TEMP":[0.20000002],"VISIB":[16.350002],"WDSP":[11.71],"WNDDIR":[354.4],"time":[1549364855]}