{"CLDC":[50.02,50.110004],"DEWP":[-5.4000006,-5.4000006],"FRSHTT":[100000,100000],"PRCP":[0.19000001,0.19000001],"SLP":[1018.1,1018.2001],"SNDP":[0,0],"STP":[1015.9,1015.99005],"TEMP":[0.5,0.5],"VISIB":[16.82,17.02],"WDSP":[10.900001,10.73],"WNDDIR":[21.6,21.3],"time":[1549364856,1549364916]}