{"CLDC":[62.369995],"DEWP":[-4.1400003],"FRSHTT":[110000],"PRCP":[0.14],"SLP":[1018.7899],"SNDP":[0.59999996],"STP":[1022.6],"TEMP":[0.67999995],"VISIB":[19.19],"WDSP":[10.699999],"WNDDIR":[319.6],"time":[1549364856]}