{"CLDC":[50.02],"DEWP":[-5.4000006],"FRSHTT":[100000],"PRCP":[0.19000001],"SLP":[1018.1],"SNDP":[0],"STP":[1015.9],"TEMP":[0.5],"VISIB":[16.82],"WDSP":[10.900001],"WNDDIR":[21.6],"time":[1549364856]}