{"CLDC":[50.35,50.279995],"DEWP":[-2.6999998,-2.6],"FRSHTT":[110000,110000],"PRCP":[0.13,0.13],"SLP":[1017.7001,1017.7001],"SNDP":[0.29999998,0.29999998],"STP":[1015.41,1015.2301],"TEMP":[1.76,1.7700001],"VISIB":[14.920001,14.990001],"WDSP":[8.56,8.820001],"WNDDIR":[324.2,319.6],"time":[1549364856,1549364916]}