{"CLDC":[50.35],"DEWP":[-2.6999998],"FRSHTT":[110000],"PRCP":[0.13],"SLP":[1017.7001],"SNDP":[0.29999998],"STP":[1015.41],"TEMP":[1.76],"VISIB":[14.920001],"WDSP":[8.56],"WNDDIR":[324.2],"time":[1549364856]}