{"CLDC":[59.939995,59.77],"DEWP":[-10.65,-10.899999],"FRSHTT":[0,0],"PRCP":[0,0],"SLP":[1027.2001,1027.0999],"SNDP":[0,0],"STP":[1023.0399,1023.1],"TEMP":[0.53,0.55],"VISIB":[19.72,19.960001],"WDSP":[14.31,15],"WNDDIR":[342.4,344.1],"time":[1549364856,1549364915]}