{"CLDC":[4.8,4.79],"DEWP":[-4.4399996,-4.1700006],"FRSHTT":[1000000,1000000],"PRCP":[0,0],"SLP":[1020.49005,1020.4],"SNDP":[0,0],"STP":[1018.14,1017.7899],"TEMP":[-0.65,-0.64],"VISIB":[14.559999,15.070002],"WDSP":[4.8,4.31],"WNDDIR":[211.1,213.1],"time":[1549364860,1549364918]}