{"CLDC":[4.8],"DEWP":[-4.4399996],"FRSHTT":[1000000],"PRCP":[0],"SLP":[1020.49005],"SNDP":[0],"STP":[1018.14],"TEMP":[-0.65],"VISIB":[14.559999],"WDSP":[4.8],"WNDDIR":[211.1],"time":[1549364860]}