{"CLDC":[61.019997],"DEWP":[-2.2599998],"FRSHTT":[0],"PRCP":[0],"SLP":[1019.6],"SNDP":[0],"STP":[1019.07],"TEMP":[0.40000004],"VISIB":[15.070002],"WDSP":[9.07],"WNDDIR":[235.2],"time":[1549364860]}