{"CLDC":[55.439995],"DEWP":[-2.8600001],"FRSHTT":[110000],"PRCP":[0.050000004],"SLP":[1014.92004],"SNDP":[0.20000002],"STP":[1013.35],"TEMP":[0.6999999],"VISIB":[8.63],"WDSP":[17.25],"WNDDIR":[276.2],"time":[1549364860]}