{"CLDC":[38.239998,38.590004],"DEWP":[-3.4199996,-3.6800003],"FRSHTT":[0,0],"PRCP":[0,0],"SLP":[1025.5199,1023.0199],"SNDP":[0,0],"STP":[1017.63007,1016.9499],"TEMP":[0,0],"VISIB":[3.25,3.4099998],"WDSP":[15.659999,16.91],"WNDDIR":[296.4,293.4],"time":[1549364860,1549364918]}