{"CLDC":[56.9],"DEWP":[-6.2899995],"FRSHTT":[1000000],"PRCP":[0],"SLP":[995.2],"SNDP":[0],"STP":[1014.54004],"TEMP":[-2.7399998],"VISIB":[5.21],"WDSP":[3.6600003],"WNDDIR":[290.8],"time":[1549364860]}