{"CLDC":[33.229996,33.73],"DEWP":[-7.25,-7.4],"FRSHTT":[1000000,1000000],"PRCP":[0,0],"SLP":[989.1999,989.8],"SNDP":[0,0],"STP":[1008.98,1008.36],"TEMP":[-0.72,-0.74000007],"VISIB":[9.780001,9.35],"WDSP":[5.88,6.480001],"WNDDIR":[148.6,149.1],"time":[1549364860,1549364918]}