{"CLDC":[71.69,71.380005],"DEWP":[-8.5199995,-8.65],"FRSHTT":[1000000,1000000],"PRCP":[0,0],"SLP":[1041.2001,1041.12],"SNDP":[0,0],"STP":[1019.38995,1018.7],"TEMP":[-5.39,-5.32],"VISIB":[8.24,8.469999],"WDSP":[7.659999,8.01],"WNDDIR":[35.2,34.2],"time":[1549364860,1549364918]}