{"CLDC":[33.229996],"DEWP":[-7.25],"FRSHTT":[1000000],"PRCP":[0],"SLP":[989.1999],"SNDP":[0],"STP":[1008.98],"TEMP":[-0.72],"VISIB":[9.780001],"WDSP":[5.88],"WNDDIR":[148.6],"time":[1549364860]}