{"CLDC":[71.69],"DEWP":[-8.5199995],"FRSHTT":[1000000],"PRCP":[0],"SLP":[1041.2001],"SNDP":[0],"STP":[1019.38995],"TEMP":[-5.39],"VISIB":[8.24],"WDSP":[7.659999],"WNDDIR":[35.2],"time":[1549364860]}