{"CLDC":[50.02,50.160004],"DEWP":[-6.6,-6.6],"FRSHTT":[1110000,1110000],"PRCP":[0.009999999,0.009999999],"SLP":[1019.1,1019.1],"SNDP":[0.59999996,0.62999994],"STP":[945.57,945.6],"TEMP":[-1.8199999,-1.76],"VISIB":[15.589999,15.860001],"WDSP":[8.39,8.65],"WNDDIR":[162.1,163.3],"time":[1549364861,1549364919]}