{"CLDC":[59.54,59.55],"DEWP":[-7.96,-7.63],"FRSHTT":[1110000,1110000],"PRCP":[0.009999999,0.009999999],"SLP":[1019.23,1019.2999],"SNDP":[0.9,0.9],"STP":[940.2999,940.2999],"TEMP":[-4.05,-4.05],"VISIB":[18.399998,18.609999],"WDSP":[5.2,5.14],"WNDDIR":[232.5,231.2],"time":[1549364861,1549364919]}