{"CLDC":[59.54],"DEWP":[-7.96],"FRSHTT":[1110000],"PRCP":[0.009999999],"SLP":[1019.23],"SNDP":[0.9],"STP":[940.2999],"TEMP":[-4.05],"VISIB":[18.399998],"WDSP":[5.2],"WNDDIR":[232.5],"time":[1549364861]}