{"CLDC":[50.02],"DEWP":[-6.6],"FRSHTT":[1110000],"PRCP":[0.009999999],"SLP":[1019.1],"SNDP":[0.59999996],"STP":[945.57],"TEMP":[-1.8199999],"VISIB":[15.589999],"WDSP":[8.39],"WNDDIR":[162.1],"time":[1549364861]}