{"CLDC":[50.230003],"DEWP":[-15.08],"FRSHTT":[1110000],"PRCP":[0.009999999],"SLP":[820.77997],"SNDP":[10.599999],"STP":[815.60004],"TEMP":[-11.879999],"VISIB":[9.870001],"WDSP":[7.0399995],"WNDDIR":[139.3],"time":[1549364859]}