{"CLDC":[70.11],"DEWP":[-14.700002],"FRSHTT":[1110000],"PRCP":[0.009999999],"SLP":[894.29004],"SNDP":[5.5],"STP":[895],"TEMP":[-11.12],"VISIB":[11.860001],"WDSP":[9.49],"WNDDIR":[161.5],"time":[1549364859]}