{"CLDC":[50.24],"DEWP":[-2.7700005],"FRSHTT":[1110000],"PRCP":[0.07999999],"SLP":[1019.2001],"SNDP":[0.10000001],"STP":[1020.1201],"TEMP":[0],"VISIB":[8.26],"WDSP":[17.06],"WNDDIR":[39.1],"time":[1549364857]}