{"CLDC":[61.879997,61.85],"DEWP":[-1.58,-1.72],"FRSHTT":[110000,110000],"PRCP":[0.039999995,0.039999995],"SLP":[1018.7001,1018.9],"SNDP":[0.10000001,0.10000001],"STP":[1015.95996,1015.8499],"TEMP":[1.27,1.24],"VISIB":[13.85,13.780001],"WDSP":[12.93,12.35],"WNDDIR":[132.3,131.3],"time":[1549364857,1549364916]}