{"CLDC":[71.079994],"DEWP":[-2.6399999],"FRSHTT":[100000],"PRCP":[0.039999995],"SLP":[1017.9],"SNDP":[0],"STP":[1029.8298],"TEMP":[1.76],"VISIB":[17.070002],"WDSP":[14.620001],"WNDDIR":[181.5],"time":[1549364857]}