{"CLDC":[50],"DEWP":[-4.34],"FRSHTT":[1110000],"PRCP":[0.07999999],"SLP":[1019.7999],"SNDP":[1.8],"STP":[1016.2301],"TEMP":[-0.6999999],"VISIB":[11.260001],"WDSP":[8.05],"WNDDIR":[331.1],"time":[1549364858]}