{"CLDC":[61.879997],"DEWP":[-1.58],"FRSHTT":[110000],"PRCP":[0.039999995],"SLP":[1018.7001],"SNDP":[0.10000001],"STP":[1015.95996],"TEMP":[1.27],"VISIB":[13.85],"WDSP":[12.93],"WNDDIR":[132.3],"time":[1549364857]}