{"CLDC":[78.83],"DEWP":[-6.5],"FRSHTT":[1110000],"PRCP":[0.029999997],"SLP":[1018.7999],"SNDP":[0.59999996],"STP":[972.55994],"TEMP":[-3.28],"VISIB":[8.85],"WDSP":[11.9800005],"WNDDIR":[81],"time":[1549364858]}