{"CLDC":[50.200005,50.35],"DEWP":[-9.34,-9.34],"FRSHTT":[1110000,1110000],"PRCP":[0.019999998,0.019999998],"SLP":[1010,1009.9],"SNDP":[0.59999996,0.59999996],"STP":[957.1,957.13995],"TEMP":[-5.839999,-5.85],"VISIB":[9.14,8.79],"WDSP":[6.4600005,5.8500004],"WNDDIR":[215.2,210],"time":[1549364858,1549364917]}