{"CLDC":[58.620003,58.150005],"DEWP":[-6.839999,-7.160001],"FRSHTT":[1010000,1010000],"PRCP":[0,0],"SLP":[1024.4001,1024.4001],"SNDP":[1.8999999,1.8999999],"STP":[1042.19,1042.5001],"TEMP":[-2.3400002,-2.32],"VISIB":[12.779999,12.67],"WDSP":[8.07,7.8299994],"WNDDIR":[228.5,227.8],"time":[1549364858,1549364917]}