{"CLDC":[85.99],"DEWP":[-8.089999],"FRSHTT":[1000000],"PRCP":[0],"SLP":[1018.25995],"SNDP":[0],"STP":[995.05994],"TEMP":[-3.2599995],"VISIB":[10.48],"WDSP":[9.75],"WNDDIR":[189.3],"time":[1549364858]}