{"CLDC":[74.630005,74.65999],"DEWP":[-6.1400003,-6.8599997],"FRSHTT":[1000000,1000000],"PRCP":[0,0],"SLP":[1023.9,1023.7999],"SNDP":[0,0],"STP":[934.2999,934.2501],"TEMP":[-1.9399999,-1.9699999],"VISIB":[19.77,20.45],"WDSP":[6.2200003,6.7299995],"WNDDIR":[1.5,0],"time":[1549364858,1549364916]}