{"CLDC":[74.630005],"DEWP":[-6.1400003],"FRSHTT":[1000000],"PRCP":[0],"SLP":[1023.9],"SNDP":[0],"STP":[934.2999],"TEMP":[-1.9399999],"VISIB":[19.77],"WDSP":[6.2200003],"WNDDIR":[1.5],"time":[1549364858]}