{"CLDC":[58.920002],"DEWP":[-11.200001],"FRSHTT":[1010000],"PRCP":[0],"SLP":[892.61005],"SNDP":[3.2999997],"STP":[875.6],"TEMP":[-6],"VISIB":[15.140001],"WDSP":[3.72],"WNDDIR":[141.2],"time":[1549364855]}