{"CLDC":[85.59],"DEWP":[-5.63],"FRSHTT":[1000000],"PRCP":[0],"SLP":[1020.1],"SNDP":[0],"STP":[1016.7001],"TEMP":[-2.0300002],"VISIB":[7.5299997],"WDSP":[11.220001],"WNDDIR":[263.6],"time":[1549364855]}