{"CLDC":[58.76],"DEWP":[-4.5099993],"FRSHTT":[1110000],"PRCP":[0.039999995],"SLP":[1021.1],"SNDP":[0.5],"STP":[905.09],"TEMP":[-1.6600001],"VISIB":[17.93],"WDSP":[7.8100004],"WNDDIR":[125.7],"time":[1549364855]}