{"CLDC":[55.640003],"DEWP":[-5.8500004],"FRSHTT":[0],"PRCP":[0],"SLP":[1023.43],"SNDP":[0],"STP":[1018.02],"TEMP":[1.05],"VISIB":[14.81],"WDSP":[4.96],"WNDDIR":[193.7],"time":[1549364856]}