{"CLDC":[55.640003,55.95],"DEWP":[-5.8500004,-6.0700006],"FRSHTT":[0,0],"PRCP":[0,0],"SLP":[1023.43,1023.47003],"SNDP":[0,0],"STP":[1018.02,1019.63995],"TEMP":[1.05,1.0600001],"VISIB":[14.81,15.35],"WDSP":[4.96,4.65],"WNDDIR":[193.7,194.9],"time":[1549364856,1549364915]}