{"CLDC":[50.190002,50.580006],"DEWP":[-8.130001,-8.460001],"FRSHTT":[1110000,1110000],"PRCP":[0.059999995,0.059999995],"SLP":[944.2399,944.2001],"SNDP":[6.0999994,6.0999994],"STP":[947.39,947.2999],"TEMP":[-3.7400002,-3.86],"VISIB":[14.44,14.159999],"WDSP":[7.6099997,7.6899996],"WNDDIR":[40.7,40.2],"time":[1549364856,1549364916]}