{"CLDC":[5.76,5.7700005],"DEWP":[-7.72,-7.8599997],"FRSHTT":[1000000,1000000],"PRCP":[0,0],"SLP":[893.6,892.97003],"SNDP":[0,0],"STP":[907.5,907.7999],"TEMP":[-2.65,-2.9],"VISIB":[13.9,14.039999],"WDSP":[4.13,4.38],"WNDDIR":[148.7,148.3],"time":[1549364860,1549364918]}