{"CLDC":[72.94,72.91],"DEWP":[-3.4,-3.5],"FRSHTT":[100000,100000],"PRCP":[0.050000004,0.050000004],"SLP":[1016.9,1016.7999],"SNDP":[0,0],"STP":[1010.69006,1010.69006],"TEMP":[0.29999998,0.29999998],"VISIB":[19.179998,19.51],"WDSP":[8.42,8.699999],"WNDDIR":[279.3,277.4],"time":[1549364860,1549364918]}