{"CLDC":[50.279995],"DEWP":[-6.7400007],"FRSHTT":[1110000],"PRCP":[0.009999999],"SLP":[1017.2001],"SNDP":[0.20000002],"STP":[936.30994],"TEMP":[-1.5499998],"VISIB":[20.17],"WDSP":[5.42],"WNDDIR":[321],"time":[1549364860]}