{"CLDC":[50.279995,50.100006],"DEWP":[-6.7400007,-6.9],"FRSHTT":[1110000,1110000],"PRCP":[0.009999999,0.009999999],"SLP":[1017.2001,1017.11993],"SNDP":[0.20000002,0.20000002],"STP":[936.30994,936.41003],"TEMP":[-1.5499998,-1.52],"VISIB":[20.17,20.69],"WDSP":[5.42,5.13],"WNDDIR":[321,321.4],"time":[1549364860,1549364918]}