{"CLDC":[72.94],"DEWP":[-3.4],"FRSHTT":[100000],"PRCP":[0.050000004],"SLP":[1016.9],"SNDP":[0],"STP":[1010.69006],"TEMP":[0.29999998],"VISIB":[19.179998],"WDSP":[8.42],"WNDDIR":[279.3],"time":[1549364860]}