{"CLDC":[50.22,50.140003],"DEWP":[-7.350001,-7.350001],"FRSHTT":[1110000,1110000],"PRCP":[0.029999997,0.029999997],"SLP":[975.45,975.04004],"SNDP":[2.3999999,2.3999999],"STP":[955.6,955.15],"TEMP":[-3.5000005,-3.5000005],"VISIB":[9.450001,9.46],"WDSP":[9.23,9.629999],"WNDDIR":[109.4,104.6],"time":[1549364860,1549364918]}