{"CLDC":[78.21001],"DEWP":[-6.0200005],"FRSHTT":[1010000],"PRCP":[0],"SLP":[1034.4001],"SNDP":[2.3999999],"STP":[918.5],"TEMP":[-4.0600004],"VISIB":[11.38],"WDSP":[3.92],"WNDDIR":[73.2],"time":[1549364860]}