{"CLDC":[50.309994],"DEWP":[-6.399999],"FRSHTT":[1010000],"PRCP":[0],"SLP":[846],"SNDP":[10.199999],"STP":[833.91],"TEMP":[-2.4399998],"VISIB":[28.41],"WDSP":[1.79],"WNDDIR":[336.7],"time":[1549364860]}