{"CLDC":[68.270004,68.43],"DEWP":[-6.899999,-7.399999],"FRSHTT":[1110000,1110000],"PRCP":[0.10000001,0.10000001],"SLP":[1020.2001,1020.2001],"SNDP":[0.59999996,0.59999996],"STP":[956.4,956.37],"TEMP":[-1.96,-2.08],"VISIB":[11.82,11.699999],"WDSP":[9.310001,8.839999],"WNDDIR":[135.1,135.2],"time":[1549364860,1549364918]}