{"CLDC":[87.72001],"DEWP":[-6.0499997],"FRSHTT":[1110000],"PRCP":[0.059999995],"SLP":[1018.6201],"SNDP":[0.9],"STP":[983.1],"TEMP":[-1.54],"VISIB":[11.639998],"WDSP":[8.28],"WNDDIR":[190.2],"time":[1549364859]}