{"CLDC":[68.270004],"DEWP":[-6.899999],"FRSHTT":[1110000],"PRCP":[0.10000001],"SLP":[1020.2001],"SNDP":[0.59999996],"STP":[956.4],"TEMP":[-1.96],"VISIB":[11.82],"WDSP":[9.310001],"WNDDIR":[135.1],"time":[1549364860]}