{"CLDC":[16.509998,16.460001],"DEWP":[-0.9499999,-0.9499999],"FRSHTT":[0,0],"PRCP":[0,0],"SLP":[965.19006,967],"SNDP":[0,0],"STP":[991.27997,991.35],"TEMP":[0.55999994,0.56999993],"VISIB":[4.13,4.06],"WDSP":[11.280001,11.679999],"WNDDIR":[66.9,71.8],"time":[1549364859,1549364917]}