{"CLDC":[50.100002,50.279995],"DEWP":[-4.38,-3.94],"FRSHTT":[100000,100000],"PRCP":[0.16999999,0.16999999],"SLP":[1009.2301,1008.55],"SNDP":[0,0],"STP":[1008.4,1008.43],"TEMP":[1.13,1.1400001],"VISIB":[10.33,10.22],"WDSP":[15.33,14.43],"WNDDIR":[78.6,81.1],"time":[1549364859,1549364917]}