{"CLDC":[12.430001],"DEWP":[-3.5],"FRSHTT":[0],"PRCP":[0],"SLP":[1012.92004],"SNDP":[0],"STP":[1004.9],"TEMP":[1.6800001],"VISIB":[11.639999],"WDSP":[15.93],"WNDDIR":[52.8],"time":[1549364859]}