{"CLDC":[45.279995,45.230003],"DEWP":[-2.3899999,-2.25],"FRSHTT":[0,0],"PRCP":[0,0],"SLP":[1012.5801,1012.77],"SNDP":[0,0],"STP":[909,909.05994],"TEMP":[1.6899999,1.65],"VISIB":[20.070002,19.95],"WDSP":[1.7800001,1.24],"WNDDIR":[213.2,216.2],"time":[1549364860,1549364918]}