{"CLDC":[12.430001,12.109999],"DEWP":[-3.5,-3.5],"FRSHTT":[0,0],"PRCP":[0,0],"SLP":[1012.92004,1012.9601],"SNDP":[0,0],"STP":[1004.9,1004.7001],"TEMP":[1.6800001,1.6800001],"VISIB":[11.639999,12.0199995],"WDSP":[15.93,15.850001],"WNDDIR":[52.8,51.7],"time":[1549364859,1549364917]}