{"CLDC":[45.279995],"DEWP":[-2.3899999],"FRSHTT":[0],"PRCP":[0],"SLP":[1012.5801],"SNDP":[0],"STP":[909],"TEMP":[1.6899999],"VISIB":[20.070002],"WDSP":[1.7800001],"WNDDIR":[213.2],"time":[1549364860]}