{"CLDC":[72.09999,72.170006],"DEWP":[-5.38,-5.74],"FRSHTT":[100000,100000],"PRCP":[0.050000004,0.050000004],"SLP":[1017.55994,1017.5],"SNDP":[0,0],"STP":[1011.7001,1011.6],"TEMP":[1.1500001,1.1300001],"VISIB":[21.01,21.52],"WDSP":[5.7699995,6.3100004],"WNDDIR":[176.1,174.1],"time":[1549364857,1549364916]}