{"CLDC":[72.09999],"DEWP":[-5.38],"FRSHTT":[100000],"PRCP":[0.050000004],"SLP":[1017.55994],"SNDP":[0],"STP":[1011.7001],"TEMP":[1.1500001],"VISIB":[21.01],"WDSP":[5.7699995],"WNDDIR":[176.1],"time":[1549364857]}