{"CLDC":[3.3899999],"DEWP":[-5.5399995],"FRSHTT":[0],"PRCP":[0],"SLP":[1019.7999],"SNDP":[0],"STP":[986.88995],"TEMP":[1.03],"VISIB":[18.81],"WDSP":[5.99],"WNDDIR":[145.5],"time":[1549364857]}