{"CLDC":[3.3899999,3.02],"DEWP":[-5.5399995,-5.6499996],"FRSHTT":[0,0],"PRCP":[0,0],"SLP":[1019.7999,1019.7999],"SNDP":[0,0],"STP":[986.88995,987.2499],"TEMP":[1.03,1.0600001],"VISIB":[18.81,18.89],"WDSP":[5.99,5.77],"WNDDIR":[145.5,144.3],"time":[1549364857,1549364916]}