{"CLDC":[77.869995],"DEWP":[-7.95],"FRSHTT":[1110000],"PRCP":[0.029999997],"SLP":[1017.2001],"SNDP":[0.59999996],"STP":[954.2999],"TEMP":[-2.0500002],"VISIB":[23.279999],"WDSP":[8.28],"WNDDIR":[141.5],"time":[1549364857]}