{"CLDC":[50.6],"DEWP":[-9.749999],"FRSHTT":[1010000],"PRCP":[0],"SLP":[896.6],"SNDP":[5.5],"STP":[903.9199],"TEMP":[-5.2],"VISIB":[22.030003],"WDSP":[4.21],"WNDDIR":[235.2],"time":[1549364857]}