{"CLDC":[50.04],"DEWP":[-5.74],"FRSHTT":[1110000],"PRCP":[0.07999999],"SLP":[976.2001],"SNDP":[0.40000004],"STP":[959.04004],"TEMP":[-3.02],"VISIB":[9.42],"WDSP":[11.649999],"WNDDIR":[200.6],"time":[1549364857]}