{"CLDC":[35.299995],"DEWP":[-10.450001],"FRSHTT":[1000000],"PRCP":[0],"SLP":[1000.57],"SNDP":[0],"STP":[999.9699],"TEMP":[-3.48],"VISIB":[10.209999],"WDSP":[7.8899994],"WNDDIR":[59.2],"time":[1549364857]}