{"CLDC":[50.6,50.799995],"DEWP":[-9.749999,-9.7],"FRSHTT":[1010000,1010000],"PRCP":[0,0],"SLP":[896.6,896.68],"SNDP":[5.5,5.5],"STP":[903.9199,903.93],"TEMP":[-5.2,-5.1],"VISIB":[22.030003,21.329998],"WDSP":[4.21,4.4900002],"WNDDIR":[235.2,237.6],"time":[1549364857,1549364916]}