{"CLDC":[64.700005,64.62],"DEWP":[-7.999999,-8.299999],"FRSHTT":[1110000,1110000],"PRCP":[0.019999998,0.019999998],"SLP":[870.86993,870.67004],"SNDP":[0.5,0.5],"STP":[881.5,881.5],"TEMP":[-3.48,-3.5],"VISIB":[21.18,20.93],"WDSP":[12.710001,12.840001],"WNDDIR":[246,243.9],"time":[1549364858,1549364917]}