{"CLDC":[64.700005],"DEWP":[-7.999999],"FRSHTT":[1110000],"PRCP":[0.019999998],"SLP":[870.86993],"SNDP":[0.5],"STP":[881.5],"TEMP":[-3.48],"VISIB":[21.18],"WDSP":[12.710001],"WNDDIR":[246],"time":[1549364858]}