{"CLDC":[41.909996,42.120003],"DEWP":[-4.45,-4.2300005],"FRSHTT":[0,0],"PRCP":[0,0],"SLP":[996.7601,996.75],"SNDP":[0,0],"STP":[1008.07996,1007.97003],"TEMP":[2,2],"VISIB":[9.360001,9.280001],"WDSP":[13.289999,12.33],"WNDDIR":[213.2,211],"time":[1549364855,1549364915]}