{"CLDC":[96.98],"DEWP":[-0.19999999],"FRSHTT":[100000],"PRCP":[0.050000004],"SLP":[1018.4],"SNDP":[0],"STP":[953.5],"TEMP":[3.6399999],"VISIB":[19.3],"WDSP":[6.19],"WNDDIR":[124.4],"time":[1549364855]}