{"CLDC":[96.98,97.19001],"DEWP":[-0.19999999,-0.18],"FRSHTT":[100000,100000],"PRCP":[0.050000004,0.050000004],"SLP":[1018.4,1018.4],"SNDP":[0,0],"STP":[953.5,953.5],"TEMP":[3.6399999,3.7399998],"VISIB":[19.3,19.079998],"WDSP":[6.19,6.649999],"WNDDIR":[124.4,121.5],"time":[1549364855,1549364915]}