{"CLDC":[50],"DEWP":[-5.999999],"FRSHTT":[1110000],"PRCP":[0.14],"SLP":[1015.1],"SNDP":[0.5],"STP":[978.05994],"TEMP":[-0.93999994],"VISIB":[10.609999],"WDSP":[10.26],"WNDDIR":[141.6],"time":[1549364855]}