{"CLDC":[50,50.02],"DEWP":[-5.999999,-6.299999],"FRSHTT":[1110000,1110000],"PRCP":[0.14,0.14],"SLP":[1015.1,1015.1],"SNDP":[0.5,0.5],"STP":[978.05994,977.74005],"TEMP":[-0.93999994,-0.93999994],"VISIB":[10.609999,10.320001],"WDSP":[10.26,9.66],"WNDDIR":[141.6,141.7],"time":[1549364855,1549364915]}