{"CLDC":[50.08,50.070004],"DEWP":[-5.0999994,-4.8999996],"FRSHTT":[1100000,1100000],"PRCP":[0.11,0.11],"SLP":[1016.4,1016.4],"SNDP":[0,0],"STP":[963.6,963.6],"TEMP":[-0.40000004,-0.40000004],"VISIB":[18.98,18.08],"WDSP":[7.66,7.9900002],"WNDDIR":[262.8,261.5],"time":[1549364856,1549364916]}