{"CLDC":[50.030003],"DEWP":[-4.4999995],"FRSHTT":[100000],"PRCP":[0.14999999],"SLP":[1006.31995],"SNDP":[0],"STP":[1009.32996],"TEMP":[2.78],"VISIB":[10.049999],"WDSP":[18.070002],"WNDDIR":[140.3],"time":[1549364856]}