{"CLDC":[93.98,93.68],"DEWP":[-5.11,-5.1400003],"FRSHTT":[100000,100000],"PRCP":[0.13,0.13],"SLP":[1013.2001,1013.1],"SNDP":[0,0],"STP":[1011.50995,1011.91003],"TEMP":[2.1799998,2.1599998],"VISIB":[11.860001,11.799999],"WDSP":[14.529999,14.35],"WNDDIR":[320.5,319],"time":[1549364861,1549364919]}