{"CLDC":[93.98],"DEWP":[-5.11],"FRSHTT":[100000],"PRCP":[0.13],"SLP":[1013.2001],"SNDP":[0],"STP":[1011.50995],"TEMP":[2.1799998],"VISIB":[11.860001],"WDSP":[14.529999],"WNDDIR":[320.5],"time":[1549364861]}