{"CLDC":[45.53],"DEWP":[-1.9200001],"FRSHTT":[0],"PRCP":[0],"SLP":[1023.0301],"SNDP":[0],"STP":[1022.3299],"TEMP":[5.600001],"VISIB":[19.949999],"WDSP":[5.76],"WNDDIR":[35.2],"time":[1549364859]}