{"CLDC":[50.02],"DEWP":[-7.4],"FRSHTT":[100000],"PRCP":[0.11],"SLP":[1016.7999],"SNDP":[0],"STP":[1019.16003],"TEMP":[2.4800003],"VISIB":[21.570002],"WDSP":[10.87],"WNDDIR":[273.2],"time":[1549364859]}