{"CLDC":[50.200005],"DEWP":[-3.0200002],"FRSHTT":[100000],"PRCP":[0.15999998],"SLP":[1017.7001],"SNDP":[0],"STP":[1020],"TEMP":[5.0099993],"VISIB":[16.38],"WDSP":[8.2300005],"WNDDIR":[26.3],"time":[1549364857]}