{"CLDC":[59.170002],"DEWP":[-3.6],"FRSHTT":[0],"PRCP":[0],"SLP":[1022.7999],"SNDP":[0],"STP":[1022.5],"TEMP":[3.0999997],"VISIB":[24.610003],"WDSP":[5.7899995],"WNDDIR":[306.7],"time":[1549364857]}