{"CLDC":[50.200005,50.309994],"DEWP":[-3.0200002,-3.1000004],"FRSHTT":[100000,100000],"PRCP":[0.15999998,0.15999998],"SLP":[1017.7001,1017.7001],"SNDP":[0,0],"STP":[1020,1020],"TEMP":[5.0099993,4.95],"VISIB":[16.38,16.26],"WDSP":[8.2300005,8.08],"WNDDIR":[26.3,30.3],"time":[1549364857,1549364916]}