{"CLDC":[79.78001,79.65],"DEWP":[-8.76,-8.6],"FRSHTT":[0,0],"PRCP":[0,0],"SLP":[1022.6,1022.6],"SNDP":[0,0],"STP":[1016.6,1016.57996],"TEMP":[0.7700001,0.7299999],"VISIB":[10.430001,10.440001],"WDSP":[11.26,11.179998],"WNDDIR":[338.3,340.7],"time":[1549364855,1549364915]}