{"CLDC":[75.62999,75.68],"DEWP":[-7.440001,-7.440001],"FRSHTT":[0,0],"PRCP":[0,0],"SLP":[1024.49,1024.5],"SNDP":[0,0],"STP":[1006.32996,1006.2799],"TEMP":[0.20000002,0.20000002],"VISIB":[9.9,9.51],"WDSP":[7.4799995,7.3000007],"WNDDIR":[1.3,1],"time":[1549364857,1549364916]}