{"CLDC":[34.409996,33.71],"DEWP":[-6.34,-6.66],"FRSHTT":[0,0],"PRCP":[0,0],"SLP":[1022.4,1022.41],"SNDP":[0,0],"STP":[1008.2201,1008.19006],"TEMP":[0.74999994,0.7800001],"VISIB":[9.77,10.11],"WDSP":[13.289999,12.54],"WNDDIR":[274.8,273.3],"time":[1549364856,1549364915]}