{"CLDC":[61.819996],"DEWP":[-2.0000002],"FRSHTT":[100000],"PRCP":[0.33999997],"SLP":[1015.5],"SNDP":[0],"STP":[1012.02997],"TEMP":[3.8199997],"VISIB":[13.13],"WDSP":[15.57],"WNDDIR":[292.8],"time":[1549364858]}