{"CLDC":[87.64,87.50001],"DEWP":[-1.25,-1.5199999],"FRSHTT":[100000,100000],"PRCP":[0.059999995,0.059999995],"SLP":[1015.5,1015.5],"SNDP":[0,0],"STP":[1016.07996,1015.77997],"TEMP":[4.6799994,4.56],"VISIB":[18.460001,18.64],"WDSP":[16.25,15.7699995],"WNDDIR":[312.2,313.3],"time":[1549364858,1549364917]}