{"CLDC":[12.07,11.559999],"DEWP":[-2.5500002,-2.44],"FRSHTT":[0,0],"PRCP":[0,0],"SLP":[1021.1,1021.1],"SNDP":[0,0],"STP":[1004.16,1004.43994],"TEMP":[3.35,3.35],"VISIB":[11.529999,11.67],"WDSP":[7.3,7.5],"WNDDIR":[89.5,90.2],"time":[1549364858,1549364917]}