{"CLDC":[71.409996],"DEWP":[-5.3],"FRSHTT":[0],"PRCP":[0],"SLP":[1042.51],"SNDP":[0],"STP":[1014.99005],"TEMP":[1.5],"VISIB":[10.599999],"WDSP":[14.499998],"WNDDIR":[32.8],"time":[1549364858]}