{"CLDC":[12.07],"DEWP":[-2.5500002],"FRSHTT":[0],"PRCP":[0],"SLP":[1021.1],"SNDP":[0],"STP":[1004.16],"TEMP":[3.35],"VISIB":[11.529999],"WDSP":[7.3],"WNDDIR":[89.5],"time":[1549364858]}