{"CLDC":[94.56],"DEWP":[-5.04],"FRSHTT":[1100000],"PRCP":[0.19000001],"SLP":[998.82996],"SNDP":[0],"STP":[996.41],"TEMP":[-3.6799998],"VISIB":[0.93999994],"WDSP":[57.45],"WNDDIR":[150.5],"time":[1549364858]}