{"CLDC":[50.160004,50.399998],"DEWP":[-24.84,-24.71],"FRSHTT":[1110000,1110000],"PRCP":[0.029999997,0.029999997],"SLP":[1016.49005,1016.6],"SNDP":[6.8,6.8],"STP":[1023.45,1024.1499],"TEMP":[-22.959997,-22.609999],"VISIB":[19.68,19.820002],"WDSP":[21.84,21.95],"WNDDIR":[177.3,177.7],"time":[1549364856,1549364915]}