{"CLDC":[66.66],"DEWP":[-6.0200005],"FRSHTT":[1110000],"PRCP":[0.09000001],"SLP":[1003.1],"SNDP":[3.7000003],"STP":[997.55994],"TEMP":[-4.52],"VISIB":[19.33],"WDSP":[41.600002],"WNDDIR":[91.9],"time":[1549364856]}