{"CLDC":[76.19,76.13],"DEWP":[-17.77,-17.14],"FRSHTT":[1010000,1010000],"PRCP":[0,0],"SLP":[1015.6,1015.65],"SNDP":[29.2,29.2],"STP":[1008.7999,1008.7999],"TEMP":[-14.9800005,-14.960001],"VISIB":[27.49,28.459997],"WDSP":[17.619999,18.509998],"WNDDIR":[133.5,131.9],"time":[1549364855,1549364915]}