{"CLDC":[50.249996,50.61],"DEWP":[-20.960003,-21.160002],"FRSHTT":[1110000,1110000],"PRCP":[0.019999998,0.019999998],"SLP":[1012.7001,1012.7001],"SNDP":[7.8,7.8],"STP":[1012.5801,1012.38],"TEMP":[-18.88,-18.64],"VISIB":[20.25,20.309998],"WDSP":[22.43,21.789999],"WNDDIR":[320.7,321.1],"time":[1549364855,1549364915]}