{"CLDC":[50.08],"DEWP":[-25.52],"FRSHTT":[1110000],"PRCP":[0.019999998],"SLP":[1014.1],"SNDP":[8.800001],"STP":[1014.42004],"TEMP":[-23.359999],"VISIB":[19.960001],"WDSP":[19.849998],"WNDDIR":[356.8],"time":[1549364861]}