{"CLDC":[50.08,50.08],"DEWP":[-25.52,-25.480001],"FRSHTT":[1110000,1110000],"PRCP":[0.019999998,0.019999998],"SLP":[1014.1,1014.1],"SNDP":[8.800001,8.800001],"STP":[1014.42004,1014.07996],"TEMP":[-23.359999,-22.92],"VISIB":[19.960001,20.01],"WDSP":[19.849998,19.41],"WNDDIR":[356.8,357.8],"time":[1549364861,1549364918]}