{"CLDC":[44.289997,44.260002],"DEWP":[-38.1,-38.1],"FRSHTT":[1000000,1000000],"PRCP":[0,0],"SLP":[1015.6,1015.49005],"SNDP":[0,0],"STP":[1016.82996,1016.27],"TEMP":[-34.82,-34.920002],"VISIB":[30.960001,31.05],"WDSP":[2.67,3.31],"WNDDIR":[217.8,220.4],"time":[1549364861,1549364919]}