{"CLDC":[50.030003],"DEWP":[-11.859999],"FRSHTT":[1110000],"PRCP":[0.059999995],"SLP":[1008.7001],"SNDP":[16.300001],"STP":[1006.35],"TEMP":[-8.15],"VISIB":[23.380001],"WDSP":[13.709999],"WNDDIR":[202.1],"time":[1549364858]}