{"CLDC":[50.030003,50.02],"DEWP":[-11.859999,-11.76],"FRSHTT":[1110000,1110000],"PRCP":[0.059999995,0.059999995],"SLP":[1008.7001,1008.7001],"SNDP":[16.300001,16.300001],"STP":[1006.35,1006.49005],"TEMP":[-8.15,-8.08],"VISIB":[23.380001,23.78],"WDSP":[13.709999,14.219999],"WNDDIR":[202.1,200.1],"time":[1549364858,1549364917]}