{"CLDC":[80.85,80.380005],"DEWP":[-11.2,-11.04],"FRSHTT":[1110000,1110000],"PRCP":[0.07999999,0.07999999],"SLP":[1007.2499,1007.2999],"SNDP":[37.299995,37.299995],"STP":[1007.86,1007.11],"TEMP":[-8.779999,-8.949999],"VISIB":[53.53,53.07],"WDSP":[14.69,15.699999],"WNDDIR":[230.4,232.6],"time":[1549364859,1549364917]}