{"CLDC":[36.710003,36.779995],"DEWP":[-31.3,-31.259998],"FRSHTT":[1000000,1000000],"PRCP":[0,0],"SLP":[1015.25,1015.00995],"SNDP":[0,0],"STP":[1008.12,1009.36993],"TEMP":[-29.179998,-29.349997],"VISIB":[37.670006,37.96],"WDSP":[6.3100004,5.38],"WNDDIR":[6.5,4.3],"time":[1549364856,1549364916]}