{"CLDC":[50.100002],"DEWP":[-14.58],"FRSHTT":[1110000],"PRCP":[0.059999995],"SLP":[1002.2999],"SNDP":[47],"STP":[974.1],"TEMP":[-11.859999],"VISIB":[31.130001],"WDSP":[13.910001],"WNDDIR":[114.5],"time":[1549364859]}