{"CLDC":[66.509995],"DEWP":[-8.33],"FRSHTT":[1000000],"PRCP":[0],"SLP":[1004.52997],"SNDP":[0],"STP":[1002.57996],"TEMP":[-6.0799994],"VISIB":[26.05],"WDSP":[28.48],"WNDDIR":[163.4],"time":[1549364859]}