{"CLDC":[66.509995,66.2],"DEWP":[-8.33,-8.879999],"FRSHTT":[1000000,1000000],"PRCP":[0,0],"SLP":[1004.52997,1008.56995],"SNDP":[0,0],"STP":[1002.57996,1002.48],"TEMP":[-6.0799994,-6.1],"VISIB":[26.05,26.079998],"WDSP":[28.48,28.679998],"WNDDIR":[163.4,158.1],"time":[1549364859,1549364917]}