{"CLDC":[50.120003,50.120003],"DEWP":[-23.609999,-23.859997],"FRSHTT":[1110000,1110000],"PRCP":[0.009999999,0.009999999],"SLP":[1013.1,1013],"SNDP":[1.8,1.8],"STP":[1013.43,1013.41],"TEMP":[-21.820002,-21.95],"VISIB":[19.81,19.630001],"WDSP":[25.6,24.69],"WNDDIR":[141.5,139.2],"time":[1549364858,1549364917]}