{"CLDC":[50.120003],"DEWP":[-23.609999],"FRSHTT":[1110000],"PRCP":[0.009999999],"SLP":[1013.1],"SNDP":[1.8],"STP":[1013.43],"TEMP":[-21.820002],"VISIB":[19.81],"WDSP":[25.6],"WNDDIR":[141.5],"time":[1549364858]}