{"CLDC":[50.05],"DEWP":[-16.52],"FRSHTT":[1010000],"PRCP":[0],"SLP":[985.92004],"SNDP":[18.100002],"STP":[1012.7999],"TEMP":[-15.1],"VISIB":[14.290001],"WDSP":[33.309998],"WNDDIR":[63.6],"time":[1549364858]}