{"CLDC":[52.409996,52.26],"DEWP":[-27.2,-26.980001],"FRSHTT":[1010000,1010000],"PRCP":[0,0],"SLP":[1029.2101,1029.4001],"SNDP":[20.899998,20.899998],"STP":[1027.77,1027.7999],"TEMP":[-25.87,-25.769999],"VISIB":[8.23,7.669999],"WDSP":[38.23,38.359997],"WNDDIR":[181,179.7],"time":[1549364857,1549364916]}