{"CLDC":[87.19],"DEWP":[-27.960001],"FRSHTT":[1010000],"PRCP":[0],"SLP":[1012.86],"SNDP":[11.5],"STP":[1023.1501],"TEMP":[-25.409998],"VISIB":[20.529999],"WDSP":[18.68],"WNDDIR":[358.3],"time":[1549364857]}