{"CLDC":[94.53999,94.5],"DEWP":[-22.439999,-22.759998],"FRSHTT":[1010000,1010000],"PRCP":[0,0],"SLP":[994.9,995.2001],"SNDP":[16.699999,16.800001],"STP":[1010.1,1010.1],"TEMP":[-20.1,-20.219997],"VISIB":[8.429999,8.0199995],"WDSP":[41.78,41.659996],"WNDDIR":[195.1,193.5],"time":[1549364857,1549364916]}