{"CLDC":[50.090004,50.190002],"DEWP":[-22.02,-21.95],"FRSHTT":[1100000,1100000],"PRCP":[0.029999997,0.029999997],"SLP":[1016.2001,1016.2001],"SNDP":[0,0],"STP":[1018.68005,1018.41003],"TEMP":[-20.04,-19.329998],"VISIB":[15.56,15.860001],"WDSP":[26.930002,28.590002],"WNDDIR":[278.9,278.7],"time":[1549364857,1549364916]}