{"CLDC":[87.19,87.46001],"DEWP":[-27.960001,-27.960001],"FRSHTT":[1010000,1010000],"PRCP":[0,0],"SLP":[1012.86,1013.27],"SNDP":[11.5,11.599999],"STP":[1023.1501,1023.2001],"TEMP":[-25.409998,-26.099997],"VISIB":[20.529999,20.47],"WDSP":[18.68,20.84],"WNDDIR":[358.3,354.5],"time":[1549364857,1549364916]}