{"CLDC":[94.53999],"DEWP":[-22.439999],"FRSHTT":[1010000],"PRCP":[0],"SLP":[994.9],"SNDP":[16.699999],"STP":[1010.1],"TEMP":[-20.1],"VISIB":[8.429999],"WDSP":[41.78],"WNDDIR":[195.1],"time":[1549364857]}