{"CLDC":[50.13],"DEWP":[-21.1],"FRSHTT":[1110000],"PRCP":[0.029999997],"SLP":[1016.7699],"SNDP":[2.7000003],"STP":[1017.2001],"TEMP":[-18.699999],"VISIB":[18.55],"WDSP":[26.95],"WNDDIR":[212.6],"time":[1549364859]}