{"CLDC":[98.05,97.700005],"DEWP":[-17.04,-17.050001],"FRSHTT":[1100000,1100000],"PRCP":[0.050000004,0.050000004],"SLP":[1016.4,1016.2999],"SNDP":[0,0],"STP":[1013.88,1013.22003],"TEMP":[-12.960001,-12.530001],"VISIB":[22.829998,23.1],"WDSP":[18.369999,18.130001],"WNDDIR":[136,136.7],"time":[1549364859,1549364918]}