{"CLDC":[78.66],"DEWP":[-24.439999],"FRSHTT":[1110000],"PRCP":[0.039999995],"SLP":[1010.7801],"SNDP":[3.2999997],"STP":[1007.05],"TEMP":[-21.799997],"VISIB":[16.74],"WDSP":[24.710001],"WNDDIR":[39.1],"time":[1549364859]}