{"CLDC":[81.27,81.21001],"DEWP":[-14.809999,-14.629999],"FRSHTT":[1110000,1110000],"PRCP":[0.019999998,0.019999998],"SLP":[1006.97003,1006.88],"SNDP":[10.800001,10.800001],"STP":[985.98,986.1],"TEMP":[-11.780001,-11.419999],"VISIB":[21.740002,21.32],"WDSP":[11.92,13.719999],"WNDDIR":[184.2,183.8],"time":[1549364860,1549364918]}