{"CLDC":[81.27],"DEWP":[-14.809999],"FRSHTT":[1110000],"PRCP":[0.019999998],"SLP":[1006.97003],"SNDP":[10.800001],"STP":[985.98],"TEMP":[-11.780001],"VISIB":[21.740002],"WDSP":[11.92],"WNDDIR":[184.2],"time":[1549364860]}