{"CLDC":[50.11,50.299995],"DEWP":[-22.439999,-22.66],"FRSHTT":[1010000,1010000],"PRCP":[0,0],"SLP":[1033.11,1033.05],"SNDP":[9.300001,9.300001],"STP":[1031.5,1031.5999],"TEMP":[-20.98,-20.619999],"VISIB":[27.86,28.320002],"WDSP":[20.34,21.28],"WNDDIR":[137.3,134.8],"time":[1549364860,1549364918]}