{"CLDC":[51.620003,51.690002],"DEWP":[-25.14,-24.740002],"FRSHTT":[1110000,1110000],"PRCP":[0.009999999,0.009999999],"SLP":[1013.2999,1013.37],"SNDP":[3.5,3.5],"STP":[1015.6,1014.55],"TEMP":[-22.249998,-21.91],"VISIB":[18.319998,18.13],"WDSP":[26.329998,25.77],"WNDDIR":[234.3,234.2],"time":[1549364860,1549364918]}