{"CLDC":[51.620003],"DEWP":[-25.14],"FRSHTT":[1110000],"PRCP":[0.009999999],"SLP":[1013.2999],"SNDP":[3.5],"STP":[1015.6],"TEMP":[-22.249998],"VISIB":[18.319998],"WDSP":[26.329998],"WNDDIR":[234.3],"time":[1549364860]}