{"CLDC":[62.3],"DEWP":[-13.350001],"FRSHTT":[1100000],"PRCP":[0.050000004],"SLP":[1007],"SNDP":[0],"STP":[964.7001],"TEMP":[-11.120001],"VISIB":[11.95],"WDSP":[6.8700004],"WNDDIR":[272.6],"time":[1549364860]}