{"CLDC":[60.01],"DEWP":[-3.7],"FRSHTT":[1100000],"PRCP":[0.45999998],"SLP":[1015.49005],"SNDP":[0],"STP":[940.6],"TEMP":[-1.1400001],"VISIB":[7.8700004],"WDSP":[26.1],"WNDDIR":[322.2],"time":[1549364860]}