{"CLDC":[60.01,59.97],"DEWP":[-3.7,-3.7400002],"FRSHTT":[1100000,1100000],"PRCP":[0.45999998,0.45999998],"SLP":[1015.49005,1015.6],"SNDP":[0,0],"STP":[940.6,940.6],"TEMP":[-1.1400001,-1.1700001],"VISIB":[7.8700004,8.009999],"WDSP":[26.1,26.55],"WNDDIR":[322.2,319.3],"time":[1549364860,1549364918]}