{"CLDC":[50.010002],"DEWP":[-4.02],"FRSHTT":[1100000],"PRCP":[0.36999997],"SLP":[1024.24],"SNDP":[0],"STP":[1020.04004],"TEMP":[-2.4199998],"VISIB":[29.74],"WDSP":[16.59],"WNDDIR":[76.3],"time":[1549364860]}