{"CLDC":[50.010002,50.100002],"DEWP":[-4.02,-3.8799999],"FRSHTT":[1100000,1100000],"PRCP":[0.36999997,0.36999997],"SLP":[1024.24,1024.42],"SNDP":[0,0],"STP":[1020.04004,1019.14014],"TEMP":[-2.4199998,-2.3799999],"VISIB":[29.74,29.41],"WDSP":[16.59,17.91],"WNDDIR":[76.3,74.7],"time":[1549364860,1549364918]}