{"CLDC":[68.5,68.31999],"DEWP":[-13.369998,-13.5199995],"FRSHTT":[1110000,1110000],"PRCP":[0.19000001,0.19000001],"SLP":[1018.18005,1018.00995],"SNDP":[30.600002,30.600002],"STP":[1037.05,1037.04],"TEMP":[-10.450001,-10.160001],"VISIB":[37.22,37.28],"WDSP":[3.56,3.7599998],"WNDDIR":[313,311],"time":[1549364860,1549364918]}