{"CLDC":[91.21,91.34001],"DEWP":[-17.6,-17.580002],"FRSHTT":[1110000,1110000],"PRCP":[0.009999999,0.009999999],"SLP":[1018.2001,1018.11],"SNDP":[10.5,10.5],"STP":[1014.6,1014.2999],"TEMP":[-14.759999,-15.0199995],"VISIB":[17.75,17.82],"WDSP":[20.51,20.65],"WNDDIR":[23.6,22.3],"time":[1549364860,1549364918]}