{"CLDC":[66.40001,66],"DEWP":[-10.65,-10.16],"FRSHTT":[1010000,1010000],"PRCP":[0,0],"SLP":[975.67004,975.42004],"SNDP":[30.600002,30.600002],"STP":[981.77997,979.86993],"TEMP":[-8.13,-8.179999],"VISIB":[31.939999,27.710001],"WDSP":[3.1100001,3.3299994],"WNDDIR":[36.5,37.8],"time":[1549364861,1549364919]}