{"CLDC":[69.01],"DEWP":[-11.640001],"FRSHTT":[1110000],"PRCP":[0.14],"SLP":[1022.08997],"SNDP":[19],"STP":[994.5],"TEMP":[-9.620001],"VISIB":[56.24],"WDSP":[7.7600007],"WNDDIR":[286],"time":[1549364861]}