{"CLDC":[84.49,84.73],"DEWP":[-14.799998,-15.040001],"FRSHTT":[1000000,1000000],"PRCP":[0,0],"SLP":[998.9,998.93],"SNDP":[0,0],"STP":[995.91,996.67004],"TEMP":[-12.949999,-12.9],"VISIB":[9.07,9.309999],"WDSP":[0.98999995,1],"WNDDIR":[269,271.5],"time":[1549364861,1549364918]}