{"CLDC":[50.160004],"DEWP":[-23.48],"FRSHTT":[1110000],"PRCP":[0.009999999],"SLP":[1015.52997],"SNDP":[4.2999997],"STP":[1013.5],"TEMP":[-21.350002],"VISIB":[16.82],"WDSP":[18.6],"WNDDIR":[30.9],"time":[1549364856]}