{"CLDC":[50.510002,50.580006],"DEWP":[-29.619999,-29.579998],"FRSHTT":[1010000,1010000],"PRCP":[0,0],"SLP":[1036.49,1036.48],"SNDP":[21.800001,21.800001],"STP":[1035.7999,1035.7999],"TEMP":[-28.220001,-27.89],"VISIB":[24.039999,24.1],"WDSP":[14.7699995,14.699999],"WNDDIR":[40.4,41.5],"time":[1549364856,1549364916]}