{"CLDC":[90.98999],"DEWP":[-19.380001],"FRSHTT":[1110000],"PRCP":[0.039999995],"SLP":[1014.7001],"SNDP":[5.2000003],"STP":[1010.54004],"TEMP":[-17.390001],"VISIB":[16.060001],"WDSP":[22.869999],"WNDDIR":[30.5],"time":[1549364855]}