{"CLDC":[9.850001,9.749999],"DEWP":[-9.900001,-9.64],"FRSHTT":[1000000,1000000],"PRCP":[0,0],"SLP":[1025.89,1025.55],"SNDP":[0,0],"STP":[1037.4401,1037.4],"TEMP":[-7.6500006,-7.600001],"VISIB":[48.11,46.129997],"WDSP":[4.0699997,4.2699995],"WNDDIR":[40.1,42.7],"time":[1549364861,1549364919]}