{"CLDC":[9.850001],"DEWP":[-9.900001],"FRSHTT":[1000000],"PRCP":[0],"SLP":[1025.89],"SNDP":[0],"STP":[1037.4401],"TEMP":[-7.6500006],"VISIB":[48.11],"WDSP":[4.0699997],"WNDDIR":[40.1],"time":[1549364861]}