{"CLDC":[86.09999],"DEWP":[-17.09],"FRSHTT":[1100000],"PRCP":[0.050000004],"SLP":[1013.2001],"SNDP":[0],"STP":[1015.9],"TEMP":[-13.32],"VISIB":[15.350001],"WDSP":[38.049995],"WNDDIR":[334.9],"time":[1549364858]}