{"CLDC":[50.05,50],"DEWP":[-32.88,-32.780003],"FRSHTT":[1010000,1010000],"PRCP":[0,0],"SLP":[1038.7001,1038.74],"SNDP":[6.5,6.5],"STP":[1037.2001,1037.2001],"TEMP":[-29.74,-29.85],"VISIB":[35.35,35.78],"WDSP":[6.4700003,5.61],"WNDDIR":[43.8,45.2],"time":[1549364857,1549364916]}