{"CLDC":[50.170006,50.249996],"DEWP":[-12.049999,-12.05],"FRSHTT":[1010000,1010000],"PRCP":[0,0],"SLP":[1022.30994,1021.99005],"SNDP":[3.7000003,3.7000003],"STP":[1051.6,1050.99],"TEMP":[-8.91,-8.82],"VISIB":[36.71,36.359997],"WDSP":[7.9800005,8.559999],"WNDDIR":[195.1,194.1],"time":[1549364861,1549364919]}