{"CLDC":[50.160004],"DEWP":[-11.300001],"FRSHTT":[1010000],"PRCP":[0],"SLP":[1026.5999],"SNDP":[1.3999999],"STP":[1039.54],"TEMP":[-9.809999],"VISIB":[12.8],"WDSP":[5.19],"WNDDIR":[119],"time":[1549364861]}