{"CLDC":[23.02,22.869999],"DEWP":[-5.8500004,-5.84],"FRSHTT":[1000000,1000000],"PRCP":[0,0],"SLP":[1025.5999,1025.9001],"SNDP":[0,0],"STP":[1022.7999,1018.52997],"TEMP":[-4.7400002,-4.62],"VISIB":[5.2,5.16],"WDSP":[1.1000001,1.1000001],"WNDDIR":[60.5,58.7],"time":[1549364861,1549364919]}