{"CLDC":[23.02],"DEWP":[-5.8500004],"FRSHTT":[1000000],"PRCP":[0],"SLP":[1025.5999],"SNDP":[0],"STP":[1022.7999],"TEMP":[-4.7400002],"VISIB":[5.2],"WDSP":[1.1000001],"WNDDIR":[60.5],"time":[1549364861]}