{"CLDC":[99.65,99.75],"DEWP":[-7.7100005,-7.7799997],"FRSHTT":[1110000,1110000],"PRCP":[0.029999997,0.029999997],"SLP":[1007.7001,1007.7001],"SNDP":[13.199999,13.199999],"STP":[977.81995,977.9801],"TEMP":[-5.4299994,-5.33],"VISIB":[44.24,44.769997],"WDSP":[10.730001,10.539999],"WNDDIR":[87.5,86.5],"time":[1549364855,1549364915]}