{"CLDC":[99.65],"DEWP":[-7.7100005],"FRSHTT":[1110000],"PRCP":[0.029999997],"SLP":[1007.7001],"SNDP":[13.199999],"STP":[977.81995],"TEMP":[-5.4299994],"VISIB":[44.24],"WDSP":[10.730001],"WNDDIR":[87.5],"time":[1549364855]}