{"CLDC":[88.96001,88.770004],"DEWP":[-6.9399996,-6.8599997],"FRSHTT":[1010000,1010000],"PRCP":[0,0],"SLP":[1023.93,1024.25],"SNDP":[1.3999999,1.3999999],"STP":[1034.6599,1031.8201],"TEMP":[-4.8999996,-4.78],"VISIB":[11.23,11.469999],"WDSP":[20.35,18.89],"WNDDIR":[6.8,8.2],"time":[1549364855,1549364915]}