{"CLDC":[88.96001],"DEWP":[-6.9399996],"FRSHTT":[1010000],"PRCP":[0],"SLP":[1023.93],"SNDP":[1.3999999],"STP":[1034.6599],"TEMP":[-4.8999996],"VISIB":[11.23],"WDSP":[20.35],"WNDDIR":[6.8],"time":[1549364855]}