{"CLDC":[6.2699995,6.62],"DEWP":[-5.3499994,-5.2],"FRSHTT":[1000000,1000000],"PRCP":[0,0],"SLP":[1021.6,1021.6],"SNDP":[0,0],"STP":[1013.39,1013.54004],"TEMP":[-4.64,-4.62],"VISIB":[9.690001,9.579999],"WDSP":[6.29,6.9700003],"WNDDIR":[104.9,107.1],"time":[1549364855,1549364915]}