{"CLDC":[6.2699995],"DEWP":[-5.3499994],"FRSHTT":[1000000],"PRCP":[0],"SLP":[1021.6],"SNDP":[0],"STP":[1013.39],"TEMP":[-4.64],"VISIB":[9.690001],"WDSP":[6.29],"WNDDIR":[104.9],"time":[1549364855]}