{"CLDC":[98.33],"DEWP":[-25.920002],"FRSHTT":[1010000],"PRCP":[0],"SLP":[1014.38995],"SNDP":[8.800001],"STP":[1019.32],"TEMP":[-23.149998],"VISIB":[17.27],"WDSP":[18.949999],"WNDDIR":[20.2],"time":[1549364859]}