{"CLDC":[50.269997,50.140003],"DEWP":[-30.659998,-30.539999],"FRSHTT":[1110000,1110000],"PRCP":[0.009999999,0.009999999],"SLP":[1018.4,1018.27997],"SNDP":[8.300001,8.400001],"STP":[1013.2001,1013.2001],"TEMP":[-28.290003,-27.84],"VISIB":[20.389997,20.600002],"WDSP":[20.89,21.18],"WNDDIR":[243.5,244.4],"time":[1549364859,1549364917]}