{"CLDC":[52.45],"DEWP":[-14.18],"FRSHTT":[1110000],"PRCP":[0.039999995],"SLP":[1005.87],"SNDP":[24.100002],"STP":[998.61],"TEMP":[-11.979999],"VISIB":[21.24],"WDSP":[9.549999],"WNDDIR":[176.7],"time":[1549364855]}