{"CLDC":[50.269997],"DEWP":[-30.659998],"FRSHTT":[1110000],"PRCP":[0.009999999],"SLP":[1018.4],"SNDP":[8.300001],"STP":[1013.2001],"TEMP":[-28.290003],"VISIB":[20.389997],"WDSP":[20.89],"WNDDIR":[243.5],"time":[1549364859]}