{"CLDC":[82.380005],"DEWP":[-5.8399997],"FRSHTT":[1010000],"PRCP":[0],"SLP":[1007.7999],"SNDP":[3.7000003],"STP":[1032.28],"TEMP":[-5.18],"VISIB":[7.81],"WDSP":[4.56],"WNDDIR":[98.8],"time":[1549364855]}