{"CLDC":[50.15,50.030003],"DEWP":[-26.039999,-25.949997],"FRSHTT":[1010000,1010000],"PRCP":[0,0],"SLP":[1018.1,1018],"SNDP":[16.300001,16.300001],"STP":[1024.8201,1025.08],"TEMP":[-22.980001,-22.95],"VISIB":[13.619998,13.65],"WDSP":[25.34,25.63],"WNDDIR":[295,294.6],"time":[1549364858,1549364916]}