{"CLDC":[50.15],"DEWP":[-26.039999],"FRSHTT":[1010000],"PRCP":[0],"SLP":[1018.1],"SNDP":[16.300001],"STP":[1024.8201],"TEMP":[-22.980001],"VISIB":[13.619998],"WDSP":[25.34],"WNDDIR":[295],"time":[1549364858]}