{"CLDC":[22.359999,21.73],"DEWP":[-4.3,-4.4000006],"FRSHTT":[1000000,1000000],"PRCP":[0,0],"SLP":[1024.7101,1024.9401],"SNDP":[0,0],"STP":[1023.00995,1023.7],"TEMP":[-2.9600005,-3.0200002],"VISIB":[36.66,36.28],"WDSP":[3.2100003,3.4],"WNDDIR":[204,200.3],"time":[1549364855,1549364915]}