{"CLDC":[43.989998],"DEWP":[-5.399999],"FRSHTT":[1000000],"PRCP":[0],"SLP":[1024.96],"SNDP":[0],"STP":[1028.0399],"TEMP":[-4.42],"VISIB":[38.22],"WDSP":[17.52],"WNDDIR":[180.7],"time":[1549364855]}