{"CLDC":[87.56999,87.47],"DEWP":[-21.259998,-21.08],"FRSHTT":[1110000,1110000],"PRCP":[0.029999997,0.029999997],"SLP":[1021.5,1021.5],"SNDP":[5.7999997,5.81],"STP":[1019.7001,1019.5],"TEMP":[-17.999998,-18.52],"VISIB":[11.199999,11.49],"WDSP":[14.360001,14.37],"WNDDIR":[145.6,146],"time":[1549364857,1549364916]}