{"CLDC":[43.989998,44.090004],"DEWP":[-5.399999,-5.399999],"FRSHTT":[1000000,1000000],"PRCP":[0,0],"SLP":[1024.96,1024.92],"SNDP":[0,0],"STP":[1028.0399,1028.9199],"TEMP":[-4.42,-4.48],"VISIB":[38.22,38.309998],"WDSP":[17.52,17.1],"WNDDIR":[180.7,177.2],"time":[1549364855,1549364915]}