{"CLDC":[65.89],"DEWP":[-9.400001],"FRSHTT":[1010000],"PRCP":[0],"SLP":[1015],"SNDP":[2.3999999],"STP":[999.61],"TEMP":[-6.79],"VISIB":[13.2],"WDSP":[11.469999],"WNDDIR":[166],"time":[1549364855]}