{"CLDC":[65.89,65.78],"DEWP":[-9.400001,-9.299999],"FRSHTT":[1010000,1010000],"PRCP":[0,0],"SLP":[1015,1015],"SNDP":[2.3999999,2.3999999],"STP":[999.61,1001.11],"TEMP":[-6.79,-6.8199997],"VISIB":[13.2,12.94],"WDSP":[11.469999,12.04],"WNDDIR":[166,168.5],"time":[1549364855,1549364915]}