{"CLDC":[50.21,50.690006],"DEWP":[-4.9199996,-4.8599997],"FRSHTT":[1010000,1010000],"PRCP":[0,0],"SLP":[1024.99,1024.99],"SNDP":[3.7000003,3.7000003],"STP":[1020.07996,1020.42004],"TEMP":[-3.9499996,-4.04],"VISIB":[17.66,18.28],"WDSP":[4.9000006,4.870001],"WNDDIR":[192.6,199.2],"time":[1549364856,1549364915]}