{"CLDC":[50.180004,50.120003],"DEWP":[-17.3,-17.3],"FRSHTT":[1110000,1110000],"PRCP":[0.019999998,0.019999998],"SLP":[1011.7001,1011.63995],"SNDP":[4.2000003,4.2000003],"STP":[1018.38,1018.38995],"TEMP":[-15.5199995,-15.44],"VISIB":[15.950002,15.570002],"WDSP":[22.59,22.630001],"WNDDIR":[29.3,30.1],"time":[1549364860,1549364918]}