{"CLDC":[75.990005],"DEWP":[-5.3799996],"FRSHTT":[1000000],"PRCP":[0],"SLP":[1024.4001],"SNDP":[0],"STP":[1023.13],"TEMP":[-4.02],"VISIB":[15.93],"WDSP":[17.86],"WNDDIR":[101.2],"time":[1549364855]}