{"CLDC":[50.160004],"DEWP":[-17.7],"FRSHTT":[1100000],"PRCP":[0.009999999],"SLP":[1014.7999],"SNDP":[0],"STP":[1016.7699],"TEMP":[-15.840001],"VISIB":[13.37],"WDSP":[25.23],"WNDDIR":[333.4],"time":[1549364860]}