{"CLDC":[50.160004,50.05],"DEWP":[-17.7,-17.679998],"FRSHTT":[1100000,1100000],"PRCP":[0.009999999,0.009999999],"SLP":[1014.7999,1014.7301],"SNDP":[0,0],"STP":[1016.7699,1016.83997],"TEMP":[-15.840001,-15.93],"VISIB":[13.37,13.75],"WDSP":[25.23,24.03],"WNDDIR":[333.4,332.1],"time":[1549364860,1549364918]}