{"CLDC":[75.990005,75.799995],"DEWP":[-5.3799996,-5.4999995],"FRSHTT":[1000000,1000000],"PRCP":[0,0],"SLP":[1024.4001,1024.39],"SNDP":[0,0],"STP":[1023.13,1022.79004],"TEMP":[-4.02,-3.9600003],"VISIB":[15.93,15.840001],"WDSP":[17.86,17.78],"WNDDIR":[101.2,104.6],"time":[1549364855,1549364915]}