{"CLDC":[50.180004],"DEWP":[-17.3],"FRSHTT":[1110000],"PRCP":[0.019999998],"SLP":[1011.7001],"SNDP":[4.2000003],"STP":[1018.38],"TEMP":[-15.5199995],"VISIB":[15.950002],"WDSP":[22.59],"WNDDIR":[29.3],"time":[1549364860]}