{"CLDC":[62.76],"DEWP":[-14.360001],"FRSHTT":[1110000],"PRCP":[0.050000004],"SLP":[987.4],"SNDP":[11.5],"STP":[1013.4],"TEMP":[-12.6],"VISIB":[3.56],"WDSP":[42.42],"WNDDIR":[180.3],"time":[1549364859]}