{"CLDC":[90.68001,90.46001],"DEWP":[-13.18,-12.92],"FRSHTT":[1110000,1110000],"PRCP":[0.029999997,0.029999997],"SLP":[1006.12,1006.00995],"SNDP":[26.2,26.2],"STP":[995,994.74005],"TEMP":[-9.719999,-9.64],"VISIB":[39.710003,39.32],"WDSP":[5.5799994,5.1099997],"WNDDIR":[93.9,94.7],"time":[1549364855,1549364915]}