{"CLDC":[90.68001],"DEWP":[-13.18],"FRSHTT":[1110000],"PRCP":[0.029999997],"SLP":[1006.12],"SNDP":[26.2],"STP":[995],"TEMP":[-9.719999],"VISIB":[39.710003],"WDSP":[5.5799994],"WNDDIR":[93.9],"time":[1549364855]}