{"CLDC":[50.15],"DEWP":[-26.280003],"FRSHTT":[1110000],"PRCP":[0.059999995],"SLP":[1012.1],"SNDP":[5.4000006],"STP":[1015.6],"TEMP":[-23.360003],"VISIB":[19.170002],"WDSP":[20.39],"WNDDIR":[106.9],"time":[1549364859]}