{"CLDC":[62.76,62.940002],"DEWP":[-14.360001,-14.580002],"FRSHTT":[1110000,1110000],"PRCP":[0.050000004,0.050000004],"SLP":[987.4,987.4],"SNDP":[11.5,11.599999],"STP":[1013.4,1013.4],"TEMP":[-12.6,-12.75],"VISIB":[3.56,2.8199997],"WDSP":[42.42,40.720005],"WNDDIR":[180.3,179.3],"time":[1549364859,1549364917]}