{"CLDC":[22.42,22.560001],"DEWP":[-6.700001,-6.5],"FRSHTT":[1000000,1000000],"PRCP":[0,0],"SLP":[1002.2999,1002.2101],"SNDP":[0,0],"STP":[994.68005,994.7999],"TEMP":[-4.4800005,-4.48],"VISIB":[11.280001,11.48],"WDSP":[13.25,14.13],"WNDDIR":[180.3,181.6],"time":[1549364855,1549364915]}