{"CLDC":[22.42],"DEWP":[-6.700001],"FRSHTT":[1000000],"PRCP":[0],"SLP":[1002.2999],"SNDP":[0],"STP":[994.68005],"TEMP":[-4.4800005],"VISIB":[11.280001],"WDSP":[13.25],"WNDDIR":[180.3],"time":[1549364855]}