{"CLDC":[9.870001],"DEWP":[-6.6],"FRSHTT":[1000000],"PRCP":[0],"SLP":[1024.4001],"SNDP":[0],"STP":[1001.82996],"TEMP":[-4.5600004],"VISIB":[28.369999],"WDSP":[14.45],"WNDDIR":[95.9],"time":[1549364855]}