{"CLDC":[9.870001,10.5],"DEWP":[-6.6,-6.6],"FRSHTT":[1000000,1000000],"PRCP":[0,0],"SLP":[1024.4001,1024.42],"SNDP":[0,0],"STP":[1001.82996,1001.7999],"TEMP":[-4.5600004,-4.62],"VISIB":[28.369999,29.830002],"WDSP":[14.45,13.92],"WNDDIR":[95.9,98.7],"time":[1549364855,1549364915]}