{"CLDC":[50.120003],"DEWP":[-17.039999],"FRSHTT":[1010000],"PRCP":[0],"SLP":[1015.81006],"SNDP":[30.600002],"STP":[1029.4199],"TEMP":[-14.290001],"VISIB":[49.719997],"WDSP":[6.6],"WNDDIR":[314.9],"time":[1549364857]}