{"CLDC":[50.070004,50.120003],"DEWP":[-7.7,-7.5800004],"FRSHTT":[1110000,1110000],"PRCP":[0.20000002,0.20000002],"SLP":[1007.1,1007.2001],"SNDP":[34.899998,35],"STP":[980.95,980.5999],"TEMP":[-5.96,-5.7599993],"VISIB":[29.269999,28.48],"WDSP":[11.719999,11.799999],"WNDDIR":[13.7,10],"time":[1549364858,1549364916]}