{"CLDC":[50.120003,50.04],"DEWP":[-2.95,-3.2599998],"FRSHTT":[1110000,1110000],"PRCP":[0.14999999,0.14999999],"SLP":[1023.09,1022.84],"SNDP":[95.5,95.59999],"STP":[944.38,944.32996],"TEMP":[-2.3200002,-2.41],"VISIB":[32.42,29.310001],"WDSP":[10.95,10.31],"WNDDIR":[354,355.1],"time":[1549364858,1549364916]}