{"CLDC":[50.120003],"DEWP":[-2.95],"FRSHTT":[1110000],"PRCP":[0.14999999],"SLP":[1023.09],"SNDP":[95.5],"STP":[944.38],"TEMP":[-2.3200002],"VISIB":[32.42],"WDSP":[10.95],"WNDDIR":[354],"time":[1549364858]}