{"CLDC":[50.22],"DEWP":[-11.12],"FRSHTT":[1110000],"PRCP":[0.09000001],"SLP":[1018.57],"SNDP":[15.300001],"STP":[990.6],"TEMP":[-9],"VISIB":[56.04],"WDSP":[2.6100001],"WNDDIR":[119.1],"time":[1549364858]}