{"CLDC":[50.22,50.35],"DEWP":[-11.12,-11.15],"FRSHTT":[1110000,1110000],"PRCP":[0.09000001,0.09000001],"SLP":[1018.57,1018.55994],"SNDP":[15.300001,15.300001],"STP":[990.6,990.68005],"TEMP":[-9,-8.690001],"VISIB":[56.04,56.75],"WDSP":[2.6100001,2.6000001],"WNDDIR":[119.1,116.7],"time":[1549364858,1549364917]}