{"CLDC":[50.030003,50.02],"DEWP":[-14.460001,-14.240001],"FRSHTT":[1110000,1110000],"PRCP":[0.039999995,0.039999995],"SLP":[1012.9,1012.9],"SNDP":[29.8,29.869999],"STP":[979.9,979.9],"TEMP":[-12.379999,-12.05],"VISIB":[44.85,45.67],"WDSP":[5.8700004,5.4300003],"WNDDIR":[327.1,328.7],"time":[1549364858,1549364917]}