{"CLDC":[50.030003],"DEWP":[-14.460001],"FRSHTT":[1110000],"PRCP":[0.039999995],"SLP":[1012.9],"SNDP":[29.8],"STP":[979.9],"TEMP":[-12.379999],"VISIB":[44.85],"WDSP":[5.8700004],"WNDDIR":[327.1],"time":[1549364858]}