{"CLDC":[50.140003,50.030003],"DEWP":[-9.27,-9.2699995],"FRSHTT":[1010000,1010000],"PRCP":[0,0],"SLP":[1025.0701,1025.0299],"SNDP":[13.9,13.9],"STP":[1037.59,1038.45],"TEMP":[-7.700001,-7.6800003],"VISIB":[52.7,53.05],"WDSP":[3.6500003,3.69],"WNDDIR":[288.5,291.8],"time":[1549364858,1549364917]}