{"CLDC":[50.170006],"DEWP":[-7.95],"FRSHTT":[1100000],"PRCP":[0.009999999],"SLP":[1022.66],"SNDP":[0],"STP":[1010.62],"TEMP":[-6.899999],"VISIB":[28.499996],"WDSP":[7.8],"WNDDIR":[52],"time":[1549364859]}