{"CLDC":[81.11999],"DEWP":[-30.420002],"FRSHTT":[1010000],"PRCP":[0],"SLP":[1013.5],"SNDP":[11.699999],"STP":[1014.6],"TEMP":[-28.529995],"VISIB":[20.98],"WDSP":[24.94],"WNDDIR":[177.1],"time":[1549364860]}