{"CLDC":[81.11999,81.09],"DEWP":[-30.420002,-30.45],"FRSHTT":[1010000,1010000],"PRCP":[0,0],"SLP":[1013.5,1013.5],"SNDP":[11.699999,11.699999],"STP":[1014.6,1014.6],"TEMP":[-28.529995,-28.259998],"VISIB":[20.98,20.779999],"WDSP":[24.94,23.59],"WNDDIR":[177.1,178.7],"time":[1549364860,1549364918]}