{"CLDC":[50.03,50.120003],"DEWP":[-10.02,-9.419999],"FRSHTT":[1010000,1010000],"PRCP":[0,0],"SLP":[1025.5999,1025.48],"SNDP":[2.3999999,2.3999999],"STP":[1032.4199,1032.61],"TEMP":[-8.959999,-8.879999],"VISIB":[62.420002,62.960003],"WDSP":[3.36,3.61],"WNDDIR":[288.9,290.3],"time":[1549364859,1549364917]}