{"CLDC":[50.899998,50.309994],"DEWP":[-28.63,-28.419998],"FRSHTT":[1010000,1010000],"PRCP":[0,0],"SLP":[1025.3301,1025.2001],"SNDP":[1.5,1.5],"STP":[1009.38,1009.2699],"TEMP":[-27.339996,-26.779999],"VISIB":[24.320002,24.35],"WDSP":[12.769999,12.520001],"WNDDIR":[134.2,135.8],"time":[1549364857,1549364916]}