{"CLDC":[50.899998],"DEWP":[-28.63],"FRSHTT":[1010000],"PRCP":[0],"SLP":[1025.3301],"SNDP":[1.5],"STP":[1009.38],"TEMP":[-27.339996],"VISIB":[24.320002],"WDSP":[12.769999],"WNDDIR":[134.2],"time":[1549364857]}