{"CLDC":[51.440002,51.419994],"DEWP":[-20.699999,-20.649998],"FRSHTT":[1000000,1000000],"PRCP":[0,0],"SLP":[997.25995,995.93005],"SNDP":[0,0],"STP":[984.67004,985.95],"TEMP":[-18.7,-18.65],"VISIB":[4.74,5.4800005],"WDSP":[33.590004,34.079998],"WNDDIR":[331.4,333.1],"time":[1549364860,1549364918]}