{"CLDC":[51.440002],"DEWP":[-20.699999],"FRSHTT":[1000000],"PRCP":[0],"SLP":[997.25995],"SNDP":[0],"STP":[984.67004],"TEMP":[-18.7],"VISIB":[4.74],"WDSP":[33.590004],"WNDDIR":[331.4],"time":[1549364860]}