{"CLDC":[50.04,50.030003],"DEWP":[-8.049999,-7.9499993],"FRSHTT":[1010000,1010000],"PRCP":[0,0],"SLP":[978,977.95996],"SNDP":[18.5,18.5],"STP":[945.2999,945.2999],"TEMP":[-3.0999997,-2.8999996],"VISIB":[68.13,68.38],"WDSP":[13.19,13.229999],"WNDDIR":[327.3,326.8],"time":[1549364859,1549364917]}