{"CLDC":[22.3],"DEWP":[-9.65],"FRSHTT":[1000000],"PRCP":[0],"SLP":[990.69006],"SNDP":[0],"STP":[1014.32],"TEMP":[-8.449999],"VISIB":[14.389999],"WDSP":[7.72],"WNDDIR":[148.8],"time":[1549364859]}