{"CLDC":[50.25,50.399998],"DEWP":[-13.149999,-13.039999],"FRSHTT":[1010000,1010000],"PRCP":[0,0],"SLP":[1024.51,1024.87],"SNDP":[2.3999999,2.3999999],"STP":[1001.9,1001.2301],"TEMP":[-12,-12],"VISIB":[29.59,30.25],"WDSP":[6.72,6.87],"WNDDIR":[301.9,304.7],"time":[1549364859,1549364917]}