{"CLDC":[59.440002,59.390003],"DEWP":[-5.7,-5.68],"FRSHTT":[1000000,1000000],"PRCP":[0,0],"SLP":[991.81995,991.7999],"SNDP":[0,0],"STP":[945.2999,945.2999],"TEMP":[-4.4,-4.52],"VISIB":[16.720001,17.390001],"WDSP":[5.06,5.499999],"WNDDIR":[112.4,113.3],"time":[1549364859,1549364917]}