{"CLDC":[50.21,50.110004],"DEWP":[-13.06,-13.06],"FRSHTT":[1010000,1010000],"PRCP":[0,0],"SLP":[1018.86993,1018.9],"SNDP":[6.4000006,6.5],"STP":[1021.7999,1021.7999],"TEMP":[-10.699999,-10.31],"VISIB":[20.630003,20.539999],"WDSP":[20.69,19.47],"WNDDIR":[261.3,265.3],"time":[1549364861,1549364918]}