{"CLDC":[50.21],"DEWP":[-13.06],"FRSHTT":[1010000],"PRCP":[0],"SLP":[1018.86993],"SNDP":[6.4000006],"STP":[1021.7999],"TEMP":[-10.699999],"VISIB":[20.630003],"WDSP":[20.69],"WNDDIR":[261.3],"time":[1549364861]}