{"CLDC":[50.080006,50.07],"DEWP":[-8.94,-9.16],"FRSHTT":[1010000,1010000],"PRCP":[0,0],"SLP":[1023.75,1024.23],"SNDP":[1.3999999,1.3999999],"STP":[1004.29004,1004.37],"TEMP":[-7.1800003,-7.1400003],"VISIB":[47.07,46.18],"WDSP":[5.1400003,5.03],"WNDDIR":[128.7,130.5],"time":[1549364859,1549364917]}