{"CLDC":[55.289997,55.52],"DEWP":[-36.3,-36.3],"FRSHTT":[1010000,1010000],"PRCP":[0,0],"SLP":[1020.9,1020.95996],"SNDP":[0.5,0.5],"STP":[1013.7601,1013.38],"TEMP":[-34.78,-33.939995],"VISIB":[22.759998,22.789999],"WDSP":[20.81,20.630001],"WNDDIR":[319.2,319.8],"time":[1549364860,1549364918]}