{"CLDC":[55.289997],"DEWP":[-36.3],"FRSHTT":[1010000],"PRCP":[0],"SLP":[1020.9],"SNDP":[0.5],"STP":[1013.7601],"TEMP":[-34.78],"VISIB":[22.759998],"WDSP":[20.81],"WNDDIR":[319.2],"time":[1549364860]}