{"CLDC":[97.700005],"DEWP":[-23.499998],"FRSHTT":[1000000],"PRCP":[0],"SLP":[1024.1501],"SNDP":[0],"STP":[998.41],"TEMP":[-20.08],"VISIB":[27.279999],"WDSP":[3.5],"WNDDIR":[238.6],"time":[1549364859]}