{"CLDC":[31.6],"DEWP":[-31.2],"FRSHTT":[1000000],"PRCP":[0],"SLP":[1003.35],"SNDP":[0],"STP":[1029.9601],"TEMP":[-29.180002],"VISIB":[15.740001],"WDSP":[23.810001],"WNDDIR":[225.2],"time":[1549364860]}