{"CLDC":[31.6,31.539999],"DEWP":[-31.2,-31.049997],"FRSHTT":[1000000,1000000],"PRCP":[0,0],"SLP":[1003.35,1003.34],"SNDP":[0,0],"STP":[1029.9601,1031.29],"TEMP":[-29.180002,-28.720001],"VISIB":[15.740001,16.05],"WDSP":[23.810001,23.880001],"WNDDIR":[225.2,230.5],"time":[1549364860,1549364918]}