{"CLDC":[73.22],"DEWP":[-10.1],"FRSHTT":[1010000],"PRCP":[0],"SLP":[1025.29],"SNDP":[1.3999999],"STP":[1011.27997],"TEMP":[-8.1],"VISIB":[21.81],"WDSP":[1.71],"WNDDIR":[277.7],"time":[1549364859]}