{"CLDC":[73.22,73.25],"DEWP":[-10.1,-10.1],"FRSHTT":[1010000,1010000],"PRCP":[0,0],"SLP":[1025.29,1025.1901],"SNDP":[1.3999999,1.3999999],"STP":[1011.27997,1011.42004],"TEMP":[-8.1,-7.9199996],"VISIB":[21.81,21.929998],"WDSP":[1.71,1.5],"WNDDIR":[277.7,275.9],"time":[1549364859,1549364917]}