{"CLDC":[93.799995,93.49],"DEWP":[-39.9,-39.9],"FRSHTT":[1000000,1000000],"PRCP":[0,0],"SLP":[1021.35,1021.35],"SNDP":[0,0],"STP":[1023.61,1023.7601],"TEMP":[-37.399998,-37.339996],"VISIB":[18.25,17.8],"WDSP":[17.61,18.529999],"WNDDIR":[311,312.1],"time":[1549364855,1549364915]}