{"CLDC":[91.90001],"DEWP":[-3.4000003],"FRSHTT":[1110000],"PRCP":[0.009999999],"SLP":[1014],"SNDP":[0.29999998],"STP":[1004.67004],"TEMP":[-2.55],"VISIB":[9.519999],"WDSP":[13.659999],"WNDDIR":[211.5],"time":[1549364860]}