{"CLDC":[50.259995],"DEWP":[-23.399998],"FRSHTT":[1110000],"PRCP":[0.019999998],"SLP":[1017.1],"SNDP":[0.9],"STP":[1013.11],"TEMP":[-21.5],"VISIB":[22.289999],"WDSP":[22.75],"WNDDIR":[322.7],"time":[1549364855]}