{"CLDC":[93.799995],"DEWP":[-39.9],"FRSHTT":[1000000],"PRCP":[0],"SLP":[1021.35],"SNDP":[0],"STP":[1023.61],"TEMP":[-37.399998],"VISIB":[18.25],"WDSP":[17.61],"WNDDIR":[311],"time":[1549364855]}