{"CLDC":[50.259995,50.449997],"DEWP":[-23.399998,-23.499998],"FRSHTT":[1110000,1110000],"PRCP":[0.019999998,0.019999998],"SLP":[1017.1,1017.2001],"SNDP":[0.9,0.9],"STP":[1013.11,1012.68005],"TEMP":[-21.5,-21.659998],"VISIB":[22.289999,22.27],"WDSP":[22.75,21.84],"WNDDIR":[322.7,321.4],"time":[1549364855,1549364915]}