{"CLDC":[81.17],"DEWP":[-36.579998],"FRSHTT":[1100000],"PRCP":[0.029999997],"SLP":[1017.02997],"SNDP":[0],"STP":[1017.97003],"TEMP":[-34.04],"VISIB":[25.3],"WDSP":[19.789999],"WNDDIR":[308.1],"time":[1549364855]}