{"CLDC":[50.010002],"DEWP":[-34.38],"FRSHTT":[1110000],"PRCP":[0.019999998],"SLP":[1021.5],"SNDP":[0.40000004],"STP":[1025.74],"TEMP":[-32.75],"VISIB":[26.480001],"WDSP":[22.35],"WNDDIR":[115],"time":[1549364861]}