{"CLDC":[63.9],"DEWP":[0.53999996],"FRSHTT":[0],"PRCP":[0],"SLP":[1034.4001],"SNDP":[0],"STP":[1047.9401],"TEMP":[0.64],"VISIB":[2.02],"WDSP":[10.450001],"WNDDIR":[62.3],"time":[1549364859]}