{"CLDC":[96.049995,96.020004],"DEWP":[-37.7,-37.579998],"FRSHTT":[1010000,1010000],"PRCP":[0,0],"SLP":[1025.9001,1025.9001],"SNDP":[1.6000001,1.6000001],"STP":[1023.33997,1023.16003],"TEMP":[-35.26,-34.78],"VISIB":[22.72,22.5],"WDSP":[17.79,15.75],"WNDDIR":[248,248.9],"time":[1549364861,1549364919]}