{"CLDC":[10.95,11.049999],"DEWP":[-7.28,-7.28],"FRSHTT":[1000000,1000000],"PRCP":[0,0],"SLP":[1024.8099,1025.18],"SNDP":[0,0],"STP":[1030.62,1030.93],"TEMP":[-5.6,-5.6800003],"VISIB":[48.18,48.36],"WDSP":[3.1100001,3.1000001],"WNDDIR":[262.3,260.7],"time":[1549364859,1549364918]}