{"CLDC":[80.61,80.58999],"DEWP":[-37.35,-37.35],"FRSHTT":[1100000,1100000],"PRCP":[0.41000003,0.41000003],"SLP":[1033.02,1032.6199],"SNDP":[0,0],"STP":[1017.88007,1017.12],"TEMP":[-34.8,-34.800003],"VISIB":[17.28,15.780001],"WDSP":[32.88,32.769997],"WNDDIR":[212.6,209.5],"time":[1549364857,1549364916]}