{"CLDC":[52.769997,52.98],"DEWP":[-27.119999,-27.060001],"FRSHTT":[1010000,1010000],"PRCP":[0,0],"SLP":[1014.7001,1014.75995],"SNDP":[4.0999994,4.0999994],"STP":[1018.55,1018.17004],"TEMP":[-24.460001,-24.55],"VISIB":[2.77,2.4999998],"WDSP":[58.939995,60.72],"WNDDIR":[314.2,313.8],"time":[1549364856,1549364915]}