{"CLDC":[92.97001,92.75001],"DEWP":[-36.18,-35.6],"FRSHTT":[1100000,1100000],"PRCP":[0.009999999,0.009999999],"SLP":[1000.24005,1000.36],"SNDP":[0,0],"STP":[965.63,965.45],"TEMP":[-33.639996,-33.079998],"VISIB":[9.51,9.200001],"WDSP":[15.430002,15.05],"WNDDIR":[356.7,358.5],"time":[1549364856,1549364916]}