{"CLDC":[92.97001],"DEWP":[-36.18],"FRSHTT":[1100000],"PRCP":[0.009999999],"SLP":[1000.24005],"SNDP":[0],"STP":[965.63],"TEMP":[-33.639996],"VISIB":[9.51],"WDSP":[15.430002],"WNDDIR":[356.7],"time":[1549364856]}