{"CLDC":[50.110004],"DEWP":[-9.890001],"FRSHTT":[1100000],"PRCP":[0.009999999],"SLP":[1013.81995],"SNDP":[0],"STP":[990.5],"TEMP":[-8.620001],"VISIB":[7.9299994],"WDSP":[5.81],"WNDDIR":[132.3],"time":[1549364860]}