{"CLDC":[38.65,38.65],"DEWP":[-12.4,-12.179999],"FRSHTT":[1000000,1000000],"PRCP":[0,0],"SLP":[1011.88995,1011.99005],"SNDP":[0,0],"STP":[1012.43,1012.38007],"TEMP":[-9.749999,-9.9],"VISIB":[18.11,18.03],"WDSP":[20.02,19.560001],"WNDDIR":[206.1,203.4],"time":[1549364860,1549364918]}