{"CLDC":[38.65],"DEWP":[-12.4],"FRSHTT":[1000000],"PRCP":[0],"SLP":[1011.88995],"SNDP":[0],"STP":[1012.43],"TEMP":[-9.749999],"VISIB":[18.11],"WDSP":[20.02],"WNDDIR":[206.1],"time":[1549364860]}