{"CLDC":[13.05,12.669999],"DEWP":[-14.38,-14.220001],"FRSHTT":[1000000,1000000],"PRCP":[0,0],"SLP":[1008.57,1010.88995],"SNDP":[0,0],"STP":[1004.4,1004.38995],"TEMP":[-12.25,-12.25],"VISIB":[6.6399994,6.53],"WDSP":[15.469999,14.280001],"WNDDIR":[311.5,316.1],"time":[1549364858,1549364917]}