{"CLDC":[60.97],"DEWP":[-36.449997],"FRSHTT":[1110000],"PRCP":[0.10000001],"SLP":[1020.1],"SNDP":[1.3000001],"STP":[1019.30994],"TEMP":[-34.299995],"VISIB":[13.539999],"WDSP":[23],"WNDDIR":[275.6],"time":[1549364858]}