{"CLDC":[57.419994,57.72],"DEWP":[-22.119999,-21.700003],"FRSHTT":[1000000,1000000],"PRCP":[0,0],"SLP":[1010.29004,1008.1201],"SNDP":[0,0],"STP":[1018.7101,1018.72003],"TEMP":[-18.119999,-18.509998],"VISIB":[8.440001,7.8299994],"WDSP":[2.6200004,2.45],"WNDDIR":[335.3,335.9],"time":[1549364858,1549364917]}