{"CLDC":[50.06,50.200005],"DEWP":[-35.21,-35.56],"FRSHTT":[1010000,1010000],"PRCP":[0,0],"SLP":[1019.57,1019.6],"SNDP":[0.59999996,0.59999996],"STP":[1016.2999,1016.1701],"TEMP":[-32.899998,-32.6],"VISIB":[26.7,26.170002],"WDSP":[22.08,21.699999],"WNDDIR":[25.9,25.1],"time":[1549364858,1549364917]}