{"CLDC":[13.05],"DEWP":[-14.38],"FRSHTT":[1000000],"PRCP":[0],"SLP":[1008.57],"SNDP":[0],"STP":[1004.4],"TEMP":[-12.25],"VISIB":[6.6399994],"WDSP":[15.469999],"WNDDIR":[311.5],"time":[1549364858]}