{"CLDC":[50.06],"DEWP":[-35.21],"FRSHTT":[1010000],"PRCP":[0],"SLP":[1019.57],"SNDP":[0.59999996],"STP":[1016.2999],"TEMP":[-32.899998],"VISIB":[26.7],"WDSP":[22.08],"WNDDIR":[25.9],"time":[1549364858]}