{"CLDC":[87.89001,88.200005],"DEWP":[-37.420002,-37.340004],"FRSHTT":[1110000,1110000],"PRCP":[0.009999999,0.009999999],"SLP":[1019.7999,1019.7999],"SNDP":[6.7,6.7],"STP":[1014.80994,1015.27],"TEMP":[-35.260002,-35.54],"VISIB":[23.880001,23.98],"WDSP":[11.539999,11.860002],"WNDDIR":[85,82.9],"time":[1549364857,1549364916]}