{"CLDC":[70.3],"DEWP":[-41.640003],"FRSHTT":[1010000],"PRCP":[0],"SLP":[1024.1901],"SNDP":[0.6999999],"STP":[1026.0199],"TEMP":[-39.399998],"VISIB":[19.939999],"WDSP":[13.19],"WNDDIR":[136.8],"time":[1549364857]}