{"CLDC":[50.130005,50.399998],"DEWP":[-11.700001,-11.960001],"FRSHTT":[1100000,1100000],"PRCP":[0.019999998,0.019999998],"SLP":[1004.4,1004.77997],"SNDP":[0,0],"STP":[996.05994,996.2999],"TEMP":[-9.3,-9.3],"VISIB":[42.1,42.329994],"WDSP":[12.530001,12.740001],"WNDDIR":[80.9,77.9],"time":[1549364859,1549364918]}