{"CLDC":[50.130005],"DEWP":[-11.700001],"FRSHTT":[1100000],"PRCP":[0.019999998],"SLP":[1004.4],"SNDP":[0],"STP":[996.05994],"TEMP":[-9.3],"VISIB":[42.1],"WDSP":[12.530001],"WNDDIR":[80.9],"time":[1549364859]}