{"CLDC":[3.2000003,3.0700002],"DEWP":[-20.48,-20.380001],"FRSHTT":[1000000,1000000],"PRCP":[0,0],"SLP":[999.84,999.95],"SNDP":[0,0],"STP":[1003.23,1003.20996],"TEMP":[-17.2,-16.820002],"VISIB":[15.210001,15.290001],"WDSP":[16.06,15.219999],"WNDDIR":[220.3,219.8],"time":[1549364861,1549364919]}