{"CLDC":[52.379997],"DEWP":[-39.55],"FRSHTT":[1010000],"PRCP":[0],"SLP":[1023.7999],"SNDP":[1.3000001],"STP":[1032.6399],"TEMP":[-36.799995],"VISIB":[27.720001],"WDSP":[13.94],"WNDDIR":[145.8],"time":[1549364859]}