{"CLDC":[52.379997,52.359997],"DEWP":[-39.55,-39.620003],"FRSHTT":[1010000,1010000],"PRCP":[0,0],"SLP":[1023.7999,1023.80994],"SNDP":[1.3000001,1.3000001],"STP":[1032.6399,1032.5],"TEMP":[-36.799995,-37.549995],"VISIB":[27.720001,28.310001],"WDSP":[13.94,14.2],"WNDDIR":[145.8,145.4],"time":[1549364859,1549364917]}