{"CLDC":[50],"DEWP":[-40.520004],"FRSHTT":[1110000],"PRCP":[0.029999997],"SLP":[1024.0999],"SNDP":[5.5],"STP":[1017],"TEMP":[-38.299995],"VISIB":[29.189999],"WDSP":[13.380002],"WNDDIR":[320.8],"time":[1549364858]}