{"CLDC":[50.180004],"DEWP":[-39.260002],"FRSHTT":[1010000],"PRCP":[0],"SLP":[1023],"SNDP":[2.6000001],"STP":[1018.38],"TEMP":[-36.48],"VISIB":[25.580002],"WDSP":[17.759998],"WNDDIR":[293.8],"time":[1549364858]}