{"CLDC":[50.140003],"DEWP":[-34.15],"FRSHTT":[1010000],"PRCP":[0],"SLP":[1022.07],"SNDP":[1.1000001],"STP":[1022.16003],"TEMP":[-32.68],"VISIB":[25.55],"WDSP":[25.899998],"WNDDIR":[144.6],"time":[1549364857]}