{"CLDC":[50.140003,50.530003],"DEWP":[-34.15,-34.219997],"FRSHTT":[1010000,1010000],"PRCP":[0,0],"SLP":[1022.07,1022.02997],"SNDP":[1.1000001,1.1000001],"STP":[1022.16003,1021.86005],"TEMP":[-32.68,-32.45],"VISIB":[25.55,25.47],"WDSP":[25.899998,23.96],"WNDDIR":[144.6,145.6],"time":[1549364857,1549364916]}