{"CLDC":[50.02,50.37],"DEWP":[-11.42,-11.58],"FRSHTT":[1110000,1110000],"PRCP":[0.059999995,0.059999995],"SLP":[1004.58997,1004.47003],"SNDP":[18.600002,18.699999],"STP":[1004.5399,1004.6],"TEMP":[-9.299999,-8.969999],"VISIB":[35.239998,34.65],"WDSP":[10.15,10],"WNDDIR":[18,17.4],"time":[1549364861,1549364918]}