{"CLDC":[72.83],"DEWP":[-30.179998],"FRSHTT":[1110000],"PRCP":[0.019999998],"SLP":[1014.25],"SNDP":[0.10000001],"STP":[1009.2201],"TEMP":[-27.580002],"VISIB":[24.429998],"WDSP":[23.15],"WNDDIR":[229.4],"time":[1549364856]}