{"CLDC":[59.98],"DEWP":[-6.31],"FRSHTT":[1000000],"PRCP":[0],"SLP":[1000.55],"SNDP":[0],"STP":[988.55],"TEMP":[-6.2],"VISIB":[17.400002],"WDSP":[6.0699997],"WNDDIR":[128.1],"time":[1549364861]}