{"CLDC":[59.98,60.210003],"DEWP":[-6.31,-6.66],"FRSHTT":[1000000,1000000],"PRCP":[0,0],"SLP":[1000.55,1000.68994],"SNDP":[0,0],"STP":[988.55,988.69006],"TEMP":[-6.2,-6.22],"VISIB":[17.400002,17.6],"WDSP":[6.0699997,6.12],"WNDDIR":[128.1,128.1],"time":[1549364861,1549364918]}