{"CLDC":[69.37001,69.65],"DEWP":[-7.4800005,-7.6400003],"FRSHTT":[1110000,1110000],"PRCP":[0.07,0.07],"SLP":[1007.7999,1007.7001],"SNDP":[11,11],"STP":[1001.67004,1002],"TEMP":[-5.62,-5.62],"VISIB":[21.27,21.86],"WDSP":[12.820002,13.159999],"WNDDIR":[16.8,12.4],"time":[1549364860,1549364918]}