{"CLDC":[50.02],"DEWP":[-15.85],"FRSHTT":[1110000],"PRCP":[0.059999995],"SLP":[1010.4],"SNDP":[1],"STP":[1008.98],"TEMP":[-13.570002],"VISIB":[18.839998],"WDSP":[26.86],"WNDDIR":[212.3],"time":[1549364860]}