{"CLDC":[50.02,50],"DEWP":[-15.85,-15.7],"FRSHTT":[1110000,1110000],"PRCP":[0.059999995,0.059999995],"SLP":[1010.4,1010.4],"SNDP":[1,1],"STP":[1008.98,1009.24005],"TEMP":[-13.570002,-13.100001],"VISIB":[18.839998,18.49],"WDSP":[26.86,26.74],"WNDDIR":[212.3,213.7],"time":[1549364860,1549364918]}