{"CLDC":[50.02,50.260002],"DEWP":[-11.84,-11.409999],"FRSHTT":[1110000,1110000],"PRCP":[0.14999999,0.14999999],"SLP":[1006.9,1006.86993],"SNDP":[8.300001,8.300001],"STP":[1007.7301,1007.70996],"TEMP":[-10.099999,-9.500001],"VISIB":[16.240002,16.060001],"WDSP":[31.789999,30.920002],"WNDDIR":[104.3,102.1],"time":[1549364859,1549364917]}