{"CLDC":[50.02],"DEWP":[-11.84],"FRSHTT":[1110000],"PRCP":[0.14999999],"SLP":[1006.9],"SNDP":[8.300001],"STP":[1007.7301],"TEMP":[-10.099999],"VISIB":[16.240002],"WDSP":[31.789999],"WNDDIR":[104.3],"time":[1549364859]}