{"CLDC":[50.42],"DEWP":[-11.379999],"FRSHTT":[1110000],"PRCP":[0.050000004],"SLP":[1009],"SNDP":[12.9],"STP":[1010.86993],"TEMP":[-9.440001],"VISIB":[29.12],"WDSP":[9.7300005],"WNDDIR":[72.8],"time":[1549364856]}