{"CLDC":[50.42,50.710007],"DEWP":[-11.379999,-11.31],"FRSHTT":[1110000,1110000],"PRCP":[0.050000004,0.050000004],"SLP":[1009,1009],"SNDP":[12.9,12.9],"STP":[1010.86993,1010.81995],"TEMP":[-9.440001,-9.170001],"VISIB":[29.12,28.990002],"WDSP":[9.7300005,9.29],"WNDDIR":[72.8,68.5],"time":[1549364856,1549364915]}