{"CLDC":[63.210003],"DEWP":[-7.9200006],"FRSHTT":[1110000],"PRCP":[0.07],"SLP":[1000.65],"SNDP":[28],"STP":[978.92004],"TEMP":[-6.38],"VISIB":[46.649998],"WDSP":[6.66],"WNDDIR":[336.8],"time":[1549364857]}