{"CLDC":[63.210003,63.46],"DEWP":[-7.9200006,-7.9200006],"FRSHTT":[1110000,1110000],"PRCP":[0.07,0.07],"SLP":[1000.65,1000.7001],"SNDP":[28,28],"STP":[978.92004,978.65],"TEMP":[-6.38,-6.1799994],"VISIB":[46.649998,46.94],"WDSP":[6.66,6.0199995],"WNDDIR":[336.8,335.3],"time":[1549364857,1549364916]}