{"CLDC":[60.57,60.379997],"DEWP":[-8.719999,-8.65],"FRSHTT":[1110000,1110000],"PRCP":[0.059999995,0.059999995],"SLP":[1009.6,1009.6],"SNDP":[9.599999,9.599999],"STP":[1004.5301,1004.62],"TEMP":[-6.8,-6.8],"VISIB":[25.810001,26.12],"WDSP":[7.9900002,8.299999],"WNDDIR":[92.9,92.4],"time":[1549364861,1549364919]}