{"CLDC":[60.57],"DEWP":[-8.719999],"FRSHTT":[1110000],"PRCP":[0.059999995],"SLP":[1009.6],"SNDP":[9.599999],"STP":[1004.5301],"TEMP":[-6.8],"VISIB":[25.810001],"WDSP":[7.9900002],"WNDDIR":[92.9],"time":[1549364861]}