{"CLDC":[91.579994],"DEWP":[-8.499999],"FRSHTT":[1110000],"PRCP":[0.019999998],"SLP":[1008.00995],"SNDP":[9.800001],"STP":[984.93],"TEMP":[-6.1000004],"VISIB":[31.449997],"WDSP":[14.7699995],"WNDDIR":[64.4],"time":[1549364858]}