{"CLDC":[55.200005],"DEWP":[-15.15],"FRSHTT":[1110000],"PRCP":[0.050000004],"SLP":[1011.7001],"SNDP":[12.099999],"STP":[1011.91],"TEMP":[-13.229999],"VISIB":[18.02],"WDSP":[18.09],"WNDDIR":[30.8],"time":[1549364860]}