{"CLDC":[50.04],"DEWP":[-13.410001],"FRSHTT":[1110000],"PRCP":[0.019999998],"SLP":[995.9],"SNDP":[13.4],"STP":[995.1],"TEMP":[-10.48],"VISIB":[14.2],"WDSP":[11.7300005],"WNDDIR":[262],"time":[1549364859]}