{"CLDC":[71.62,71.759995],"DEWP":[-4.45,-4.16],"FRSHTT":[1000000,1000000],"PRCP":[0,0],"SLP":[1009.52997,1009.5801],"SNDP":[0,0],"STP":[1008.6,1008.39],"TEMP":[-3.1799998,-2.5300002],"VISIB":[6.85,6.65],"WDSP":[41.52,41.810005],"WNDDIR":[141.9,137],"time":[1549364859,1549364917]}