{"CLDC":[12.9],"DEWP":[-4.62],"FRSHTT":[1000000],"PRCP":[0],"SLP":[1019.7801],"SNDP":[0],"STP":[1005.59],"TEMP":[-3.7600002],"VISIB":[17.009998],"WDSP":[5.25],"WNDDIR":[312.1],"time":[1549364857]}