{"CLDC":[81.04,81.48],"DEWP":[-4.7200003,-4.4399996],"FRSHTT":[1000000,1000000],"PRCP":[0,0],"SLP":[986.6,986.59],"SNDP":[0,0],"STP":[1008.1,1008.09],"TEMP":[-3.2099998,-3.1999998],"VISIB":[19.48,20.380001],"WDSP":[4.23,4.55],"WNDDIR":[141.1,138.7],"time":[1549364857,1549364916]}