{"CLDC":[50.13,50.52],"DEWP":[-8.5,-8.259999],"FRSHTT":[1110000,1110000],"PRCP":[0.13,0.13],"SLP":[1005.4,1005.4],"SNDP":[25,25.100002],"STP":[985.4699,987],"TEMP":[-7.05,-6.88],"VISIB":[47.6,46.789993],"WDSP":[10.35,10.41],"WNDDIR":[346.8,350.2],"time":[1549364857,1549364916]}