{"CLDC":[51.95],"DEWP":[-10.4],"FRSHTT":[1110000],"PRCP":[0.050000004],"SLP":[1010.6],"SNDP":[9.800001],"STP":[1012.4],"TEMP":[-8.799999],"VISIB":[23.689999],"WDSP":[11.880001],"WNDDIR":[204.6],"time":[1549364856]}