{"CLDC":[51.95,51.700005],"DEWP":[-10.4,-10.459999],"FRSHTT":[1110000,1110000],"PRCP":[0.050000004,0.050000004],"SLP":[1010.6,1010.5],"SNDP":[9.800001,9.800001],"STP":[1012.4,1012.4],"TEMP":[-8.799999,-8.699999],"VISIB":[23.689999,24.11],"WDSP":[11.880001,12.5199995],"WNDDIR":[204.6,203.8],"time":[1549364856,1549364916]}