{"CLDC":[83.47001,83.32],"DEWP":[-18.099998,-18.04],"FRSHTT":[1110000,1110000],"PRCP":[0.039999995,0.039999995],"SLP":[1013.91003,1014],"SNDP":[5.0999994,5.0999994],"STP":[1013.42004,1013.4],"TEMP":[-15.780001,-16.3],"VISIB":[23.520002,23.889997],"WDSP":[20.640001,21.750002],"WNDDIR":[284.7,281.5],"time":[1549364855,1549364915]}