{"CLDC":[83.47001],"DEWP":[-18.099998],"FRSHTT":[1110000],"PRCP":[0.039999995],"SLP":[1013.91003],"SNDP":[5.0999994],"STP":[1013.42004],"TEMP":[-15.780001],"VISIB":[23.520002],"WDSP":[20.640001],"WNDDIR":[284.7],"time":[1549364855]}