{"CLDC":[24.02,24.210001],"DEWP":[-17.029999,-17.100002],"FRSHTT":[1000000,1000000],"PRCP":[0,0],"SLP":[999.45,999.57],"SNDP":[0,0],"STP":[996.89,996.9],"TEMP":[-14.020001,-13.76],"VISIB":[28.070002,27.730001],"WDSP":[28.570002,27.189999],"WNDDIR":[331.4,327.9],"time":[1549364861,1549364919]}