{"CLDC":[79.93,79.76],"DEWP":[-9.6,-9.76],"FRSHTT":[1110000,1110000],"PRCP":[0.07,0.07],"SLP":[1009.6,1009.5],"SNDP":[7.2,7.2],"STP":[1009.55994,1009.50995],"TEMP":[-7.96,-7.9199996],"VISIB":[21.7,22.09],"WDSP":[7.66,7.4300003],"WNDDIR":[252.8,249.1],"time":[1549364858,1549364917]}