{"CLDC":[50.339996],"DEWP":[-8.68],"FRSHTT":[1110000],"PRCP":[0.059999995],"SLP":[1009.9],"SNDP":[8.800001],"STP":[1006.7],"TEMP":[-6.6400003],"VISIB":[21.070002],"WDSP":[8.639999],"WNDDIR":[126.3],"time":[1549364858]}