{"CLDC":[50.339996,50.289997],"DEWP":[-8.68,-8.36],"FRSHTT":[1110000,1110000],"PRCP":[0.059999995,0.060999997],"SLP":[1009.9,1009.7999],"SNDP":[8.800001,8.800001],"STP":[1006.7,1006.33997],"TEMP":[-6.6400003,-6.8],"VISIB":[21.070002,20.3],"WDSP":[8.639999,9.08],"WNDDIR":[126.3,127.4],"time":[1549364858,1549364917]}