{"CLDC":[50.170006,50.42],"DEWP":[-9.219999,-9.35],"FRSHTT":[1110000,1110000],"PRCP":[0.050000004,0.050000004],"SLP":[1011.7001,1011.7001],"SNDP":[0.29999998,0.29999998],"STP":[1008.49005,1008.77997],"TEMP":[-7.2899995,-7.7300005],"VISIB":[16.170002,16.439999],"WDSP":[13.65,13.56],"WNDDIR":[134,138.5],"time":[1549364857,1549364916]}