{"CLDC":[50.170006],"DEWP":[-9.219999],"FRSHTT":[1110000],"PRCP":[0.050000004],"SLP":[1011.7001],"SNDP":[0.29999998],"STP":[1008.49005],"TEMP":[-7.2899995],"VISIB":[16.170002],"WDSP":[13.65],"WNDDIR":[134],"time":[1549364857]}