{"CLDC":[58.349995,58.370003],"DEWP":[-11.100001,-11.100001],"FRSHTT":[1110000,1110000],"PRCP":[0.019999998,0.019999998],"SLP":[1011.2999,1011.3099],"SNDP":[0.59999996,0.59999996],"STP":[1009.02997,1008.87],"TEMP":[-9.449999,-9.4],"VISIB":[14.589999,14.709999],"WDSP":[21.24,20.75],"WNDDIR":[292.8,291],"time":[1549364858,1549364916]}