{"CLDC":[50.04],"DEWP":[-4.3599997],"FRSHTT":[1110000],"PRCP":[0.09000001],"SLP":[1022.56995],"SNDP":[17.699999],"STP":[995.17004],"TEMP":[-3.58],"VISIB":[61.609997],"WDSP":[1.61],"WNDDIR":[295.9],"time":[1549364858]}