{"CLDC":[50.04,50.220005],"DEWP":[-18.990002,-18.85],"FRSHTT":[1110000,1110000],"PRCP":[0.050000004,0.050000004],"SLP":[1009.9,1009.9],"SNDP":[6.8,6.8],"STP":[1010.2999,1010.39],"TEMP":[-16.699999,-16.380001],"VISIB":[22.769999,22.399998],"WDSP":[14.879999,15.33],"WNDDIR":[150.2,152.6],"time":[1549364855,1549364915]}