{"CLDC":[84.39001],"DEWP":[-5.79],"FRSHTT":[1100000],"PRCP":[0.13],"SLP":[992.1],"SNDP":[0],"STP":[969.5],"TEMP":[-5.5000005],"VISIB":[8.67],"WDSP":[3.97],"WNDDIR":[84.8],"time":[1549364858]}