{"CLDC":[50.180004],"DEWP":[-11.650001],"FRSHTT":[1110000],"PRCP":[0.019999998],"SLP":[1006.88995],"SNDP":[1.8999999],"STP":[1013.7999],"TEMP":[-9.820001],"VISIB":[19.95],"WDSP":[14.51],"WNDDIR":[52.9],"time":[1549364859]}