{"CLDC":[50.180004,50.010002],"DEWP":[-11.650001,-11.6],"FRSHTT":[1110000,1110000],"PRCP":[0.019999998,0.019999998],"SLP":[1006.88995,1006.86005],"SNDP":[1.8999999,1.9199998],"STP":[1013.7999,1013.7999],"TEMP":[-9.820001,-9.58],"VISIB":[19.95,19.97],"WDSP":[14.51,14.280002],"WNDDIR":[52.9,48.8],"time":[1549364859,1549364917]}