{"CLDC":[50.04,50.030003],"DEWP":[-18.32,-18.16],"FRSHTT":[1110000,1110000],"PRCP":[0.029999997,0.029999997],"SLP":[1013,1012.9],"SNDP":[16,16],"STP":[1008.52997,1008.5],"TEMP":[-15.9800005,-15.8],"VISIB":[16.24,16.73],"WDSP":[9.410001,9.76],"WNDDIR":[262.5,264.3],"time":[1549364858,1549364916]}