{"CLDC":[50.379997,50.449997],"DEWP":[-19.280003,-19],"FRSHTT":[1110000,1110000],"PRCP":[0.07,0.07],"SLP":[1013.5,1013.5],"SNDP":[2,2],"STP":[1010.6,1010.6],"TEMP":[-16.9,-16.580002],"VISIB":[19.95,21.109999],"WDSP":[7.8900003,7.9900002],"WNDDIR":[143.7,144.4],"time":[1549364856,1549364916]}