{"CLDC":[50.02,50.29],"DEWP":[-9.35,-9.400001],"FRSHTT":[1110000,1110000],"PRCP":[0.019999998,0.019999998],"SLP":[1013.6,1013.6],"SNDP":[10.199999,10.300001],"STP":[1009.69006,1010.07],"TEMP":[-6.909999,-6.899999],"VISIB":[32.050003,31.570002],"WDSP":[9.73,9.35],"WNDDIR":[17,16.7],"time":[1549364858,1549364917]}