{"CLDC":[80.979996],"DEWP":[-8.9800005],"FRSHTT":[1110000],"PRCP":[0.25],"SLP":[1011.2001],"SNDP":[5.2000003],"STP":[1010.95996],"TEMP":[-6.7],"VISIB":[14.7699995],"WDSP":[9.92],"WNDDIR":[139.1],"time":[1549364860]}