{"CLDC":[80.979996,80.81],"DEWP":[-8.9800005,-9.06],"FRSHTT":[1110000,1110000],"PRCP":[0.25,0.25],"SLP":[1011.2001,1011.2001],"SNDP":[5.2000003,5.2000003],"STP":[1010.95996,1010.9199],"TEMP":[-6.7,-6.7399993],"VISIB":[14.7699995,14.65],"WDSP":[9.92,9.92],"WNDDIR":[139.1,136.1],"time":[1549364860,1549364918]}