{"CLDC":[55.079998],"DEWP":[-7.4399996],"FRSHTT":[1010000],"PRCP":[0],"SLP":[961.35],"SNDP":[22.280003],"STP":[982.4],"TEMP":[-3.1500003],"VISIB":[45.329998],"WDSP":[3.2000003],"WNDDIR":[317.1],"time":[1549364858]}