{"CLDC":[50.04],"DEWP":[-13.3],"FRSHTT":[1110000],"PRCP":[0.039999995],"SLP":[1011],"SNDP":[8.099999],"STP":[1014.27],"TEMP":[-10.96],"VISIB":[29.480001],"WDSP":[8.929999],"WNDDIR":[244.2],"time":[1549364859]}