{"CLDC":[55.079998,55.190002],"DEWP":[-7.4399996,-7.4],"FRSHTT":[1010000,1010000],"PRCP":[0,0],"SLP":[961.35,961.2001],"SNDP":[22.280003,22.300001],"STP":[982.4,982.4],"TEMP":[-3.1500003,-3.14],"VISIB":[45.329998,45.15],"WDSP":[3.2000003,3.2999997],"WNDDIR":[317.1,317.7],"time":[1549364858,1549364917]}