{"CLDC":[80.200005],"DEWP":[-20.820002],"FRSHTT":[1110000],"PRCP":[0.14],"SLP":[1013.2999],"SNDP":[11.599999],"STP":[1008.94006],"TEMP":[-18.4],"VISIB":[20.07],"WDSP":[11.420001],"WNDDIR":[257.3],"time":[1549364858]}