{"CLDC":[80.200005,80.47],"DEWP":[-20.820002,-21.09],"FRSHTT":[1110000,1110000],"PRCP":[0.14,0.14],"SLP":[1013.2999,1013.2999],"SNDP":[11.599999,11.699999],"STP":[1008.94006,1008.82996],"TEMP":[-18.4,-18.170002],"VISIB":[20.07,19.660002],"WDSP":[11.420001,12.139999],"WNDDIR":[257.3,253],"time":[1549364858,1549364917]}