{"CLDC":[74.850006,75.26001],"DEWP":[-4.77,-5.04],"FRSHTT":[1100000,1100000],"PRCP":[0.009999999,0.009999999],"SLP":[1019.49005,1020.70996],"SNDP":[0,0],"STP":[1009.22003,1010.63007],"TEMP":[-3.0300002,-3.0300002],"VISIB":[29.51,30.09],"WDSP":[9.09,8.799999],"WNDDIR":[316.6,312.1],"time":[1549364859,1549364917]}