{"CLDC":[30.889996,30.98],"DEWP":[-5.22,-5.0700006],"FRSHTT":[1000000,1000000],"PRCP":[0,0],"SLP":[1011.2999,1011.2999],"SNDP":[0,0],"STP":[972.83997,972.9],"TEMP":[-4.58,-4.6800003],"VISIB":[7.950001,8.03],"WDSP":[6.34,6.6400003],"WNDDIR":[113.7,111.9],"time":[1549364859,1549364917]}