{"CLDC":[62.28,62.3],"DEWP":[-12.88,-12.95],"FRSHTT":[1110000,1110000],"PRCP":[0.09000001,0.09000001],"SLP":[1010.7001,1010.7001],"SNDP":[13,13],"STP":[1008.39,1008.4],"TEMP":[-10.699999,-10.799998],"VISIB":[16.59,16.91],"WDSP":[7.2200003,7.4700003],"WNDDIR":[354.9,355.5],"time":[1549364860,1549364918]}