{"CLDC":[50.050003,50.090004],"DEWP":[-10.980001,-11.050001],"FRSHTT":[1010000,1010000],"PRCP":[0,0],"SLP":[995.31006,995.45996],"SNDP":[23.199999,23.199999],"STP":[969.72986,968.9699],"TEMP":[-3.6599998,-3.7000003],"VISIB":[58.920002,59.35],"WDSP":[13.679998,15.2],"WNDDIR":[187.8,187.7],"time":[1549364859,1549364917]}