{"CLDC":[50.140003,50.389996],"DEWP":[-22.150002,-22.37],"FRSHTT":[1010000,1010000],"PRCP":[0,0],"SLP":[1036.53,1036.23],"SNDP":[28.7,28.8],"STP":[1039.77,1039.83],"TEMP":[-19.2,-19.019999],"VISIB":[59.920002,60.46],"WDSP":[1.51,1.5800002],"WNDDIR":[113.3,116.4],"time":[1549364859,1549364917]}