{"CLDC":[97.06],"DEWP":[-6.9499993],"FRSHTT":[1110000],"PRCP":[0.11999999],"SLP":[1012.45],"SNDP":[11.099999],"STP":[1012.2101],"TEMP":[-4.8199997],"VISIB":[14.830002],"WDSP":[11.830001],"WNDDIR":[284.4],"time":[1549364858]}