{"CLDC":[97.06,97.05],"DEWP":[-6.9499993,-7.089999],"FRSHTT":[1110000,1110000],"PRCP":[0.11999999,0.11999999],"SLP":[1012.45,1012.5],"SNDP":[11.099999,11.099999],"STP":[1012.2101,1012.19006],"TEMP":[-4.8199997,-4.8199997],"VISIB":[14.830002,14.549998],"WDSP":[11.830001,12.239999],"WNDDIR":[284.4,284.4],"time":[1549364858,1549364917]}