{"CLDC":[72.46],"DEWP":[-20.1],"FRSHTT":[1110000],"PRCP":[0.059999995],"SLP":[1014.15],"SNDP":[19.199999],"STP":[1015.93],"TEMP":[-18.000002],"VISIB":[17.09],"WDSP":[10.99],"WNDDIR":[336.6],"time":[1549364859]}