{"CLDC":[87.59,87.47001],"DEWP":[-6.3999996,-6.2799997],"FRSHTT":[1110000,1110000],"PRCP":[0.11999999,0.11999999],"SLP":[1010.2999,1010.2101],"SNDP":[7.0999994,7.0999994],"STP":[1012.7501,1012.7399],"TEMP":[-4.4,-4.48],"VISIB":[12.829999,12.629999],"WDSP":[10.11,11.32],"WNDDIR":[137.3,132],"time":[1549364856,1549364916]}