{"CLDC":[50.090004],"DEWP":[-8.299999],"FRSHTT":[1110000],"PRCP":[0.059999995],"SLP":[1010.69006],"SNDP":[4.9000006],"STP":[1006.7001],"TEMP":[-6.59],"VISIB":[24.22],"WDSP":[11.259998],"WNDDIR":[28.2],"time":[1549364855]}