{"CLDC":[50.100002,50.279995],"DEWP":[-3.81,-3.7399998],"FRSHTT":[1100000,1100000],"PRCP":[0.009999999,0.009999999],"SLP":[989.82996,987.30994],"SNDP":[0,0],"STP":[1014.57996,1014.52],"TEMP":[-3.7,-3.72],"VISIB":[7.29,7.0699997],"WDSP":[5.7000003,5.9000006],"WNDDIR":[194.5,192.8],"time":[1549364859,1549364917]}