{"CLDC":[50.090004,50.269997],"DEWP":[-8.299999,-8.499999],"FRSHTT":[1110000,1110000],"PRCP":[0.059999995,0.059999995],"SLP":[1010.69006,1010.7001],"SNDP":[4.9000006,4.9000006],"STP":[1006.7001,1006.7001],"TEMP":[-6.59,-6.46],"VISIB":[24.22,23.9],"WDSP":[11.259998,11.41],"WNDDIR":[28.2,29.4],"time":[1549364855,1549364915]}