{"CLDC":[50,50.299995],"DEWP":[-9.82,-9.64],"FRSHTT":[1110000,1110000],"PRCP":[0.059999995,0.063],"SLP":[1012.1,1012.02997],"SNDP":[4.5,4.5],"STP":[1008.8,1008.61005],"TEMP":[-7.6,-7.55],"VISIB":[14.57,14.770001],"WDSP":[10.910001,10.539999],"WNDDIR":[21.6,23.8],"time":[1549364861,1549364918]}