{"CLDC":[50],"DEWP":[-9.82],"FRSHTT":[1110000],"PRCP":[0.059999995],"SLP":[1012.1],"SNDP":[4.5],"STP":[1008.8],"TEMP":[-7.6],"VISIB":[14.57],"WDSP":[10.910001],"WNDDIR":[21.6],"time":[1549364861]}