{"CLDC":[81.079994,80.53],"DEWP":[-7.9200006,-7.9199996],"FRSHTT":[1110000,1110000],"PRCP":[0.07,0.07],"SLP":[1011.7001,1011.7001],"SNDP":[10.5,10.5],"STP":[1005.2001,1005.17004],"TEMP":[-5.34,-5.3400006],"VISIB":[19.670002,19.160002],"WDSP":[9.910001,9.49],"WNDDIR":[163.6,159.3],"time":[1549364861,1549364919]}