{"CLDC":[53.47,53.660004],"DEWP":[-11.620001,-11.379999],"FRSHTT":[1110000,1110000],"PRCP":[0.050000004,0.050000004],"SLP":[1008.6,1008.6],"SNDP":[9.400001,9.400001],"STP":[1007.4,1007.37],"TEMP":[-9.150001,-9.1],"VISIB":[18.35,18.119999],"WDSP":[11.93,11.49],"WNDDIR":[62.9,62.2],"time":[1549364859,1549364917]}