{"CLDC":[49.530003],"DEWP":[-15.35],"FRSHTT":[1000000],"PRCP":[0],"SLP":[998.57996],"SNDP":[0],"STP":[979.95996],"TEMP":[-14.140001],"VISIB":[8.249999],"WDSP":[10.219999],"WNDDIR":[6.8],"time":[1549364859]}