{"CLDC":[50.190002],"DEWP":[-21.540003],"FRSHTT":[1010000],"PRCP":[0],"SLP":[1030.4001],"SNDP":[36.200005],"STP":[1016.7999],"TEMP":[-18.62],"VISIB":[16.92],"WDSP":[0.49],"WNDDIR":[117],"time":[1549364860]}