{"CLDC":[49.530003,49.72],"DEWP":[-15.35,-15.450002],"FRSHTT":[1000000,1000000],"PRCP":[0,0],"SLP":[998.57996,996.93],"SNDP":[0,0],"STP":[979.95996,979.9199],"TEMP":[-14.140001,-13.67],"VISIB":[8.249999,8.41],"WDSP":[10.219999,10.36],"WNDDIR":[6.8,8.9],"time":[1549364859,1549364917]}