{"CLDC":[50.02,50.050003],"DEWP":[-7.9,-7.8599997],"FRSHTT":[1100000,1100000],"PRCP":[0.11,0.11],"SLP":[1006.6,1006.41003],"SNDP":[0,0],"STP":[1002.7999,1003.2899],"TEMP":[-5.4500003,-5.3999996],"VISIB":[20.999998,20.869999],"WDSP":[23.23,22.710001],"WNDDIR":[134.7,135.3],"time":[1549364859,1549364917]}