{"CLDC":[52.4],"DEWP":[-19.860003],"FRSHTT":[1110000],"PRCP":[0.28],"SLP":[1013.6],"SNDP":[11.400001],"STP":[1011.31995],"TEMP":[-17.28],"VISIB":[17.31],"WDSP":[13.76],"WNDDIR":[32.8],"time":[1549364859]}