{"CLDC":[52.4,51.96],"DEWP":[-19.860003,-19.789999],"FRSHTT":[1110000,1110000],"PRCP":[0.28,0.28],"SLP":[1013.6,1013.6],"SNDP":[11.400001,11.400001],"STP":[1011.31995,1011.13995],"TEMP":[-17.28,-17.359999],"VISIB":[17.31,17.11],"WDSP":[13.76,14.129999],"WNDDIR":[32.8,32.1],"time":[1549364859,1549364918]}