{"CLDC":[50.03],"DEWP":[-10.059999],"FRSHTT":[1110000],"PRCP":[0.11999999],"SLP":[1010.1],"SNDP":[10.400001],"STP":[1013.2001],"TEMP":[-7.6999993],"VISIB":[10.08],"WDSP":[13.87],"WNDDIR":[220.6],"time":[1549364860]}