{"CLDC":[50.03,50.02],"DEWP":[-10.059999,-9.839999],"FRSHTT":[1110000,1110000],"PRCP":[0.11999999,0.11999999],"SLP":[1010.1,1010.1],"SNDP":[10.400001,10.400001],"STP":[1013.2001,1013.2001],"TEMP":[-7.6999993,-7.749999],"VISIB":[10.08,9.759999],"WDSP":[13.87,13.219999],"WNDDIR":[220.6,219.4],"time":[1549364860,1549364918]}