{"CLDC":[21.419998],"DEWP":[-10.710001],"FRSHTT":[1000000],"PRCP":[0],"SLP":[1000.2],"SNDP":[0],"STP":[1002.55994],"TEMP":[-7.600001],"VISIB":[8.280001],"WDSP":[12.36],"WNDDIR":[317.6],"time":[1549364859]}