{"CLDC":[50.030003,50.010002],"DEWP":[-7.750001,-7.8000007],"FRSHTT":[1010000,1010000],"PRCP":[0,0],"SLP":[1000.3499,1000.43005],"SNDP":[14.4,14.4],"STP":[984.05994,984.12],"TEMP":[-5.1899996,-5.2499995],"VISIB":[6.1499996,6.0999994],"WDSP":[16.330002,17.25],"WNDDIR":[236,235.4],"time":[1549364856,1549364916]}