{"CLDC":[65.59999,65.58],"DEWP":[-7.46,-7.5199995],"FRSHTT":[1110000,1110000],"PRCP":[0.050000004,0.050000004],"SLP":[1012.2001,1012.2001],"SNDP":[10,10],"STP":[1006.63995,1006.7999],"TEMP":[-5.16,-5.2000003],"VISIB":[17.52,16.76],"WDSP":[12.629999,12.480001],"WNDDIR":[70.2,72],"time":[1549364855,1549364915]}