{"CLDC":[50.140003,50.359997],"DEWP":[-4.45,-4.5999994],"FRSHTT":[1100000,1100000],"PRCP":[0.059999995,0.059999995],"SLP":[1010.1,1010.09],"SNDP":[0,0],"STP":[1005.5,1005.55],"TEMP":[-3.4000003,-3.4900002],"VISIB":[18.96,18.77],"WDSP":[18.509998,18.550001],"WNDDIR":[293.1,293.8],"time":[1549364859,1549364918]}