{"CLDC":[50.140003],"DEWP":[-4.45],"FRSHTT":[1100000],"PRCP":[0.059999995],"SLP":[1010.1],"SNDP":[0],"STP":[1005.5],"TEMP":[-3.4000003],"VISIB":[18.96],"WDSP":[18.509998],"WNDDIR":[293.1],"time":[1549364859]}