{"CLDC":[29.709997],"DEWP":[-7.5700006],"FRSHTT":[1000000],"PRCP":[0],"SLP":[1027.0701],"SNDP":[0],"STP":[1003.52],"TEMP":[-6.4799995],"VISIB":[8.1],"WDSP":[2.8999999],"WNDDIR":[229.1],"time":[1549364859]}