{"CLDC":[29.709997,29.640003],"DEWP":[-7.5700006,-7.66],"FRSHTT":[1000000,1000000],"PRCP":[0,0],"SLP":[1027.0701,1026.0801],"SNDP":[0,0],"STP":[1003.52,1004.0101],"TEMP":[-6.4799995,-6.4800005],"VISIB":[8.1,9.33],"WDSP":[2.8999999,2.8999999],"WNDDIR":[229.1,231.5],"time":[1549364859,1549364918]}