{"CLDC":[50.46,50.45],"DEWP":[-18.780003,-18.38],"FRSHTT":[1110000,1110000],"PRCP":[0.009999999,0.009999999],"SLP":[1016.2001,1016.2001],"SNDP":[9.5,9.5],"STP":[1004.9,1005],"TEMP":[-15.6,-15.74],"VISIB":[16.54,16.19],"WDSP":[10.249999,10.270001],"WNDDIR":[300.8,299.4],"time":[1549364860,1549364918]}