{"CLDC":[50.46],"DEWP":[-18.780003],"FRSHTT":[1110000],"PRCP":[0.009999999],"SLP":[1016.2001],"SNDP":[9.5],"STP":[1004.9],"TEMP":[-15.6],"VISIB":[16.54],"WDSP":[10.249999],"WNDDIR":[300.8],"time":[1549364860]}