{"CLDC":[50.120003],"DEWP":[-20.65],"FRSHTT":[1110000],"PRCP":[0.019999998],"SLP":[1013.1],"SNDP":[0.20000002],"STP":[1013.95],"TEMP":[-17.91],"VISIB":[10.74],"WDSP":[24.030003],"WNDDIR":[174.4],"time":[1549364856]}