{"CLDC":[50.02],"DEWP":[-23.55],"FRSHTT":[1110000],"PRCP":[0.019999998],"SLP":[1013.81995],"SNDP":[8.800001],"STP":[1019.85],"TEMP":[-20.93],"VISIB":[15.629999],"WDSP":[21.23],"WNDDIR":[278.2],"time":[1549364856]}