{"CLDC":[51.93],"DEWP":[-22.160002],"FRSHTT":[1110000],"PRCP":[0.039999995],"SLP":[1005.7499],"SNDP":[13.5],"STP":[1019.18005],"TEMP":[-20.14],"VISIB":[11.04],"WDSP":[21.989998],"WNDDIR":[43.4],"time":[1549364856]}