{"CLDC":[51.93,52.110004],"DEWP":[-22.160002,-22.46],"FRSHTT":[1110000,1110000],"PRCP":[0.039999995,0.039999995],"SLP":[1005.7499,1005.7101],"SNDP":[13.5,13.5],"STP":[1019.18005,1019.2001],"TEMP":[-20.14,-20.119999],"VISIB":[11.04,10.070001],"WDSP":[21.989998,22.7],"WNDDIR":[43.4,49.1],"time":[1549364856,1549364915]}