{"CLDC":[50.060005,50.150005],"DEWP":[-23.16,-23.08],"FRSHTT":[1110000,1110000],"PRCP":[0.019999998,0.019999998],"SLP":[1015.55994,1015.6],"SNDP":[3.1000001,3.1000001],"STP":[1016.41,1016.5],"TEMP":[-20.4,-20.28],"VISIB":[16.23,16.09],"WDSP":[20.97,20.710001],"WNDDIR":[75.3,70.6],"time":[1549364856,1549364916]}