{"CLDC":[50.229992,50.359997],"DEWP":[-15.8,-15.929998],"FRSHTT":[1010000,1010000],"PRCP":[0,0],"SLP":[965.57996,965.45],"SNDP":[33,33],"STP":[993.67004,993.36005],"TEMP":[-11.600001,-11.550001],"VISIB":[55.840004,55.05],"WDSP":[15.68,14.839999],"WNDDIR":[334.4,333.3],"time":[1549364855,1549364915]}