{"CLDC":[88.509995],"DEWP":[-28.759998],"FRSHTT":[1110000],"PRCP":[0.059999995],"SLP":[1022.9],"SNDP":[15.9],"STP":[1023.2999],"TEMP":[-25.61],"VISIB":[9.719999],"WDSP":[14.890001],"WNDDIR":[178.8],"time":[1549364861]}