{"CLDC":[61.95],"DEWP":[-12.990001],"FRSHTT":[1010000],"PRCP":[0],"SLP":[1002.2999],"SNDP":[6.5],"STP":[1003.2999],"TEMP":[-9.940001],"VISIB":[14],"WDSP":[36.57],"WNDDIR":[156.1],"time":[1549364861]}