{"CLDC":[78.14999],"DEWP":[-22.720001],"FRSHTT":[1100000],"PRCP":[0.07],"SLP":[1015.80994],"SNDP":[0],"STP":[1036.1901],"TEMP":[-19.299997],"VISIB":[46.730003],"WDSP":[22.110003],"WNDDIR":[49.3],"time":[1549364861]}