{"CLDC":[50.110004,50.050003],"DEWP":[-20.14,-20.259998],"FRSHTT":[1100000,1100000],"PRCP":[0.029999997,0.029999997],"SLP":[1017.7999,1017.7999],"SNDP":[0,0],"STP":[1021.87,1021.39],"TEMP":[-18.45,-18.420002],"VISIB":[17.86,18.36],"WDSP":[21.73,21.16],"WNDDIR":[205,205.1],"time":[1549364859,1549364917]}