{"CLDC":[50.51],"DEWP":[-12.219999],"FRSHTT":[1110000],"PRCP":[0.14],"SLP":[1019.7001],"SNDP":[18.100002],"STP":[1018.7001],"TEMP":[-10.46],"VISIB":[15.629999],"WDSP":[23.23],"WNDDIR":[285.8],"time":[1549364858]}