{"CLDC":[61.48],"DEWP":[-25.119999],"FRSHTT":[1110000],"PRCP":[0.019999998],"SLP":[1015.2999],"SNDP":[10.199999],"STP":[1019.0101],"TEMP":[-22.499998],"VISIB":[11.049999],"WDSP":[19.94],"WNDDIR":[312.8],"time":[1549364857]}