{"CLDC":[61.48,61.5],"DEWP":[-25.119999,-25.05],"FRSHTT":[1110000,1110000],"PRCP":[0.019999998,0.019999998],"SLP":[1015.2999,1015.2999],"SNDP":[10.199999,10.199999],"STP":[1019.0101,1019.05],"TEMP":[-22.499998,-22.3],"VISIB":[11.049999,11.52],"WDSP":[19.94,20.380001],"WNDDIR":[312.8,313.2],"time":[1549364857,1549364916]}