{"CLDC":[65.58,65.42],"DEWP":[-12.08,-12.26],"FRSHTT":[1100000,1100000],"PRCP":[0.009999999,0.009999999],"SLP":[976.36,979.86],"SNDP":[0,0],"STP":[974.52997,974.57996],"TEMP":[-10.27,-10.530001],"VISIB":[9.54,8.530001],"WDSP":[4.1699996,4.54],"WNDDIR":[339.7,343.8],"time":[1549364855,1549364915]}