{"CLDC":[80.96001,80.59999],"DEWP":[-12.54,-12.5],"FRSHTT":[1110000,1110000],"PRCP":[0.19000001,0.19000001],"SLP":[1005.4,1005.37],"SNDP":[46.899998,46.899998],"STP":[1004.1999,1007.41],"TEMP":[-10.4,-10.4],"VISIB":[5.910001,6.66],"WDSP":[25.320002,25],"WNDDIR":[60.8,60.8],"time":[1549364855,1549364915]}