{"CLDC":[76.81,77.02],"DEWP":[-2.7199998,-2.7599998],"FRSHTT":[1000000,1000000],"PRCP":[0,0],"SLP":[1007,1007],"SNDP":[0,0],"STP":[975.7999,975.7999],"TEMP":[-2.05,-1.9799999],"VISIB":[10.11,10.030001],"WDSP":[4.8599997,4.74],"WNDDIR":[339.5,338.3],"time":[1549364855,1549364915]}