{"CLDC":[76.81],"DEWP":[-2.7199998],"FRSHTT":[1000000],"PRCP":[0],"SLP":[1007],"SNDP":[0],"STP":[975.7999],"TEMP":[-2.05],"VISIB":[10.11],"WDSP":[4.8599997],"WNDDIR":[339.5],"time":[1549364855]}