{"CLDC":[0.68999994],"DEWP":[-23.84],"FRSHTT":[1000000],"PRCP":[0],"SLP":[1001.54004],"SNDP":[0],"STP":[990.86993],"TEMP":[-21.899998],"VISIB":[5.2500005],"WDSP":[10.74],"WNDDIR":[69.4],"time":[1549364859]}