{"CLDC":[62.18,61.909996],"DEWP":[-14.4,-14.25],"FRSHTT":[1000000,1000000],"PRCP":[0,0],"SLP":[989.1,989.49005],"SNDP":[0,0],"STP":[981.5101,980.70996],"TEMP":[-12.150001,-12.2],"VISIB":[5.74,5.4800005],"WDSP":[17.539997,16.819998],"WNDDIR":[68.3,66.1],"time":[1549364859,1549364917]}