{"CLDC":[62.18],"DEWP":[-14.4],"FRSHTT":[1000000],"PRCP":[0],"SLP":[989.1],"SNDP":[0],"STP":[981.5101],"TEMP":[-12.150001],"VISIB":[5.74],"WDSP":[17.539997],"WNDDIR":[68.3],"time":[1549364859]}