{"CLDC":[50.269997,50.309998],"DEWP":[-21.13,-20.86],"FRSHTT":[1110000,1110000],"PRCP":[0.019999998,0.019999998],"SLP":[1013.5,1013.5],"SNDP":[9.300001,9.300001],"STP":[1004.7999,1004.7999],"TEMP":[-18.45,-18.300001],"VISIB":[9.789999,9.109999],"WDSP":[17.35,16.99],"WNDDIR":[15,16.9],"time":[1549364859,1549364917]}