{"CLDC":[15.590001,16.01],"DEWP":[-11.650001,-11.399999],"FRSHTT":[1000000,1000000],"PRCP":[0,0],"SLP":[1000.63,1005.73],"SNDP":[0,0],"STP":[986.7001,986.5],"TEMP":[-8.139999,-7.850001],"VISIB":[10.42,9.86],"WDSP":[11.35,11.26],"WNDDIR":[195.9,192.4],"time":[1549364859,1549364917]}