{"CLDC":[37.32,37.08],"DEWP":[-5.99,-5.8],"FRSHTT":[1000000,1000000],"PRCP":[0,0],"SLP":[1010.88995,1010.88995],"SNDP":[0,0],"STP":[990.3,988.9801],"TEMP":[-4.59,-4.24],"VISIB":[11.12,10.53],"WDSP":[13.719999,13.43],"WNDDIR":[76.8,73.2],"time":[1549364859,1549364917]}