{"CLDC":[0.68999994,0.8000001],"DEWP":[-23.84,-23.839998],"FRSHTT":[1000000,1000000],"PRCP":[0,0],"SLP":[1001.54004,999.77997],"SNDP":[0,0],"STP":[990.86993,990.6201],"TEMP":[-21.899998,-22.05],"VISIB":[5.2500005,6.23],"WDSP":[10.74,9.910001],"WNDDIR":[69.4,68.2],"time":[1549364859,1549364917]}