{"CLDC":[91.920006,91.53],"DEWP":[-11.520001,-11.519999],"FRSHTT":[1110000,1110000],"PRCP":[0.029999997,0.029999997],"SLP":[1005.07996,1004.7999],"SNDP":[11.300001,11.300001],"STP":[973.6,973.57996],"TEMP":[-8.449999,-8.289999],"VISIB":[59.02,58.430004],"WDSP":[7.3900003,7.9800005],"WNDDIR":[354.9,358.6],"time":[1549364856,1549364915]}