{"CLDC":[48.849995,49.369995],"DEWP":[-2.66,-2.68],"FRSHTT":[1000000,1000000],"PRCP":[0,0],"SLP":[1007.4,1007.42004],"SNDP":[0,0],"STP":[951.7999,951.7001],"TEMP":[-2.29,-2.3000002],"VISIB":[1.97,2.4199998],"WDSP":[8.2,8.17],"WNDDIR":[213.6,213.9],"time":[1549364856,1549364915]}