{"CLDC":[69.369995],"DEWP":[-22.499998],"FRSHTT":[1110000],"PRCP":[0.050000004],"SLP":[1016],"SNDP":[10.199999],"STP":[1019.84],"TEMP":[-20.380001],"VISIB":[13.44],"WDSP":[9.679999],"WNDDIR":[349.1],"time":[1549364859]}