{"CLDC":[50.170006],"DEWP":[-29.800003],"FRSHTT":[1110000],"PRCP":[0.019999998],"SLP":[1023.66],"SNDP":[28.3],"STP":[1016.68],"TEMP":[-27.500004],"VISIB":[25.98],"WDSP":[7.850001],"WNDDIR":[268.6],"time":[1549364859]}