{"CLDC":[80.31],"DEWP":[-6.6],"FRSHTT":[1010000],"PRCP":[0],"SLP":[989.65],"SNDP":[1.3999999],"STP":[992.0101],"TEMP":[-5.5500007],"VISIB":[9.33],"WDSP":[3.8600001],"WNDDIR":[134.9],"time":[1549364856]}