{"CLDC":[50.170006,50.26],"DEWP":[-29.800003,-29.76],"FRSHTT":[1110000,1110000],"PRCP":[0.019999998,0.019999998],"SLP":[1023.66,1024.3099],"SNDP":[28.3,28.3],"STP":[1016.68,1016.86993],"TEMP":[-27.500004,-27.16],"VISIB":[25.98,23.88],"WDSP":[7.850001,8.53],"WNDDIR":[268.6,267],"time":[1549364859,1549364918]}