{"CLDC":[50.010002,50.050003],"DEWP":[-10.980001,-11.040001],"FRSHTT":[1100000,1100000],"PRCP":[0.059999995,0.059999995],"SLP":[987.06995,986.91003],"SNDP":[0,0],"STP":[879.68005,879.41],"TEMP":[-9.940001,-9.940001],"VISIB":[5.8900003,6.14],"WDSP":[37.250004,36.93],"WNDDIR":[151.9,156.6],"time":[1549364859,1549364917]}