{"CLDC":[69.369995,69.2],"DEWP":[-22.499998,-22.599998],"FRSHTT":[1110000,1110000],"PRCP":[0.050000004,0.050000004],"SLP":[1016,1016.08997],"SNDP":[10.199999,10.199999],"STP":[1019.84,1019.86993],"TEMP":[-20.380001,-20.86],"VISIB":[13.44,13.290001],"WDSP":[9.679999,9.64],"WNDDIR":[349.1,345.3],"time":[1549364859,1549364917]}