{"CLDC":[50.02],"DEWP":[-27.980001],"FRSHTT":[1110000],"PRCP":[0.039999995],"SLP":[1011.2899],"SNDP":[14.699999],"STP":[1006.7301],"TEMP":[-25.499998],"VISIB":[9.719999],"WDSP":[13.629999],"WNDDIR":[194.4],"time":[1549364860]}