{"CLDC":[75.5],"DEWP":[-6.41],"FRSHTT":[1010000],"PRCP":[0],"SLP":[1000.3],"SNDP":[1.3999999],"STP":[1003.2999],"TEMP":[-3.9300003],"VISIB":[11.13],"WDSP":[23.710001],"WNDDIR":[212.5],"time":[1549364856]}