{"CLDC":[52.660004,52.700005],"DEWP":[-9.249999,-9.519999],"FRSHTT":[1110000,1110000],"PRCP":[0.039999995,0.039999995],"SLP":[1014,1014.05],"SNDP":[17.899998,18],"STP":[1012.70996,1012.7101],"TEMP":[-6.2600007,-6.44],"VISIB":[12.9800005,11.639999],"WDSP":[9.800001,10.08],"WNDDIR":[240.6,243.1],"time":[1549364856,1549364915]}