{"CLDC":[88.08999,88.079994],"DEWP":[-19.92,-19.849998],"FRSHTT":[1110000,1110000],"PRCP":[0.029999997,0.029999997],"SLP":[1014.6,1014.6],"SNDP":[9.5,9.599999],"STP":[1012.22003,1011.9],"TEMP":[-17.279999,-17.419998],"VISIB":[19.51,19.63],"WDSP":[12.78,12.960001],"WNDDIR":[13.6,16.5],"time":[1549364855,1549364915]}