{"CLDC":[53.590004,53.95],"DEWP":[-5.750001,-5.600001],"FRSHTT":[1000000,1000000],"PRCP":[0,0],"SLP":[983.85,982.63],"SNDP":[0,0],"STP":[1004.11005,1003.85],"TEMP":[-3.9,-3.8699996],"VISIB":[21.489998,21.03],"WDSP":[22.83,23.130001],"WNDDIR":[84.2,83.2],"time":[1549364856,1549364916]}