{"CLDC":[66.880005],"DEWP":[-29.88],"FRSHTT":[1100000],"PRCP":[0.09000001],"SLP":[1024.1],"SNDP":[0],"STP":[993.95],"TEMP":[-26.819998],"VISIB":[40.84],"WDSP":[5.2799997],"WNDDIR":[136.5],"time":[1549364861]}