{"CLDC":[84.56,84.59],"DEWP":[-14.839999,-14.719999],"FRSHTT":[1110000,1110000],"PRCP":[0.009999999,0.009999999],"SLP":[1003.00995,1003.4],"SNDP":[26.8,26.899998],"STP":[1023.05,1023.5],"TEMP":[-11.639999,-11.559999],"VISIB":[10.780001,11.17],"WDSP":[25.5,25.98],"WNDDIR":[41.3,40],"time":[1549364859,1549364917]}