{"CLDC":[84.56],"DEWP":[-14.839999],"FRSHTT":[1110000],"PRCP":[0.009999999],"SLP":[1003.00995],"SNDP":[26.8],"STP":[1023.05],"TEMP":[-11.639999],"VISIB":[10.780001],"WDSP":[25.5],"WNDDIR":[41.3],"time":[1549364859]}