{"CLDC":[50.06,50.25],"DEWP":[-16.34,-16.35],"FRSHTT":[1110000,1110000],"PRCP":[0.050000004,0.050000004],"SLP":[1022.31995,1022.2999],"SNDP":[22.290003,22.300001],"STP":[1015.07,1015.2101],"TEMP":[-14.779999,-14.85],"VISIB":[10.19,10.13],"WDSP":[5.0099998,4.9700003],"WNDDIR":[18.5,18.1],"time":[1549364860,1549364918]}