{"CLDC":[50.120003],"DEWP":[-25.189999],"FRSHTT":[1110000],"PRCP":[0.029999997],"SLP":[1023.1],"SNDP":[18],"STP":[1023],"TEMP":[-21.820004],"VISIB":[17.2],"WDSP":[13.1],"WNDDIR":[329],"time":[1549364860]}