{"CLDC":[50.120003,50.130005],"DEWP":[-25.189999,-25.049997],"FRSHTT":[1110000,1110000],"PRCP":[0.029999997,0.029999997],"SLP":[1023.1,1023.1],"SNDP":[18,18.100002],"STP":[1023,1023],"TEMP":[-21.820004,-21.119999],"VISIB":[17.2,16.970001],"WDSP":[13.1,12.99],"WNDDIR":[329,332.2],"time":[1549364860,1549364918]}