{"CLDC":[50.359997,50.580006],"DEWP":[-29.849997,-29.669998],"FRSHTT":[1100000,1100000],"PRCP":[0.029999997,0.029999997],"SLP":[1022.77997,1022.7201],"SNDP":[0,0],"STP":[1017,1017.18],"TEMP":[-27.099997,-27.059998],"VISIB":[25.89,25.5],"WDSP":[4.6700006,4.7000003],"WNDDIR":[350.8,354],"time":[1549364857,1549364916]}