{"CLDC":[59.539997],"DEWP":[-24.439999],"FRSHTT":[1110000],"PRCP":[0.009999999],"SLP":[1019.5],"SNDP":[13.4],"STP":[1014.7499],"TEMP":[-21.55],"VISIB":[10.199999],"WDSP":[10.04],"WNDDIR":[233.6],"time":[1549364861]}