{"CLDC":[71.81],"DEWP":[-4.5499997],"FRSHTT":[1100000],"PRCP":[0.019999998],"SLP":[1009.5],"SNDP":[0],"STP":[1008.22003],"TEMP":[-2.35],"VISIB":[18.640001],"WDSP":[17.23],"WNDDIR":[115.7],"time":[1549364857]}