{"CLDC":[59.539997,59.339996],"DEWP":[-24.439999,-24.44],"FRSHTT":[1110000,1110000],"PRCP":[0.009999999,0.009999999],"SLP":[1019.5,1019.55],"SNDP":[13.4,13.4],"STP":[1014.7499,1014.7799],"TEMP":[-21.55,-21.34],"VISIB":[10.199999,10.109999],"WDSP":[10.04,11.03],"WNDDIR":[233.6,231.2],"time":[1549364861,1549364918]}