{"CLDC":[83.13999,82.57],"DEWP":[-40.85,-40.76],"FRSHTT":[1010000,1010000],"PRCP":[0,0],"SLP":[1029.68,1029.93],"SNDP":[42.600002,42.700005],"STP":[1007.1,1007.66003],"TEMP":[-37.090004,-36.82],"VISIB":[16.710001,16.619999],"WDSP":[2.2500002,2.2999997],"WNDDIR":[234.3,234.4],"time":[1549364860,1549364918]}