{"CLDC":[53.630005,53.7],"DEWP":[-15.58,-15.35],"FRSHTT":[1110000,1110000],"PRCP":[0.029999997,0.029999997],"SLP":[1012.2999,1012.2999],"SNDP":[11.599999,11.599999],"STP":[1012.80994,1012.9],"TEMP":[-12.85,-12.53],"VISIB":[11.930001,11.969999],"WDSP":[12.889999,13.07],"WNDDIR":[20,14.1],"time":[1549364858,1549364917]}