{"CLDC":[50.080006],"DEWP":[-9.500001],"FRSHTT":[1110000],"PRCP":[0.019999998],"SLP":[992.2699],"SNDP":[26.8],"STP":[958],"TEMP":[-7.91],"VISIB":[11.31],"WDSP":[14.35],"WNDDIR":[40.3],"time":[1549364857]}