{"CLDC":[50.010002],"DEWP":[-22.140001],"FRSHTT":[1110000],"PRCP":[0.039999995],"SLP":[1015.89],"SNDP":[11.699999],"STP":[1014.1],"TEMP":[-19.399998],"VISIB":[16.470001],"WDSP":[11.240001],"WNDDIR":[94.3],"time":[1549364858]}