{"CLDC":[50.010002,50.100002],"DEWP":[-22.140001,-22.23],"FRSHTT":[1110000,1110000],"PRCP":[0.039999995,0.039999995],"SLP":[1015.89,1015.81995],"SNDP":[11.699999,11.699999],"STP":[1014.1,1014.2899],"TEMP":[-19.399998,-19.399998],"VISIB":[16.470001,16.85],"WDSP":[11.240001,11.05],"WNDDIR":[94.3,93.1],"time":[1549364858,1549364916]}