{"CLDC":[90.39001,90.65],"DEWP":[-22.939999,-23.060001],"FRSHTT":[1110000,1110000],"PRCP":[0.050000004,0.050000004],"SLP":[1022.5,1022.87],"SNDP":[22.699999,22.71],"STP":[1052.8501,1052.7999],"TEMP":[-21.1,-20.98],"VISIB":[19.76,19.680002],"WDSP":[1.02,0.75000006],"WNDDIR":[23.1,21.1],"time":[1549364858,1549364916]}