{"CLDC":[50.480003,50.660004],"DEWP":[-16.619999,-16.619999],"FRSHTT":[1010000,1010000],"PRCP":[0,0],"SLP":[1006.22003,1006],"SNDP":[32,32.100002],"STP":[1007,1007],"TEMP":[-14.790001,-14.58],"VISIB":[29.14,29.029999],"WDSP":[16.2,16.060001],"WNDDIR":[158.9,155.9],"time":[1549364855,1549364915]}