{"CLDC":[50.480003],"DEWP":[-16.619999],"FRSHTT":[1010000],"PRCP":[0],"SLP":[1006.22003],"SNDP":[32],"STP":[1007],"TEMP":[-14.790001],"VISIB":[29.14],"WDSP":[16.2],"WNDDIR":[158.9],"time":[1549364855]}