{"CLDC":[50.34,50.289997],"DEWP":[-25.679998,-25.74],"FRSHTT":[1100000,1100000],"PRCP":[0.039999995,0.039999995],"SLP":[1023.97003,1024],"SNDP":[0,0],"STP":[1031.61,1031.6901],"TEMP":[-23.28,-22.589998],"VISIB":[12.38,12.93],"WDSP":[11.129999,11.679999],"WNDDIR":[11.4,8],"time":[1549364855,1549364915]}