{"CLDC":[82.2,82.22],"DEWP":[-9.97,-10.1],"FRSHTT":[1100000,1100000],"PRCP":[0.009999999,0.009999999],"SLP":[994.81006,996.41003],"SNDP":[0,0],"STP":[1002.7,1002.98],"TEMP":[-8.490001,-8.47],"VISIB":[6.04,6.1299996],"WDSP":[20.039999,20.609999],"WNDDIR":[35.3,37.2],"time":[1549364857,1549364916]}