{"CLDC":[53.590004,53.78],"DEWP":[-16.000002,-16.100002],"FRSHTT":[1110000,1110000],"PRCP":[0.10000001,0.10000001],"SLP":[1002.5,1002.55994],"SNDP":[14.4,14.4],"STP":[1017.2999,1017.4],"TEMP":[-14.639999,-14.7],"VISIB":[21.45,21.579998],"WDSP":[10.380001,10.73],"WNDDIR":[127.9,127.4],"time":[1549364858,1549364917]}