{"CLDC":[95.67],"DEWP":[-10.63],"FRSHTT":[1110000],"PRCP":[0.059999995],"SLP":[1017.7999],"SNDP":[3.7000003],"STP":[1027.7999],"TEMP":[-8.550001],"VISIB":[25.429998],"WDSP":[4.81],"WNDDIR":[85.1],"time":[1549364858]}