{"CLDC":[50.010002],"DEWP":[-8.74],"FRSHTT":[1110000],"PRCP":[0.039999995],"SLP":[1009.93],"SNDP":[12.699999],"STP":[1014.30994],"TEMP":[-4.7999997],"VISIB":[34.249996],"WDSP":[14.31],"WNDDIR":[38],"time":[1549364858]}