{"CLDC":[50.010002,50.010002],"DEWP":[-8.74,-8.74],"FRSHTT":[1110000,1110000],"PRCP":[0.039999995,0.039999995],"SLP":[1009.93,1009.9],"SNDP":[12.699999,12.800001],"STP":[1014.30994,1014.12],"TEMP":[-4.7999997,-4.8],"VISIB":[34.249996,34.489998],"WDSP":[14.31,13.270001],"WNDDIR":[38,38.6],"time":[1549364858,1549364916]}