{"CLDC":[90.21001,90.420006],"DEWP":[-11.78,-11.530001],"FRSHTT":[1000000,1000000],"PRCP":[0,0],"SLP":[1023.73,1023.79004],"SNDP":[0,0],"STP":[1020.0399,1020.02],"TEMP":[-10.42,-9.580001],"VISIB":[9.309999,9.62],"WDSP":[7.7599998,7.8],"WNDDIR":[173.6,178],"time":[1549364858,1549364916]}