{"CLDC":[50.05,50.170006],"DEWP":[-21.070002,-20.96],"FRSHTT":[1110000,1110000],"PRCP":[0.039999995,0.039999995],"SLP":[1014.6,1014.6],"SNDP":[17.899998,18],"STP":[1012.2001,1012.2301],"TEMP":[-18.02,-17.960003],"VISIB":[13.75,13.290001],"WDSP":[12.07,11.920001],"WNDDIR":[235.5,239.9],"time":[1549364860,1549364918]}