{"CLDC":[50.02,50.08],"DEWP":[-13.660001,-13.62],"FRSHTT":[1110000,1110000],"PRCP":[0.050000004,0.050000004],"SLP":[1021.86993,1021.52997],"SNDP":[17.199999,17.199999],"STP":[1024.99,1026.3699],"TEMP":[-12.2,-12.4],"VISIB":[25.23,25.1],"WDSP":[5.7699995,6.1900005],"WNDDIR":[119.8,119.5],"time":[1549364859,1549364918]}