{"CLDC":[50.170006,50.46],"DEWP":[-0.7,-0.68],"FRSHTT":[100000,100000],"PRCP":[0.050000004,0.050000004],"SLP":[996.0399,996.15],"SNDP":[0,0],"STP":[990.9899,989.35],"TEMP":[0.20000002,0.20000002],"VISIB":[12.66,12.780001],"WDSP":[17.42,17.23],"WNDDIR":[59.2,61.9],"time":[1549364858,1549364917]}