{"CLDC":[50.32],"DEWP":[-24.6],"FRSHTT":[1110000],"PRCP":[0.009999999],"SLP":[1021.2001],"SNDP":[2.2000003],"STP":[1017.30994],"TEMP":[-21.339998],"VISIB":[7.0999994],"WDSP":[13.24],"WNDDIR":[229],"time":[1549364859]}