{"CLDC":[50,50.08],"DEWP":[-16.05,-16.05],"FRSHTT":[1100000,1100000],"PRCP":[0.09000001,0.09000001],"SLP":[1018.11,1018.49005],"SNDP":[0,0],"STP":[1001.5,1002.2199],"TEMP":[-14.1,-14],"VISIB":[3.89,4.0299997],"WDSP":[12.07,11.74],"WNDDIR":[53.5,53.5],"time":[1549364859,1549364917]}