{"CLDC":[55.700005],"DEWP":[-12.590001],"FRSHTT":[1100000],"PRCP":[0.019999998],"SLP":[1016.98],"SNDP":[0],"STP":[1001.9],"TEMP":[-10.26],"VISIB":[14.059999],"WDSP":[9.340001],"WNDDIR":[13.1],"time":[1549364857]}