{"CLDC":[85.03999],"DEWP":[-19.060001],"FRSHTT":[1110000],"PRCP":[0.029999997],"SLP":[1016.7001],"SNDP":[13.4],"STP":[1003.41003],"TEMP":[-16.219997],"VISIB":[14.129999],"WDSP":[12.089999],"WNDDIR":[34.8],"time":[1549364861]}