{"CLDC":[85.03999,85.56999],"DEWP":[-19.060001,-18.970001],"FRSHTT":[1110000,1110000],"PRCP":[0.029999997,0.029999997],"SLP":[1016.7001,1016.7001],"SNDP":[13.4,13.5],"STP":[1003.41003,1003.57996],"TEMP":[-16.219997,-16.15],"VISIB":[14.129999,14.490001],"WDSP":[12.089999,11.940001],"WNDDIR":[34.8,33.6],"time":[1549364861,1549364918]}