{"CLDC":[50.090004,50.140007],"DEWP":[-15.619998,-15.270001],"FRSHTT":[1110000,1110000],"PRCP":[0.059999995,0.063999996],"SLP":[1019.7999,1019.7999],"SNDP":[11.800001,11.800001],"STP":[1006.37,1006.31995],"TEMP":[-13.5,-13.3],"VISIB":[25.149998,24.310001],"WDSP":[11.039999,11.360002],"WNDDIR":[151.9,151.6],"time":[1549364861,1549364919]}