{"CLDC":[50.090004],"DEWP":[-15.619998],"FRSHTT":[1110000],"PRCP":[0.059999995],"SLP":[1019.7999],"SNDP":[11.800001],"STP":[1006.37],"TEMP":[-13.5],"VISIB":[25.149998],"WDSP":[11.039999],"WNDDIR":[151.9],"time":[1549364861]}