{"CLDC":[99.09999,99.08999],"DEWP":[-11.699999,-11.820002],"FRSHTT":[1110000,1110000],"PRCP":[0.050000004,0.050000004],"SLP":[1002.12,1002.52997],"SNDP":[17.699999,17.699999],"STP":[989.97003,989.66],"TEMP":[-10.289999,-9.3],"VISIB":[14.9,15.08],"WDSP":[7.7400002,7.649999],"WNDDIR":[227.3,224.7],"time":[1549364860,1549364918]}