{"CLDC":[92.81,92.619995],"DEWP":[-19.979998,-19.979998],"FRSHTT":[1110000,1110000],"PRCP":[0.029999997,0.029999997],"SLP":[1019.2999,1019.2999],"SNDP":[8.599999,8.599999],"STP":[1016.69006,1016.7001],"TEMP":[-17.34,-17.329998],"VISIB":[13.58,13.88],"WDSP":[9.370001,9.320002],"WNDDIR":[290.2,284.1],"time":[1549364860,1549364918]}