{"CLDC":[92.81],"DEWP":[-19.979998],"FRSHTT":[1110000],"PRCP":[0.029999997],"SLP":[1019.2999],"SNDP":[8.599999],"STP":[1016.69006],"TEMP":[-17.34],"VISIB":[13.58],"WDSP":[9.370001],"WNDDIR":[290.2],"time":[1549364860]}