{"CLDC":[71.41],"DEWP":[-20.259998],"FRSHTT":[1110000],"PRCP":[0.029999997],"SLP":[1022.1],"SNDP":[8.599999],"STP":[1018.5301],"TEMP":[-18.060001],"VISIB":[27.439999],"WDSP":[11.129999],"WNDDIR":[354.6],"time":[1549364859]}