{"CLDC":[60.769997],"DEWP":[-23.699999],"FRSHTT":[1110000],"PRCP":[0.009999999],"SLP":[1030.7001],"SNDP":[19],"STP":[1023.5399],"TEMP":[-21.2],"VISIB":[38.18],"WDSP":[10.83],"WNDDIR":[332.3],"time":[1549364859]}