{"CLDC":[60.769997,60.680004],"DEWP":[-23.699999,-23.599998],"FRSHTT":[1110000,1110000],"PRCP":[0.009999999,0.009999999],"SLP":[1030.7001,1030.7001],"SNDP":[19,19],"STP":[1023.5399,1023.43],"TEMP":[-21.2,-21.3],"VISIB":[38.18,37.719997],"WDSP":[10.83,11.390001],"WNDDIR":[332.3,335.9],"time":[1549364859,1549364917]}