{"CLDC":[50.120003],"DEWP":[-21.599997],"FRSHTT":[1110000],"PRCP":[0.009999999],"SLP":[1028.5701],"SNDP":[43],"STP":[1019.93],"TEMP":[-18.449999],"VISIB":[36.22],"WDSP":[10.179999],"WNDDIR":[262.7],"time":[1549364859]}