{"CLDC":[50.120003,50.239998],"DEWP":[-21.599997,-21.399998],"FRSHTT":[1110000,1110000],"PRCP":[0.009999999,0.009999999],"SLP":[1028.5701,1028.57],"SNDP":[43,43],"STP":[1019.93,1019.72003],"TEMP":[-18.449999,-18.52],"VISIB":[36.22,36.37],"WDSP":[10.179999,10.129999],"WNDDIR":[262.7,261.5],"time":[1549364859,1549364917]}