{"CLDC":[21.600002,21.790003],"DEWP":[1.0799999,1.0000001],"FRSHTT":[0,0],"PRCP":[0,0],"SLP":[990.22003,990.45],"SNDP":[0,0],"STP":[996.1,996.1],"TEMP":[1.6,1.6200001],"VISIB":[7.47,6.29],"WDSP":[15.530001,14.969999],"WNDDIR":[205.2,206.7],"time":[1549364860,1549364918]}