{"CLDC":[83.52999,83.82],"DEWP":[0.7000001,0.6],"FRSHTT":[100000,100000],"PRCP":[0.019999998,0.019999998],"SLP":[1008.06995,1008],"SNDP":[0,0],"STP":[1029.8201,1028.38],"TEMP":[2.54,2.54],"VISIB":[9.62,9.78],"WDSP":[21.74,20.68],"WNDDIR":[93.3,98.4],"time":[1549364861,1549364918]}