{"CLDC":[83.52999],"DEWP":[0.7000001],"FRSHTT":[100000],"PRCP":[0.019999998],"SLP":[1008.06995],"SNDP":[0],"STP":[1029.8201],"TEMP":[2.54],"VISIB":[9.62],"WDSP":[21.74],"WNDDIR":[93.3],"time":[1549364861]}