{"CLDC":[50.02,50.190006],"DEWP":[-5.54,-5.5],"FRSHTT":[1110000,1110000],"PRCP":[0.09000001,0.09000001],"SLP":[1001.88,994.66003],"SNDP":[18.100002,18.199999],"STP":[1003.52997,1000.6699],"TEMP":[-2.86,-2.9399998],"VISIB":[9.830001,9.709999],"WDSP":[11.880001,11.42],"WNDDIR":[277.5,277.7],"time":[1549364860,1549364918]}