{"CLDC":[50.02],"DEWP":[-5.54],"FRSHTT":[1110000],"PRCP":[0.09000001],"SLP":[1001.88],"SNDP":[18.100002],"STP":[1003.52997],"TEMP":[-2.86],"VISIB":[9.830001],"WDSP":[11.880001],"WNDDIR":[277.5],"time":[1549364860]}