{"CLDC":[50.15],"DEWP":[-1.08],"FRSHTT":[1100000],"PRCP":[0.09000001],"SLP":[1004.55],"SNDP":[0],"STP":[983.57],"TEMP":[-0.6999999],"VISIB":[3.2600002],"WDSP":[7.9300003],"WNDDIR":[220.5],"time":[1549364860]}