{"CLDC":[96.62999],"DEWP":[-3.94],"FRSHTT":[1110000],"PRCP":[0.059999995],"SLP":[983.6501],"SNDP":[11.5],"STP":[1000.15],"TEMP":[-1.4399999],"VISIB":[12.089999],"WDSP":[17.55],"WNDDIR":[201],"time":[1549364860]}