{"CLDC":[84.57,84.509995],"DEWP":[-10.199999,-10.369999],"FRSHTT":[1110000,1110000],"PRCP":[0.09000001,0.09000001],"SLP":[1008.2999,1008.2999],"SNDP":[12.9,12.9],"STP":[1002.1,1002.2899],"TEMP":[-8.06,-7.85],"VISIB":[36.53,36.699997],"WDSP":[7.9199996,8.609999],"WNDDIR":[178.1,178.8],"time":[1549364861,1549364918]}