{"CLDC":[50.299995],"DEWP":[-1],"FRSHTT":[100000],"PRCP":[0.07999999],"SLP":[1004.9],"SNDP":[0],"STP":[996.45],"TEMP":[0.10000001],"VISIB":[7.7300005],"WDSP":[8.15],"WNDDIR":[64.7],"time":[1549364861]}