{"CLDC":[50.299995,50.03],"DEWP":[-1,-0.91999996],"FRSHTT":[100000,100000],"PRCP":[0.07999999,0.07999999],"SLP":[1004.9,1004.99005],"SNDP":[0,0],"STP":[996.45,996.2999],"TEMP":[0.10000001,0.10000001],"VISIB":[7.7300005,8.049999],"WDSP":[8.15,8.83],"WNDDIR":[64.7,67.6],"time":[1549364861,1549364918]}