{"CLDC":[72.33,72.34001],"DEWP":[-23.38,-23.46],"FRSHTT":[1100000,1100000],"PRCP":[0.019999998,0.019999998],"SLP":[1025.5999,1025.5999],"SNDP":[0,0],"STP":[1031.5999,1031.5999],"TEMP":[-19.499998,-19.199999],"VISIB":[34.65,33.89],"WDSP":[10.6,11.57],"WNDDIR":[270.6,274.8],"time":[1549364861,1549364919]}