{"CLDC":[1.0200001,1.65],"DEWP":[-7.2,-7.200001],"FRSHTT":[1000000,1000000],"PRCP":[0,0],"SLP":[992.92004,992.9],"SNDP":[0,0],"STP":[998.13,998.11005],"TEMP":[-4.7499995,-4.75],"VISIB":[6.8700004,6.6699996],"WDSP":[12.530001,11.749999],"WNDDIR":[293.1,293.4],"time":[1549364861,1549364919]}