{"CLDC":[50.07,50],"DEWP":[-45.98,-45.95],"FRSHTT":[1010000,1010000],"PRCP":[0,0],"SLP":[1037.5999,1037.7001],"SNDP":[11.099999,11.099999],"STP":[1041.78,1040.95],"TEMP":[-42.879997,-43.26],"VISIB":[47.829994,47.560005],"WDSP":[4.0799994,4.21],"WNDDIR":[232.4,230.7],"time":[1549364860,1549364918]}