{"CLDC":[50.409996,50.93],"DEWP":[-8.719999,-8.54],"FRSHTT":[1110000,1110000],"PRCP":[0.059999995,0.063],"SLP":[1012.2001,1012.2001],"SNDP":[3.5,3.5],"STP":[1007.43,1007.31995],"TEMP":[-5.7199993,-5.6399994],"VISIB":[23.759998,23.47],"WDSP":[13.719999,13.85],"WNDDIR":[177,176.5],"time":[1549364861,1549364919]}