{"CLDC":[50.180004],"DEWP":[-2.8700004],"FRSHTT":[1100000],"PRCP":[0.019999998],"SLP":[983.07996],"SNDP":[0],"STP":[994.6501],"TEMP":[-2.6000001],"VISIB":[9.25],"WDSP":[4.77],"WNDDIR":[251.8],"time":[1549364861]}