{"CLDC":[6.5999994],"DEWP":[-41.500004],"FRSHTT":[1000000],"PRCP":[0],"SLP":[1020.75995],"SNDP":[0],"STP":[1001.67004],"TEMP":[-38.780003],"VISIB":[23.060001],"WDSP":[1.5600001],"WNDDIR":[238.4],"time":[1549364861]}