{"CLDC":[77.61],"DEWP":[-2.08],"FRSHTT":[1000000],"PRCP":[0],"SLP":[1005.80994],"SNDP":[0],"STP":[982.97003],"TEMP":[-0.8500001],"VISIB":[14.07],"WDSP":[5.75],"WNDDIR":[0.6],"time":[1549364861]}