{"CLDC":[6.5999994,6.4300003],"DEWP":[-41.500004,-41.38],"FRSHTT":[1000000,1000000],"PRCP":[0,0],"SLP":[1020.75995,1020.67004],"SNDP":[0,0],"STP":[1001.67004,1001.27],"TEMP":[-38.780003,-39.03],"VISIB":[23.060001,22.41],"WDSP":[1.5600001,1.65],"WNDDIR":[238.4,235.7],"time":[1549364861,1549364918]}