{"CLDC":[13.67,13.7699995],"DEWP":[-1.7800001,-1.78],"FRSHTT":[0,0],"PRCP":[0,0],"SLP":[981.45,982.16],"SNDP":[0,0],"STP":[1006.18,1007.82],"TEMP":[0,0],"VISIB":[6.649999,6.850001],"WDSP":[11.009999,10.31],"WNDDIR":[48.3,46.9],"time":[1549364861,1549364919]}