{"CLDC":[13.67],"DEWP":[-1.7800001],"FRSHTT":[0],"PRCP":[0],"SLP":[981.45],"SNDP":[0],"STP":[1006.18],"TEMP":[0],"VISIB":[6.649999],"WDSP":[11.009999],"WNDDIR":[48.3],"time":[1549364861]}