{"CLDC":[4.8399997],"DEWP":[-4.13],"FRSHTT":[1000000],"PRCP":[0],"SLP":[977.97003],"SNDP":[0],"STP":[990.15],"TEMP":[-3.85],"VISIB":[7.549999],"WDSP":[5.8300004],"WNDDIR":[305.3],"time":[1549364861]}