{"CLDC":[50.02,50.280003],"DEWP":[-28.9,-28.800003],"FRSHTT":[1110000,1110000],"PRCP":[0.019999998,0.019999998],"SLP":[1024.7001,1024.8099],"SNDP":[4.7999997,4.7999997],"STP":[1019.95,1020.0199],"TEMP":[-25.86,-26.039999],"VISIB":[21.41,21.530003],"WDSP":[9.340001,9.400001],"WNDDIR":[80.8,80.2],"time":[1549364857,1549364916]}