{"CLDC":[62.95],"DEWP":[-3.7199998],"FRSHTT":[1010000],"PRCP":[0],"SLP":[1028.2301],"SNDP":[11.099999],"STP":[1033.15],"TEMP":[-1.9999998],"VISIB":[7.41],"WDSP":[12.21],"WNDDIR":[231.2],"time":[1549364855]}