{"CLDC":[85.62999],"DEWP":[-33.110004],"FRSHTT":[1110000],"PRCP":[0.050000004],"SLP":[1024.7999],"SNDP":[5.5],"STP":[1007.32],"TEMP":[-29.14],"VISIB":[25.51],"WDSP":[20.39],"WNDDIR":[70.5],"time":[1549364861]}