{"CLDC":[36.260002,36.100006],"DEWP":[-16.539999,-16.300001],"FRSHTT":[1000000,1000000],"PRCP":[0,0],"SLP":[982.80994,983.07996],"SNDP":[0,0],"STP":[988.0101,986.92004],"TEMP":[-13.999998,-14.089999],"VISIB":[16.37,16.15],"WDSP":[2.19,2.2999997],"WNDDIR":[14.4,12.9],"time":[1549364855,1549364915]}