{"CLDC":[36.260002],"DEWP":[-16.539999],"FRSHTT":[1000000],"PRCP":[0],"SLP":[982.80994],"SNDP":[0],"STP":[988.0101],"TEMP":[-13.999998],"VISIB":[16.37],"WDSP":[2.19],"WNDDIR":[14.4],"time":[1549364855]}