{"CLDC":[60.910004],"DEWP":[-2.7199998],"FRSHTT":[1000000],"PRCP":[0],"SLP":[1006.7999],"SNDP":[0],"STP":[982.7001],"TEMP":[-1.26],"VISIB":[7.4799995],"WDSP":[8.709999],"WNDDIR":[24.2],"time":[1549364855]}