{"CLDC":[50.18],"DEWP":[-7.66],"FRSHTT":[1110000],"PRCP":[0.09000001],"SLP":[1007.5],"SNDP":[9.900001],"STP":[1004.7999],"TEMP":[-3.77],"VISIB":[11.210001],"WDSP":[11.66],"WNDDIR":[137.2],"time":[1549364855]}