{"CLDC":[50.21],"DEWP":[-21.400003],"FRSHTT":[1100000],"PRCP":[0.11],"SLP":[1020.7999],"SNDP":[0],"STP":[990.2001],"TEMP":[-18.84],"VISIB":[13.33],"WDSP":[2.7399998],"WNDDIR":[42],"time":[1549364861]}