{"CLDC":[50.04,50.180004],"DEWP":[0.16000001,0.12000002],"FRSHTT":[100000,100000],"PRCP":[0.050000004,0.050000004],"SLP":[962.1,962.09],"SNDP":[0,0],"STP":[987.95996,988.37],"TEMP":[1.1000001,1.1000001],"VISIB":[5.6299996,5.7400002],"WDSP":[11.450001,11.900001],"WNDDIR":[151.6,157.8],"time":[1549364855,1549364915]}