{"CLDC":[78.89001],"DEWP":[-5.35],"FRSHTT":[1000000],"PRCP":[0],"SLP":[1004.13007],"SNDP":[0],"STP":[999.12],"TEMP":[-3.42],"VISIB":[18.350002],"WDSP":[8.58],"WNDDIR":[262.1],"time":[1549364855]}