{"CLDC":[50.030003,50.02],"DEWP":[-32.949997,-32.6],"FRSHTT":[1110000,1110000],"PRCP":[0.050000004,0.050000004],"SLP":[1019.9,1019.95],"SNDP":[7.9000006,7.9000006],"STP":[1041.2999,1041.2001],"TEMP":[-30.669998,-29.890003],"VISIB":[44.629997,43.489998],"WDSP":[5.03,5.0399995],"WNDDIR":[267,264.9],"time":[1549364859,1549364917]}