{"CLDC":[60.310005],"DEWP":[-0.95],"FRSHTT":[0],"PRCP":[0],"SLP":[1008.50995],"SNDP":[0],"STP":[1004.22003],"TEMP":[0.45000005],"VISIB":[8.67],"WDSP":[8.31],"WNDDIR":[225.9],"time":[1549364856]}