{"CLDC":[67.240005,67.41],"DEWP":[-5.8599997,-5.6499996],"FRSHTT":[1110000,1110000],"PRCP":[0.029999997,0.029999997],"SLP":[1012.0301,1011.7999],"SNDP":[3.2000003,3.2000003],"STP":[1009.55994,1009.5399],"TEMP":[-3.7600002,-3.7],"VISIB":[9.25,9.030001],"WDSP":[16.170002,17.49],"WNDDIR":[295.2,296.7],"time":[1549364856,1549364915]}