{"CLDC":[67.240005],"DEWP":[-5.8599997],"FRSHTT":[1110000],"PRCP":[0.029999997],"SLP":[1012.0301],"SNDP":[3.2000003],"STP":[1009.55994],"TEMP":[-3.7600002],"VISIB":[9.25],"WDSP":[16.170002],"WNDDIR":[295.2],"time":[1549364856]}