{"CLDC":[50.13,50.42],"DEWP":[-25.75,-25.759998],"FRSHTT":[1100000,1100000],"PRCP":[0.019999998,0.019999998],"SLP":[1018.7999,1018.57996],"SNDP":[0,0],"STP":[1014.58997,1014.77997],"TEMP":[-23.110003,-23.300003],"VISIB":[25.9,25.9],"WDSP":[6.2400007,6.16],"WNDDIR":[195.1,195.8],"time":[1549364860,1549364918]}