{"CLDC":[78.34,78.42],"DEWP":[-7.0199995,-7.16],"FRSHTT":[1110000,1110000],"PRCP":[0.029999997,0.029999997],"SLP":[1012.07996,1012.1],"SNDP":[1.8999999,1.8999999],"STP":[1009.6,1009.6],"TEMP":[-4.5200005,-4.5800004],"VISIB":[11.069999,11.450001],"WDSP":[13.410001,13.520001],"WNDDIR":[101.8,102.1],"time":[1549364856,1549364915]}