{"CLDC":[50.13],"DEWP":[-25.75],"FRSHTT":[1100000],"PRCP":[0.019999998],"SLP":[1018.7999],"SNDP":[0],"STP":[1014.58997],"TEMP":[-23.110003],"VISIB":[25.9],"WDSP":[6.2400007],"WNDDIR":[195.1],"time":[1549364860]}