{"CLDC":[50.15],"DEWP":[-24.4],"FRSHTT":[1110000],"PRCP":[0.019999998],"SLP":[1023.9],"SNDP":[11.599999],"STP":[1019.2501],"TEMP":[-21.46],"VISIB":[19.47],"WDSP":[8.049999],"WNDDIR":[205.3],"time":[1549364860]}