{"CLDC":[92.55,92.37],"DEWP":[-23.039999,-23.24],"FRSHTT":[1110000,1110000],"PRCP":[0.019999998,0.019999998],"SLP":[1024.0999,1024.2001],"SNDP":[12.199999,12.199999],"STP":[1020.02,1019.99005],"TEMP":[-19.949999,-19.949999],"VISIB":[39.82,40.1],"WDSP":[5.69,5.8900003],"WNDDIR":[107.9,108.3],"time":[1549364860,1549364918]}