{"CLDC":[50.060005],"DEWP":[-49.24],"FRSHTT":[1010000],"PRCP":[0],"SLP":[1031.2001],"SNDP":[5],"STP":[1000.14],"TEMP":[-46.78],"VISIB":[41],"WDSP":[8.629999],"WNDDIR":[306],"time":[1549364860]}