{"CLDC":[18.21,18.51],"DEWP":[-3.28,-3.36],"FRSHTT":[1000000,1000000],"PRCP":[0,0],"SLP":[1029.83,1027.66],"SNDP":[0,0],"STP":[1005.9499,1007.9899],"TEMP":[-2.7399998,-2.74],"VISIB":[0.36000004,0.9799999],"WDSP":[8.430001,7.940001],"WNDDIR":[319.5,318.5],"time":[1549364856,1549364916]}