{"CLDC":[18.21],"DEWP":[-3.28],"FRSHTT":[1000000],"PRCP":[0],"SLP":[1029.83],"SNDP":[0],"STP":[1005.9499],"TEMP":[-2.7399998],"VISIB":[0.36000004],"WDSP":[8.430001],"WNDDIR":[319.5],"time":[1549364856]}