{"CLDC":[0.110000014,0.110000014],"DEWP":[-1.3799999,-1.41],"FRSHTT":[0,0],"PRCP":[0,0],"SLP":[990.72003,989.5399],"SNDP":[0,0],"STP":[981.86,981.83984],"TEMP":[0.75000006,0.7600001],"VISIB":[14.030001,14.15],"WDSP":[11.77,11.860001],"WNDDIR":[298,293.1],"time":[1549364856,1549364916]}