{"CLDC":[50.030003],"DEWP":[-16.939999],"FRSHTT":[1110000],"PRCP":[0.009999999],"SLP":[1028.9001],"SNDP":[20.399998],"STP":[1006.25],"TEMP":[-14.57],"VISIB":[30.170002],"WDSP":[14.609999],"WNDDIR":[307.8],"time":[1549364856]}