{"CLDC":[50.02],"DEWP":[-6.5199995],"FRSHTT":[1110000],"PRCP":[0.36999997],"SLP":[1012],"SNDP":[8.599999],"STP":[1008.1],"TEMP":[-3.8],"VISIB":[14.13],"WDSP":[16],"WNDDIR":[113.8],"time":[1549364856]}