{"CLDC":[78.9,78.72],"DEWP":[-2.3200002,-2.48],"FRSHTT":[1000000,1000000],"PRCP":[0,0],"SLP":[1007.18005,1006.97003],"SNDP":[0,0],"STP":[1002.98,1003.05],"TEMP":[-0.6999999,-0.6999999],"VISIB":[7.0099998,7.25],"WDSP":[9.14,9.21],"WNDDIR":[179.5,182.8],"time":[1549364856,1549364916]}