{"CLDC":[97.93001,97.740005],"DEWP":[-44.1,-44.18],"FRSHTT":[1100000,1100000],"PRCP":[0.019999998,0.019999998],"SLP":[1035.9001,1036],"SNDP":[0,0],"STP":[1008.43994,1008.4199],"TEMP":[-41.200005,-41.200005],"VISIB":[36.31,35.71],"WDSP":[4.29,4.6099997],"WNDDIR":[7.7,9.7],"time":[1549364859,1549364917]}