{"CLDC":[47.42],"DEWP":[0.4],"FRSHTT":[0],"PRCP":[0],"SLP":[996.34],"SNDP":[0],"STP":[989.24005],"TEMP":[1],"VISIB":[11.300001],"WDSP":[6.0199995],"WNDDIR":[12.9],"time":[1549364857]}