{"CLDC":[99.579994,99.78999],"DEWP":[-29.359997,-29.079998],"FRSHTT":[1000000,1000000],"PRCP":[0,0],"SLP":[1034.55,1034.5201],"SNDP":[0,0],"STP":[1033.98,1033.05],"TEMP":[-26.469997,-26.38],"VISIB":[34.97,36.299995],"WDSP":[3.5300002,3.1900003],"WNDDIR":[121.7,120.1],"time":[1549364857,1549364916]}