{"CLDC":[47.42,47.299995],"DEWP":[0.4,0.36],"FRSHTT":[0,0],"PRCP":[0,0],"SLP":[996.34,996.4],"SNDP":[0,0],"STP":[989.24005,989.2001],"TEMP":[1,1],"VISIB":[11.300001,11.63],"WDSP":[6.0199995,6.1200004],"WNDDIR":[12.9,12.8],"time":[1549364857,1549364916]}