{"CLDC":[88.21001],"DEWP":[-1.76],"FRSHTT":[1000000],"PRCP":[0],"SLP":[1007.7999],"SNDP":[0],"STP":[1000.5],"TEMP":[-0.17000002],"VISIB":[7.3200006],"WDSP":[7],"WNDDIR":[117.9],"time":[1549364857]}