{"CLDC":[88.21001,88.310005],"DEWP":[-1.76,-1.74],"FRSHTT":[1000000,1000000],"PRCP":[0,0],"SLP":[1007.7999,1007.74005],"SNDP":[0,0],"STP":[1000.5,1000.5],"TEMP":[-0.17000002,-0.16000001],"VISIB":[7.3200006,7.589999],"WDSP":[7,6.7400002],"WNDDIR":[117.9,119.3],"time":[1549364857,1549364916]}