{"CLDC":[68.869995],"DEWP":[-18.1],"FRSHTT":[1110000],"PRCP":[0.009999999],"SLP":[1030.0999],"SNDP":[11.800001],"STP":[1020.99005],"TEMP":[-15.710002],"VISIB":[39.700005],"WDSP":[9.66],"WNDDIR":[43.2],"time":[1549364857]}