{"CLDC":[87.27999],"DEWP":[-6.3900003],"FRSHTT":[1000000],"PRCP":[0],"SLP":[991.27],"SNDP":[0],"STP":[998.0199],"TEMP":[-3.8500004],"VISIB":[8.88],"WDSP":[13.209999],"WNDDIR":[2.4],"time":[1549364857]}