{"CLDC":[82.94,83.02],"DEWP":[-30.45,-30.45],"FRSHTT":[1110000,1110000],"PRCP":[0.009999999,0.009999999],"SLP":[1025.59,1025.4001],"SNDP":[4.9000006,4.9000006],"STP":[1017.1,1017.07996],"TEMP":[-27.76,-27.840002],"VISIB":[13.07,12.4800005],"WDSP":[7.1799994,7.4],"WNDDIR":[176,176.8],"time":[1549364857,1549364916]}