{"CLDC":[20.26],"DEWP":[-0.6],"FRSHTT":[0],"PRCP":[0],"SLP":[989.87],"SNDP":[0],"STP":[1016.49005],"TEMP":[0.56],"VISIB":[6.8900003],"WDSP":[10.29],"WNDDIR":[292],"time":[1549364857]}