{"CLDC":[50.11,50.140003],"DEWP":[-9.31,-9.200001],"FRSHTT":[1100000,1100000],"PRCP":[0.019999998,0.019999998],"SLP":[1024.6599,1024.11],"SNDP":[0,0],"STP":[1022.94006,1022.25],"TEMP":[-5.96,-5.96],"VISIB":[13.990001,13.629999],"WDSP":[20.87,20.689999],"WNDDIR":[265.9,271],"time":[1549364857,1549364916]}