{"CLDC":[47.02,47.150005],"DEWP":[-0.76,-0.82],"FRSHTT":[0,0],"PRCP":[0,0],"SLP":[1008.7399,1008.97003],"SNDP":[0,0],"STP":[1006.61005,1006.77997],"TEMP":[0.5,0.5],"VISIB":[8.16,8.65],"WDSP":[6.34,6.3900003],"WNDDIR":[198.2,195.7],"time":[1549364857,1549364916]}