{"CLDC":[54.369995,54.98],"DEWP":[-27.799997,-27.349997],"FRSHTT":[1110000,1110000],"PRCP":[0.009999999,0.009999999],"SLP":[1026.7201,1026.7999],"SNDP":[6.4000006,6.4000006],"STP":[1018.49005,1018.4],"TEMP":[-24.849998,-24.85],"VISIB":[19.220001,19.130001],"WDSP":[7.22,7.0199995],"WNDDIR":[170.1,169.7],"time":[1549364857,1549364916]}