{"CLDC":[77.62],"DEWP":[-21.54],"FRSHTT":[1010000],"PRCP":[0],"SLP":[1014.8],"SNDP":[12.5],"STP":[1020.3799],"TEMP":[-19.000002],"VISIB":[38.16],"WDSP":[6.7699995],"WNDDIR":[168.7],"time":[1549364857]}