{"CLDC":[68.55],"DEWP":[-25.63],"FRSHTT":[1010000],"PRCP":[0],"SLP":[1017.77],"SNDP":[20.359997],"STP":[993.58997],"TEMP":[-22.419998],"VISIB":[36.85],"WDSP":[3.56],"WNDDIR":[35.1],"time":[1549364858]}