{"CLDC":[50.160004],"DEWP":[-4.18],"FRSHTT":[1100000],"PRCP":[0.050000004],"SLP":[1008.66],"SNDP":[0],"STP":[1009.7001],"TEMP":[-1.72],"VISIB":[17.869999],"WDSP":[33.560005],"WNDDIR":[295.6],"time":[1549364857]}