{"CLDC":[50.030003],"DEWP":[-1.29],"FRSHTT":[100000],"PRCP":[0.11],"SLP":[1008],"SNDP":[0],"STP":[1004.6],"TEMP":[0.25],"VISIB":[14.0199995],"WDSP":[25.09],"WNDDIR":[258.1],"time":[1549364859]}