{"CLDC":[50.030003,50.090004],"DEWP":[-1.29,-1.35],"FRSHTT":[100000,100000],"PRCP":[0.11,0.11],"SLP":[1008,1008],"SNDP":[0,0],"STP":[1004.6,1004.6],"TEMP":[0.25,0.23000002],"VISIB":[14.0199995,13.639999],"WDSP":[25.09,24.43],"WNDDIR":[258.1,263.6],"time":[1549364859,1549364918]}