{"CLDC":[57.559998],"DEWP":[-32.500004],"FRSHTT":[1000000],"PRCP":[0],"SLP":[1020.7999],"SNDP":[0],"STP":[1010.12],"TEMP":[-31.38],"VISIB":[28.500004],"WDSP":[15.030001],"WNDDIR":[124.8],"time":[1549364857]}