{"CLDC":[97.40001,97.77],"DEWP":[-28.98,-28.62],"FRSHTT":[1100000,1100000],"PRCP":[0.009999999,0.009999999],"SLP":[1019.4,1019.5],"SNDP":[0,0],"STP":[1047.2,1047.47],"TEMP":[-28.149998,-27.999996],"VISIB":[20.83,20.51],"WDSP":[11.179999,11.02],"WNDDIR":[25.4,28.5],"time":[1549364857,1549364916]}