{"CLDC":[97.40001],"DEWP":[-28.98],"FRSHTT":[1100000],"PRCP":[0.009999999],"SLP":[1019.4],"SNDP":[0],"STP":[1047.2],"TEMP":[-28.149998],"VISIB":[20.83],"WDSP":[11.179999],"WNDDIR":[25.4],"time":[1549364857]}