{"CLDC":[38.69],"DEWP":[-27.859997],"FRSHTT":[1000000],"PRCP":[0],"SLP":[1018.91003],"SNDP":[0],"STP":[1007.27997],"TEMP":[-25.400002],"VISIB":[12.509999],"WDSP":[7.3900003],"WNDDIR":[131.3],"time":[1549364857]}