{"CLDC":[38.69,38.969997],"DEWP":[-27.859997,-27.539999],"FRSHTT":[1000000,1000000],"PRCP":[0,0],"SLP":[1018.91003,1018.75995],"SNDP":[0,0],"STP":[1007.27997,1008.2499],"TEMP":[-25.400002,-25.250002],"VISIB":[12.509999,11.95],"WDSP":[7.3900003,7.4700003],"WNDDIR":[131.3,126.6],"time":[1549364857,1549364916]}