{"CLDC":[65.52],"DEWP":[1.3499999],"FRSHTT":[100000],"PRCP":[0.019999998],"SLP":[1010.99005],"SNDP":[0],"STP":[1007.4199],"TEMP":[1.8299999],"VISIB":[4.63],"WDSP":[31.779999],"WNDDIR":[247.3],"time":[1549364859]}