{"CLDC":[65.52,65.85],"DEWP":[1.3499999,1.3599999],"FRSHTT":[100000,100000],"PRCP":[0.019999998,0.019999998],"SLP":[1010.99005,1010.4],"SNDP":[0,0],"STP":[1007.4199,1007.5],"TEMP":[1.8299999,1.7999998],"VISIB":[4.63,4.46],"WDSP":[31.779999,32.74],"WNDDIR":[247.3,250],"time":[1549364859,1549364918]}