{"CLDC":[74.509995],"DEWP":[-32.629997],"FRSHTT":[1000000],"PRCP":[0],"SLP":[1019.00995],"SNDP":[0],"STP":[1010.2101],"TEMP":[-29.509998],"VISIB":[16.41],"WDSP":[14.95],"WNDDIR":[200.1],"time":[1549364857]}