{"CLDC":[74.509995,74.729996],"DEWP":[-32.629997,-33.68],"FRSHTT":[1000000,1000000],"PRCP":[0,0],"SLP":[1019.00995,1019],"SNDP":[0,0],"STP":[1010.2101,1010.30994],"TEMP":[-29.509998,-29.789999],"VISIB":[16.41,17.640001],"WDSP":[14.95,15.3],"WNDDIR":[200.1,200.1],"time":[1549364857,1549364916]}