{"CLDC":[50.319996,50.070004],"DEWP":[-28.590002,-28.85],"FRSHTT":[1100000,1100000],"PRCP":[0.019999998,0.019999998],"SLP":[1018.7999,1018.7999],"SNDP":[0,0],"STP":[1036.7999,1036.7001],"TEMP":[-27.14,-27.299997],"VISIB":[25.32,25.09],"WDSP":[11.65,11.55],"WNDDIR":[310.6,313.5],"time":[1549364858,1549364916]}