{"CLDC":[12,12.03],"DEWP":[2.3200002,2.4],"FRSHTT":[0,0],"PRCP":[0,0],"SLP":[1029.5901,1027.97],"SNDP":[0,0],"STP":[1008.13,1007.57],"TEMP":[3.65,3.6499996],"VISIB":[9.52,9.400001],"WDSP":[12.74,12.28],"WNDDIR":[167.2,165.4],"time":[1549364860,1549364918]}