{"CLDC":[85.84,85.97001],"DEWP":[-8.849999,-8.799999],"FRSHTT":[1000000,1000000],"PRCP":[0,0],"SLP":[987.1999,985.50995],"SNDP":[0,0],"STP":[994.1699,994.7101],"TEMP":[-1.12,-1.02],"VISIB":[9.31,9.609999],"WDSP":[12.590001,13.25],"WNDDIR":[56.1,55.7],"time":[1549364860,1549364918]}