{"CLDC":[85.84],"DEWP":[-8.849999],"FRSHTT":[1000000],"PRCP":[0],"SLP":[987.1999],"SNDP":[0],"STP":[994.1699],"TEMP":[-1.12],"VISIB":[9.31],"WDSP":[12.590001],"WNDDIR":[56.1],"time":[1549364860]}