{"CLDC":[21.5],"DEWP":[-35.980003],"FRSHTT":[1000000],"PRCP":[0],"SLP":[1021.9],"SNDP":[0],"STP":[1039.27],"TEMP":[-32.850002],"VISIB":[17.150002],"WDSP":[16.66],"WNDDIR":[198.4],"time":[1549364859]}