{"CLDC":[50.210003],"DEWP":[-38.72],"FRSHTT":[1010000],"PRCP":[0],"SLP":[1023.2899],"SNDP":[8],"STP":[1023],"TEMP":[-36.050003],"VISIB":[17.44],"WDSP":[11.45],"WNDDIR":[320.5],"time":[1549364860]}