{"CLDC":[70.920006],"DEWP":[-5.3200006],"FRSHTT":[1110000],"PRCP":[0.09000001],"SLP":[1010.5],"SNDP":[0.8000001],"STP":[1008.86],"TEMP":[-3],"VISIB":[12.719999],"WDSP":[19.09],"WNDDIR":[311.3],"time":[1549364860]}