{"CLDC":[21.5,21.83],"DEWP":[-35.980003,-36.07],"FRSHTT":[1000000,1000000],"PRCP":[0,0],"SLP":[1021.9,1021.9],"SNDP":[0,0],"STP":[1039.27,1038.6001],"TEMP":[-32.850002,-32.51],"VISIB":[17.150002,17.630001],"WDSP":[16.66,17.32],"WNDDIR":[198.4,195.6],"time":[1549364859,1549364918]}