{"CLDC":[70.920006,70.91],"DEWP":[-5.3200006,-5.5],"FRSHTT":[1110000,1110000],"PRCP":[0.09000001,0.09000001],"SLP":[1010.5,1010.5],"SNDP":[0.8000001,0.8000001],"STP":[1008.86,1009.39],"TEMP":[-3,-3],"VISIB":[12.719999,11.900001],"WDSP":[19.09,19.05],"WNDDIR":[311.3,309.6],"time":[1549364860,1549364918]}