{"CLDC":[98.76,98.76],"DEWP":[0.060000002,0.15],"FRSHTT":[100000,100000],"PRCP":[0.11,0.11],"SLP":[1004.37,1004.05994],"SNDP":[0,0],"STP":[1003.74005,1003.4],"TEMP":[1.6600001,1.65],"VISIB":[10.280001,10.99],"WDSP":[13.720001,14.359999],"WNDDIR":[129.1,133.8],"time":[1549364860,1549364918]}