{"CLDC":[98.76],"DEWP":[0.060000002],"FRSHTT":[100000],"PRCP":[0.11],"SLP":[1004.37],"SNDP":[0],"STP":[1003.74005],"TEMP":[1.6600001],"VISIB":[10.280001],"WDSP":[13.720001],"WNDDIR":[129.1],"time":[1549364860]}