{"CLDC":[79.28001,78.87001],"DEWP":[-34.75,-34.8],"FRSHTT":[1110000,1110000],"PRCP":[0.019999998,0.019999998],"SLP":[1020.7001,1020.7001],"SNDP":[7.8,7.8],"STP":[1023.05,1022.80994],"TEMP":[-32.560005,-32.38],"VISIB":[26.75,27.14],"WDSP":[17.939999,18.189999],"WNDDIR":[134.9,134.3],"time":[1549364858,1549364917]}