{"CLDC":[79.450005,80.09],"DEWP":[-2.19,-2.25],"FRSHTT":[1100000,1100000],"PRCP":[0.07,0.07],"SLP":[1010.91003,1011.02997],"SNDP":[0,0],"STP":[1004.5,1004.5],"TEMP":[-0.5,-0.5],"VISIB":[18.61,18.51],"WDSP":[33.31,33.46],"WNDDIR":[178,182.9],"time":[1549364860,1549364918]}