{"CLDC":[75.15999,74.93001],"DEWP":[-30.519999,-30.739996],"FRSHTT":[1110000,1110000],"PRCP":[0.14,0.14],"SLP":[1028.5999,1028.43],"SNDP":[25.899998,25.99],"STP":[1064.1799,1063.9],"TEMP":[-26.450003,-26.59],"VISIB":[23.63,22.99],"WDSP":[6.0699997,5.8900003],"WNDDIR":[226.7,228],"time":[1549364861,1549364918]}