{"CLDC":[75.15999],"DEWP":[-30.519999],"FRSHTT":[1110000],"PRCP":[0.14],"SLP":[1028.5999],"SNDP":[25.899998],"STP":[1064.1799],"TEMP":[-26.450003],"VISIB":[23.63],"WDSP":[6.0699997],"WNDDIR":[226.7],"time":[1549364861]}