{"CLDC":[68.92],"DEWP":[-4.0600004],"FRSHTT":[1010000],"PRCP":[0],"SLP":[1026.2899],"SNDP":[6],"STP":[1025.0701],"TEMP":[-2.3399997],"VISIB":[10.820001],"WDSP":[10.15],"WNDDIR":[275.6],"time":[1549364860]}