{"CLDC":[68.92,68.74],"DEWP":[-4.0600004,-4.0800004],"FRSHTT":[1010000,1010000],"PRCP":[0,0],"SLP":[1026.2899,1026.2],"SNDP":[6,6],"STP":[1025.0701,1024.0701],"TEMP":[-2.3399997,-2.3399997],"VISIB":[10.820001,10.559999],"WDSP":[10.15,9.58],"WNDDIR":[275.6,269.6],"time":[1549364860,1549364918]}