{"CLDC":[70.82],"DEWP":[-6],"FRSHTT":[1110000],"PRCP":[0.29999998],"SLP":[1007.69006],"SNDP":[4.9000006],"STP":[1004.08997],"TEMP":[-3.8800004],"VISIB":[20.39],"WDSP":[18.170002],"WNDDIR":[160.4],"time":[1549364860]}