{"CLDC":[70.82,70.54],"DEWP":[-6,-6.1799994],"FRSHTT":[1110000,1110000],"PRCP":[0.29999998,0.29999998],"SLP":[1007.69006,1007.37],"SNDP":[4.9000006,4.9000006],"STP":[1004.08997,1004.38995],"TEMP":[-3.8800004,-3.92],"VISIB":[20.39,19.619999],"WDSP":[18.170002,18.47],"WNDDIR":[160.4,162.3],"time":[1549364860,1549364918]}