{"CLDC":[50.11001],"DEWP":[-5.52],"FRSHTT":[1110000],"PRCP":[0.09000001],"SLP":[1009.9],"SNDP":[1.6000001],"STP":[1010.72003],"TEMP":[-3.1999998],"VISIB":[7.45],"WDSP":[19.23],"WNDDIR":[310.5],"time":[1549364860]}