{"CLDC":[73.72],"DEWP":[-16.8],"FRSHTT":[1000000],"PRCP":[0],"SLP":[1015.2001],"SNDP":[0],"STP":[1019.20996],"TEMP":[-14.3],"VISIB":[8.65],"WDSP":[15.7699995],"WNDDIR":[23.9],"time":[1549364858]}