{"CLDC":[73.72,73.36],"DEWP":[-16.8,-16.8],"FRSHTT":[1000000,1000000],"PRCP":[0,0],"SLP":[1015.2001,1015.07996],"SNDP":[0,0],"STP":[1019.20996,1019.11],"TEMP":[-14.3,-14.1],"VISIB":[8.65,8.42],"WDSP":[15.7699995,16.2],"WNDDIR":[23.9,20.7],"time":[1549364858,1549364916]}