{"CLDC":[56.299995],"DEWP":[1.8799999],"FRSHTT":[100000],"PRCP":[0.019999998],"SLP":[1040],"SNDP":[0],"STP":[1018.7999],"TEMP":[3.95],"VISIB":[10.17],"WDSP":[43.96],"WNDDIR":[74],"time":[1549364860]}