{"CLDC":[56.299995,56.53],"DEWP":[1.8799999,1.8],"FRSHTT":[100000,100000],"PRCP":[0.019999998,0.019999998],"SLP":[1040,1040.81],"SNDP":[0,0],"STP":[1018.7999,1018.74005],"TEMP":[3.95,3.92],"VISIB":[10.17,9.64],"WDSP":[43.96,43.659996],"WNDDIR":[74,73.5],"time":[1549364860,1549364918]}