{"CLDC":[7.0699997,7.5999994],"DEWP":[-52.15,-52.25],"FRSHTT":[1000000,1000000],"PRCP":[0,0],"SLP":[1035.2001,1035.26],"SNDP":[0,0],"STP":[1015.5,1015.5],"TEMP":[-48.439995,-50.060005],"VISIB":[23.65,23.43],"WDSP":[7.7600007,8.05],"WNDDIR":[253.2,256.7],"time":[1549364855,1549364915]}