{"CLDC":[34],"DEWP":[-1.48],"FRSHTT":[0],"PRCP":[0],"SLP":[1012.45996],"SNDP":[0],"STP":[985.73],"TEMP":[0],"VISIB":[8.42],"WDSP":[11.730001],"WNDDIR":[19.4],"time":[1549364860]}