{"CLDC":[50.35],"DEWP":[-0.90999997],"FRSHTT":[1100000],"PRCP":[0.039999995],"SLP":[1004.95],"SNDP":[0],"STP":[968.57996],"TEMP":[-0.73999995],"VISIB":[3.95],"WDSP":[14.229999],"WNDDIR":[119.5],"time":[1549364860]}