{"CLDC":[69.76,69.56999],"DEWP":[-32.68,-32.35],"FRSHTT":[1110000,1110000],"PRCP":[0.09000001,0.09000001],"SLP":[1020.86005,1020.7999],"SNDP":[15.699999,15.699999],"STP":[1016.7101,1016.3499],"TEMP":[-30.25,-30.25],"VISIB":[24.54,24.590002],"WDSP":[21.480001,19.369999],"WNDDIR":[282.3,283.2],"time":[1549364859,1549364917]}