{"CLDC":[98.06,98.03],"DEWP":[-18.849998,-18.8],"FRSHTT":[1000000,1000000],"PRCP":[0,0],"SLP":[1001.9,1002.02997],"SNDP":[0,0],"STP":[999.77997,998.75],"TEMP":[-13.92,-14.470001],"VISIB":[13.259999,12.88],"WDSP":[30.990002,29.15],"WNDDIR":[248.3,244],"time":[1549364859,1549364917]}