{"CLDC":[69.76],"DEWP":[-32.68],"FRSHTT":[1110000],"PRCP":[0.09000001],"SLP":[1020.86005],"SNDP":[15.699999],"STP":[1016.7101],"TEMP":[-30.25],"VISIB":[24.54],"WDSP":[21.480001],"WNDDIR":[282.3],"time":[1549364859]}