{"CLDC":[98.06],"DEWP":[-18.849998],"FRSHTT":[1000000],"PRCP":[0],"SLP":[1001.9],"SNDP":[0],"STP":[999.77997],"TEMP":[-13.92],"VISIB":[13.259999],"WDSP":[30.990002],"WNDDIR":[248.3],"time":[1549364859]}