{"CLDC":[76.19,75.880005],"DEWP":[-25.84,-25.780003],"FRSHTT":[1110000,1110000],"PRCP":[0.019999998,0.019999998],"SLP":[1015.2001,1015.2001],"SNDP":[4.2000003,4.2000003],"STP":[1019.92004,1019.99005],"TEMP":[-22.64,-23.06],"VISIB":[25.52,24.62],"WDSP":[21.94,22.55],"WNDDIR":[256.6,260.6],"time":[1549364859,1549364917]}