{"CLDC":[64.409996,64.23],"DEWP":[-12.95,-13.08],"FRSHTT":[1100000,1100000],"PRCP":[0.059999995,0.059999995],"SLP":[1015.55,1015.4],"SNDP":[0,0],"STP":[994,994],"TEMP":[-9.740001,-9.66],"VISIB":[16.49,17.39],"WDSP":[29.7,30.670002],"WNDDIR":[337.4,334.8],"time":[1549364860,1549364918]}