{"CLDC":[87.08999,87],"DEWP":[-42.839996,-43.059998],"FRSHTT":[1010000,1010000],"PRCP":[0,0],"SLP":[1026.41,1026.3701],"SNDP":[12.300001,12.300001],"STP":[1019.44006,1019.33997],"TEMP":[-39.940002,-40.54],"VISIB":[14.26,14.909999],"WDSP":[3.4699998,3.3199997],"WNDDIR":[235.9,237],"time":[1549364857,1549364916]}