{"CLDC":[83.920006],"DEWP":[-4.04],"FRSHTT":[1110000],"PRCP":[0.019999998],"SLP":[1027.8801],"SNDP":[13.9],"STP":[1024.5901],"TEMP":[-2.6],"VISIB":[16.929998],"WDSP":[6.7899995],"WNDDIR":[32.8],"time":[1549364861]}