{"CLDC":[83.920006,84.40001],"DEWP":[-4.04,-4.1400003],"FRSHTT":[1110000,1110000],"PRCP":[0.019999998,0.019999998],"SLP":[1027.8801,1027.93],"SNDP":[13.9,13.9],"STP":[1024.5901,1025.9601],"TEMP":[-2.6,-2.6],"VISIB":[16.929998,16.570002],"WDSP":[6.7899995,6.6699996],"WNDDIR":[32.8,33.3],"time":[1549364861,1549364918]}