{"CLDC":[50.110004,50.449997],"DEWP":[-12.24,-12.56],"FRSHTT":[1100000,1100000],"PRCP":[0.07999999,0.07999999],"SLP":[1022.02997,1022.39],"SNDP":[0,0],"STP":[1011.34,1011.05],"TEMP":[-11.15,-11.01],"VISIB":[5.2,5.2300005],"WDSP":[14.19,14.389999],"WNDDIR":[311,310.5],"time":[1549364861,1549364918]}