{"CLDC":[50.110004],"DEWP":[-12.24],"FRSHTT":[1100000],"PRCP":[0.07999999],"SLP":[1022.02997],"SNDP":[0],"STP":[1011.34],"TEMP":[-11.15],"VISIB":[5.2],"WDSP":[14.19],"WNDDIR":[311],"time":[1549364861]}