{"CLDC":[99.06999],"DEWP":[-5.4199996],"FRSHTT":[1110000],"PRCP":[0.019999998],"SLP":[1010.5],"SNDP":[2.8999999],"STP":[1012.9],"TEMP":[-3.0000002],"VISIB":[25.15],"WDSP":[19.560001],"WNDDIR":[236.1],"time":[1549364861]}