{"CLDC":[63.68,63.9],"DEWP":[-8.719999,-8.710001],"FRSHTT":[1100000,1100000],"PRCP":[0.059999995,0.059999995],"SLP":[1018.4,1022.73],"SNDP":[0,0],"STP":[1007.4,1006.59],"TEMP":[-4.5999994,-4.4999995],"VISIB":[17.789999,16.24],"WDSP":[23.31,22.49],"WNDDIR":[94.9,96.8],"time":[1549364861,1549364919]}