{"CLDC":[27.24,26.959997],"DEWP":[-2.12,-2.16],"FRSHTT":[1000000,1000000],"PRCP":[0,0],"SLP":[998.75995,998.4899],"SNDP":[0,0],"STP":[1001.74005,1000.18994],"TEMP":[-1.5600002,-1.53],"VISIB":[6,6.2799997],"WDSP":[13.7699995,13.9],"WNDDIR":[125.6,133],"time":[1549364861,1549364919]}