{"CLDC":[13,13.109999],"DEWP":[-31.599997,-31.55],"FRSHTT":[1000000,1000000],"PRCP":[0,0],"SLP":[1005.2001,1005.2699],"SNDP":[0,0],"STP":[991.38995,992.82],"TEMP":[-28.3,-28.630001],"VISIB":[13.35,12.41],"WDSP":[46.18,46.09],"WNDDIR":[166.4,165.8],"time":[1549364860,1549364918]}