{"CLDC":[27.24],"DEWP":[-2.12],"FRSHTT":[1000000],"PRCP":[0],"SLP":[998.75995],"SNDP":[0],"STP":[1001.74005],"TEMP":[-1.5600002],"VISIB":[6],"WDSP":[13.7699995],"WNDDIR":[125.6],"time":[1549364861]}