{"CLDC":[41.889996,41.640007],"DEWP":[-43.94,-43.92],"FRSHTT":[1000000,1000000],"PRCP":[0,0],"SLP":[1046.3801,1046.4001],"SNDP":[0,0],"STP":[1074.47,1073.35],"TEMP":[-40.64,-41.140007],"VISIB":[34.61,34.78],"WDSP":[2.8799996,2.8199997],"WNDDIR":[82.3,83.9],"time":[1549364857,1549364916]}