{"CLDC":[41.889996],"DEWP":[-43.94],"FRSHTT":[1000000],"PRCP":[0],"SLP":[1046.3801],"SNDP":[0],"STP":[1074.47],"TEMP":[-40.64],"VISIB":[34.61],"WDSP":[2.8799996],"WNDDIR":[82.3],"time":[1549364857]}