{"CLDC":[50.100006,50.510002],"DEWP":[-32.06,-32.18],"FRSHTT":[1110000,1110000],"PRCP":[0.019999998,0.019999998],"SLP":[1019.2899,1019.44006],"SNDP":[14.199999,14.300001],"STP":[1013.27997,1013.18],"TEMP":[-29.36,-29.5],"VISIB":[24.68,24.75],"WDSP":[8.719999,9.179999],"WNDDIR":[295.5,294.8],"time":[1549364856,1549364915]}