{"CLDC":[53.210003],"DEWP":[-6.809999],"FRSHTT":[1110000],"PRCP":[0.059999995],"SLP":[999.07],"SNDP":[9.5],"STP":[990],"TEMP":[-4.45],"VISIB":[11.370001],"WDSP":[12.34],"WNDDIR":[110.7],"time":[1549364861]}