{"CLDC":[53.210003,53],"DEWP":[-6.809999,-6.8799996],"FRSHTT":[1110000,1110000],"PRCP":[0.059999995,0.059999995],"SLP":[999.07,999.31995],"SNDP":[9.5,9.5],"STP":[990,990.00995],"TEMP":[-4.45,-4.4399996],"VISIB":[11.370001,11.300001],"WDSP":[12.34,12.590001],"WNDDIR":[110.7,111.9],"time":[1549364861,1549364919]}