{"CLDC":[50.100006],"DEWP":[-32.06],"FRSHTT":[1110000],"PRCP":[0.019999998],"SLP":[1019.2899],"SNDP":[14.199999],"STP":[1013.27997],"TEMP":[-29.36],"VISIB":[24.68],"WDSP":[8.719999],"WNDDIR":[295.5],"time":[1549364856]}