{"CLDC":[50.409996,50.319996],"DEWP":[-23.150002,-23.150002],"FRSHTT":[1110000,1110000],"PRCP":[0.059999995,0.059999995],"SLP":[1014.07,1014.02],"SNDP":[3.6,3.6],"STP":[1013.9499,1014.59],"TEMP":[-21.16,-21.02],"VISIB":[31.4,31.810001],"WDSP":[29.039999,29.55],"WNDDIR":[60.9,65.7],"time":[1549364856,1549364916]}