{"CLDC":[2.51],"DEWP":[-2.42],"FRSHTT":[1000000],"PRCP":[0],"SLP":[997.57],"SNDP":[0],"STP":[987.23],"TEMP":[-1.3000001],"VISIB":[3.1600003],"WDSP":[7.03],"WNDDIR":[30.2],"time":[1549364861]}