{"CLDC":[77.81999,77.81],"DEWP":[-3.25,-3.3400002],"FRSHTT":[1000000,1000000],"PRCP":[0,0],"SLP":[1006.63,1005.65],"SNDP":[0,0],"STP":[1010.6,1010.6],"TEMP":[-2.13,-2.18],"VISIB":[11.7300005,11.140001],"WDSP":[6.55,6.4700003],"WNDDIR":[274,275.7],"time":[1549364861,1549364919]}