{"CLDC":[61.030006,60.7],"DEWP":[-26.189999,-26.189997],"FRSHTT":[1110000,1110000],"PRCP":[0.029999997,0.029999997],"SLP":[1013.2999,1013.2999],"SNDP":[8.199999,8.199999],"STP":[1017.7999,1017.7999],"TEMP":[-21.84,-21.95],"VISIB":[33.870003,33.670002],"WDSP":[14.589999,15.589999],"WNDDIR":[206.6,206.5],"time":[1549364861,1549364918]}