{"CLDC":[77.81999],"DEWP":[-3.25],"FRSHTT":[1000000],"PRCP":[0],"SLP":[1006.63],"SNDP":[0],"STP":[1010.6],"TEMP":[-2.13],"VISIB":[11.7300005],"WDSP":[6.55],"WNDDIR":[274],"time":[1549364861]}