{"CLDC":[66.69,67.12],"DEWP":[-45.949997,-45.859993],"FRSHTT":[1110000,1110000],"PRCP":[0.14,0.14],"SLP":[1022.49005,1022.43005],"SNDP":[20.899998,20.899998],"STP":[933.2999,933.2999],"TEMP":[-43.039993,-43.039997],"VISIB":[30.59,31.52],"WDSP":[5.5099998,5.589999],"WNDDIR":[181.6,179.2],"time":[1549364859,1549364917]}