{"CLDC":[80.44],"DEWP":[-0.15],"FRSHTT":[0],"PRCP":[0],"SLP":[1020.49005],"SNDP":[0],"STP":[1020.65],"TEMP":[1.1600001],"VISIB":[8.720001],"WDSP":[22.57],"WNDDIR":[242.5],"time":[1549364861]}