{"CLDC":[50.100002],"DEWP":[-16.509998],"FRSHTT":[1010000],"PRCP":[0],"SLP":[1040.9299],"SNDP":[20.899998],"STP":[1013.88],"TEMP":[-14.7],"VISIB":[5.8],"WDSP":[4.6099997],"WNDDIR":[299.1],"time":[1549364855]}