{"CLDC":[50.100002,50.329994],"DEWP":[-16.509998,-16.25],"FRSHTT":[1010000,1010000],"PRCP":[0,0],"SLP":[1040.9299,1042.3499],"SNDP":[20.899998,20.899998],"STP":[1013.88,1014.2601],"TEMP":[-14.7,-14.640001],"VISIB":[5.8,5.78],"WDSP":[4.6099997,4.77],"WNDDIR":[299.1,303.8],"time":[1549364855,1549364915]}