{"CLDC":[56.52],"DEWP":[-5.7200003],"FRSHTT":[1110000],"PRCP":[0.050000004],"SLP":[1011.66],"SNDP":[5.0999994],"STP":[998.6],"TEMP":[-3.2800002],"VISIB":[21.039997],"WDSP":[9.31],"WNDDIR":[355.1],"time":[1549364855]}