{"CLDC":[56.52,56.04],"DEWP":[-5.7200003,-5.8199997],"FRSHTT":[1110000,1110000],"PRCP":[0.050000004,0.050000004],"SLP":[1011.66,1011.7001],"SNDP":[5.0999994,5.0999994],"STP":[998.6,998.6],"TEMP":[-3.2800002,-3.44],"VISIB":[21.039997,20.38],"WDSP":[9.31,8.559999],"WNDDIR":[355.1,356.1],"time":[1549364855,1549364915]}