{"CLDC":[98.33,98.340004],"DEWP":[0.18000002,0.18000004],"FRSHTT":[0,0],"PRCP":[0,0],"SLP":[1008.29004,1008.7101],"SNDP":[0,0],"STP":[1005.9699,1005.67004],"TEMP":[1.8,1.8],"VISIB":[6.4700003,6.2599998],"WDSP":[21.689999,22.04],"WNDDIR":[101.8,104.2],"time":[1549364855,1549364915]}