{"CLDC":[50.170002,50.04],"DEWP":[-19.519999,-19.52],"FRSHTT":[1110000,1110000],"PRCP":[0.13,0.13],"SLP":[1011.7999,1011.7999],"SNDP":[0.59999996,0.59999996],"STP":[1011.84,1012.27997],"TEMP":[-17.16,-17.4],"VISIB":[19.210001,18.99],"WDSP":[37.750004,38.52],"WNDDIR":[323.5,324.7],"time":[1549364857,1549364916]}