{"CLDC":[98.33],"DEWP":[0.18000002],"FRSHTT":[0],"PRCP":[0],"SLP":[1008.29004],"SNDP":[0],"STP":[1005.9699],"TEMP":[1.8],"VISIB":[6.4700003],"WDSP":[21.689999],"WNDDIR":[101.8],"time":[1549364855]}