{"CLDC":[80.1],"DEWP":[-49.649998],"FRSHTT":[1000000],"PRCP":[0],"SLP":[1037.3801],"SNDP":[0],"STP":[1070.4001],"TEMP":[-46.789997],"VISIB":[20],"WDSP":[10.67],"WNDDIR":[336.6],"time":[1549364861]}