{"CLDC":[79.33001,79.549995],"DEWP":[-6.9800005,-7.0500007],"FRSHTT":[1000000,1000000],"PRCP":[0,0],"SLP":[1007,1007],"SNDP":[0,0],"STP":[1000.5199,1000.2999],"TEMP":[-4.29,-4.32],"VISIB":[9.77,9.740001],"WDSP":[16.83,17.49],"WNDDIR":[79.1,79.2],"time":[1549364855,1549364915]}