{"CLDC":[50.100002,50.289997],"DEWP":[-5.4100003,-5.35],"FRSHTT":[1010000,1010000],"PRCP":[0,0],"SLP":[1027.09,1027],"SNDP":[3.7000003,3.7000003],"STP":[1022.68,1025.78],"TEMP":[-2.3799999,-2.3799999],"VISIB":[6.3599997,7.089999],"WDSP":[11.320001,11.169999],"WNDDIR":[204,200.6],"time":[1549364855,1549364915]}