{"CLDC":[50.100002],"DEWP":[-5.4100003],"FRSHTT":[1010000],"PRCP":[0],"SLP":[1027.09],"SNDP":[3.7000003],"STP":[1022.68],"TEMP":[-2.3799999],"VISIB":[6.3599997],"WDSP":[11.320001],"WNDDIR":[204],"time":[1549364855]}