{"CLDC":[50.09],"DEWP":[-5.2199993],"FRSHTT":[1100000],"PRCP":[0.059999995],"SLP":[1013.9],"SNDP":[0],"STP":[1009.5],"TEMP":[-3.3200002],"VISIB":[13.850001],"WDSP":[7.04],"WNDDIR":[27.6],"time":[1549364855]}