{"CLDC":[50.09,50.160004],"DEWP":[-5.2199993,-5.46],"FRSHTT":[1100000,1100000],"PRCP":[0.059999995,0.059999995],"SLP":[1013.9,1013.9],"SNDP":[0,0],"STP":[1009.5,1009.5],"TEMP":[-3.3200002,-3.3200002],"VISIB":[13.850001,13.33],"WDSP":[7.04,7.4800005],"WNDDIR":[27.6,29.9],"time":[1549364855,1549364915]}