{"CLDC":[45.359997],"DEWP":[-1.3],"FRSHTT":[0],"PRCP":[0],"SLP":[1008.18],"SNDP":[0],"STP":[1007.48],"TEMP":[0.20000002],"VISIB":[9.649999],"WDSP":[19.03],"WNDDIR":[303.8],"time":[1549364855]}