{"CLDC":[45.359997,44.989998],"DEWP":[-1.3,-1.4],"FRSHTT":[0,0],"PRCP":[0,0],"SLP":[1008.18,1008.02997],"SNDP":[0,0],"STP":[1007.48,1007.47003],"TEMP":[0.20000002,0.20000002],"VISIB":[9.649999,9.960001],"WDSP":[19.03,19.05],"WNDDIR":[303.8,302.7],"time":[1549364855,1549364915]}