{"CLDC":[50.100002],"DEWP":[-30.599997],"FRSHTT":[1100000],"PRCP":[0.19000001],"SLP":[1012.7999],"SNDP":[0],"STP":[1011.11],"TEMP":[-29.209997],"VISIB":[18.59],"WDSP":[32.15],"WNDDIR":[246.9],"time":[1549364859]}