{"CLDC":[50.100002,50.26],"DEWP":[-30.599997,-30.599997],"FRSHTT":[1100000,1100000],"PRCP":[0.19000001,0.19000001],"SLP":[1012.7999,1012.91],"SNDP":[0,0],"STP":[1011.11,1011],"TEMP":[-29.209997,-28.579998],"VISIB":[18.59,18.65],"WDSP":[32.15,33.100002],"WNDDIR":[246.9,249.4],"time":[1549364859,1549364917]}