{"CLDC":[77.97001,77.68],"DEWP":[-6.38,-6.38],"FRSHTT":[1110000,1110000],"PRCP":[0.039999995,0.039999995],"SLP":[1010.9,1010.9],"SNDP":[4.0999994,4.0999994],"STP":[1002.6,1002.6],"TEMP":[-2.2500002,-2.13],"VISIB":[18.17,17.35],"WDSP":[18.85,18.300001],"WNDDIR":[237,235.4],"time":[1549364855,1549364915]}