{"CLDC":[50.090004],"DEWP":[-26.820002],"FRSHTT":[1100000],"PRCP":[0.009999999],"SLP":[1010.6],"SNDP":[0],"STP":[1028.8699],"TEMP":[-24.430002],"VISIB":[5.5899997],"WDSP":[40.74],"WNDDIR":[241.1],"time":[1549364858]}