{"CLDC":[50.640003,50.670006],"DEWP":[-24.68,-24.519999],"FRSHTT":[1110000,1110000],"PRCP":[0.019999998,0.019999998],"SLP":[1011.9,1011.86005],"SNDP":[0.29999998,0.29999998],"STP":[1012.04004,1012.07996],"TEMP":[-19.259998,-19.019999],"VISIB":[28.829996,29.050003],"WDSP":[29.590002,30.080002],"WNDDIR":[160,157.7],"time":[1549364861,1549364919]}