{"CLDC":[85.71001,85.82],"DEWP":[-32.06,-32.3],"FRSHTT":[1000000,1000000],"PRCP":[0,0],"SLP":[1020.2001,1020.2001],"SNDP":[0,0],"STP":[1007.7699,1008.06995],"TEMP":[-26.86,-26.699997],"VISIB":[50.23,50.969997],"WDSP":[26.409998,26.38],"WNDDIR":[289.3,288.3],"time":[1549364861,1549364919]}