{"CLDC":[90.380005],"DEWP":[-4.52],"FRSHTT":[1110000],"PRCP":[0.059999995],"SLP":[1009.57],"SNDP":[3.2000003],"STP":[1013.07],"TEMP":[-1.44],"VISIB":[13.81],"WDSP":[25.5],"WNDDIR":[10.6],"time":[1549364855]}