{"CLDC":[8.179999,7.95],"DEWP":[1.1,1.1],"FRSHTT":[0,0],"PRCP":[0,0],"SLP":[1009.39,1009.55],"SNDP":[0,0],"STP":[1007.5301,1007.37],"TEMP":[1.8,1.8],"VISIB":[6.1299996,6.45],"WDSP":[16.16,16.5],"WNDDIR":[338.4,336.4],"time":[1549364856,1549364915]}