{"CLDC":[99.38001],"DEWP":[-3.8799999],"FRSHTT":[1110000],"PRCP":[0.050000004],"SLP":[1014.58997],"SNDP":[2.2000003],"STP":[1016.43],"TEMP":[-1.7000002],"VISIB":[10.57],"WDSP":[23.710001],"WNDDIR":[10],"time":[1549364856]}