{"CLDC":[29.829998],"DEWP":[-28.019999],"FRSHTT":[1000000],"PRCP":[0],"SLP":[1019.9],"SNDP":[0],"STP":[1009.14],"TEMP":[-21.579998],"VISIB":[50.120003],"WDSP":[25.929998],"WNDDIR":[8.8],"time":[1549364856]}