{"CLDC":[50.010002,50.15],"DEWP":[-27.74,-27.560001],"FRSHTT":[1110000,1110000],"PRCP":[0.009999999,0.009999999],"SLP":[1010.4601,1010.4],"SNDP":[3.7999997,3.7999997],"STP":[1004.84,1004.9],"TEMP":[-21.52,-21.400002],"VISIB":[37.5,37.769997],"WDSP":[13.76,13.809999],"WNDDIR":[73.5,74.1],"time":[1549364856,1549364916]}