{"CLDC":[50.200005],"DEWP":[-25.28],"FRSHTT":[1010000],"PRCP":[0],"SLP":[1016.18994],"SNDP":[9.300001],"STP":[1027.15],"TEMP":[-20.37],"VISIB":[32.489998],"WDSP":[6.9900002],"WNDDIR":[21.1],"time":[1549364856]}