{"CLDC":[21.52,21.22],"DEWP":[-33.04,-33.120003],"FRSHTT":[1000000,1000000],"PRCP":[0,0],"SLP":[1020.6,1020.73],"SNDP":[0,0],"STP":[1010.1,1009.1501],"TEMP":[-23.3,-23.460001],"VISIB":[50.000004,50.260002],"WDSP":[16.37,16.31],"WNDDIR":[301,295.5],"time":[1549364856,1549364916]}