{"CLDC":[57.769997],"DEWP":[-40.65],"FRSHTT":[1010000],"PRCP":[0],"SLP":[1027.7001],"SNDP":[7.9000006],"STP":[1026.98],"TEMP":[-31.6],"VISIB":[50.359993],"WDSP":[16.29],"WNDDIR":[161.9],"time":[1549364856]}