{"CLDC":[49.9,50.04],"DEWP":[-35.160004,-35.16],"FRSHTT":[1000000,1000000],"PRCP":[0,0],"SLP":[1020.2001,1020.16003],"SNDP":[0,0],"STP":[1009.68005,1010.27997],"TEMP":[-26.8,-26.4],"VISIB":[50.439995,50.27],"WDSP":[13.01,12.969999],"WNDDIR":[2.5,2.9],"time":[1549364856,1549364916]}