{"CLDC":[50.13,50.46],"DEWP":[-14.7,-14.7],"FRSHTT":[1010000,1010000],"PRCP":[0,0],"SLP":[995.49005,995.66003],"SNDP":[8.300001,8.400001],"STP":[1011.9,1011.9],"TEMP":[-13.219999,-13.219999],"VISIB":[5.15,5.3],"WDSP":[53.4,54.840004],"WNDDIR":[268.8,265.1],"time":[1549364856,1549364916]}