{"CLDC":[85.69,85.87001],"DEWP":[-26.26,-26.439999],"FRSHTT":[1110000,1110000],"PRCP":[0.019999998,0.019999998],"SLP":[1009.6,1009.75995],"SNDP":[14.9,14.9],"STP":[1022.77997,1022.19006],"TEMP":[-22.509998,-22.380001],"VISIB":[37.269997,36.93],"WDSP":[16.630001,17.189999],"WNDDIR":[191.7,194.6],"time":[1549364855,1549364915]}