{"CLDC":[50.13],"DEWP":[-14.7],"FRSHTT":[1010000],"PRCP":[0],"SLP":[995.49005],"SNDP":[8.300001],"STP":[1011.9],"TEMP":[-13.219999],"VISIB":[5.15],"WDSP":[53.4],"WNDDIR":[268.8],"time":[1549364856]}