{"CLDC":[52.02],"DEWP":[-29.25],"FRSHTT":[1010000],"PRCP":[0],"SLP":[1015.05],"SNDP":[9.300001],"STP":[1010.81006],"TEMP":[-23.349998],"VISIB":[42.46],"WDSP":[3.05],"WNDDIR":[74.3],"time":[1549364855]}