{"CLDC":[73.69,73.990005],"DEWP":[-24.99,-24.71],"FRSHTT":[1110000,1110000],"PRCP":[0.050000004,0.050000004],"SLP":[1013.63,1013.69006],"SNDP":[6.2999997,6.2999997],"STP":[1010.06995,1009.9699],"TEMP":[-21.570002,-21.66],"VISIB":[17.98,17.94],"WDSP":[20.369999,20.43],"WNDDIR":[246.8,246.2],"time":[1549364855,1549364915]}