{"CLDC":[50.06,50.35],"DEWP":[-7.6,-7.54],"FRSHTT":[1110000,1110000],"PRCP":[0.22,0.22],"SLP":[1008.6,1008.6],"SNDP":[2.7999997,2.7999997],"STP":[1009.4,1009.2999],"TEMP":[-5.7599998,-5.81],"VISIB":[9.77,9.629999],"WDSP":[17.67,17.16],"WNDDIR":[334.4,331.2],"time":[1549364855,1549364915]}