{"CLDC":[81.90001,81.920006],"DEWP":[-2.8600001,-3.0600002],"FRSHTT":[1000000,1000000],"PRCP":[0,0],"SLP":[1008.36,1009.1],"SNDP":[0,0],"STP":[1001.64,1001.55994],"TEMP":[-0.5,-0.5],"VISIB":[8.089999,7.95],"WDSP":[17.01,15.969999],"WNDDIR":[298.5,297.7],"time":[1549364858,1549364917]}