{"CLDC":[81.90001],"DEWP":[-2.8600001],"FRSHTT":[1000000],"PRCP":[0],"SLP":[1008.36],"SNDP":[0],"STP":[1001.64],"TEMP":[-0.5],"VISIB":[8.089999],"WDSP":[17.01],"WNDDIR":[298.5],"time":[1549364858]}