{"CLDC":[50.02,50.399998],"DEWP":[0.010000001,0.009999999],"FRSHTT":[100000,100000],"PRCP":[0.019999998,0.019999998],"SLP":[1013.16003,1011.3],"SNDP":[0,0],"STP":[1000.2499,1000.89],"TEMP":[1.53,1.57],"VISIB":[6.3399997,6.6700006],"WDSP":[32.03,31.029999],"WNDDIR":[70,71.5],"time":[1549364858,1549364917]}