{"CLDC":[50.140003,50.429996],"DEWP":[-9.660001,-9.600001],"FRSHTT":[1110000,1110000],"PRCP":[0.059999995,0.063],"SLP":[1011.2999,1011.4],"SNDP":[4,4],"STP":[1014.67004,1014.69006],"TEMP":[-7.3599997,-7.3599997],"VISIB":[9.93,10.169999],"WDSP":[9.799999,10.139999],"WNDDIR":[177.2,176.7],"time":[1549364861,1549364919]}