{"CLDC":[50.02],"DEWP":[0.010000001],"FRSHTT":[100000],"PRCP":[0.019999998],"SLP":[1013.16003],"SNDP":[0],"STP":[1000.2499],"TEMP":[1.53],"VISIB":[6.3399997],"WDSP":[32.03],"WNDDIR":[70],"time":[1549364858]}