{"CLDC":[50.140003],"DEWP":[-9.660001],"FRSHTT":[1110000],"PRCP":[0.059999995],"SLP":[1011.2999],"SNDP":[4],"STP":[1014.67004],"TEMP":[-7.3599997],"VISIB":[9.93],"WDSP":[9.799999],"WNDDIR":[177.2],"time":[1549364861]}