{"CLDC":[50],"DEWP":[-9.359999],"FRSHTT":[1110000],"PRCP":[0.07999999],"SLP":[1004.49005],"SNDP":[6.5999994],"STP":[1005.0399],"TEMP":[-7.4],"VISIB":[12.549999],"WDSP":[12.77],"WNDDIR":[222.7],"time":[1549364861]}