{"CLDC":[83.71001,83.36],"DEWP":[-7.91,-7.909999],"FRSHTT":[1000000,1000000],"PRCP":[0,0],"SLP":[996.88,996.9],"SNDP":[0,0],"STP":[1001.2001,1001.2001],"TEMP":[-5.62,-5.6000004],"VISIB":[5.9700003,5.8],"WDSP":[12.059999,11.85],"WNDDIR":[275.3,272.2],"time":[1549364861,1549364919]}