{"CLDC":[96.78001,96.92],"DEWP":[-3.05,-3.1400003],"FRSHTT":[1100000,1100000],"PRCP":[0.050000004,0.050000004],"SLP":[1011.5,1011.5],"SNDP":[0,0],"STP":[999.6,999.6],"TEMP":[-0.8000001,-0.8000001],"VISIB":[13.039999,13],"WDSP":[32.62,34.78],"WNDDIR":[198,199.8],"time":[1549364858,1549364917]}