{"CLDC":[27.179998,27.030003],"DEWP":[-0.45000005,-0.46999997],"FRSHTT":[0,0],"PRCP":[0,0],"SLP":[1027.73,1028.53],"SNDP":[0,0],"STP":[1019.85,1019.92004],"TEMP":[2.13,2.15],"VISIB":[7.71,8.839999],"WDSP":[27.100002,27.640003],"WNDDIR":[28.2,29.7],"time":[1549364861,1549364919]}