{"CLDC":[50.090004,50.200005],"DEWP":[-10.849999,-11.059999],"FRSHTT":[1110000,1110000],"PRCP":[0.050000004,0.050000004],"SLP":[1007.86,1007.75995],"SNDP":[3.7999997,3.9],"STP":[1015.2001,1015.2001],"TEMP":[-8.390001,-8.4800005],"VISIB":[6.5699997,6.4900002],"WDSP":[12.460001,11.17],"WNDDIR":[331.1,331.6],"time":[1549364861,1549364919]}