{"CLDC":[27.179998],"DEWP":[-0.45000005],"FRSHTT":[0],"PRCP":[0],"SLP":[1027.73],"SNDP":[0],"STP":[1019.85],"TEMP":[2.13],"VISIB":[7.71],"WDSP":[27.100002],"WNDDIR":[28.2],"time":[1549364861]}