{"CLDC":[50.090004],"DEWP":[-10.849999],"FRSHTT":[1110000],"PRCP":[0.050000004],"SLP":[1007.86],"SNDP":[3.7999997],"STP":[1015.2001],"TEMP":[-8.390001],"VISIB":[6.5699997],"WDSP":[12.460001],"WNDDIR":[331.1],"time":[1549364861]}