{"CLDC":[98.850006,98.619995],"DEWP":[-10.809999,-11.02],"FRSHTT":[1110000,1110000],"PRCP":[0.059999995,0.059999995],"SLP":[1012.6,1012.69006],"SNDP":[5.9000006,5.9000006],"STP":[1010.7001,1010.7499],"TEMP":[-8.780001,-8.74],"VISIB":[12.460001,12.219999],"WDSP":[8.599999,8.5199995],"WNDDIR":[214.3,211.8],"time":[1549364860,1549364918]}