{"CLDC":[50.010002,50.27],"DEWP":[-3.6100001,-3.64],"FRSHTT":[1110000,1110000],"PRCP":[0.039999995,0.039999995],"SLP":[1009.52997,1009.6],"SNDP":[1.5,1.5],"STP":[1010,1009.36993],"TEMP":[-1.34,-1.35],"VISIB":[12.72,12.619999],"WDSP":[19.35,18.869999],"WNDDIR":[315.1,312.5],"time":[1549364858,1549364917]}