{"CLDC":[50.010002],"DEWP":[-3.6100001],"FRSHTT":[1110000],"PRCP":[0.039999995],"SLP":[1009.52997],"SNDP":[1.5],"STP":[1010],"TEMP":[-1.34],"VISIB":[12.72],"WDSP":[19.35],"WNDDIR":[315.1],"time":[1549364858]}