{"CLDC":[98.850006],"DEWP":[-10.809999],"FRSHTT":[1110000],"PRCP":[0.059999995],"SLP":[1012.6],"SNDP":[5.9000006],"STP":[1010.7001],"TEMP":[-8.780001],"VISIB":[12.460001],"WDSP":[8.599999],"WNDDIR":[214.3],"time":[1549364860]}