{"CLDC":[50.550003],"DEWP":[-9.56],"FRSHTT":[1110000],"PRCP":[0.07],"SLP":[1013],"SNDP":[7.0999994],"STP":[1011.4],"TEMP":[-7.13],"VISIB":[18.710001],"WDSP":[10.440001],"WNDDIR":[292.9],"time":[1549364859]}