{"CLDC":[50.550003,50.590004],"DEWP":[-9.56,-9.5199995],"FRSHTT":[1110000,1110000],"PRCP":[0.07,0.07],"SLP":[1013,1012.91003],"SNDP":[7.0999994,7.12],"STP":[1011.4,1011.2999],"TEMP":[-7.13,-7.1500006],"VISIB":[18.710001,18.45],"WDSP":[10.440001,9.9],"WNDDIR":[292.9,289.2],"time":[1549364859,1549364918]}