{"CLDC":[80.93001],"DEWP":[-7.8599997],"FRSHTT":[1000000],"PRCP":[0],"SLP":[998.29004],"SNDP":[0],"STP":[1000.37],"TEMP":[-6.6800003],"VISIB":[5.3399997],"WDSP":[11.1],"WNDDIR":[267.8],"time":[1549364857]}