{"CLDC":[77.000015,76.56999],"DEWP":[-7.96,-7.8199997],"FRSHTT":[1100000,1100000],"PRCP":[0.050000004,0.050000004],"SLP":[1024.15,1024.26],"SNDP":[0,0],"STP":[1019.79004,1020.07],"TEMP":[-7.1,-7.2200003],"VISIB":[4.05,4.32],"WDSP":[10.800001,10.609999],"WNDDIR":[102.1,101.2],"time":[1549364859,1549364917]}