{"CLDC":[80.93001,81.12],"DEWP":[-7.8599997,-7.8599997],"FRSHTT":[1000000,1000000],"PRCP":[0,0],"SLP":[998.29004,998.65],"SNDP":[0,0],"STP":[1000.37,1000.3499],"TEMP":[-6.6800003,-6.7400002],"VISIB":[5.3399997,5.21],"WDSP":[11.1,11.559999],"WNDDIR":[267.8,264.6],"time":[1549364857,1549364916]}