{"CLDC":[84.579994,84.3],"DEWP":[-4.34,-4.22],"FRSHTT":[1110000,1110000],"PRCP":[0.07,0.07],"SLP":[1010.2001,1010.1],"SNDP":[3.2000003,3.2100003],"STP":[1011.11005,1010.80994],"TEMP":[-2.0000002,-2.0800002],"VISIB":[12.82,12.53],"WDSP":[15.3600025,16.1],"WNDDIR":[22.8,23.2],"time":[1549364857,1549364916]}