{"CLDC":[77.000015],"DEWP":[-7.96],"FRSHTT":[1100000],"PRCP":[0.050000004],"SLP":[1024.15],"SNDP":[0],"STP":[1019.79004],"TEMP":[-7.1],"VISIB":[4.05],"WDSP":[10.800001],"WNDDIR":[102.1],"time":[1549364859]}