{"CLDC":[84.579994],"DEWP":[-4.34],"FRSHTT":[1110000],"PRCP":[0.07],"SLP":[1010.2001],"SNDP":[3.2000003],"STP":[1011.11005],"TEMP":[-2.0000002],"VISIB":[12.82],"WDSP":[15.3600025],"WNDDIR":[22.8],"time":[1549364857]}