{"CLDC":[50.090004,50.690002],"DEWP":[-7.249999,-7.3499994],"FRSHTT":[1110000,1110000],"PRCP":[0.10000001,0.10000001],"SLP":[1006.36,1006.43],"SNDP":[7.2,7.2],"STP":[997.5,997.5399],"TEMP":[-5.42,-5.12],"VISIB":[10.780001,11.270001],"WDSP":[15.129999,15.380002],"WNDDIR":[71.6,69],"time":[1549364856,1549364916]}