{"CLDC":[50.02,50.130005],"DEWP":[-2.09,-2.1200001],"FRSHTT":[100000,100000],"PRCP":[0.039999995,0.039999995],"SLP":[1011.5,1011.4],"SNDP":[0,0],"STP":[1013.35,1013.4],"TEMP":[0.10000001,0.10000001],"VISIB":[13.05,13.229999],"WDSP":[28.570002,30],"WNDDIR":[48.5,49.9],"time":[1549364859,1549364917]}