{"CLDC":[50.02],"DEWP":[-2.09],"FRSHTT":[100000],"PRCP":[0.039999995],"SLP":[1011.5],"SNDP":[0],"STP":[1013.35],"TEMP":[0.10000001],"VISIB":[13.05],"WDSP":[28.570002],"WNDDIR":[48.5],"time":[1549364859]}