{"CLDC":[60.080006],"DEWP":[-4.8999996],"FRSHTT":[1110000],"PRCP":[0.22999999],"SLP":[1002.45],"SNDP":[2.8999999],"STP":[993.2601],"TEMP":[-2.45],"VISIB":[4.7799997],"WDSP":[12.199999],"WNDDIR":[340.9],"time":[1549364859]}