{"CLDC":[60.080006,60.4],"DEWP":[-4.8999996,-4.8499994],"FRSHTT":[1110000,1110000],"PRCP":[0.22999999,0.22999999],"SLP":[1002.45,1003.84],"SNDP":[2.8999999,2.8999999],"STP":[993.2601,992.93],"TEMP":[-2.45,-2.44],"VISIB":[4.7799997,4.96],"WDSP":[12.199999,11.909999],"WNDDIR":[340.9,345.6],"time":[1549364859,1549364917]}