{"CLDC":[78.09],"DEWP":[-3.3200002],"FRSHTT":[1110000],"PRCP":[0.029999997],"SLP":[994.8],"SNDP":[6.5],"STP":[993.4801],"TEMP":[-2.12],"VISIB":[7.96],"WDSP":[12.599999],"WNDDIR":[88.3],"time":[1549364859]}