{"CLDC":[78.09,77.92],"DEWP":[-3.3200002,-3.4099998],"FRSHTT":[1110000,1110000],"PRCP":[0.029999997,0.029999997],"SLP":[994.8,993.2],"SNDP":[6.5,6.5],"STP":[993.4801,993.44006],"TEMP":[-2.12,-2.2099998],"VISIB":[7.96,7.53],"WDSP":[12.599999,12.089998],"WNDDIR":[88.3,85.9],"time":[1549364859,1549364917]}