{"CLDC":[50.110004,50.289993],"DEWP":[-3.6799998,-3.7099998],"FRSHTT":[1100000,1100000],"PRCP":[0.14,0.14],"SLP":[967.7,967.5801],"SNDP":[0,0],"STP":[1029.2999,1029.2999],"TEMP":[-1.3399999,-1.3399999],"VISIB":[31.9,31.849997],"WDSP":[19.61,18.22],"WNDDIR":[276.7,274.8],"time":[1549364858,1549364916]}