{"CLDC":[50.100002,50.329994],"DEWP":[-7.2,-7.0800004],"FRSHTT":[1110000,1110000],"PRCP":[0.050000004,0.050000004],"SLP":[1010.82996,1010.7999],"SNDP":[2.7999997,2.7999997],"STP":[1010.7899,1010.7101],"TEMP":[-5.419999,-5.4499993],"VISIB":[9.89,9.99],"WDSP":[15.45,16.03],"WNDDIR":[33.8,36],"time":[1549364858,1549364917]}