{"CLDC":[50.100002],"DEWP":[-7.2],"FRSHTT":[1110000],"PRCP":[0.050000004],"SLP":[1010.82996],"SNDP":[2.7999997],"STP":[1010.7899],"TEMP":[-5.419999],"VISIB":[9.89],"WDSP":[15.45],"WNDDIR":[33.8],"time":[1549364858]}