{"CLDC":[50.580006],"DEWP":[-6.3],"FRSHTT":[1110000],"PRCP":[0.059999995],"SLP":[1011.7999],"SNDP":[6],"STP":[1014.2101],"TEMP":[-4.7799997],"VISIB":[15.94],"WDSP":[8.639999],"WNDDIR":[122.5],"time":[1549364857]}