{"CLDC":[50.580006,50.750004],"DEWP":[-6.3,-6.5],"FRSHTT":[1110000,1110000],"PRCP":[0.059999995,0.059999995],"SLP":[1011.7999,1011.7999],"SNDP":[6,6],"STP":[1014.2101,1014.2999],"TEMP":[-4.7799997,-4.69],"VISIB":[15.94,15.55],"WDSP":[8.639999,8.950001],"WNDDIR":[122.5,118.3],"time":[1549364857,1549364916]}