{"CLDC":[86.39,86.37001],"DEWP":[-1.8,-1.8],"FRSHTT":[0,0],"PRCP":[0,0],"SLP":[1009.09,1009.00995],"SNDP":[0,0],"STP":[1008.16003,1008.17004],"TEMP":[0.66999996,0.66999996],"VISIB":[9.45,9.98],"WDSP":[22.289999,22.09],"WNDDIR":[140.3,139.5],"time":[1549364859,1549364917]}