{"CLDC":[86.39],"DEWP":[-1.8],"FRSHTT":[0],"PRCP":[0],"SLP":[1009.09],"SNDP":[0],"STP":[1008.16003],"TEMP":[0.66999996],"VISIB":[9.45],"WDSP":[22.289999],"WNDDIR":[140.3],"time":[1549364859]}