{"CLDC":[50.160004],"DEWP":[-8.04],"FRSHTT":[1110000],"PRCP":[0.11999999],"SLP":[1012.1],"SNDP":[3.6],"STP":[1008.7001],"TEMP":[-5.9199996],"VISIB":[12.719999],"WDSP":[10.910001],"WNDDIR":[307.9],"time":[1549364857]}