{"CLDC":[50.160004,50.170006],"DEWP":[-8.04,-8.04],"FRSHTT":[1110000,1110000],"PRCP":[0.11999999,0.11999999],"SLP":[1012.1,1012.1],"SNDP":[3.6,3.6],"STP":[1008.7001,1008.9],"TEMP":[-5.9199996,-6],"VISIB":[12.719999,12.31],"WDSP":[10.910001,10.780001],"WNDDIR":[307.9,308.6],"time":[1549364857,1549364916]}