{"CLDC":[50.269997,50.379997],"DEWP":[-7.250001,-6.950001],"FRSHTT":[1010000,1010000],"PRCP":[0,0],"SLP":[1009,1009.07],"SNDP":[0.9,0.9],"STP":[997.98,998.05],"TEMP":[-2.1799998,-2.1599998],"VISIB":[56.04,57.15],"WDSP":[7.940001,7.9800005],"WNDDIR":[221,221.7],"time":[1549364859,1549364917]}