{"CLDC":[50.269997],"DEWP":[-7.250001],"FRSHTT":[1010000],"PRCP":[0],"SLP":[1009],"SNDP":[0.9],"STP":[997.98],"TEMP":[-2.1799998],"VISIB":[56.04],"WDSP":[7.940001],"WNDDIR":[221],"time":[1549364859]}