{"CLDC":[81.920006,82.04],"DEWP":[-10.219999,-10.14],"FRSHTT":[1110000,1110000],"PRCP":[0.07999999,0.07999999],"SLP":[1011.6,1011.6],"SNDP":[5.7999997,5.7999997],"STP":[1017.0199,1017.1],"TEMP":[-7.3199997,-7.2799997],"VISIB":[13.820002,13.300001],"WDSP":[12.22,11.940001],"WNDDIR":[318.9,318.2],"time":[1549364856,1549364916]}