{"CLDC":[81.920006],"DEWP":[-10.219999],"FRSHTT":[1110000],"PRCP":[0.07999999],"SLP":[1011.6],"SNDP":[5.7999997],"STP":[1017.0199],"TEMP":[-7.3199997],"VISIB":[13.820002],"WDSP":[12.22],"WNDDIR":[318.9],"time":[1549364856]}