{"CLDC":[78.770004],"DEWP":[-8.710001],"FRSHTT":[1100000],"PRCP":[0.019999998],"SLP":[1001.73],"SNDP":[0],"STP":[1022.0701],"TEMP":[-5.399999],"VISIB":[12.16],"WDSP":[21.349998],"WNDDIR":[185.1],"time":[1549364859]}