{"CLDC":[62.250008],"DEWP":[-7.8199997],"FRSHTT":[1000000],"PRCP":[0],"SLP":[1020.57],"SNDP":[0],"STP":[983.4],"TEMP":[-3.94],"VISIB":[4.9199996],"WDSP":[12.629999],"WNDDIR":[130.4],"time":[1549364855]}