{"CLDC":[62.250008,62.159996],"DEWP":[-7.8199997,-7.66],"FRSHTT":[1000000,1000000],"PRCP":[0,0],"SLP":[1020.57,1020.69006],"SNDP":[0,0],"STP":[983.4,983.4],"TEMP":[-3.94,-3.6],"VISIB":[4.9199996,4.93],"WDSP":[12.629999,11.950001],"WNDDIR":[130.4,131.7],"time":[1549364855,1549364915]}