{"CLDC":[78.770004,79.24999],"DEWP":[-8.710001,-8.639999],"FRSHTT":[1100000,1100000],"PRCP":[0.019999998,0.019999998],"SLP":[1001.73,1001.15],"SNDP":[0,0],"STP":[1022.0701,1022.52997],"TEMP":[-5.399999,-5.32],"VISIB":[12.16,13.840001],"WDSP":[21.349998,21.249998],"WNDDIR":[185.1,186.6],"time":[1549364859,1549364917]}