{"CLDC":[61.27,61.6],"DEWP":[-8.85,-8.84],"FRSHTT":[1110000,1110000],"PRCP":[0.19000001,0.19000001],"SLP":[1014.4,1014.43005],"SNDP":[2.7999997,2.7999997],"STP":[1014.2699,1014.02997],"TEMP":[-6.1099997,-6.1999993],"VISIB":[11.880001,11.320002],"WDSP":[10.810001,10.65],"WNDDIR":[184,184.5],"time":[1549364855,1549364915]}