{"CLDC":[50.04,50.190002],"DEWP":[-3.56,-3.5999997],"FRSHTT":[1110000,1110000],"PRCP":[0.10000001,0.10000001],"SLP":[1012.7001,1012.7001],"SNDP":[2.2999997,2.2999997],"STP":[1011.2699,1011.61005],"TEMP":[-1.6400001,-1.6700001],"VISIB":[12.669999,12.15],"WDSP":[17.73,17.93],"WNDDIR":[187.8,189.3],"time":[1549364859,1549364917]}