{"CLDC":[50.04],"DEWP":[-3.56],"FRSHTT":[1110000],"PRCP":[0.10000001],"SLP":[1012.7001],"SNDP":[2.2999997],"STP":[1011.2699],"TEMP":[-1.6400001],"VISIB":[12.669999],"WDSP":[17.73],"WNDDIR":[187.8],"time":[1549364859]}