{"CLDC":[88.37,88.3],"DEWP":[-9.24,-9.36],"FRSHTT":[1110000,1110000],"PRCP":[0.16999999,0.16999999],"SLP":[1011.7899,1011.7001],"SNDP":[3.2999997,3.2999997],"STP":[1008.7301,1008.7001],"TEMP":[-7.4199996,-7.4],"VISIB":[31.99,31.769999],"WDSP":[14.699999,14.530001],"WNDDIR":[108.9,111],"time":[1549364859,1549364917]}