{"CLDC":[88.37],"DEWP":[-9.24],"FRSHTT":[1110000],"PRCP":[0.16999999],"SLP":[1011.7899],"SNDP":[3.2999997],"STP":[1008.7301],"TEMP":[-7.4199996],"VISIB":[31.99],"WDSP":[14.699999],"WNDDIR":[108.9],"time":[1549364859]}