{"CLDC":[50.010002],"DEWP":[-9.15],"FRSHTT":[1110000],"PRCP":[0.059999995],"SLP":[1013.44006],"SNDP":[4],"STP":[1014.94006],"TEMP":[-6.5799994],"VISIB":[15.05],"WDSP":[9.57],"WNDDIR":[27.4],"time":[1549364857]}