{"CLDC":[83.65001],"DEWP":[-9.8],"FRSHTT":[1110000],"PRCP":[0.059999995],"SLP":[1010.36005],"SNDP":[14.5],"STP":[993],"TEMP":[-7.640001],"VISIB":[8.750001],"WDSP":[9.23],"WNDDIR":[117.1],"time":[1549364857]}