{"CLDC":[83.65001,83.270004],"DEWP":[-9.8,-9.799999],"FRSHTT":[1110000,1110000],"PRCP":[0.059999995,0.059999995],"SLP":[1010.36005,1010.4],"SNDP":[14.5,14.5],"STP":[993,993],"TEMP":[-7.640001,-7.8],"VISIB":[8.750001,9.01],"WDSP":[9.23,9.119999],"WNDDIR":[117.1,119.1],"time":[1549364857,1549364916]}