{"CLDC":[13.2699995,13.17],"DEWP":[-7.1400003,-7.1800003],"FRSHTT":[1000000,1000000],"PRCP":[0,0],"SLP":[1011.38,1011.32996],"SNDP":[0,0],"STP":[1011.45996,1011.18005],"TEMP":[-2.9499998,-2.98],"VISIB":[26.4,27.820002],"WDSP":[25.16,25.539999],"WNDDIR":[180.7,181.8],"time":[1549364859,1549364918]}