{"CLDC":[27.530003],"DEWP":[-0.8999999],"FRSHTT":[0],"PRCP":[0],"SLP":[978.41003],"SNDP":[0],"STP":[977.86],"TEMP":[0],"VISIB":[6.5799994],"WDSP":[13.31],"WNDDIR":[282.9],"time":[1549364861]}