{"CLDC":[83.42,83.7],"DEWP":[-5.0800004,-4.9599996],"FRSHTT":[1110000,1110000],"PRCP":[0.059999995,0.063],"SLP":[1012.6901,1012.67004],"SNDP":[1.8999999,1.93],"STP":[1011.5301,1011.30994],"TEMP":[-2.7800002,-2.7800002],"VISIB":[7.4900002,7.5799994],"WDSP":[19.17,18.89],"WNDDIR":[197.6,199.4],"time":[1549364861,1549364918]}