{"CLDC":[27.530003,27.280003],"DEWP":[-0.8999999,-0.8499999],"FRSHTT":[0,0],"PRCP":[0,0],"SLP":[978.41003,979.84],"SNDP":[0,0],"STP":[977.86,978.00995],"TEMP":[0,0],"VISIB":[6.5799994,6.4300003],"WDSP":[13.31,13.280001],"WNDDIR":[282.9,285.2],"time":[1549364861,1549364918]}