{"CLDC":[81.33,81.28],"DEWP":[-4.2400002,-4.3599997],"FRSHTT":[1000000,1000000],"PRCP":[0,0],"SLP":[1000.25,1000.24005],"SNDP":[0,0],"STP":[1003.14,1003.16003],"TEMP":[-2.0800002,-2.05],"VISIB":[8.31,8.35],"WDSP":[13.2699995,13.81],"WNDDIR":[278.3,281.9],"time":[1549364860,1549364918]}