{"CLDC":[50.100002,50.030003],"DEWP":[-5.38,-5.36],"FRSHTT":[1010000,1010000],"PRCP":[0,0],"SLP":[1039.03,1038.77],"SNDP":[6,6],"STP":[1024,1024.1699],"TEMP":[-4.3399997,-4.21],"VISIB":[41.989998,40.8],"WDSP":[6.94,6.7600007],"WNDDIR":[241,242],"time":[1549364861,1549364919]}