{"CLDC":[81.33],"DEWP":[-4.2400002],"FRSHTT":[1000000],"PRCP":[0],"SLP":[1000.25],"SNDP":[0],"STP":[1003.14],"TEMP":[-2.0800002],"VISIB":[8.31],"WDSP":[13.2699995],"WNDDIR":[278.3],"time":[1549364860]}