{"CLDC":[50.100002],"DEWP":[-5.38],"FRSHTT":[1010000],"PRCP":[0],"SLP":[1039.03],"SNDP":[6],"STP":[1024],"TEMP":[-4.3399997],"VISIB":[41.989998],"WDSP":[6.94],"WNDDIR":[241],"time":[1549364861]}