{"CLDC":[31.650003,31.99],"DEWP":[-5.5999994,-5.5499997],"FRSHTT":[1000000,1000000],"PRCP":[0,0],"SLP":[1007.95996,1008.47003],"SNDP":[0,0],"STP":[997.63007,997.7399],"TEMP":[-3.6799996,-3.6799998],"VISIB":[8.530001,8.799999],"WDSP":[13.7300005,13.240001],"WNDDIR":[296.8,295.5],"time":[1549364860,1549364918]}