{"CLDC":[84.55,84.149994],"DEWP":[-4.75,-4.82],"FRSHTT":[1110000,1110000],"PRCP":[0.22999999,0.22999999],"SLP":[1012.5,1012.6],"SNDP":[2.7000003,2.7000003],"STP":[1014.25,1014.16],"TEMP":[-2.75,-2.58],"VISIB":[5.4000006,5.46],"WDSP":[16.82,18.07],"WNDDIR":[266.9,268.8],"time":[1549364860,1549364918]}