{"CLDC":[31.650003],"DEWP":[-5.5999994],"FRSHTT":[1000000],"PRCP":[0],"SLP":[1007.95996],"SNDP":[0],"STP":[997.63007],"TEMP":[-3.6799996],"VISIB":[8.530001],"WDSP":[13.7300005],"WNDDIR":[296.8],"time":[1549364860]}