{"CLDC":[27.11],"DEWP":[-9.200001],"FRSHTT":[1000000],"PRCP":[0],"SLP":[1025.6599],"SNDP":[0],"STP":[1025.1799],"TEMP":[-5.7],"VISIB":[16.78],"WDSP":[19.939999],"WNDDIR":[125.1],"time":[1549364860]}