{"CLDC":[84.17,84.39],"DEWP":[-2.0400002,-1.9999998],"FRSHTT":[1100000,1100000],"PRCP":[0.039999995,0.039999995],"SLP":[1032.43,1032.26],"SNDP":[0,0],"STP":[1007,1006.91003],"TEMP":[-0.98,-0.93999994],"VISIB":[4.77,5.0999994],"WDSP":[10.870001,11],"WNDDIR":[61.2,60.4],"time":[1549364860,1549364918]}