{"CLDC":[3.1100001],"DEWP":[-18.46],"FRSHTT":[1000000],"PRCP":[0],"SLP":[1027.7001],"SNDP":[0],"STP":[1019.82],"TEMP":[-15.219999],"VISIB":[14.889999],"WDSP":[1.35],"WNDDIR":[184.7],"time":[1549364858]}