{"CLDC":[3.1100001,3.2999997],"DEWP":[-18.46,-18.349998],"FRSHTT":[1000000,1000000],"PRCP":[0,0],"SLP":[1027.7001,1027.7101],"SNDP":[0,0],"STP":[1019.82,1018.24005],"TEMP":[-15.219999,-15],"VISIB":[14.889999,14.759999],"WDSP":[1.35,1.34],"WNDDIR":[184.7,191.1],"time":[1549364858,1549364916]}