{"CLDC":[90.72,90.36],"DEWP":[-7.7400002,-7.5999994],"FRSHTT":[1110000,1110000],"PRCP":[0.039999995,0.039999995],"SLP":[1017.19006,1017.11],"SNDP":[10.199999,10.300001],"STP":[992.82996,992.9],"TEMP":[-5.6599994,-5.33],"VISIB":[10.820001,10.599999],"WDSP":[8.469999,8.31],"WNDDIR":[209.2,212],"time":[1549364858,1549364917]}