{"CLDC":[33.68],"DEWP":[-3.2599998],"FRSHTT":[1000000],"PRCP":[0],"SLP":[1002.44006],"SNDP":[0],"STP":[1003.69006],"TEMP":[-2.2],"VISIB":[6.0999994],"WDSP":[13.5199995],"WNDDIR":[249.1],"time":[1549364856]}