{"CLDC":[59.690002,59.590004],"DEWP":[-0.52000004,-0.56],"FRSHTT":[0,0],"PRCP":[0,0],"SLP":[999.88007,1000.8301],"SNDP":[0,0],"STP":[997.93994,1000.77997],"TEMP":[0,0],"VISIB":[2.37,2.64],"WDSP":[19.199999,18.939999],"WNDDIR":[268.3,268.9],"time":[1549364856,1549364916]}