{"CLDC":[33.68,33.750004],"DEWP":[-3.2599998,-3.3400002],"FRSHTT":[1000000,1000000],"PRCP":[0,0],"SLP":[1002.44006,1002.31995],"SNDP":[0,0],"STP":[1003.69006,1003.7799],"TEMP":[-2.2,-2.24],"VISIB":[6.0999994,5.82],"WDSP":[13.5199995,12.49],"WNDDIR":[249.1,247.3],"time":[1549364856,1549364916]}