{"CLDC":[50,50.329994],"DEWP":[-5.61,-5.5200005],"FRSHTT":[1110000,1110000],"PRCP":[0.10000001,0.10000001],"SLP":[1013.4,1013.4],"SNDP":[5.5,5.5],"STP":[996.80994,997],"TEMP":[-4.32,-4.34],"VISIB":[7.7899995,7.2300005],"WDSP":[12.320001,12.340001],"WNDDIR":[343.5,346.6],"time":[1549364855,1549364915]}