{"CLDC":[50],"DEWP":[-5.61],"FRSHTT":[1110000],"PRCP":[0.10000001],"SLP":[1013.4],"SNDP":[5.5],"STP":[996.80994],"TEMP":[-4.32],"VISIB":[7.7899995],"WDSP":[12.320001],"WNDDIR":[343.5],"time":[1549364855]}