{"CLDC":[58.93,58.95],"DEWP":[-7.45,-7.45],"FRSHTT":[1110000,1110000],"PRCP":[0.050000004,0.050000004],"SLP":[1012.4,1012.4],"SNDP":[2.7999997,2.7999997],"STP":[1010.7399,1010.94006],"TEMP":[-5.4,-5.3599997],"VISIB":[12.129999,11.8],"WDSP":[12.250001,11.93],"WNDDIR":[355.1,356.3],"time":[1549364855,1549364915]}