{"CLDC":[50.220005],"DEWP":[-3.94],"FRSHTT":[1010000],"PRCP":[0],"SLP":[972.75],"SNDP":[0.9],"STP":[1026.0999],"TEMP":[-0.20000002],"VISIB":[7.15],"WDSP":[18.429998],"WNDDIR":[337.8],"time":[1549364855]}