{"CLDC":[58.93],"DEWP":[-7.45],"FRSHTT":[1110000],"PRCP":[0.050000004],"SLP":[1012.4],"SNDP":[2.7999997],"STP":[1010.7399],"TEMP":[-5.4],"VISIB":[12.129999],"WDSP":[12.250001],"WNDDIR":[355.1],"time":[1549364855]}