{"CLDC":[91.95],"DEWP":[-5.65],"FRSHTT":[1110000],"PRCP":[0.07999999],"SLP":[1008.4],"SNDP":[4.0999994],"STP":[1008.57],"TEMP":[-3.95],"VISIB":[10.469999],"WDSP":[12.629999],"WNDDIR":[66.7],"time":[1549364861]}