{"CLDC":[91.95,91.94],"DEWP":[-5.65,-5.75],"FRSHTT":[1110000,1110000],"PRCP":[0.07999999,0.07999999],"SLP":[1008.4,1008.4],"SNDP":[4.0999994,4.0999994],"STP":[1008.57,1007.9199],"TEMP":[-3.95,-3.81],"VISIB":[10.469999,10.969999],"WDSP":[12.629999,12.25],"WNDDIR":[66.7,63.3],"time":[1549364861,1549364918]}