{"CLDC":[50.07],"DEWP":[-8.000001],"FRSHTT":[1110000],"PRCP":[0.050000004],"SLP":[1012.4],"SNDP":[3.4],"STP":[1006.9],"TEMP":[-5.9199996],"VISIB":[6.91],"WDSP":[13.51],"WNDDIR":[36.9],"time":[1549364861]}