{"CLDC":[50.07,50],"DEWP":[-8.000001,-8.059999],"FRSHTT":[1110000,1110000],"PRCP":[0.050000004,0.050000004],"SLP":[1012.4,1012.4],"SNDP":[3.4,3.4],"STP":[1006.9,1006.9],"TEMP":[-5.9199996,-5.9199996],"VISIB":[6.91,7.000001],"WDSP":[13.51,13.45],"WNDDIR":[36.9,41.1],"time":[1549364861,1549364919]}