{"CLDC":[50.229996,50.210003],"DEWP":[-6.46,-6.46],"FRSHTT":[1110000,1110000],"PRCP":[0.059999995,0.059999995],"SLP":[1016.7001,1016.7001],"SNDP":[0.8000001,0.8000001],"STP":[1010.49005,1010.2201],"TEMP":[-3.72,-3.8800004],"VISIB":[11.6,11.679999],"WDSP":[12.22,12.790001],"WNDDIR":[84.8,85.8],"time":[1549364859,1549364918]}