{"CLDC":[50.22,50.600002],"DEWP":[-2.7000003,-2.6999998],"FRSHTT":[100000,100000],"PRCP":[0.050000004,0.050000004],"SLP":[974.94006,975.44006],"SNDP":[0,0],"STP":[1033.4001,1033.4001],"TEMP":[0.75,0.7199999],"VISIB":[7.81,7.66],"WDSP":[32.84,31.519999],"WNDDIR":[298.7,301.4],"time":[1549364857,1549364916]}