{"CLDC":[88.409996],"DEWP":[-2.1000001],"FRSHTT":[1000000],"PRCP":[0],"SLP":[1008.2699],"SNDP":[0],"STP":[979.6],"TEMP":[-1.4099998],"VISIB":[7.55],"WDSP":[8.35],"WNDDIR":[244.8],"time":[1549364860]}