{"CLDC":[24.05],"DEWP":[0.120000005],"FRSHTT":[0],"PRCP":[0],"SLP":[1007.02997],"SNDP":[0],"STP":[980.7999],"TEMP":[0.8000001],"VISIB":[3.2400002],"WDSP":[16.44],"WNDDIR":[336.7],"time":[1549364856]}