{"CLDC":[50.07,50.190006],"DEWP":[-5.899999,-5.899999],"FRSHTT":[1110000,1110000],"PRCP":[0.25,0.25],"SLP":[1012.2999,1012.2999],"SNDP":[1.8999999,1.8999999],"STP":[1011.36,1011.08997],"TEMP":[-3.9199996,-3.95],"VISIB":[8.639999,8.599999],"WDSP":[15.6,16.56],"WNDDIR":[313.5,311.9],"time":[1549364856,1549364916]}