{"CLDC":[24.05,24.090002],"DEWP":[0.120000005,0.120000005],"FRSHTT":[0,0],"PRCP":[0,0],"SLP":[1007.02997,1006.7899],"SNDP":[0,0],"STP":[980.7999,980.9],"TEMP":[0.8000001,0.8000001],"VISIB":[3.2400002,3.0300002],"WDSP":[16.44,17.86],"WNDDIR":[336.7,333.6],"time":[1549364856,1549364916]}