{"CLDC":[50.08,50.08],"DEWP":[-3.04,-2.8899999],"FRSHTT":[1110000,1110000],"PRCP":[0.28,0.28],"SLP":[973.68005,974.1901],"SNDP":[2.3999999,2.3999999],"STP":[1018.9,1018.9],"TEMP":[-1,-1],"VISIB":[8.28,7.62],"WDSP":[18.29,18.09],"WNDDIR":[301.8,303.9],"time":[1549364856,1549364915]}