{"CLDC":[50.08],"DEWP":[-3.04],"FRSHTT":[1110000],"PRCP":[0.28],"SLP":[973.68005],"SNDP":[2.3999999],"STP":[1018.9],"TEMP":[-1],"VISIB":[8.28],"WDSP":[18.29],"WNDDIR":[301.8],"time":[1549364856]}