{"CLDC":[73.28999],"DEWP":[-4.8],"FRSHTT":[1110000],"PRCP":[0.11999999],"SLP":[1008.65],"SNDP":[4.5999994],"STP":[1002.45996],"TEMP":[-3.0399997],"VISIB":[7.79],"WDSP":[8.85],"WNDDIR":[18.5],"time":[1549364856]}