{"CLDC":[50.299995],"DEWP":[-4.9],"FRSHTT":[1110000],"PRCP":[0.059999995],"SLP":[1014.5],"SNDP":[2.51],"STP":[1009.7001],"TEMP":[-2.4],"VISIB":[11],"WDSP":[14.020001],"WNDDIR":[79.3],"time":[1549364860]}