{"CLDC":[50.13,50.06],"DEWP":[-9.42,-9.49],"FRSHTT":[1110000,1110000],"PRCP":[0.059999995,0.059999995],"SLP":[1013.27,1013.2001],"SNDP":[5.7999997,5.7999997],"STP":[1006.2001,1006.2001],"TEMP":[-7.6099997,-7.55],"VISIB":[7.6099997,7.75],"WDSP":[10.079999,10.059999],"WNDDIR":[238,243.1],"time":[1549364855,1549364915]}