{"CLDC":[50.13],"DEWP":[-9.42],"FRSHTT":[1110000],"PRCP":[0.059999995],"SLP":[1013.27],"SNDP":[5.7999997],"STP":[1006.2001],"TEMP":[-7.6099997],"VISIB":[7.6099997],"WDSP":[10.079999],"WNDDIR":[238],"time":[1549364855]}