{"CLDC":[50.620003,50.620003],"DEWP":[-7.0199995,-7.0199995],"FRSHTT":[1110000,1110000],"PRCP":[0.059999995,0.059999995],"SLP":[1014.4,1014.4],"SNDP":[4.2000003,4.2000003],"STP":[1007.17004,1006.81995],"TEMP":[-4.7200003,-4.6],"VISIB":[9.710001,10],"WDSP":[9.77,9.690001],"WNDDIR":[192.8,193.4],"time":[1549364855,1549364915]}