{"CLDC":[50.030003,50.200005],"DEWP":[-2.52,-2.55],"FRSHTT":[1100000,1100000],"PRCP":[0.059999995,0.059999995],"SLP":[1012.4,1012.4],"SNDP":[0,0],"STP":[1008.31995,1008.2301],"TEMP":[-0.20000002,-0.20000002],"VISIB":[14.350001,14.909999],"WDSP":[35.240005,37.260002],"WNDDIR":[57.1,55.7],"time":[1549364860,1549364918]}