{"CLDC":[78.1],"DEWP":[-8.839998],"FRSHTT":[1110000],"PRCP":[0.059999995],"SLP":[1013.9],"SNDP":[6.4000006],"STP":[1002.05],"TEMP":[-6.5],"VISIB":[5.8300004],"WDSP":[13.460001],"WNDDIR":[274.9],"time":[1549364861]}