{"CLDC":[50.030003],"DEWP":[-2.52],"FRSHTT":[1100000],"PRCP":[0.059999995],"SLP":[1012.4],"SNDP":[0],"STP":[1008.31995],"TEMP":[-0.20000002],"VISIB":[14.350001],"WDSP":[35.240005],"WNDDIR":[57.1],"time":[1549364860]}