{"CLDC":[68.56999],"DEWP":[-8.9800005],"FRSHTT":[1110000],"PRCP":[0.15999998],"SLP":[1014.5],"SNDP":[5.5],"STP":[1003.95996],"TEMP":[-6.799999],"VISIB":[6.71],"WDSP":[14.390001],"WNDDIR":[180.3],"time":[1549364860]}