{"CLDC":[68.56999,68.310005],"DEWP":[-8.9800005,-9.160001],"FRSHTT":[1110000,1110000],"PRCP":[0.15999998,0.15999998],"SLP":[1014.5,1014.5],"SNDP":[5.5,5.5],"STP":[1003.95996,1003.63],"TEMP":[-6.799999,-6.839999],"VISIB":[6.71,6.23],"WDSP":[14.390001,14.44],"WNDDIR":[180.3,177.7],"time":[1549364860,1549364918]}