{"CLDC":[14.08],"DEWP":[-1.7400001],"FRSHTT":[1000000],"PRCP":[0],"SLP":[1016.45],"SNDP":[0],"STP":[1029.3899],"TEMP":[-0.72999996],"VISIB":[1.1200001],"WDSP":[19.19],"WNDDIR":[133.8],"time":[1549364860]}