{"CLDC":[28.630005],"DEWP":[-3.0099998],"FRSHTT":[1000000],"PRCP":[0],"SLP":[1008.58997],"SNDP":[0],"STP":[1007.63],"TEMP":[-2.55],"VISIB":[6.2],"WDSP":[13.38],"WNDDIR":[308.5],"time":[1549364860]}