{"CLDC":[28.630005,29.080002],"DEWP":[-3.0099998,-3.08],"FRSHTT":[1000000,1000000],"PRCP":[0,0],"SLP":[1008.58997,1008.30994],"SNDP":[0,0],"STP":[1007.63,1007.75],"TEMP":[-2.55,-2.5700002],"VISIB":[6.2,7.13],"WDSP":[13.38,13.07],"WNDDIR":[308.5,309.1],"time":[1549364860,1549364918]}