{"CLDC":[50.050003],"DEWP":[-6.2499995],"FRSHTT":[1110000],"PRCP":[0.019999998],"SLP":[1014.2999],"SNDP":[1.8],"STP":[1013.5],"TEMP":[-3.2799995],"VISIB":[10.790001],"WDSP":[15.87],"WNDDIR":[1.6],"time":[1549364860]}