{"CLDC":[50.050003,50.35],"DEWP":[-6.2499995,-6.04],"FRSHTT":[1110000,1110000],"PRCP":[0.019999998,0.019999998],"SLP":[1014.2999,1014.2999],"SNDP":[1.8,1.8],"STP":[1013.5,1013.45],"TEMP":[-3.2799995,-3.2199998],"VISIB":[10.790001,9.910001],"WDSP":[15.87,15.55],"WNDDIR":[1.6,1.1],"time":[1549364860,1549364918]}