{"CLDC":[50.160004],"DEWP":[-4.15],"FRSHTT":[110000],"PRCP":[0.23999998],"SLP":[976.7001],"SNDP":[3.7000003],"STP":[1018.1],"TEMP":[0.10000001],"VISIB":[6.7600007],"WDSP":[16],"WNDDIR":[146.5],"time":[1549364857]}