{"CLDC":[66.58,66.740005],"DEWP":[-7.6800003,-7.7400002],"FRSHTT":[1110000,1110000],"PRCP":[0.059999995,0.059999995],"SLP":[1015.2301,1015.3099],"SNDP":[3.9,3.9],"STP":[1007.6,1007.6],"TEMP":[-6.0800004,-6.1200004],"VISIB":[5.29,6.1099997],"WDSP":[16.01,17.18],"WNDDIR":[25.8,28.1],"time":[1549364857,1549364916]}