{"CLDC":[66.58],"DEWP":[-7.6800003],"FRSHTT":[1110000],"PRCP":[0.059999995],"SLP":[1015.2301],"SNDP":[3.9],"STP":[1007.6],"TEMP":[-6.0800004],"VISIB":[5.29],"WDSP":[16.01],"WNDDIR":[25.8],"time":[1549364857]}