{"CLDC":[73.81999],"DEWP":[-7.2399993],"FRSHTT":[1110000],"PRCP":[0.14999999],"SLP":[1014.2001],"SNDP":[5.2000003],"STP":[1003.7999],"TEMP":[-5.1000004],"VISIB":[6.18],"WDSP":[13.350001],"WNDDIR":[137.9],"time":[1549364855]}