{"CLDC":[50.15],"DEWP":[-3.55],"FRSHTT":[1110000],"PRCP":[0.039999995],"SLP":[1010.2001],"SNDP":[1.1000001],"STP":[1008.69006],"TEMP":[-0.93],"VISIB":[24.919998],"WDSP":[26.590002],"WNDDIR":[310.8],"time":[1549364861]}