{"CLDC":[50.15,50.27],"DEWP":[-3.55,-3.6100001],"FRSHTT":[1110000,1110000],"PRCP":[0.039999995,0.039999995],"SLP":[1010.2001,1010.22003],"SNDP":[1.1000001,1.1000001],"STP":[1008.69006,1008.66],"TEMP":[-0.93,-0.95],"VISIB":[24.919998,24.65],"WDSP":[26.590002,26.420002],"WNDDIR":[310.8,312.6],"time":[1549364861,1549364918]}