{"CLDC":[54.27,54.239998],"DEWP":[-5.62,-5.3],"FRSHTT":[1110000,1110000],"PRCP":[0.20000002,0.20000002],"SLP":[1014.6,1014.6],"SNDP":[3.2000003,3.22],"STP":[1010.25995,1010.2899],"TEMP":[-3.4499996,-3.4999995],"VISIB":[7.4800005,7.0799994],"WDSP":[12.719999,12.09],"WNDDIR":[46.6,47.7],"time":[1549364859,1549364917]}