{"CLDC":[50.329998,50.489998],"DEWP":[-8.18,-8.42],"FRSHTT":[1110000,1110000],"PRCP":[0.050000004,0.050000004],"SLP":[1013.73,1013.7999],"SNDP":[4.2000003,4.2000003],"STP":[1000.74005,1000.7001],"TEMP":[-5.8899994,-5.9199996],"VISIB":[5.0699997,5.2799997],"WDSP":[12.57,12.129999],"WNDDIR":[1.4,0.3],"time":[1549364858,1549364917]}