{"CLDC":[50.339996],"DEWP":[-9.74],"FRSHTT":[1110000],"PRCP":[0.039999995],"SLP":[1017.2001],"SNDP":[3.2000003],"STP":[1001.2999],"TEMP":[-6.4600005],"VISIB":[13.250002],"WDSP":[14.7699995],"WNDDIR":[272.5],"time":[1549364856]}