{"CLDC":[50.339996,50.690006],"DEWP":[-9.74,-9.679999],"FRSHTT":[1110000,1110000],"PRCP":[0.039999995,0.039999995],"SLP":[1017.2001,1017.2001],"SNDP":[3.2000003,3.2000003],"STP":[1001.2999,1001.38995],"TEMP":[-6.4600005,-6.3200006],"VISIB":[13.250002,13.68],"WDSP":[14.7699995,14.57],"WNDDIR":[272.5,269.3],"time":[1549364856,1549364915]}