{"CLDC":[82.61,82.44001],"DEWP":[-6.4199996,-6.3599997],"FRSHTT":[1110000,1110000],"PRCP":[0.050000004,0.050000004],"SLP":[1015,1015],"SNDP":[5.0999994,5.2000003],"STP":[1006.63,1006.6],"TEMP":[-3.98,-4.04],"VISIB":[7.95,7.8700004],"WDSP":[16.920002,16.76],"WNDDIR":[135.1,136.7],"time":[1549364856,1549364916]}