{"CLDC":[55.859997],"DEWP":[-8.839999],"FRSHTT":[1110000],"PRCP":[0.059999995],"SLP":[1015.52997],"SNDP":[1.8999999],"STP":[1008.7999],"TEMP":[-6.9800005],"VISIB":[5.5199995],"WDSP":[14.5199995],"WNDDIR":[8.5],"time":[1549364860]}