{"CLDC":[55.859997,56.319996],"DEWP":[-8.839999,-8.91],"FRSHTT":[1110000,1110000],"PRCP":[0.059999995,0.059999995],"SLP":[1015.52997,1015.5],"SNDP":[1.8999999,1.8999999],"STP":[1008.7999,1008.6],"TEMP":[-6.9800005,-6.9800005],"VISIB":[5.5199995,5.7600007],"WDSP":[14.5199995,14.2],"WNDDIR":[8.5,15.5],"time":[1549364860,1549364918]}