{"CLDC":[50.010002,50.339996],"DEWP":[-5.6800003,-5.76],"FRSHTT":[1110000,1110000],"PRCP":[0.07,0.07],"SLP":[1015,1015],"SNDP":[3.2000003,3.2000003],"STP":[1007.95,1008],"TEMP":[-3.7,-3.8799999],"VISIB":[7.380001,7.2],"WDSP":[16.23,14.929998],"WNDDIR":[311.3,314.7],"time":[1549364859,1549364917]}