{"CLDC":[50.269997],"DEWP":[-10.08],"FRSHTT":[1110000],"PRCP":[0.07],"SLP":[1016.9],"SNDP":[3.9],"STP":[1007.36993],"TEMP":[-7.9499993],"VISIB":[9.589998],"WDSP":[11.770001],"WNDDIR":[325.6],"time":[1549364857]}