{"CLDC":[50.269997,50.660004],"DEWP":[-10.08,-10.219999],"FRSHTT":[1110000,1110000],"PRCP":[0.07,0.07],"SLP":[1016.9,1016.77],"SNDP":[3.9,3.9],"STP":[1007.36993,1007.19006],"TEMP":[-7.9499993,-7.8900003],"VISIB":[9.589998,9.07],"WDSP":[11.770001,12.030001],"WNDDIR":[325.6,324.9],"time":[1549364857,1549364916]}