{"CLDC":[71.21001,70.91],"DEWP":[-9.08,-9.15],"FRSHTT":[1110000,1110000],"PRCP":[0.13,0.13],"SLP":[1002.2899,1002.07996],"SNDP":[16.300001,16.300001],"STP":[1001.9,1002],"TEMP":[-7.2200003,-7.15],"VISIB":[27.66,26.719997],"WDSP":[9.79,9.830001],"WNDDIR":[42.4,45.1],"time":[1549364860,1549364918]}