{"CLDC":[50.299995,50.56],"DEWP":[-14.120001,-14.040001],"FRSHTT":[1110000,1110000],"PRCP":[0.059999995,0.059999995],"SLP":[1014.2999,1014.2999],"SNDP":[4.9000006,4.9000006],"STP":[1007.07,1006.86],"TEMP":[-11.6,-11.650001],"VISIB":[10.059999,9.14],"WDSP":[13.410001,12.83],"WNDDIR":[227.8,226.7],"time":[1549364859,1549364918]}