{"CLDC":[50.090004,50.04],"DEWP":[-12.32,-12.18],"FRSHTT":[1110000,1110000],"PRCP":[0.050000004,0.050000004],"SLP":[1015.5,1015.5],"SNDP":[8.599999,8.599999],"STP":[1010.69006,1010.27997],"TEMP":[-9.700001,-9.6],"VISIB":[11.84,11.53],"WDSP":[11.499999,10.93],"WNDDIR":[143.4,143],"time":[1549364859,1549364917]}