{"CLDC":[50.090004],"DEWP":[-12.32],"FRSHTT":[1110000],"PRCP":[0.050000004],"SLP":[1015.5],"SNDP":[8.599999],"STP":[1010.69006],"TEMP":[-9.700001],"VISIB":[11.84],"WDSP":[11.499999],"WNDDIR":[143.4],"time":[1549364859]}