{"CLDC":[50.190002],"DEWP":[-10.969999],"FRSHTT":[1110000],"PRCP":[0.050000004],"SLP":[1019],"SNDP":[8.199999],"STP":[1009.27],"TEMP":[-8.72],"VISIB":[15.629999],"WDSP":[9.890001],"WNDDIR":[156.5],"time":[1549364859]}