{"CLDC":[50.02,50.259995],"DEWP":[-7.78,-7.9199996],"FRSHTT":[1110000,1110000],"PRCP":[0.07999999,0.07999999],"SLP":[1013,1013.1],"SNDP":[11.800001,11.800001],"STP":[1013.2001,1013.2001],"TEMP":[-5.2,-5.43],"VISIB":[8.26,7.910001],"WDSP":[13.12,13.139999],"WNDDIR":[105.3,111.7],"time":[1549364861,1549364918]}