{"CLDC":[50.02],"DEWP":[-16.82],"FRSHTT":[1110000],"PRCP":[0.40000004],"SLP":[1017.9],"SNDP":[1.6000001],"STP":[1019.41],"TEMP":[-14.5],"VISIB":[8.73],"WDSP":[16.609999],"WNDDIR":[340.8],"time":[1549364859]}