{"CLDC":[50.120007],"DEWP":[-22.320002],"FRSHTT":[1110000],"PRCP":[0.019999998],"SLP":[1015.1],"SNDP":[19.800001],"STP":[1010.95],"TEMP":[-18.839998],"VISIB":[20.18],"WDSP":[9.400001],"WNDDIR":[129.9],"time":[1549364859]}