{"CLDC":[50.06],"DEWP":[-10.549999],"FRSHTT":[1110000],"PRCP":[0.039999995],"SLP":[1015.91003],"SNDP":[13.4],"STP":[997.37],"TEMP":[-8.04],"VISIB":[8.390001],"WDSP":[5.9000006],"WNDDIR":[59.3],"time":[1549364856]}