{"CLDC":[50.06,50.339993],"DEWP":[-10.549999,-10.549999],"FRSHTT":[1110000,1110000],"PRCP":[0.039999995,0.039999995],"SLP":[1015.91003,1015.9],"SNDP":[13.4,13.5],"STP":[997.37,997.4],"TEMP":[-8.04,-7.8000007],"VISIB":[8.390001,8.11],"WDSP":[5.9000006,5.8900003],"WNDDIR":[59.3,61.9],"time":[1549364856,1549364915]}