{"CLDC":[50.239998,50.43],"DEWP":[-10.99,-10.849999],"FRSHTT":[1110000,1110000],"PRCP":[0.039999995,0.039999995],"SLP":[1014.2301,1014.2001],"SNDP":[8.199999,8.199999],"STP":[1008.2999,1008.2899],"TEMP":[-8.25,-8.25],"VISIB":[11.26,11.619999],"WDSP":[13.770001,14.19],"WNDDIR":[246.1,243.6],"time":[1549364855,1549364915]}