{"CLDC":[50.239998],"DEWP":[-10.99],"FRSHTT":[1110000],"PRCP":[0.039999995],"SLP":[1014.2301],"SNDP":[8.199999],"STP":[1008.2999],"TEMP":[-8.25],"VISIB":[11.26],"WDSP":[13.770001],"WNDDIR":[246.1],"time":[1549364855]}