{"CLDC":[50.08],"DEWP":[-14.620001],"FRSHTT":[1110000],"PRCP":[0.029999997],"SLP":[1011.69006],"SNDP":[16],"STP":[998.7999],"TEMP":[-12.24],"VISIB":[17.630001],"WDSP":[12.809999],"WNDDIR":[220.2],"time":[1549364861]}