{"CLDC":[99.72],"DEWP":[-13.2],"FRSHTT":[1110000],"PRCP":[0.059999995],"SLP":[1015.2399],"SNDP":[5.9000006],"STP":[1012.22003],"TEMP":[-10.67],"VISIB":[8.32],"WDSP":[11.639999],"WNDDIR":[213.6],"time":[1549364860]}