{"CLDC":[86.65],"DEWP":[-6.5199995],"FRSHTT":[1110000],"PRCP":[0.14],"SLP":[1014.4],"SNDP":[5.2999997],"STP":[1011.54004],"TEMP":[-4.7000003],"VISIB":[15.13],"WDSP":[10.699999],"WNDDIR":[205.1],"time":[1549364857]}