{"CLDC":[97.09999,97.14],"DEWP":[-6.0800004,-5.9399996],"FRSHTT":[1110000,1110000],"PRCP":[0.059999995,0.059999995],"SLP":[1016.1,1016.1],"SNDP":[3.9,3.9],"STP":[1011.2301,1011.2999],"TEMP":[-3.8000004,-3.9000003],"VISIB":[17.65,17.07],"WDSP":[14.089999,14.3],"WNDDIR":[342.3,342.2],"time":[1549364855,1549364915]}