{"CLDC":[84.36001,84.51],"DEWP":[-12.15,-12.219999],"FRSHTT":[1110000,1110000],"PRCP":[0.039999995,0.039999995],"SLP":[1014.1,1014.1],"SNDP":[6.7,6.7],"STP":[1008.7101,1008.75],"TEMP":[-9.95,-9.879999],"VISIB":[20.039999,19.38],"WDSP":[15.74,15.719998],"WNDDIR":[349,347.2],"time":[1549364856,1549364915]}