{"CLDC":[84.36001],"DEWP":[-12.15],"FRSHTT":[1110000],"PRCP":[0.039999995],"SLP":[1014.1],"SNDP":[6.7],"STP":[1008.7101],"TEMP":[-9.95],"VISIB":[20.039999],"WDSP":[15.74],"WNDDIR":[349],"time":[1549364856]}