{"CLDC":[62.26],"DEWP":[-18.119999],"FRSHTT":[1110000],"PRCP":[0.039999995],"SLP":[1018.2001],"SNDP":[7.5999994],"STP":[1011.9801],"TEMP":[-14.76],"VISIB":[13.99],"WDSP":[10.949999],"WNDDIR":[347.8],"time":[1549364861]}