{"CLDC":[70.95],"DEWP":[-6.7600007],"FRSHTT":[1110000],"PRCP":[0.07],"SLP":[1013.87],"SNDP":[6.2000003],"STP":[1009.2001],"TEMP":[-4.3999996],"VISIB":[8.269999],"WDSP":[12.559999],"WNDDIR":[70.4],"time":[1549364859]}