{"CLDC":[70.95,70.700005],"DEWP":[-6.7600007,-6.5800004],"FRSHTT":[1110000,1110000],"PRCP":[0.07,0.07],"SLP":[1013.87,1013.9],"SNDP":[6.2000003,6.2000003],"STP":[1009.2001,1009.2699],"TEMP":[-4.3999996,-4.24],"VISIB":[8.269999,7.85],"WDSP":[12.559999,13.01],"WNDDIR":[70.4,66.9],"time":[1549364859,1549364917]}