{"CLDC":[78.66999],"DEWP":[-9.710001],"FRSHTT":[1110000],"PRCP":[0.059999995],"SLP":[1017.2001],"SNDP":[4.7000003],"STP":[1011.32996],"TEMP":[-7.16],"VISIB":[19.800001],"WDSP":[13.920001],"WNDDIR":[235],"time":[1549364856]}