{"CLDC":[88.009995],"DEWP":[-10.959999],"FRSHTT":[1000000],"PRCP":[0],"SLP":[1000.1],"SNDP":[0],"STP":[999.1],"TEMP":[-8.41],"VISIB":[6.5699997],"WDSP":[15.1],"WNDDIR":[345.9],"time":[1549364859]}