{"CLDC":[83.59999],"DEWP":[-2.6200001],"FRSHTT":[1000000],"PRCP":[0],"SLP":[1005.1],"SNDP":[0],"STP":[991.61005],"TEMP":[-1.3999999],"VISIB":[1.4100001],"WDSP":[14.45],"WNDDIR":[171.3],"time":[1549364859]}