{"CLDC":[88.009995,88.16],"DEWP":[-10.959999,-10.959999],"FRSHTT":[1000000,1000000],"PRCP":[0,0],"SLP":[1000.1,1000.15],"SNDP":[0,0],"STP":[999.1,999.08997],"TEMP":[-8.41,-8.38],"VISIB":[6.5699997,7.3200006],"WDSP":[15.1,15.290001],"WNDDIR":[345.9,345.9],"time":[1549364859,1549364917]}