{"CLDC":[50.120003],"DEWP":[-12.479999],"FRSHTT":[1110000],"PRCP":[0.019999998],"SLP":[1015.7001],"SNDP":[4.2000003],"STP":[1007.4],"TEMP":[-10],"VISIB":[6.7600007],"WDSP":[14.5],"WNDDIR":[101.9],"time":[1549364859]}