{"CLDC":[50.120003,50.27],"DEWP":[-12.479999,-12.479999],"FRSHTT":[1110000,1110000],"PRCP":[0.019999998,0.019999998],"SLP":[1015.7001,1015.7001],"SNDP":[4.2000003,4.2000003],"STP":[1007.4,1007.39],"TEMP":[-10,-9.949999],"VISIB":[6.7600007,7.2300005],"WDSP":[14.5,14.7300005],"WNDDIR":[101.9,99.5],"time":[1549364859,1549364917]}