{"CLDC":[57.829994],"DEWP":[-7.7100005],"FRSHTT":[1110000],"PRCP":[0.029999997],"SLP":[1016.43],"SNDP":[5.2999997],"STP":[1015.7001],"TEMP":[-5.28],"VISIB":[6.9300003],"WDSP":[14.870001],"WNDDIR":[141.1],"time":[1549364858]}