{"CLDC":[57.829994,57.7],"DEWP":[-7.7100005,-7.78],"FRSHTT":[1110000,1110000],"PRCP":[0.029999997,0.029999997],"SLP":[1016.43,1016.4],"SNDP":[5.2999997,5.2999997],"STP":[1015.7001,1015.66003],"TEMP":[-5.28,-5.42],"VISIB":[6.9300003,7.05],"WDSP":[14.870001,14.780001],"WNDDIR":[141.1,138.3],"time":[1549364858,1549364916]}