{"CLDC":[72.47,72.75],"DEWP":[-6.3000007,-6.2800007],"FRSHTT":[1000000,1000000],"PRCP":[0,0],"SLP":[995.32,995.84],"SNDP":[0,0],"STP":[987.4,987.4],"TEMP":[-4.95,-4.95],"VISIB":[10.209999,10.469999],"WDSP":[12.33,12.9800005],"WNDDIR":[172.3,172.6],"time":[1549364861,1549364918]}