{"CLDC":[58.22],"DEWP":[-8.74],"FRSHTT":[1110000],"PRCP":[0.009999999],"SLP":[1020.7999],"SNDP":[2.5],"STP":[1010],"TEMP":[-6.600001],"VISIB":[12.610001],"WDSP":[18.11],"WNDDIR":[313.4],"time":[1549364859]}