{"CLDC":[58.22,57.79],"DEWP":[-8.74,-8.82],"FRSHTT":[1110000,1110000],"PRCP":[0.009999999,0.009999999],"SLP":[1020.7999,1020.7999],"SNDP":[2.5,2.5],"STP":[1010,1009.92004],"TEMP":[-6.600001,-6.100001],"VISIB":[12.610001,11.7699995],"WDSP":[18.11,17.829998],"WNDDIR":[313.4,312],"time":[1549364859,1549364917]}