{"CLDC":[50.15],"DEWP":[-6.2999997],"FRSHTT":[1110000],"PRCP":[0.029999997],"SLP":[1017.2001],"SNDP":[3.5],"STP":[1008.1],"TEMP":[-3.9800003],"VISIB":[12.49],"WDSP":[15.81],"WNDDIR":[257.7],"time":[1549364856]}