{"CLDC":[58.579998],"DEWP":[-9.92],"FRSHTT":[1110000],"PRCP":[0.16999999],"SLP":[1016],"SNDP":[4.5],"STP":[1006.4],"TEMP":[-7.28],"VISIB":[7.410001],"WDSP":[15.059999],"WNDDIR":[209],"time":[1549364856]}