{"CLDC":[50.15,50.120003],"DEWP":[-6.2999997,-6.3599997],"FRSHTT":[1110000,1110000],"PRCP":[0.029999997,0.029999997],"SLP":[1017.2001,1017.24005],"SNDP":[3.5,3.5],"STP":[1008.1,1008],"TEMP":[-3.9800003,-3.9999995],"VISIB":[12.49,12.57],"WDSP":[15.81,15.320002],"WNDDIR":[257.7,258.5],"time":[1549364856,1549364916]}