{"CLDC":[50.02,50.08],"DEWP":[-7.160001,-6.9800005],"FRSHTT":[1110000,1110000],"PRCP":[0.18000002,0.18000002],"SLP":[1017.4,1017.4],"SNDP":[2.2999997,2.2999997],"STP":[1013.02997,1013.24005],"TEMP":[-4.9900002,-4.92],"VISIB":[7.19,7.3299994],"WDSP":[17.69,17.649998],"WNDDIR":[324.2,323.9],"time":[1549364861,1549364918]}