{"CLDC":[50.010002,50.23],"DEWP":[-13.460001,-13.35],"FRSHTT":[1110000,1110000],"PRCP":[0.029999997,0.029999997],"SLP":[1016.2999,1016.2999],"SNDP":[11.800001,11.800001],"STP":[1004.2999,1004.2999],"TEMP":[-10.28,-10.419999],"VISIB":[8.07,7.25],"WDSP":[15.639999,15.4],"WNDDIR":[102.2,103.5],"time":[1549364860,1549364918]}