{"CLDC":[21.03],"DEWP":[-7.4],"FRSHTT":[1000000],"PRCP":[0],"SLP":[1032],"SNDP":[0],"STP":[1043.02],"TEMP":[-4.3],"VISIB":[5.0899997],"WDSP":[3.2999997],"WNDDIR":[331.7],"time":[1549364856]}