{"CLDC":[80.12],"DEWP":[-8.5],"FRSHTT":[1110000],"PRCP":[0.029999997],"SLP":[1019.1],"SNDP":[4.45],"STP":[1014.8499],"TEMP":[-6.2200003],"VISIB":[15.589999],"WDSP":[13.38],"WNDDIR":[130.4],"time":[1549364855]}