{"CLDC":[80.12,79.9],"DEWP":[-8.5,-8.339999],"FRSHTT":[1110000,1110000],"PRCP":[0.029999997,0.029999997],"SLP":[1019.1,1019.1],"SNDP":[4.45,4.5],"STP":[1014.8499,1014.9],"TEMP":[-6.2200003,-6.2200003],"VISIB":[15.589999,15.35],"WDSP":[13.38,13.360001],"WNDDIR":[130.4,133],"time":[1549364855,1549364915]}