{"CLDC":[50.08],"DEWP":[-9.299999],"FRSHTT":[1110000],"PRCP":[0.009999999],"SLP":[1020.4],"SNDP":[6.7],"STP":[1017],"TEMP":[-6.5],"VISIB":[6.7399993],"WDSP":[17.78],"WNDDIR":[91.5],"time":[1549364858]}