{"CLDC":[50.08,50.090004],"DEWP":[-9.299999,-9.11],"FRSHTT":[1110000,1110000],"PRCP":[0.009999999,0.009999999],"SLP":[1020.4,1020.4],"SNDP":[6.7,6.7],"STP":[1017,1017],"TEMP":[-6.5,-6.45],"VISIB":[6.7399993,6.589999],"WDSP":[17.78,17.380001],"WNDDIR":[91.5,88.1],"time":[1549364858,1549364916]}