{"CLDC":[50.180004],"DEWP":[-10.139999],"FRSHTT":[1110000],"PRCP":[0.009999999],"SLP":[1021.2001],"SNDP":[0.6999999],"STP":[1021.09],"TEMP":[-7.8],"VISIB":[6.95],"WDSP":[16.43],"WNDDIR":[122.8],"time":[1549364856]}