{"CLDC":[50.010002,50.060005],"DEWP":[-23.080002,-22.799997],"FRSHTT":[1110000,1110000],"PRCP":[0.059999995,0.059999995],"SLP":[1019,1019],"SNDP":[7.8,7.8],"STP":[1001.88995,1002.27],"TEMP":[-20.449999,-20.18],"VISIB":[11.51,11.95],"WDSP":[10.29,10.719999],"WNDDIR":[93.9,95.7],"time":[1549364858,1549364916]}