{"CLDC":[50.010002],"DEWP":[-23.080002],"FRSHTT":[1110000],"PRCP":[0.059999995],"SLP":[1019],"SNDP":[7.8],"STP":[1001.88995],"TEMP":[-20.449999],"VISIB":[11.51],"WDSP":[10.29],"WNDDIR":[93.9],"time":[1549364858]}