{"CLDC":[73.52,73.65999],"DEWP":[-12.5,-12.67],"FRSHTT":[1010000,1010000],"PRCP":[0,0],"SLP":[1008.13007,1008],"SNDP":[28.399998,28.399998],"STP":[978.93,979.9801],"TEMP":[-10.530001,-10.139998],"VISIB":[19.17,19.89],"WDSP":[14.690001,15.910001],"WNDDIR":[215.5,212],"time":[1549364855,1549364915]}