{"CLDC":[73.52],"DEWP":[-12.5],"FRSHTT":[1010000],"PRCP":[0],"SLP":[1008.13007],"SNDP":[28.399998],"STP":[978.93],"TEMP":[-10.530001],"VISIB":[19.17],"WDSP":[14.690001],"WNDDIR":[215.5],"time":[1549364855]}