{"CLDC":[85.23],"DEWP":[-9.5199995],"FRSHTT":[1010000],"PRCP":[0],"SLP":[1017.4],"SNDP":[5.7000003],"STP":[1011.49005],"TEMP":[-5.1200004],"VISIB":[33.390003],"WDSP":[6.1699996],"WNDDIR":[257],"time":[1549364858]}