{"CLDC":[50.180004],"DEWP":[-9.499999],"FRSHTT":[1110000],"PRCP":[0.039999995],"SLP":[1004.38007],"SNDP":[21.600002],"STP":[1003.38995],"TEMP":[-7.55],"VISIB":[18.689999],"WDSP":[13.3],"WNDDIR":[212.3],"time":[1549364855]}