{"CLDC":[50.29,50.409996],"DEWP":[-21.49,-21.279999],"FRSHTT":[1110000,1110000],"PRCP":[0.019999998,0.019999998],"SLP":[1017.7999,1017.7999],"SNDP":[1.8,1.8],"STP":[1018.43,1018.69006],"TEMP":[-18.880001,-18.94],"VISIB":[20.4,20.439999],"WDSP":[7.9800005,8.8],"WNDDIR":[116.9,119.3],"time":[1549364856,1549364916]}