{"CLDC":[50.29],"DEWP":[-21.49],"FRSHTT":[1110000],"PRCP":[0.019999998],"SLP":[1017.7999],"SNDP":[1.8],"STP":[1018.43],"TEMP":[-18.880001],"VISIB":[20.4],"WDSP":[7.9800005],"WNDDIR":[116.9],"time":[1549364856]}