{"CLDC":[50.100002],"DEWP":[-18.849998],"FRSHTT":[1010000],"PRCP":[0],"SLP":[1021.80994],"SNDP":[17.699999],"STP":[1037.27],"TEMP":[-11.349999],"VISIB":[34.33],"WDSP":[8.14],"WNDDIR":[259.7],"time":[1549364856]}