{"CLDC":[57.879997,57.769997],"DEWP":[-19.150002,-19.420002],"FRSHTT":[1110000,1110000],"PRCP":[0.039999995,0.039999995],"SLP":[1020.5,1020.6],"SNDP":[5.7000003,5.7999997],"STP":[1014.7999,1014.74005],"TEMP":[-16.78,-16.740002],"VISIB":[12.79,12.5],"WDSP":[7.66,7.910001],"WNDDIR":[161,160.2],"time":[1549364855,1549364915]}