{"CLDC":[28.36],"DEWP":[-23.050001],"FRSHTT":[1000000],"PRCP":[0],"SLP":[980.74005],"SNDP":[0],"STP":[997.64],"TEMP":[-20.560001],"VISIB":[9.38],"WDSP":[2.6100001],"WNDDIR":[355.2],"time":[1549364855]}