{"CLDC":[28.36,28.459997],"DEWP":[-23.050001,-23.099998],"FRSHTT":[1000000,1000000],"PRCP":[0,0],"SLP":[980.74005,981.7801],"SNDP":[0,0],"STP":[997.64,997.45996],"TEMP":[-20.560001,-20.23],"VISIB":[9.38,10.049999],"WDSP":[2.6100001,3.0300002],"WNDDIR":[355.2,353.6],"time":[1549364855,1549364915]}