{"CLDC":[96.15001],"DEWP":[-14.92],"FRSHTT":[1110000],"PRCP":[0.009999999],"SLP":[1023.2001],"SNDP":[27.8],"STP":[1030.15],"TEMP":[-13.539999],"VISIB":[8.32],"WDSP":[4.2599993],"WNDDIR":[163.5],"time":[1549364861]}