{"CLDC":[74.54,74.21001],"DEWP":[-11.1,-11.050001],"FRSHTT":[1110000,1110000],"PRCP":[0.11,0.11],"SLP":[1018.14,1018.18005],"SNDP":[24.189999,24.199999],"STP":[1002.7,1002.7399],"TEMP":[-8.749999,-8.64],"VISIB":[14.62,14.959999],"WDSP":[10.320001,10.179999],"WNDDIR":[300.3,301.1],"time":[1549364859,1549364917]}