{"CLDC":[50.010002,50.279995],"DEWP":[-10.4,-10.26],"FRSHTT":[1110000,1110000],"PRCP":[0.07999999,0.07999999],"SLP":[1011.2999,1011.2999],"SNDP":[21.5,21.5],"STP":[1001.7999,1001.7101],"TEMP":[-7.9,-7.5700006],"VISIB":[15.450002,15.51],"WDSP":[9.289999,9.160001],"WNDDIR":[24.5,25.5],"time":[1549364858,1549364917]}