{"CLDC":[58.420002],"DEWP":[-11.9],"FRSHTT":[1110000],"PRCP":[0.039999995],"SLP":[1002.6],"SNDP":[30.600002],"STP":[1012.95],"TEMP":[-9.77],"VISIB":[17.13],"WDSP":[10.599999],"WNDDIR":[0.4],"time":[1549364857]}