{"CLDC":[94.25,94.60999],"DEWP":[-17.920002,-17.920002],"FRSHTT":[1110000,1110000],"PRCP":[0.050000004,0.050000004],"SLP":[1017.1,1017.1],"SNDP":[5.7000003,5.7000003],"STP":[1010.12,1010.1],"TEMP":[-15.290001,-15.24],"VISIB":[26.329998,26.310001],"WDSP":[13.18,13.019999],"WNDDIR":[170.5,170.5],"time":[1549364860,1549364918]}