{"CLDC":[94.25],"DEWP":[-17.920002],"FRSHTT":[1110000],"PRCP":[0.050000004],"SLP":[1017.1],"SNDP":[5.7000003],"STP":[1010.12],"TEMP":[-15.290001],"VISIB":[26.329998],"WDSP":[13.18],"WNDDIR":[170.5],"time":[1549364860]}