{"CLDC":[92.28],"DEWP":[-17.609999],"FRSHTT":[1110000],"PRCP":[0.23999998],"SLP":[1015.54004],"SNDP":[1.1000001],"STP":[1017.7001],"TEMP":[-15.2],"VISIB":[6.62],"WDSP":[15.18],"WNDDIR":[108.9],"time":[1549364859]}