{"CLDC":[92.28,92.17999],"DEWP":[-17.609999,-17.25],"FRSHTT":[1110000,1110000],"PRCP":[0.23999998,0.23999998],"SLP":[1015.54004,1015.7001],"SNDP":[1.1000001,1.1000001],"STP":[1017.7001,1017.7699],"TEMP":[-15.2,-15.780001],"VISIB":[6.62,6.9900002],"WDSP":[15.18,15.13],"WNDDIR":[108.9,108.2],"time":[1549364859,1549364917]}