{"CLDC":[31.12],"DEWP":[-6.1400003],"FRSHTT":[1000000],"PRCP":[0],"SLP":[1025.4501],"SNDP":[0],"STP":[1004.4],"TEMP":[-4.7400002],"VISIB":[12.910001],"WDSP":[5.4700003],"WNDDIR":[270.4],"time":[1549364859]}