{"CLDC":[79.799995],"DEWP":[-11.66],"FRSHTT":[1010000],"PRCP":[0],"SLP":[995.30994],"SNDP":[26.8],"STP":[1015.27997],"TEMP":[-10.63],"VISIB":[19.55],"WDSP":[2.7999997],"WNDDIR":[328.4],"time":[1549364856]}