{"CLDC":[69.8,69.91],"DEWP":[-12.469999,-12.130001],"FRSHTT":[1110000,1110000],"PRCP":[0.10000001,0.10000001],"SLP":[1022.7999,1022.7999],"SNDP":[3.7000003,3.7000003],"STP":[1014.67004,1014.7301],"TEMP":[-9.250001,-9.050001],"VISIB":[21.680002,21.86],"WDSP":[7.9600005,7.950001],"WNDDIR":[244.1,241],"time":[1549364860,1549364918]}