{"CLDC":[50.160004,50.15],"DEWP":[-8,-7.9],"FRSHTT":[1110000,1110000],"PRCP":[0.059999995,0.059999995],"SLP":[1018.2001,1018.2999],"SNDP":[8.199999,8.199999],"STP":[1009.7,1010.00995],"TEMP":[-5.4800005,-5.1799994],"VISIB":[16.92,16.76],"WDSP":[11.67,11.830001],"WNDDIR":[17.8,16.1],"time":[1549364859,1549364917]}