{"CLDC":[50.160004],"DEWP":[-8],"FRSHTT":[1110000],"PRCP":[0.059999995],"SLP":[1018.2001],"SNDP":[8.199999],"STP":[1009.7],"TEMP":[-5.4800005],"VISIB":[16.92],"WDSP":[11.67],"WNDDIR":[17.8],"time":[1549364859]}