{"CLDC":[21.699999],"DEWP":[-15.94],"FRSHTT":[1000000],"PRCP":[0],"SLP":[1017.95],"SNDP":[0],"STP":[1033.5],"TEMP":[-11.699999],"VISIB":[32.94],"WDSP":[11.179998],"WNDDIR":[264.8],"time":[1549364858]}