{"CLDC":[50.070004],"DEWP":[-16.18],"FRSHTT":[1110000],"PRCP":[0.059999995],"SLP":[1013.6],"SNDP":[4.9000006],"STP":[1011.81006],"TEMP":[-13.910001],"VISIB":[18.85],"WDSP":[10.45],"WNDDIR":[308.3],"time":[1549364861]}