{"CLDC":[79.009995,79.24999],"DEWP":[-6.3200006,-6.3],"FRSHTT":[1000000,1000000],"PRCP":[0,0],"SLP":[1025.5701,1025.6501],"SNDP":[0,0],"STP":[993.86,993.99005],"TEMP":[-4.52,-4.3899994],"VISIB":[10.370001,10.29],"WDSP":[10.17,10.129999],"WNDDIR":[211.7,216],"time":[1549364860,1549364918]}