{"CLDC":[79.009995],"DEWP":[-6.3200006],"FRSHTT":[1000000],"PRCP":[0],"SLP":[1025.5701],"SNDP":[0],"STP":[993.86],"TEMP":[-4.52],"VISIB":[10.370001],"WDSP":[10.17],"WNDDIR":[211.7],"time":[1549364860]}