{"CLDC":[94.56999,94.53],"DEWP":[-10.599998,-10.499999],"FRSHTT":[1010000,1010000],"PRCP":[0,0],"SLP":[1027.2999,1027.4001],"SNDP":[13.4,13.5],"STP":[1025.09,1025.5798],"TEMP":[-6.0199995,-5.7799997],"VISIB":[50.260002,49.909996],"WDSP":[8.62,8.85],"WNDDIR":[79.8,75.9],"time":[1549364859,1549364918]}