{"CLDC":[75.95,75.98],"DEWP":[-13.9800005,-14.2],"FRSHTT":[1110000,1110000],"PRCP":[0.059999995,0.059999995],"SLP":[1006.63007,1006.7001],"SNDP":[17.800001,17.899998],"STP":[1006.04004,1005.6501],"TEMP":[-12.15,-11.880001],"VISIB":[19.68,19.630001],"WDSP":[9.159999,9.639998],"WNDDIR":[287.1,283.4],"time":[1549364857,1549364916]}