{"CLDC":[50.02,50.230003],"DEWP":[-15.679998,-15.919998],"FRSHTT":[1010000,1010000],"PRCP":[0,0],"SLP":[1022.9601,1022.84],"SNDP":[15.199999,15.199999],"STP":[1015.27997,1015.68005],"TEMP":[-12.740001,-12.68],"VISIB":[23.210001,22.380001],"WDSP":[11.300001,11.300001],"WNDDIR":[338.7,337.4],"time":[1549364859,1549364917]}