{"CLDC":[50.02],"DEWP":[-15.679998],"FRSHTT":[1010000],"PRCP":[0],"SLP":[1022.9601],"SNDP":[15.199999],"STP":[1015.27997],"TEMP":[-12.740001],"VISIB":[23.210001],"WDSP":[11.300001],"WNDDIR":[338.7],"time":[1549364859]}