{"CLDC":[88.29],"DEWP":[-21.659998],"FRSHTT":[1110000],"PRCP":[0.009999999],"SLP":[1022.7999],"SNDP":[15.800001],"STP":[1015.7101],"TEMP":[-19.22],"VISIB":[26.470001],"WDSP":[8.7300005],"WNDDIR":[283.1],"time":[1549364859]}