{"CLDC":[53.630005],"DEWP":[-17.52],"FRSHTT":[1000000],"PRCP":[0],"SLP":[1025.5599],"SNDP":[0],"STP":[1019.63007],"TEMP":[-14.56],"VISIB":[38.750004],"WDSP":[5.4700003],"WNDDIR":[225.6],"time":[1549364859]}