{"CLDC":[52.200005],"DEWP":[-19.84],"FRSHTT":[1110000],"PRCP":[0.029999997],"SLP":[1017.6],"SNDP":[14.1],"STP":[1030.3701],"TEMP":[-17.400002],"VISIB":[5.95],"WDSP":[15.07],"WNDDIR":[119.6],"time":[1549364856]}