{"CLDC":[50.170006],"DEWP":[-17.32],"FRSHTT":[1110000],"PRCP":[0.039999995],"SLP":[1017.6],"SNDP":[11],"STP":[1010.2201],"TEMP":[-14.820002],"VISIB":[7.0099998],"WDSP":[14.860001],"WNDDIR":[109],"time":[1549364856]}