{"CLDC":[50.090004],"DEWP":[-17.58],"FRSHTT":[1110000],"PRCP":[0.029999997],"SLP":[1021.1],"SNDP":[17.169998],"STP":[1008.9699],"TEMP":[-15.219999],"VISIB":[17.12],"WDSP":[12.12],"WNDDIR":[166.7],"time":[1549364855]}