{"CLDC":[74.56999],"DEWP":[-18.5],"FRSHTT":[1110000],"PRCP":[0.6999999],"SLP":[1027.0999],"SNDP":[3.2000003],"STP":[1010.75995],"TEMP":[-14.3],"VISIB":[19.72],"WDSP":[8.440001],"WNDDIR":[231.7],"time":[1549364855]}