{"CLDC":[74.56999,74.52999],"DEWP":[-18.5,-18.2],"FRSHTT":[1110000,1110000],"PRCP":[0.6999999,0.6999999],"SLP":[1027.0999,1027.0999],"SNDP":[3.2000003,3.2000003],"STP":[1010.75995,1010.86],"TEMP":[-14.3,-14.1],"VISIB":[19.72,20.100002],"WDSP":[8.440001,9.34],"WNDDIR":[231.7,231.6],"time":[1549364855,1549364915]}