{"CLDC":[50.389996,50.55],"DEWP":[-14.969999,-14.62],"FRSHTT":[1110000,1110000],"PRCP":[0.019999998,0.019999998],"SLP":[1019.5,1019.5],"SNDP":[3.2000003,3.2000003],"STP":[1007.2001,1007.17004],"TEMP":[-11.64,-11.27],"VISIB":[6.95,7.54],"WDSP":[11.699999,12.109999],"WNDDIR":[322.9,322.7],"time":[1549364856,1549364915]}