{"CLDC":[64.86,64.62],"DEWP":[-13.479999,-13.06],"FRSHTT":[1110000,1110000],"PRCP":[0.059999995,0.059999995],"SLP":[1009.2001,1009.1],"SNDP":[18.899998,18.899998],"STP":[1003.2,1003.45],"TEMP":[-11.759999,-11.799999],"VISIB":[15.49,14.58],"WDSP":[13.679998,13.969999],"WNDDIR":[354.4,352.6],"time":[1549364858,1549364916]}