{"CLDC":[77.259995],"DEWP":[-14.9],"FRSHTT":[1110000],"PRCP":[0.029999997],"SLP":[1010.7001],"SNDP":[5.2000003],"STP":[1004.6],"TEMP":[-10.929999],"VISIB":[13.12],"WDSP":[7.8600006],"WNDDIR":[16.9],"time":[1549364861]}