{"CLDC":[50.260002,50.21],"DEWP":[-9.9800005,-10.14],"FRSHTT":[1010000,1010000],"PRCP":[0,0],"SLP":[1028.7001,1028.7001],"SNDP":[12,12],"STP":[1034.05,1034.19],"TEMP":[-4.04,-4.0199995],"VISIB":[25.34,24.899998],"WDSP":[11.380001,11.219999],"WNDDIR":[150.5,155],"time":[1549364861,1549364919]}