{"CLDC":[68.009995,67.93],"DEWP":[-9.84,-9.469999],"FRSHTT":[1110000,1110000],"PRCP":[0.029999997,0.029999997],"SLP":[1022.7999,1022.7999],"SNDP":[1.3999999,1.3999999],"STP":[1021.02997,1021.50995],"TEMP":[-6.9800005,-6.8599997],"VISIB":[24.5,24.17],"WDSP":[9.870001,9.840001],"WNDDIR":[330,334.7],"time":[1549364860,1549364918]}