{"CLDC":[50.180004],"DEWP":[-15.76],"FRSHTT":[1110000],"PRCP":[0.029999997],"SLP":[1022.1],"SNDP":[3.7999997],"STP":[1024.41],"TEMP":[-12.5],"VISIB":[12.9800005],"WDSP":[10.42],"WNDDIR":[181.9],"time":[1549364860]}