{"CLDC":[50.04,50.130005],"DEWP":[-9.639999,-9.37],"FRSHTT":[1110000,1110000],"PRCP":[0.059999995,0.059999995],"SLP":[1001.55,1001.6],"SNDP":[29.899998,30],"STP":[995.7,995.99005],"TEMP":[-7.96,-8.139999],"VISIB":[23.54,23.519999],"WDSP":[7.5999994,8.45],"WNDDIR":[210.6,209.4],"time":[1549364857,1549364916]}