{"CLDC":[10.969999,10.960001],"DEWP":[-14.959999,-15.4800005],"FRSHTT":[1000000,1000000],"PRCP":[0,0],"SLP":[1005.0101,1004.68994],"SNDP":[0,0],"STP":[1021.2001,1021.2001],"TEMP":[-12.68,-12.690001],"VISIB":[7.5799994,8.190001],"WDSP":[3.2999997,3.31],"WNDDIR":[118.9,119.7],"time":[1549364859,1549364917]}