{"CLDC":[92.4],"DEWP":[-16.39],"FRSHTT":[1110000],"PRCP":[0.019999998],"SLP":[1023],"SNDP":[7.7],"STP":[1015.4],"TEMP":[-13.790001],"VISIB":[31.12],"WDSP":[9.8],"WNDDIR":[161.4],"time":[1549364859]}