{"CLDC":[50.02],"DEWP":[-15.85],"FRSHTT":[1110000],"PRCP":[0.019999998],"SLP":[1023.7999],"SNDP":[9],"STP":[1017.43],"TEMP":[-13.300001],"VISIB":[22.36],"WDSP":[9.230001],"WNDDIR":[314.7],"time":[1549364859]}