{"CLDC":[50.02,50.05],"DEWP":[-15.85,-16.07],"FRSHTT":[1110000,1110000],"PRCP":[0.019999998,0.019999998],"SLP":[1023.7999,1023.9],"SNDP":[9,9],"STP":[1017.43,1017.62],"TEMP":[-13.300001,-13.300001],"VISIB":[22.36,22.060001],"WDSP":[9.230001,9.249998],"WNDDIR":[314.7,308.9],"time":[1549364859,1549364917]}