{"CLDC":[84.11,84.229996],"DEWP":[-15.1,-15.05],"FRSHTT":[1110000,1110000],"PRCP":[0.07,0.07],"SLP":[1014.2999,1014.3499],"SNDP":[15.9,16],"STP":[981.6,981.58997],"TEMP":[-13.759999,-13.6],"VISIB":[18.849998,19.01],"WDSP":[7.44,6.94],"WNDDIR":[132.9,135.3],"time":[1549364857,1549364916]}