{"CLDC":[92.4,92.420006],"DEWP":[-16.39,-16.65],"FRSHTT":[1110000,1110000],"PRCP":[0.019999998,0.019999998],"SLP":[1023,1023],"SNDP":[7.7,7.7],"STP":[1015.4,1015.43005],"TEMP":[-13.790001,-13.65],"VISIB":[31.12,31.35],"WDSP":[9.8,9.429999],"WNDDIR":[161.4,157.6],"time":[1549364859,1549364917]}