{"CLDC":[10.969999],"DEWP":[-14.959999],"FRSHTT":[1000000],"PRCP":[0],"SLP":[1005.0101],"SNDP":[0],"STP":[1021.2001],"TEMP":[-12.68],"VISIB":[7.5799994],"WDSP":[3.2999997],"WNDDIR":[118.9],"time":[1549364859]}