{"CLDC":[50.140003],"DEWP":[-4.64],"FRSHTT":[1110000],"PRCP":[0.050000004],"SLP":[993.12],"SNDP":[13.9],"STP":[980.5399],"TEMP":[-3.1000001],"VISIB":[14.35],"WDSP":[27.430002],"WNDDIR":[319.1],"time":[1549364859]}