{"CLDC":[89.28999,88.97001],"DEWP":[-23.48,-23.299997],"FRSHTT":[1000000,1000000],"PRCP":[0,0],"SLP":[1015.7999,1015.7899],"SNDP":[0,0],"STP":[988.34,988.38],"TEMP":[-20.57,-20.64],"VISIB":[8.03,8.42],"WDSP":[10.669999,10.54],"WNDDIR":[215.1,214],"time":[1549364857,1549364916]}