{"CLDC":[50.35],"DEWP":[-18.100002],"FRSHTT":[1110000],"PRCP":[0.029999997],"SLP":[1026.7201],"SNDP":[5.2000003],"STP":[1030.27],"TEMP":[-14.4],"VISIB":[21.899998],"WDSP":[5.7200003],"WNDDIR":[221.9],"time":[1549364856]}