{"CLDC":[94.55999,94.53999],"DEWP":[-10.9800005,-11],"FRSHTT":[1110000,1110000],"PRCP":[0.009999999,0.009999999],"SLP":[1021.9,1022],"SNDP":[7,7.0999994],"STP":[1016.11,1016.2101],"TEMP":[-7.95,-7.8299994],"VISIB":[10.559999,10.159999],"WDSP":[8.55,8.26],"WNDDIR":[177.6,177.3],"time":[1549364855,1549364915]}