{"CLDC":[94.55999],"DEWP":[-10.9800005],"FRSHTT":[1110000],"PRCP":[0.009999999],"SLP":[1021.9],"SNDP":[7],"STP":[1016.11],"TEMP":[-7.95],"VISIB":[10.559999],"WDSP":[8.55],"WNDDIR":[177.6],"time":[1549364855]}