{"CLDC":[50.15],"DEWP":[-14.25],"FRSHTT":[1110000],"PRCP":[0.019999998],"SLP":[1021.2001],"SNDP":[7.5999994],"STP":[1007.3299],"TEMP":[-11.72],"VISIB":[23.84],"WDSP":[12.88],"WNDDIR":[170.4],"time":[1549364861]}