{"CLDC":[50.190006,50.68],"DEWP":[-17.279999,-17.55],"FRSHTT":[1110000,1110000],"PRCP":[0.050000004,0.050000004],"SLP":[1018.2999,1018.32996],"SNDP":[5,5],"STP":[1022.18005,1021.94006],"TEMP":[-14.5,-14.639999],"VISIB":[13.839999,14.42],"WDSP":[17.59,18.47],"WNDDIR":[164.7,165.5],"time":[1549364859,1549364917]}