{"CLDC":[92.59999],"DEWP":[-12.06],"FRSHTT":[1110000],"PRCP":[0.07],"SLP":[1008.5],"SNDP":[10.699999],"STP":[1010.1],"TEMP":[-10.3],"VISIB":[18.210001],"WDSP":[11.839999],"WNDDIR":[253.3],"time":[1549364858]}