{"CLDC":[94.39001,94.09999],"DEWP":[-15.67,-15.55],"FRSHTT":[1110000,1110000],"PRCP":[0.009999999,0.009999999],"SLP":[1015.68,1015.5199],"SNDP":[3.4,3.4],"STP":[1011,1010.7999],"TEMP":[-12.410001,-11.83],"VISIB":[6.5,6.35],"WDSP":[14.43,13.520001],"WNDDIR":[160.9,161.3],"time":[1549364857,1549364916]}