{"CLDC":[50.190006],"DEWP":[-11.650001],"FRSHTT":[1100000],"PRCP":[0.009999999],"SLP":[1025.03],"SNDP":[0],"STP":[999.82996],"TEMP":[-9.7],"VISIB":[15.020001],"WDSP":[7.79],"WNDDIR":[82.2],"time":[1549364858]}