{"CLDC":[50.080006],"DEWP":[-13.24],"FRSHTT":[1110000],"PRCP":[0.019999998],"SLP":[1019.6],"SNDP":[4.5999994],"STP":[1020.33997],"TEMP":[-10.25],"VISIB":[10.780001],"WDSP":[15.780001],"WNDDIR":[309.1],"time":[1549364856]}