{"CLDC":[50.080006,50.61],"DEWP":[-13.24,-12.750001],"FRSHTT":[1110000,1110000],"PRCP":[0.019999998,0.019999998],"SLP":[1019.6,1019.7001],"SNDP":[4.5999994,4.5999994],"STP":[1020.33997,1020.02997],"TEMP":[-10.25,-9.789999],"VISIB":[10.780001,10.53],"WDSP":[15.780001,15.43],"WNDDIR":[309.1,310.9],"time":[1549364856,1549364915]}