{"CLDC":[75.270004,75.2],"DEWP":[-8.620001,-8.089999],"FRSHTT":[1000000,1000000],"PRCP":[0,0],"SLP":[1024.51,1024.5999],"SNDP":[0,0],"STP":[1005.7001,1005.7001],"TEMP":[-7.38,-7.2],"VISIB":[22.149998,21.849998],"WDSP":[13.8,14.030001],"WNDDIR":[357.3,356.6],"time":[1549364856,1549364915]}