{"CLDC":[99.69,99.729996],"DEWP":[-19.039999,-18.88],"FRSHTT":[1000000,1000000],"PRCP":[0,0],"SLP":[1025.65,1026.2399],"SNDP":[0,0],"STP":[1009.27997,1009.57],"TEMP":[-16.640001,-17.12],"VISIB":[21.35,23.39],"WDSP":[2.6000001,2.6300004],"WNDDIR":[27.1,24.2],"time":[1549364858,1549364917]}