{"CLDC":[75.270004],"DEWP":[-8.620001],"FRSHTT":[1000000],"PRCP":[0],"SLP":[1024.51],"SNDP":[0],"STP":[1005.7001],"TEMP":[-7.38],"VISIB":[22.149998],"WDSP":[13.8],"WNDDIR":[357.3],"time":[1549364856]}