{"CLDC":[70.89001],"DEWP":[-7.660001],"FRSHTT":[1110000],"PRCP":[0.039999995],"SLP":[1011.6],"SNDP":[9.400001],"STP":[1008.05],"TEMP":[-5.62],"VISIB":[13.539999],"WDSP":[8.809999],"WNDDIR":[307.1],"time":[1549364858]}