{"CLDC":[70.89001,70.95],"DEWP":[-7.660001,-7.5800004],"FRSHTT":[1110000,1110000],"PRCP":[0.039999995,0.039999995],"SLP":[1011.6,1011.67004],"SNDP":[9.400001,9.400001],"STP":[1008.05,1008.2001],"TEMP":[-5.62,-5.91],"VISIB":[13.539999,12.7699995],"WDSP":[8.809999,8.84],"WNDDIR":[307.1,303.3],"time":[1549364858,1549364917]}