{"CLDC":[57.829998,57.660004],"DEWP":[-15.199999,-15.399999],"FRSHTT":[1110000,1110000],"PRCP":[0.009999999,0.009999999],"SLP":[1023.2001,1023.2999],"SNDP":[10.699999,10.699999],"STP":[1021.6701,1021.97003],"TEMP":[-12.64,-12.7],"VISIB":[37.729996,37.71],"WDSP":[13.19,12.960001],"WNDDIR":[35.5,31.8],"time":[1549364855,1549364915]}