{"CLDC":[55.51],"DEWP":[-15.33],"FRSHTT":[1110000],"PRCP":[0.11999999],"SLP":[1024.5],"SNDP":[6.7],"STP":[1011.7],"TEMP":[-12.639999],"VISIB":[8.69],"WDSP":[15.05],"WNDDIR":[313],"time":[1549364855]}