{"CLDC":[51.579998],"DEWP":[-17.44],"FRSHTT":[1110000],"PRCP":[0.039999995],"SLP":[1021.2001],"SNDP":[7.7],"STP":[1010.52997],"TEMP":[-14.8],"VISIB":[7.5299997],"WDSP":[17.51],"WNDDIR":[344.3],"time":[1549364859]}