{"CLDC":[72.15],"DEWP":[-20.970001],"FRSHTT":[1110000],"PRCP":[0.050000004],"SLP":[1021.6],"SNDP":[4.5999994],"STP":[1014.49005],"TEMP":[-18.24],"VISIB":[7.29],"WDSP":[14.57],"WNDDIR":[17.7],"time":[1549364860]}