{"CLDC":[83.91,83.86001],"DEWP":[-4.4500003,-4.4500003],"FRSHTT":[1000000,1000000],"PRCP":[0,0],"SLP":[1014.6,1014.6],"SNDP":[0,0],"STP":[1013.6,1013.6],"TEMP":[-3.98,-3.8200002],"VISIB":[9.23,9.96],"WDSP":[19.25,19.12],"WNDDIR":[14.9,15.4],"time":[1549364859,1549364917]}