{"CLDC":[50.010002],"DEWP":[-17.2],"FRSHTT":[1110000],"PRCP":[0.009999999],"SLP":[1021.2999],"SNDP":[3.2999997],"STP":[1011.7101],"TEMP":[-14],"VISIB":[12.320002],"WDSP":[11.67],"WNDDIR":[96.1],"time":[1549364859]}