{"CLDC":[77.950005,78.2],"DEWP":[-10.940001,-10.900002],"FRSHTT":[1110000,1110000],"PRCP":[0.07999999,0.07999999],"SLP":[1010.7999,1010.7999],"SNDP":[9.800001,9.800001],"STP":[1010.38995,1010.52997],"TEMP":[-8.94,-9],"VISIB":[14.909999,14.660001],"WDSP":[8.5,8.79],"WNDDIR":[274.9,277.8],"time":[1549364859,1549364917]}