{"CLDC":[95.94],"DEWP":[-12.1],"FRSHTT":[1110000],"PRCP":[0.050000004],"SLP":[1006.87],"SNDP":[6.9000006],"STP":[1005.39],"TEMP":[-10.1],"VISIB":[17.72],"WDSP":[13.3],"WNDDIR":[344.4],"time":[1549364859]}