{"CLDC":[95.94,95.63999],"DEWP":[-12.1,-12.019999],"FRSHTT":[1110000,1110000],"PRCP":[0.050000004,0.050000004],"SLP":[1006.87,1007.30994],"SNDP":[6.9000006,6.9000006],"STP":[1005.39,1005.35],"TEMP":[-10.1,-10.1],"VISIB":[17.72,17.150002],"WDSP":[13.3,13.079999],"WNDDIR":[344.4,345.4],"time":[1549364859,1549364917]}