{"CLDC":[52.329998],"DEWP":[-11.620001],"FRSHTT":[1110000],"PRCP":[0.009999999],"SLP":[1017.6],"SNDP":[4.2000003],"STP":[1019.9],"TEMP":[-8.95],"VISIB":[16.25],"WDSP":[14.81],"WNDDIR":[167.6],"time":[1549364858]}