{"CLDC":[52.329998,51.78],"DEWP":[-11.620001,-11.379999],"FRSHTT":[1110000,1110000],"PRCP":[0.009999999,0.009999999],"SLP":[1017.6,1017.65],"SNDP":[4.2000003,4.2000003],"STP":[1019.9,1019.7399],"TEMP":[-8.95,-8.530001],"VISIB":[16.25,16.88],"WDSP":[14.81,14.720001],"WNDDIR":[167.6,164.7],"time":[1549364858,1549364916]}