{"CLDC":[50.100006],"DEWP":[-20.240002],"FRSHTT":[1010000],"PRCP":[0],"SLP":[1045.5999],"SNDP":[9.300001],"STP":[1053.58],"TEMP":[-17.72],"VISIB":[21.69],"WDSP":[5.8700004],"WNDDIR":[133.6],"time":[1549364857]}