{"CLDC":[0.88,1.1500001],"DEWP":[-15.250002,-14.960001],"FRSHTT":[1000000,1000000],"PRCP":[0,0],"SLP":[1007.5,1007.5],"SNDP":[0,0],"STP":[999.57,999.59],"TEMP":[-12.76,-12.8],"VISIB":[5.589999,5.6899996],"WDSP":[6.9,7.7300005],"WNDDIR":[236.2,233.1],"time":[1549364857,1549364916]}