{"CLDC":[50.05],"DEWP":[-15.7],"FRSHTT":[1110000],"PRCP":[0.009999999],"SLP":[1024.4001],"SNDP":[3.4],"STP":[1020.4],"TEMP":[-12.550001],"VISIB":[26.51],"WDSP":[15.85],"WNDDIR":[120.7],"time":[1549364857]}