{"CLDC":[50.070004,50.210003],"DEWP":[-12.72,-12.72],"FRSHTT":[1110000,1110000],"PRCP":[0.059999995,0.062],"SLP":[1012,1011.9],"SNDP":[15.199999,15.199999],"STP":[1015.02,1015.20996],"TEMP":[-10.9,-10.749999],"VISIB":[20.759998,20.85],"WDSP":[8.19,8.280001],"WNDDIR":[349.4,348.1],"time":[1549364859,1549364917]}