{"CLDC":[51.560005],"DEWP":[-4.6],"FRSHTT":[1110000],"PRCP":[0.009999999],"SLP":[998.07996],"SNDP":[11.5],"STP":[1019.80994],"TEMP":[-3.2999997],"VISIB":[9.53],"WDSP":[38.48],"WNDDIR":[241.7],"time":[1549364858]}