{"CLDC":[51.560005,52.120003],"DEWP":[-4.6,-4.4399996],"FRSHTT":[1110000,1110000],"PRCP":[0.009999999,0.009999999],"SLP":[998.07996,998.04004],"SNDP":[11.5,11.599999],"STP":[1019.80994,1020.57],"TEMP":[-3.2999997,-3.2999997],"VISIB":[9.53,8.65],"WDSP":[38.48,38.17],"WNDDIR":[241.7,243.7],"time":[1549364858,1549364916]}