{"CLDC":[70.09],"DEWP":[-10.5],"FRSHTT":[1110000],"PRCP":[0.039999995],"SLP":[1019.81995],"SNDP":[9.300001],"STP":[1003.5],"TEMP":[-9.359999],"VISIB":[10.249999],"WDSP":[8.13],"WNDDIR":[190.3],"time":[1549364856]}