{"CLDC":[50.18],"DEWP":[-32.739998],"FRSHTT":[1110000],"PRCP":[0.07],"SLP":[1005],"SNDP":[27.3],"STP":[1010.7001],"TEMP":[-28.6],"VISIB":[4.8599997],"WDSP":[18.409998],"WNDDIR":[148.7],"time":[1549364860]}