{"CLDC":[15.7300005],"DEWP":[-3.7600002],"FRSHTT":[1000000],"PRCP":[0],"SLP":[1012.95],"SNDP":[0],"STP":[1007.02997],"TEMP":[-2.7],"VISIB":[15.910001],"WDSP":[40.43],"WNDDIR":[100.9],"time":[1549364859]}