{"CLDC":[50.120003],"DEWP":[-10.73],"FRSHTT":[1110000],"PRCP":[0.019999998],"SLP":[1012.5199],"SNDP":[3.2999997],"STP":[1013.5],"TEMP":[-7.6699996],"VISIB":[11.38],"WDSP":[22.05],"WNDDIR":[271.1],"time":[1549364859]}