{"CLDC":[50.160004],"DEWP":[-7.6800003],"FRSHTT":[1110000],"PRCP":[0.009999999],"SLP":[1022.2001],"SNDP":[0.59999996],"STP":[1026.53],"TEMP":[-4.3999996],"VISIB":[8.940001],"WDSP":[27.799997],"WNDDIR":[247.1],"time":[1549364859]}