{"CLDC":[50.160004,50.050003],"DEWP":[-7.6800003,-7.55],"FRSHTT":[1110000,1110000],"PRCP":[0.009999999,0.009999999],"SLP":[1022.2001,1022.2001],"SNDP":[0.59999996,0.59999996],"STP":[1026.53,1026.2301],"TEMP":[-4.3999996,-4.38],"VISIB":[8.940001,8.69],"WDSP":[27.799997,29.070002],"WNDDIR":[247.1,248.6],"time":[1549364859,1549364917]}