{"CLDC":[50.170006],"DEWP":[-17.560001],"FRSHTT":[1110000],"PRCP":[0.050000004],"SLP":[1021.2001],"SNDP":[6.2999997],"STP":[1019.7001],"TEMP":[-14.899999],"VISIB":[16.66],"WDSP":[11.129999],"WNDDIR":[352.8],"time":[1549364856]}