{"CLDC":[58.629997,58.52],"DEWP":[-15.979999,-16.050001],"FRSHTT":[1000000,1000000],"PRCP":[0,0],"SLP":[1017.66003,1017.6],"SNDP":[0,0],"STP":[1012.5,1012.5],"TEMP":[-12.179999,-11.820002],"VISIB":[16.189999,16.699999],"WDSP":[19.42,19.77],"WNDDIR":[275,270],"time":[1549364855,1549364915]}