{"CLDC":[60.73,60.54],"DEWP":[-17.05,-16.57],"FRSHTT":[1100000,1100000],"PRCP":[0.07,0.07],"SLP":[1027.7101,1027.89],"SNDP":[0,0],"STP":[1022.34,1022.0101],"TEMP":[-13.65,-13.51],"VISIB":[7.4200006,7.06],"WDSP":[14.2300005,13.969999],"WNDDIR":[299.1,300.8],"time":[1549364860,1549364918]}