{"CLDC":[50.010002],"DEWP":[-18.64],"FRSHTT":[1110000],"PRCP":[0.039999995],"SLP":[1026.9401],"SNDP":[4.2999997],"STP":[1026.2601],"TEMP":[-15.35],"VISIB":[7.950001],"WDSP":[11.88],"WNDDIR":[91.1],"time":[1549364860]}