{"CLDC":[50.010002,50.39],"DEWP":[-18.64,-18.25],"FRSHTT":[1110000,1110000],"PRCP":[0.039999995,0.039999995],"SLP":[1026.9401,1026.9501],"SNDP":[4.2999997,4.2999997],"STP":[1026.2601,1026.36],"TEMP":[-15.35,-14.900002],"VISIB":[7.950001,7.649999],"WDSP":[11.88,12.039999],"WNDDIR":[91.1,91.1],"time":[1549364860,1549364918]}