{"CLDC":[84.74999,85],"DEWP":[-6.7899995,-6.6800003],"FRSHTT":[1010000,1010000],"PRCP":[0,0],"SLP":[1029.93,1030.2301],"SNDP":[17.699999,17.699999],"STP":[969.2001,969.2001],"TEMP":[-4.33,-4.0499997],"VISIB":[19.04,19.34],"WDSP":[19.22,19.01],"WNDDIR":[228.6,228.1],"time":[1549364859,1549364917]}