{"CLDC":[50.090004],"DEWP":[-9.32],"FRSHTT":[1110000],"PRCP":[0.07],"SLP":[1007.49005],"SNDP":[8.300001],"STP":[1008.2999],"TEMP":[-7.8200006],"VISIB":[14.400002],"WDSP":[11.249999],"WNDDIR":[253.6],"time":[1549364859]}