{"CLDC":[41.249992,41.289997],"DEWP":[-19.68,-19.460001],"FRSHTT":[1000000,1000000],"PRCP":[0,0],"SLP":[1044.5999,1044.5999],"SNDP":[0,0],"STP":[1069.1599,1069.92],"TEMP":[-16.59,-16.47],"VISIB":[23.91,20.68],"WDSP":[10.340001,10.129999],"WNDDIR":[229.9,230],"time":[1549364860,1549364918]}