{"CLDC":[50.150005],"DEWP":[-4.9500003],"FRSHTT":[1100000],"PRCP":[0.07],"SLP":[1005.7999],"SNDP":[0],"STP":[1004],"TEMP":[-3.7899997],"VISIB":[11.430001],"WDSP":[22.399998],"WNDDIR":[277.2],"time":[1549364861]}