{"CLDC":[50.210003,50.409996],"DEWP":[-20.05,-20.2],"FRSHTT":[1110000,1110000],"PRCP":[0.029999997,0.029999997],"SLP":[1025.7999,1025.7999],"SNDP":[13.199999,13.199999],"STP":[1017.3499,1017.4],"TEMP":[-17.099998,-17.199999],"VISIB":[25.689999,26.170002],"WDSP":[7.94,8.15],"WNDDIR":[214.6,212.6],"time":[1549364855,1549364915]}