{"CLDC":[50.210003],"DEWP":[-20.05],"FRSHTT":[1110000],"PRCP":[0.029999997],"SLP":[1025.7999],"SNDP":[13.199999],"STP":[1017.3499],"TEMP":[-17.099998],"VISIB":[25.689999],"WDSP":[7.94],"WNDDIR":[214.6],"time":[1549364855]}