{"CLDC":[93.46999],"DEWP":[-7.96],"FRSHTT":[1110000],"PRCP":[0.09000001],"SLP":[1009.2899],"SNDP":[6.2999997],"STP":[1007.43],"TEMP":[-6.12],"VISIB":[15.720001],"WDSP":[13.139999],"WNDDIR":[242.6],"time":[1549364861]}