{"CLDC":[98.94001,99],"DEWP":[-6.910001,-6.9199996],"FRSHTT":[1110000,1110000],"PRCP":[0.07999999,0.07999999],"SLP":[1008,1007.85],"SNDP":[12,12],"STP":[1002.2201,1002.05],"TEMP":[-4.9399996,-5.2],"VISIB":[16.369999,16.61],"WDSP":[10.17,10.62],"WNDDIR":[227.3,226.6],"time":[1549364861,1549364918]}