{"CLDC":[53.02],"DEWP":[-7.5],"FRSHTT":[1110000],"PRCP":[0.07],"SLP":[1009.62],"SNDP":[6.5999994],"STP":[1010.62],"TEMP":[-5.6699996],"VISIB":[17.17],"WDSP":[24.83],"WNDDIR":[135.5],"time":[1549364861]}