{"CLDC":[72.09999],"DEWP":[-11.660001],"FRSHTT":[1010000],"PRCP":[0],"SLP":[1008],"SNDP":[31.100002],"STP":[995.7999],"TEMP":[-9.500001],"VISIB":[13.69],"WDSP":[13.81],"WNDDIR":[305.3],"time":[1549364857]}