{"CLDC":[50.160004],"DEWP":[-7.6],"FRSHTT":[1110000],"PRCP":[0.059999995],"SLP":[1008.89],"SNDP":[4.0999994],"STP":[1006.1],"TEMP":[-6],"VISIB":[13.110001],"WDSP":[13.129999],"WNDDIR":[5.2],"time":[1549364861]}