{"CLDC":[83.96001,83.990005],"DEWP":[-14.9,-14.9],"FRSHTT":[1110000,1110000],"PRCP":[0.039999995,0.039999995],"SLP":[1015.1,1015.1],"SNDP":[15,15],"STP":[1009.81995,1009.5],"TEMP":[-12.4800005,-12.320001],"VISIB":[20.800001,20.38],"WDSP":[9.890001,9.73],"WNDDIR":[259.2,263],"time":[1549364858,1549364916]}