{"CLDC":[83.96001],"DEWP":[-14.9],"FRSHTT":[1110000],"PRCP":[0.039999995],"SLP":[1015.1],"SNDP":[15],"STP":[1009.81995],"TEMP":[-12.4800005],"VISIB":[20.800001],"WDSP":[9.890001],"WNDDIR":[259.2],"time":[1549364858]}