{"CLDC":[94.200005,94.44],"DEWP":[-16.300001,-16.2],"FRSHTT":[1110000,1110000],"PRCP":[0.019999998,0.019999998],"SLP":[1025.23,1024.9501],"SNDP":[5.5,5.5],"STP":[997.57996,997.58997],"TEMP":[-14.07,-14.029999],"VISIB":[37.909996,38.309998],"WDSP":[6.6799994,7.5199995],"WNDDIR":[52.5,48],"time":[1549364856,1549364915]}