{"CLDC":[22],"DEWP":[-12.29],"FRSHTT":[1000000],"PRCP":[0],"SLP":[997.02],"SNDP":[0],"STP":[999.9],"TEMP":[-10.549999],"VISIB":[8.17],"WDSP":[10.370001],"WNDDIR":[335.7],"time":[1549364861]}