{"CLDC":[68.6,68.94],"DEWP":[-11.400001,-11.32],"FRSHTT":[1110000,1110000],"PRCP":[0.07,0.07],"SLP":[1011.48,1011.4],"SNDP":[8.699999,8.699999],"STP":[1008.2,1008.38995],"TEMP":[-9.6,-9.640001],"VISIB":[14.13,15.069998],"WDSP":[10.03,10.08],"WNDDIR":[9.4,7.8],"time":[1549364861,1549364919]}