{"CLDC":[67.5,67.68],"DEWP":[-7.4800005,-7.4800005],"FRSHTT":[1110000,1110000],"PRCP":[0.07,0.07],"SLP":[1008.97003,1008.9],"SNDP":[12.800001,12.9],"STP":[1009.86993,1010.33997],"TEMP":[-5.5099998,-5.65],"VISIB":[14.95,15.24],"WDSP":[8.55,8.559999],"WNDDIR":[57.2,58.4],"time":[1549364861,1549364919]}