{"CLDC":[67.5],"DEWP":[-7.4800005],"FRSHTT":[1110000],"PRCP":[0.07],"SLP":[1008.97003],"SNDP":[12.800001],"STP":[1009.86993],"TEMP":[-5.5099998],"VISIB":[14.95],"WDSP":[8.55],"WNDDIR":[57.2],"time":[1549364861]}