{"CLDC":[50.010002,50.030003],"DEWP":[-10.15,-10.150001],"FRSHTT":[1110000,1110000],"PRCP":[0.11,0.11],"SLP":[1009.99005,1010],"SNDP":[11.699999,11.699999],"STP":[1009.92004,1009.9],"TEMP":[-8.449999,-8.549999],"VISIB":[13.31,13.08],"WDSP":[11.340001,11.900001],"WNDDIR":[21,19.8],"time":[1549364861,1549364919]}