{"CLDC":[84.67],"DEWP":[-18.36],"FRSHTT":[1110000],"PRCP":[0.13],"SLP":[1025.7001],"SNDP":[10.199999],"STP":[1019.9699],"TEMP":[-15.5199995],"VISIB":[15.18],"WDSP":[9.559999],"WNDDIR":[30.8],"time":[1549364857]}