{"CLDC":[61.319996],"DEWP":[-9.799999],"FRSHTT":[1010000],"PRCP":[0],"SLP":[1015.2201],"SNDP":[17.699999],"STP":[994.7001],"TEMP":[-6.7200003],"VISIB":[11.009999],"WDSP":[18.24],"WNDDIR":[87.3],"time":[1549364857]}