{"CLDC":[61.319996,61.48],"DEWP":[-9.799999,-9.879999],"FRSHTT":[1010000,1010000],"PRCP":[0,0],"SLP":[1015.2201,1014.86],"SNDP":[17.699999,17.699999],"STP":[994.7001,994.7001],"TEMP":[-6.7200003,-6.8],"VISIB":[11.009999,11.300001],"WDSP":[18.24,18.140001],"WNDDIR":[87.3,85.7],"time":[1549364857,1549364916]}