{"CLDC":[50.010002],"DEWP":[-19.820002],"FRSHTT":[1110000],"PRCP":[0.050000004],"SLP":[1028.2599],"SNDP":[32],"STP":[1056.9202],"TEMP":[-16.92],"VISIB":[25.359999],"WDSP":[7.5699997],"WNDDIR":[231],"time":[1549364858]}