{"CLDC":[50.010002,50.120003],"DEWP":[-19.820002,-19.669998],"FRSHTT":[1110000,1110000],"PRCP":[0.050000004,0.050000004],"SLP":[1028.2599,1028.4001],"SNDP":[32,32.100002],"STP":[1056.9202,1056.9001],"TEMP":[-16.92,-16.679998],"VISIB":[25.359999,25.62],"WDSP":[7.5699997,7.66],"WNDDIR":[231,234.7],"time":[1549364858,1549364916]}