{"CLDC":[95.03999,95.259995],"DEWP":[-10.76,-10.73],"FRSHTT":[1110000,1110000],"PRCP":[0.07999999,0.07999999],"SLP":[1015.13007,1015.2001],"SNDP":[10.300001,10.400001],"STP":[1016.30994,1015.91003],"TEMP":[-8.559999,-8.8],"VISIB":[15.459999,15.729999],"WDSP":[6.1699996,6.0599995],"WNDDIR":[33.8,32.8],"time":[1549364855,1549364915]}