{"CLDC":[95.03999],"DEWP":[-10.76],"FRSHTT":[1110000],"PRCP":[0.07999999],"SLP":[1015.13007],"SNDP":[10.300001],"STP":[1016.30994],"TEMP":[-8.559999],"VISIB":[15.459999],"WDSP":[6.1699996],"WNDDIR":[33.8],"time":[1549364855]}