{"CLDC":[50.100006,50.329998],"DEWP":[-18.500002,-18.7],"FRSHTT":[1110000,1110000],"PRCP":[0.009999999,0.009999999],"SLP":[1026.53,1026.5999],"SNDP":[18.100002,18.100002],"STP":[1020,1020],"TEMP":[-15.800001,-15.800001],"VISIB":[17.630001,17.23],"WDSP":[4.9200006,5.2000003],"WNDDIR":[239.6,239.5],"time":[1549364856,1549364916]}