{"CLDC":[94.159996,93.86],"DEWP":[-12.75,-12.65],"FRSHTT":[1100000,1100000],"PRCP":[0.09000001,0.09000001],"SLP":[1013.4,1013.49005],"SNDP":[0,0],"STP":[1006.42004,1005.88],"TEMP":[-8.52,-8.58],"VISIB":[15.410001,15.070002],"WDSP":[13.589999,14.290001],"WNDDIR":[271.7,271],"time":[1549364855,1549364915]}