{"CLDC":[76.23],"DEWP":[-10.32],"FRSHTT":[1110000],"PRCP":[0.059999995],"SLP":[1010.4],"SNDP":[9.800001],"STP":[1004.63007],"TEMP":[-8.88],"VISIB":[12.5],"WDSP":[11.86],"WNDDIR":[290.2],"time":[1549364855]}