{"CLDC":[76.23,76.11],"DEWP":[-10.32,-10.18],"FRSHTT":[1110000,1110000],"PRCP":[0.059999995,0.059999995],"SLP":[1010.4,1010.4],"SNDP":[9.800001,9.800001],"STP":[1004.63007,1004.32996],"TEMP":[-8.88,-8.700001],"VISIB":[12.5,12.360001],"WDSP":[11.86,11.779999],"WNDDIR":[290.2,289.8],"time":[1549364855,1549364915]}