{"CLDC":[50.050003,50.389996],"DEWP":[-16.949999,-17.249998],"FRSHTT":[1110000,1110000],"PRCP":[0.009999999,0.009999999],"SLP":[1027.08,1027.0599],"SNDP":[20.100002,20.100002],"STP":[1011.7899,1011.67004],"TEMP":[-13.69,-13.62],"VISIB":[18.85,18.230001],"WDSP":[8.92,8.629999],"WNDDIR":[91.4,94.8],"time":[1549364858,1549364917]}