{"CLDC":[60.07],"DEWP":[-16],"FRSHTT":[1110000],"PRCP":[0.029999997],"SLP":[1025.2999],"SNDP":[11.400001],"STP":[1019.1],"TEMP":[-13.38],"VISIB":[14.209999],"WDSP":[11.65],"WNDDIR":[22.6],"time":[1549364859]}