{"CLDC":[50.399998,50.100006],"DEWP":[-8.42,-9.08],"FRSHTT":[1110000,1110000],"PRCP":[0.019999998,0.019999998],"SLP":[1027.99,1027.8901],"SNDP":[14.800001,14.9],"STP":[1027.1799,1028.4401],"TEMP":[-3.86,-3.6199996],"VISIB":[29.34,30.039999],"WDSP":[9.92,10.320001],"WNDDIR":[255.1,254.7],"time":[1549364859,1549364917]}