{"CLDC":[50.050003],"DEWP":[-17.100002],"FRSHTT":[1110000],"PRCP":[0.10000001],"SLP":[1026.7001],"SNDP":[9.5],"STP":[1015.86],"TEMP":[-14.140001],"VISIB":[9.58],"WDSP":[8.17],"WNDDIR":[138.2],"time":[1549364858]}