{"CLDC":[50.050003,50.05],"DEWP":[-17.100002,-17.000002],"FRSHTT":[1110000,1110000],"PRCP":[0.10000001,0.10000001],"SLP":[1026.7001,1026.76],"SNDP":[9.5,9.5],"STP":[1015.86,1015.7999],"TEMP":[-14.140001,-14.15],"VISIB":[9.58,9.45],"WDSP":[8.17,7.81],"WNDDIR":[138.2,139.9],"time":[1549364858,1549364917]}