{"CLDC":[97.78,97.34],"DEWP":[-6.589999,-6.589999],"FRSHTT":[1110000,1110000],"PRCP":[0.07,0.07],"SLP":[1007.2101,1007.41],"SNDP":[10,10],"STP":[1006.86,1006.94006],"TEMP":[-4.57,-4.7500005],"VISIB":[13,13.020001],"WDSP":[11.04,11.400001],"WNDDIR":[93.8,92.5],"time":[1549364855,1549364915]}