{"CLDC":[98.659996],"DEWP":[-14.7],"FRSHTT":[1100000],"PRCP":[0.09000001],"SLP":[1011.48],"SNDP":[0],"STP":[994.0301],"TEMP":[-12.780001],"VISIB":[10.689999],"WDSP":[12.85],"WNDDIR":[256.6],"time":[1549364858]}