{"CLDC":[6.3700004],"DEWP":[-18.619999],"FRSHTT":[1000000],"PRCP":[0],"SLP":[1030.36],"SNDP":[0],"STP":[1014.82996],"TEMP":[-16.23],"VISIB":[11.059999],"WDSP":[9.360001],"WNDDIR":[105.9],"time":[1549364858]}