{"CLDC":[98.659996,98.7],"DEWP":[-14.7,-14.7],"FRSHTT":[1100000,1100000],"PRCP":[0.09000001,0.09000001],"SLP":[1011.48,1011.12],"SNDP":[0,0],"STP":[994.0301,993.99005],"TEMP":[-12.780001,-12.72],"VISIB":[10.689999,10.83],"WDSP":[12.85,12.609999],"WNDDIR":[256.6,256.3],"time":[1549364858,1549364917]}