{"CLDC":[64.990005],"DEWP":[-13.9],"FRSHTT":[1000000],"PRCP":[0],"SLP":[1023.80994],"SNDP":[0],"STP":[993.4],"TEMP":[-7.05],"VISIB":[36.61],"WDSP":[10.059999],"WNDDIR":[75.1],"time":[1549364857]}