{"CLDC":[64.990005,65.28999],"DEWP":[-13.9,-13.85],"FRSHTT":[1000000,1000000],"PRCP":[0,0],"SLP":[1023.80994,1023.98],"SNDP":[0,0],"STP":[993.4,993.4],"TEMP":[-7.05,-7.0200005],"VISIB":[36.61,37.57],"WDSP":[10.059999,10.19],"WNDDIR":[75.1,76.2],"time":[1549364857,1549364916]}