{"CLDC":[50.269997],"DEWP":[-22.5],"FRSHTT":[1010000],"PRCP":[0],"SLP":[1023.9],"SNDP":[26.8],"STP":[1041.9],"TEMP":[-20.64],"VISIB":[14.910001],"WDSP":[4.0899997],"WNDDIR":[336.7],"time":[1549364857]}