{"CLDC":[50.220005,50.700005],"DEWP":[-7.3199997,-7.04],"FRSHTT":[1110000,1110000],"PRCP":[0.07,0.07],"SLP":[1014.4,1014.4699],"SNDP":[12.099999,12.099999],"STP":[991,991],"TEMP":[-5.75,-5.6000004],"VISIB":[21.98,22.619999],"WDSP":[11.099998,11.449999],"WNDDIR":[159,160.8],"time":[1549364855,1549364915]}