{"CLDC":[50.249992],"DEWP":[-15.679998],"FRSHTT":[1110000],"PRCP":[0.019999998],"SLP":[1022.7001],"SNDP":[8.800001],"STP":[1022.95996],"TEMP":[-13.759997],"VISIB":[20.85],"WDSP":[10.56],"WNDDIR":[14.8],"time":[1549364860]}