{"CLDC":[27.99],"DEWP":[-17.619999],"FRSHTT":[1000000],"PRCP":[0],"SLP":[1026.8301],"SNDP":[0],"STP":[1027.3],"TEMP":[-15.19],"VISIB":[17.36],"WDSP":[8.019999],"WNDDIR":[146.2],"time":[1549364860]}