{"CLDC":[50.299995],"DEWP":[-19.84],"FRSHTT":[1110000],"PRCP":[0.019999998],"SLP":[1031.6399],"SNDP":[11.599999],"STP":[1016.6],"TEMP":[-16.739998],"VISIB":[11.950001],"WDSP":[12.129999],"WNDDIR":[168.3],"time":[1549364860]}