{"CLDC":[84.420006],"DEWP":[-6.6],"FRSHTT":[1110000],"PRCP":[0.07],"SLP":[1012.05],"SNDP":[13.35],"STP":[1011.32],"TEMP":[-4.94],"VISIB":[14.05],"WDSP":[9.400002],"WNDDIR":[6.9],"time":[1549364856]}