{"CLDC":[84.420006,84.1],"DEWP":[-6.6,-6.600001],"FRSHTT":[1110000,1110000],"PRCP":[0.07,0.07],"SLP":[1012.05,1012],"SNDP":[13.35,13.4],"STP":[1011.32,1011.07996],"TEMP":[-4.94,-5.02],"VISIB":[14.05,14.2300005],"WDSP":[9.400002,8.99],"WNDDIR":[6.9,7.4],"time":[1549364856,1549364915]}