{"CLDC":[66.33],"DEWP":[-14.56],"FRSHTT":[1000000],"PRCP":[0],"SLP":[1034.31],"SNDP":[0],"STP":[1019.72003],"TEMP":[-12.369999],"VISIB":[5.4400005],"WDSP":[5.0199995],"WNDDIR":[107.7],"time":[1549364856]}