{"CLDC":[50.100006,50.389996],"DEWP":[-15.960001,-15.600001],"FRSHTT":[1110000,1110000],"PRCP":[0.029999997,0.029999997],"SLP":[1027.7999,1027.7001],"SNDP":[12.9,13],"STP":[1021.86005,1021.74005],"TEMP":[-12.799999,-12.860001],"VISIB":[11.059999,11.45],"WDSP":[13.92,14.679998],"WNDDIR":[186.5,185.7],"time":[1549364859,1549364918]}