{"CLDC":[50.2],"DEWP":[-8.51],"FRSHTT":[1110000],"PRCP":[0.059999995],"SLP":[1010.91],"SNDP":[10],"STP":[1007.7399],"TEMP":[-7.100001],"VISIB":[8.93],"WDSP":[11.08],"WNDDIR":[274.4],"time":[1549364856]}