{"CLDC":[53.150005,53.28],"DEWP":[-8.74,-8.88],"FRSHTT":[1110000,1110000],"PRCP":[0.059999995,0.059999995],"SLP":[1012.2999,1012.2999],"SNDP":[14,14.1],"STP":[1014.4,1014.2999],"TEMP":[-7.65,-7.45],"VISIB":[11.330001,10.890001],"WDSP":[9.4800005,9.320001],"WNDDIR":[68.9,68.3],"time":[1549364856,1549364915]}