{"CLDC":[28.38],"DEWP":[-19.499998],"FRSHTT":[1000000],"PRCP":[0],"SLP":[1026.9001],"SNDP":[0],"STP":[1043.54],"TEMP":[-13.879999],"VISIB":[40.03],"WDSP":[9.13],"WNDDIR":[136.7],"time":[1549364859]}