{"CLDC":[53.150005],"DEWP":[-8.74],"FRSHTT":[1110000],"PRCP":[0.059999995],"SLP":[1012.2999],"SNDP":[14],"STP":[1014.4],"TEMP":[-7.65],"VISIB":[11.330001],"WDSP":[9.4800005],"WNDDIR":[68.9],"time":[1549364856]}