{"CLDC":[50.409996],"DEWP":[-12.280001],"FRSHTT":[1100000],"PRCP":[0.050000004],"SLP":[1025.7001],"SNDP":[0],"STP":[994.7999],"TEMP":[-8.099999],"VISIB":[47.300003],"WDSP":[8.659999],"WNDDIR":[28],"time":[1549364858]}