{"CLDC":[72.21001],"DEWP":[-7.54],"FRSHTT":[1110000],"PRCP":[0.029999997],"SLP":[1014.7999],"SNDP":[14.1],"STP":[1008.18005],"TEMP":[-6.4399996],"VISIB":[10.57],"WDSP":[8.539999],"WNDDIR":[211],"time":[1549364856]}