{"CLDC":[50.409996,50.249996],"DEWP":[-12.280001,-12.5199995],"FRSHTT":[1100000,1100000],"PRCP":[0.050000004,0.050000004],"SLP":[1025.7001,1025.5999],"SNDP":[0,0],"STP":[994.7999,994.7999],"TEMP":[-8.099999,-8.099999],"VISIB":[47.300003,47.290005],"WDSP":[8.659999,9.29],"WNDDIR":[28,32.1],"time":[1549364858,1549364916]}