{"CLDC":[72.21001,72.09999],"DEWP":[-7.54,-7.3199997],"FRSHTT":[1110000,1110000],"PRCP":[0.029999997,0.029999997],"SLP":[1014.7999,1014.9],"SNDP":[14.1,14.1],"STP":[1008.18005,1007.9199],"TEMP":[-6.4399996,-6.2199993],"VISIB":[10.57,9.99],"WDSP":[8.539999,9.179999],"WNDDIR":[211,210.3],"time":[1549364856,1549364915]}