{"CLDC":[56.9],"DEWP":[-10.96],"FRSHTT":[1110000],"PRCP":[0.050000004],"SLP":[1026.89],"SNDP":[8.900001],"STP":[1003.5],"TEMP":[-8.800001],"VISIB":[50.239998],"WDSP":[7.2700005],"WNDDIR":[187.1],"time":[1549364858]}