{"CLDC":[50.080006,50],"DEWP":[-19.009998,-18.750002],"FRSHTT":[1100000,1100000],"PRCP":[0.009999999,0.009999999],"SLP":[1035.3,1035.21],"SNDP":[0,0],"STP":[1022.77,1021.79004],"TEMP":[-15.860001,-16.04],"VISIB":[10.280001,11.059999],"WDSP":[4.1299996,4.14],"WNDDIR":[184.8,184.7],"time":[1549364858,1549364917]}