{"CLDC":[50.090004,50.160004],"DEWP":[-11.379999,-11.599999],"FRSHTT":[1100000,1100000],"PRCP":[0.059999995,0.059999995],"SLP":[1016.6701,1016.6],"SNDP":[0,0],"STP":[1015.49005,1016.14],"TEMP":[-9.35,-9.000001],"VISIB":[14.62,14.469999],"WDSP":[8.049999,7.9000006],"WNDDIR":[279.9,278.8],"time":[1549364856,1549364915]}