{"CLDC":[50.010002],"DEWP":[-5.8799996],"FRSHTT":[1110000],"PRCP":[0.050000004],"SLP":[1009.95],"SNDP":[3.2999997],"STP":[1009.38],"TEMP":[-4.2200003],"VISIB":[12.12],"WDSP":[15.610001],"WNDDIR":[339.5],"time":[1549364856]}