{"CLDC":[50.399998,50.680004],"DEWP":[-6.8,-6.4],"FRSHTT":[1010000,1010000],"PRCP":[0,0],"SLP":[1020.12,1020.1],"SNDP":[12,12],"STP":[999.9,999.9],"TEMP":[-4.4799995,-4.5],"VISIB":[11.589999,11.440001],"WDSP":[13.07,12.53],"WNDDIR":[64.7,62.9],"time":[1549364860,1549364918]}