{"CLDC":[50,50.250008],"DEWP":[-6.4200006,-6.5500007],"FRSHTT":[1110000,1110000],"PRCP":[0.019999998,0.019999998],"SLP":[1020.12,1020.08997],"SNDP":[10.199999,10.300001],"STP":[988.2999,988.2999],"TEMP":[-4.2799997,-4.2200003],"VISIB":[5.3,4.86],"WDSP":[16.18,15.7300005],"WNDDIR":[317,316],"time":[1549364860,1549364918]}