{"CLDC":[82.68001,82.33],"DEWP":[-16.69,-16.820002],"FRSHTT":[1110000,1110000],"PRCP":[0.039999995,0.039999995],"SLP":[1028.7001,1028.7001],"SNDP":[3.7000003,3.7000003],"STP":[1032.62,1032.55],"TEMP":[-13.749998,-13.75],"VISIB":[16.759998,17.07],"WDSP":[20.070002,20.49],"WNDDIR":[282.1,282.6],"time":[1549364860,1549364918]}