{"CLDC":[88.65001,89.09],"DEWP":[-15.35,-15.460001],"FRSHTT":[1110000,1110000],"PRCP":[0.009999999,0.009999999],"SLP":[1029.18,1029.2001],"SNDP":[1.6000001,1.6000001],"STP":[1019.72003,1019.38],"TEMP":[-11.24,-11.25],"VISIB":[23.23,23.029999],"WDSP":[12.8,13.179998],"WNDDIR":[116.4,117],"time":[1549364859,1549364917]}