{"CLDC":[50.13],"DEWP":[-13.88],"FRSHTT":[1110000],"PRCP":[0.009999999],"SLP":[1023.36005],"SNDP":[11.400001],"STP":[1009.1],"TEMP":[-10.92],"VISIB":[9.429999],"WDSP":[10.219999],"WNDDIR":[17],"time":[1549364860]}