{"CLDC":[50.100002,50.179996],"DEWP":[-15.299998,-15.499998],"FRSHTT":[1110000,1110000],"PRCP":[0.050000004,0.050000004],"SLP":[1027.97,1027.91],"SNDP":[14.4,14.4],"STP":[1011.83997,1011.9601],"TEMP":[-11.58,-11.7],"VISIB":[32.670002,32.530003],"WDSP":[9.02,8.380001],"WNDDIR":[40,40.7],"time":[1549364859,1549364918]}