{"CLDC":[50.060005,50.120007],"DEWP":[-16.38,-16.439999],"FRSHTT":[1100000,1100000],"PRCP":[0.059999995,0.059999995],"SLP":[1035.18,1035.1799],"SNDP":[0,0],"STP":[1064.63,1064.5399],"TEMP":[-13.87,-13.620001],"VISIB":[17.33,16.43],"WDSP":[10.449999,11.409999],"WNDDIR":[131.1,137.3],"time":[1549364859,1549364918]}