{"CLDC":[50.060005],"DEWP":[-16.38],"FRSHTT":[1100000],"PRCP":[0.059999995],"SLP":[1035.18],"SNDP":[0],"STP":[1064.63],"TEMP":[-13.87],"VISIB":[17.33],"WDSP":[10.449999],"WNDDIR":[131.1],"time":[1549364859]}