{"CLDC":[50.100002],"DEWP":[-15.299998],"FRSHTT":[1110000],"PRCP":[0.050000004],"SLP":[1027.97],"SNDP":[14.4],"STP":[1011.83997],"TEMP":[-11.58],"VISIB":[32.670002],"WDSP":[9.02],"WNDDIR":[40],"time":[1549364859]}