{"CLDC":[50.010002],"DEWP":[-11.82],"FRSHTT":[1110000],"PRCP":[0.050000004],"SLP":[1027.8099],"SNDP":[4.0999994],"STP":[1008.29004],"TEMP":[-5.16],"VISIB":[50.370003],"WDSP":[13.160001],"WNDDIR":[337.6],"time":[1549364860]}