{"CLDC":[62.54,62.6],"DEWP":[-15.9800005,-15.9],"FRSHTT":[1110000,1110000],"PRCP":[0.31999996,0.32299995],"SLP":[1029.0999,1029.0999],"SNDP":[2,2],"STP":[1030.26,1030.77],"TEMP":[-12.460001,-12.78],"VISIB":[5.7699995,5.2400002],"WDSP":[13,12.93],"WNDDIR":[143.2,144.7],"time":[1549364860,1549364918]}