{"CLDC":[50,50.02],"DEWP":[-14.019999,-13.779999],"FRSHTT":[1110000,1110000],"PRCP":[0.71,0.71],"SLP":[1026.62,1026.7001],"SNDP":[5.4000006,5.4000006],"STP":[1023.39,1023.36993],"TEMP":[-8.9,-8.9],"VISIB":[13.659999,12.92],"WDSP":[17.189999,16.48],"WNDDIR":[172,166],"time":[1549364860,1549364918]}