{"CLDC":[50.170006],"DEWP":[-11.25],"FRSHTT":[1010000],"PRCP":[0],"SLP":[1033.5901],"SNDP":[9.300001],"STP":[990.2999],"TEMP":[-8.1],"VISIB":[14.389999],"WDSP":[7.5200005],"WNDDIR":[298.2],"time":[1549364860]}