{"CLDC":[50],"DEWP":[-14.019999],"FRSHTT":[1110000],"PRCP":[0.71],"SLP":[1026.62],"SNDP":[5.4000006],"STP":[1023.39],"TEMP":[-8.9],"VISIB":[13.659999],"WDSP":[17.189999],"WNDDIR":[172],"time":[1549364860]}