{"CLDC":[50.170006,50.07],"DEWP":[-11.25,-11.42],"FRSHTT":[1010000,1010000],"PRCP":[0,0],"SLP":[1033.5901,1033.3301],"SNDP":[9.300001,9.300001],"STP":[990.2999,990.2999],"TEMP":[-8.1,-8.2],"VISIB":[14.389999,13.67],"WDSP":[7.5200005,6.05],"WNDDIR":[298.2,294.1],"time":[1549364860,1549364918]}