{"CLDC":[76.81999,76.91],"DEWP":[-18.34,-18.35],"FRSHTT":[1110000,1110000],"PRCP":[0.14,0.14],"SLP":[1013.99005,1014.2101],"SNDP":[24.600002,24.679998],"STP":[994.1,994.38995],"TEMP":[-15.76,-15.7],"VISIB":[33.060005,32.82],"WDSP":[4.7200003,4.5099998],"WNDDIR":[165.9,165.5],"time":[1549364859,1549364917]}