{"CLDC":[67.63,67.63],"DEWP":[-7.200001,-7.2],"FRSHTT":[1110000,1110000],"PRCP":[0.07,0.07],"SLP":[1012.33997,1012.38],"SNDP":[13.199999,13.199999],"STP":[1013.6,1013.4],"TEMP":[-5.58,-5.71],"VISIB":[13.589999,13.199999],"WDSP":[11.720001,12.320001],"WNDDIR":[30.1,33.3],"time":[1549364856,1549364916]}