{"CLDC":[77.66,77.86],"DEWP":[-19.76,-19.650002],"FRSHTT":[1110000,1110000],"PRCP":[0.029999997,0.029999997],"SLP":[1030.2001,1030.2001],"SNDP":[2.5,2.5],"STP":[1027.2999,1027.2001],"TEMP":[-16.55,-16.55],"VISIB":[10.9,10.85],"WDSP":[8.84,9.360002],"WNDDIR":[65.2,66.3],"time":[1549364859,1549364917]}