{"CLDC":[80.22,80.01],"DEWP":[-16.8,-16.98],"FRSHTT":[1110000,1110000],"PRCP":[0.029999997,0.029999997],"SLP":[1029.2001,1029.1901],"SNDP":[7.3,7.3],"STP":[1008.65,1008.85],"TEMP":[-14.040001,-13.920001],"VISIB":[28.48,28.550003],"WDSP":[8.24,7.66],"WNDDIR":[358.9,358.5],"time":[1549364859,1549364917]}