{"CLDC":[82.41],"DEWP":[-17.5],"FRSHTT":[1110000],"PRCP":[0.019999998],"SLP":[1028],"SNDP":[8.300001],"STP":[1014.5],"TEMP":[-14.500002],"VISIB":[14.969999],"WDSP":[10.92],"WNDDIR":[195],"time":[1549364856]}