{"CLDC":[68.13999],"DEWP":[-22.49],"FRSHTT":[1000000],"PRCP":[0],"SLP":[1020.7001],"SNDP":[0],"STP":[1038.29],"TEMP":[-19.060001],"VISIB":[36.469997],"WDSP":[20.49],"WNDDIR":[104.2],"time":[1549364856]}