{"CLDC":[50.299995,50.309998],"DEWP":[-8.25,-8.02],"FRSHTT":[1110000,1110000],"PRCP":[0.039999995,0.039999995],"SLP":[1014.2001,1014.2001],"SNDP":[6.0999994,6.0999994],"STP":[1020.8299,1020.98],"TEMP":[-6.7200003,-6.6999993],"VISIB":[11.249999,11.4800005],"WDSP":[20.689999,20.72],"WNDDIR":[31,35.1],"time":[1549364857,1549364916]}