{"CLDC":[50.299995],"DEWP":[-8.25],"FRSHTT":[1110000],"PRCP":[0.039999995],"SLP":[1014.2001],"SNDP":[6.0999994],"STP":[1020.8299],"TEMP":[-6.7200003],"VISIB":[11.249999],"WDSP":[20.689999],"WNDDIR":[31],"time":[1549364857]}