{"CLDC":[68.13999,68.020004],"DEWP":[-22.49,-22.42],"FRSHTT":[1000000,1000000],"PRCP":[0,0],"SLP":[1020.7001,1020.7101],"SNDP":[0,0],"STP":[1038.29,1038.18],"TEMP":[-19.060001,-19.150002],"VISIB":[36.469997,36.45],"WDSP":[20.49,19.49],"WNDDIR":[104.2,104.5],"time":[1549364856,1549364916]}