{"CLDC":[50.160004],"DEWP":[-16.8],"FRSHTT":[1010000],"PRCP":[0],"SLP":[1029.4001],"SNDP":[10.5],"STP":[1021.35],"TEMP":[-13.9],"VISIB":[16.730001],"WDSP":[15.179998],"WNDDIR":[68.8],"time":[1549364855]}