{"CLDC":[57.819996,57.920002],"DEWP":[-13.770001,-13.9],"FRSHTT":[1110000,1110000],"PRCP":[0.019999998,0.019999998],"SLP":[1023.9,1023.9],"SNDP":[3.9,3.9],"STP":[1026.4801,1026.75],"TEMP":[-11.7,-11.7],"VISIB":[28.64,29.279999],"WDSP":[22.11,23.07],"WNDDIR":[177.8,184],"time":[1549364855,1549364915]}