{"CLDC":[57.819996],"DEWP":[-13.770001],"FRSHTT":[1110000],"PRCP":[0.019999998],"SLP":[1023.9],"SNDP":[3.9],"STP":[1026.4801],"TEMP":[-11.7],"VISIB":[28.64],"WDSP":[22.11],"WNDDIR":[177.8],"time":[1549364855]}