{"CLDC":[50.060005],"DEWP":[-18.039999],"FRSHTT":[1010000],"PRCP":[0],"SLP":[1029.9001],"SNDP":[21.199999],"STP":[1017.65],"TEMP":[-15.1],"VISIB":[9.97],"WDSP":[14.55],"WNDDIR":[120.2],"time":[1549364855]}