{"CLDC":[50.080006],"DEWP":[-15.799998],"FRSHTT":[1100000],"PRCP":[0.029999997],"SLP":[1022.94006],"SNDP":[0],"STP":[1021.05],"TEMP":[-12.9],"VISIB":[6.94],"WDSP":[17.69],"WNDDIR":[312.5],"time":[1549364855]}