{"CLDC":[50.140003,50.22],"DEWP":[-15.499998,-15.499998],"FRSHTT":[1010000,1010000],"PRCP":[0,0],"SLP":[1033.2999,1033.2999],"SNDP":[12,12],"STP":[1015,1015.1],"TEMP":[-13.300001,-13.300001],"VISIB":[18.48,18.77],"WDSP":[12.860001,12.679999],"WNDDIR":[142.4,140],"time":[1549364855,1549364915]}