{"CLDC":[50.140003],"DEWP":[-15.499998],"FRSHTT":[1010000],"PRCP":[0],"SLP":[1033.2999],"SNDP":[12],"STP":[1015],"TEMP":[-13.300001],"VISIB":[18.48],"WDSP":[12.860001],"WNDDIR":[142.4],"time":[1549364855]}