{"CLDC":[29.34,29.379995],"DEWP":[-5.7799997,-5.7799997],"FRSHTT":[1000000,1000000],"PRCP":[0,0],"SLP":[1003.6,1003.35],"SNDP":[0,0],"STP":[1002.91,1002.32],"TEMP":[-4.4199996,-4.44],"VISIB":[35.899998,36.020004],"WDSP":[18.35,18.25],"WNDDIR":[91.9,95.4],"time":[1549364857,1549364916]}