{"CLDC":[50.060005],"DEWP":[-15.429998],"FRSHTT":[1110000],"PRCP":[0.009999999],"SLP":[1021.9],"SNDP":[10.599999],"STP":[1002.2999],"TEMP":[-12.300001],"VISIB":[8.28],"WDSP":[18.849998],"WNDDIR":[342.7],"time":[1549364861]}