{"CLDC":[76.78999,76.82001],"DEWP":[-16.179998,-15.7300005],"FRSHTT":[1110000,1110000],"PRCP":[0.009999999,0.009999999],"SLP":[1030,1030],"SNDP":[3.7999997,3.7999997],"STP":[1021.48,1021.45],"TEMP":[-13.640001,-13.720001],"VISIB":[12.7699995,12.43],"WDSP":[10.92,11.42],"WNDDIR":[128.3,130.4],"time":[1549364861,1549364919]}