{"CLDC":[50.030003],"DEWP":[-8.219999],"FRSHTT":[1110000],"PRCP":[0.14999999],"SLP":[1008.6],"SNDP":[15.5],"STP":[1012.08997],"TEMP":[-6.4800005],"VISIB":[12.25],"WDSP":[12.31],"WNDDIR":[352.9],"time":[1549364857]}