{"CLDC":[50.15,50.02],"DEWP":[-14.709999,-15.559999],"FRSHTT":[1010000,1010000],"PRCP":[0,0],"SLP":[1038.99,1038.6],"SNDP":[7.9000006,7.9000006],"STP":[992.58997,992.93],"TEMP":[-11.849999,-11.849999],"VISIB":[20.4,20.029999],"WDSP":[2.49,2.5],"WNDDIR":[152.5,151.6],"time":[1549364860,1549364918]}