{"CLDC":[65.31,65.06999],"DEWP":[-0.8500001,-0.84000003],"FRSHTT":[0,0],"PRCP":[0,0],"SLP":[1015.4,1015.4],"SNDP":[0,0],"STP":[1014.7101,1014.7001],"TEMP":[0.24000004,0.26000002],"VISIB":[7.589999,6.95],"WDSP":[23.22,23.51],"WNDDIR":[132.7,131.4],"time":[1549364857,1549364916]}