{"CLDC":[50.010002],"DEWP":[-6.5799994],"FRSHTT":[1110000],"PRCP":[0.029999997],"SLP":[1004.2999],"SNDP":[3.1000001],"STP":[1006.7999],"TEMP":[-4.92],"VISIB":[16.78],"WDSP":[15.56],"WNDDIR":[336.5],"time":[1549364857]}