{"CLDC":[57.4],"DEWP":[-5.0200005],"FRSHTT":[1110000],"PRCP":[0.15999998],"SLP":[1001.2699],"SNDP":[4.5],"STP":[1002.18],"TEMP":[-3.5400002],"VISIB":[13.06],"WDSP":[9.559999],"WNDDIR":[0.9],"time":[1549364857]}