{"CLDC":[50.02,50.030003],"DEWP":[-5.8999996,-5.92],"FRSHTT":[1110000,1110000],"PRCP":[0.059999995,0.059999995],"SLP":[1010.7001,1010.7001],"SNDP":[4.0999994,4.0999994],"STP":[1009.2101,1009.2001],"TEMP":[-4.4,-4.4599996],"VISIB":[9.78,8.7699995],"WDSP":[10.679999,11.009999],"WNDDIR":[15.6,10.3],"time":[1549364858,1549364916]}