{"CLDC":[68.84999,68.75001],"DEWP":[-13.960001,-14.440001],"FRSHTT":[1110000,1110000],"PRCP":[0.019999998,0.019999998],"SLP":[1027.2001,1027.12],"SNDP":[9.5,9.5],"STP":[1017.42004,1017.54004],"TEMP":[-11.380001,-11.5],"VISIB":[17.05,17.2],"WDSP":[7.6399994,7.3700004],"WNDDIR":[65.3,70.6],"time":[1549364857,1549364916]}