{"CLDC":[69.9,69.81999],"DEWP":[-16.4,-16.52],"FRSHTT":[1110000,1110000],"PRCP":[0.029999997,0.029999997],"SLP":[1028.0999,1028.0999],"SNDP":[6.9000006,6.9000006],"STP":[1012.7001,1012.6],"TEMP":[-13.6,-13.58],"VISIB":[20.509998,20.560001],"WDSP":[12.770001,12.760001],"WNDDIR":[51,50.9],"time":[1549364857,1549364916]}