{"CLDC":[69.9],"DEWP":[-16.4],"FRSHTT":[1110000],"PRCP":[0.029999997],"SLP":[1028.0999],"SNDP":[6.9000006],"STP":[1012.7001],"TEMP":[-13.6],"VISIB":[20.509998],"WDSP":[12.770001],"WNDDIR":[51],"time":[1549364857]}