{"CLDC":[50.02],"DEWP":[-5.8999996],"FRSHTT":[1110000],"PRCP":[0.059999995],"SLP":[1010.7001],"SNDP":[4.0999994],"STP":[1009.2101],"TEMP":[-4.4],"VISIB":[9.78],"WDSP":[10.679999],"WNDDIR":[15.6],"time":[1549364858]}