{"CLDC":[68.84999],"DEWP":[-13.960001],"FRSHTT":[1110000],"PRCP":[0.019999998],"SLP":[1027.2001],"SNDP":[9.5],"STP":[1017.42004],"TEMP":[-11.380001],"VISIB":[17.05],"WDSP":[7.6399994],"WNDDIR":[65.3],"time":[1549364857]}