{"CLDC":[55.5,55.730003],"DEWP":[-6.84,-7.19],"FRSHTT":[1110000,1110000],"PRCP":[0.29,0.29],"SLP":[1005.5,1005.4],"SNDP":[6.7,6.7],"STP":[1019.38,1019.72003],"TEMP":[-5.8,-5.68],"VISIB":[13.280001,13.4],"WDSP":[6.5199995,6.47],"WNDDIR":[35,37.2],"time":[1549364858,1549364916]}