{"CLDC":[50.050003,50.090004],"DEWP":[-6.3400006,-6.6700006],"FRSHTT":[1110000,1110000],"PRCP":[0.14,0.14],"SLP":[1020.93,1021.00995],"SNDP":[11.5,11.599999],"STP":[980.1,980.1],"TEMP":[-4.6,-4.58],"VISIB":[9.82,9.309999],"WDSP":[21.869999,21.48],"WNDDIR":[199,198.3],"time":[1549364856,1549364915]}