{"CLDC":[55.5],"DEWP":[-6.84],"FRSHTT":[1110000],"PRCP":[0.29],"SLP":[1005.5],"SNDP":[6.7],"STP":[1019.38],"TEMP":[-5.8],"VISIB":[13.280001],"WDSP":[6.5199995],"WNDDIR":[35],"time":[1549364858]}