{"CLDC":[50.02],"DEWP":[-18.749998],"FRSHTT":[1100000],"PRCP":[0.050000004],"SLP":[1033.7899],"SNDP":[0],"STP":[1060.4099],"TEMP":[-15.499998],"VISIB":[26.41],"WDSP":[9.129999],"WNDDIR":[271.1],"time":[1549364856]}