{"CLDC":[67.94],"DEWP":[-6.9199996],"FRSHTT":[1110000],"PRCP":[0.059999995],"SLP":[1009.98],"SNDP":[4.9000006],"STP":[1010.7999],"TEMP":[-4.7999997],"VISIB":[9.74],"WDSP":[14.6],"WNDDIR":[289.1],"time":[1549364858]}