{"CLDC":[50.740005],"DEWP":[-12.679999],"FRSHTT":[1010000],"PRCP":[0],"SLP":[1030.51],"SNDP":[4.5999994],"STP":[1026.28],"TEMP":[-9.579999],"VISIB":[50.590004],"WDSP":[2.4499998],"WNDDIR":[44.8],"time":[1549364855]}