{"CLDC":[2.86,2.9699998],"DEWP":[-7.65,-7.7200003],"FRSHTT":[1000000,1000000],"PRCP":[0,0],"SLP":[1004.02,1004.13],"SNDP":[0,0],"STP":[1000.2301,1000.50995],"TEMP":[-5.9,-5.9],"VISIB":[8.1,8.639999],"WDSP":[12.24,13.05],"WNDDIR":[77,74.2],"time":[1549364858,1549364916]}