{"CLDC":[50.799995],"DEWP":[-6.200001],"FRSHTT":[1110000],"PRCP":[0.059999995],"SLP":[1011.27],"SNDP":[6.9000006],"STP":[1008.6],"TEMP":[-4.04],"VISIB":[13.360001],"WDSP":[20.31],"WNDDIR":[218.7],"time":[1549364858]}