{"CLDC":[57.799995],"DEWP":[-4.62],"FRSHTT":[1100000],"PRCP":[0.029999997],"SLP":[1007.5],"SNDP":[0],"STP":[1003.4],"TEMP":[-2.8200002],"VISIB":[15.190001],"WDSP":[29.8],"WNDDIR":[299.9],"time":[1549364858]}