{"CLDC":[52.190002,52.289997],"DEWP":[-16.460001,-16.35],"FRSHTT":[1110000,1110000],"PRCP":[0.019999998,0.019999998],"SLP":[1029.24,1029.2999],"SNDP":[4,4],"STP":[1027.2301,1027.0299],"TEMP":[-13.539999,-13.5199995],"VISIB":[10.860001,10.99],"WDSP":[11.9,11.759999],"WNDDIR":[266,269.4],"time":[1549364859,1549364917]}