{"CLDC":[52.190002],"DEWP":[-16.460001],"FRSHTT":[1110000],"PRCP":[0.019999998],"SLP":[1029.24],"SNDP":[4],"STP":[1027.2301],"TEMP":[-13.539999],"VISIB":[10.860001],"WDSP":[11.9],"WNDDIR":[266],"time":[1549364859]}