{"CLDC":[57.799995,57.22],"DEWP":[-4.62,-4.6600003],"FRSHTT":[1100000,1100000],"PRCP":[0.029999997,0.029999997],"SLP":[1007.5,1007.5],"SNDP":[0,0],"STP":[1003.4,1003.4],"TEMP":[-2.8200002,-2.8200002],"VISIB":[15.190001,14.87],"WDSP":[29.8,30.469997],"WNDDIR":[299.9,300.3],"time":[1549364858,1549364916]}