{"CLDC":[87.2],"DEWP":[-14.350001],"FRSHTT":[1010000],"PRCP":[0],"SLP":[1026.9801],"SNDP":[12.099999],"STP":[1013.12],"TEMP":[-12.360002],"VISIB":[38.31],"WDSP":[15.5199995],"WNDDIR":[247.2],"time":[1549364859]}