{"CLDC":[50.590004,50.670006],"DEWP":[-16.34,-16.560001],"FRSHTT":[1110000,1110000],"PRCP":[0.009999999,0.009999999],"SLP":[1027.7999,1027.95],"SNDP":[11.099999,11.099999],"STP":[1015,1014.9],"TEMP":[-14.0199995,-14.090001],"VISIB":[42.359997,42.17],"WDSP":[14.31,14.599998],"WNDDIR":[50.6,51],"time":[1549364859,1549364917]}