{"CLDC":[50.249996,50.260002],"DEWP":[-4.7699995,-4.68],"FRSHTT":[1110000,1110000],"PRCP":[0.050000004,0.050000004],"SLP":[1013.27997,1013.24005],"SNDP":[2.6000001,2.6000001],"STP":[1018.32,1018.0399],"TEMP":[-2.5400002,-2.5800002],"VISIB":[13.38,13.87],"WDSP":[29.01,30.689999],"WNDDIR":[164.5,166.8],"time":[1549364858,1549364916]}