{"CLDC":[50.590004],"DEWP":[-16.34],"FRSHTT":[1110000],"PRCP":[0.009999999],"SLP":[1027.7999],"SNDP":[11.099999],"STP":[1015],"TEMP":[-14.0199995],"VISIB":[42.359997],"WDSP":[14.31],"WNDDIR":[50.6],"time":[1549364859]}