{"CLDC":[99.55],"DEWP":[-14.38],"FRSHTT":[1100000],"PRCP":[0.019999998],"SLP":[1035.51],"SNDP":[0],"STP":[1018.32996],"TEMP":[-12.550001],"VISIB":[13.509999],"WDSP":[11.49],"WNDDIR":[115.8],"time":[1549364858]}