{"CLDC":[50.060005,50.15],"DEWP":[-18.530003,-18.789997],"FRSHTT":[1010000,1010000],"PRCP":[0,0],"SLP":[1033.5,1033.5999],"SNDP":[13.9,13.9],"STP":[1015.6,1015.6],"TEMP":[-18.58,-18.3],"VISIB":[6.79,6.44],"WDSP":[9.81,9.34],"WNDDIR":[281.8,279.7],"time":[1549364858,1549364916]}