{"CLDC":[99.55,99.56999],"DEWP":[-14.38,-14.539999],"FRSHTT":[1100000,1100000],"PRCP":[0.019999998,0.019999998],"SLP":[1035.51,1035.5],"SNDP":[0,0],"STP":[1018.32996,1018.50995],"TEMP":[-12.550001,-12.450002],"VISIB":[13.509999,12.83],"WDSP":[11.49,10.950001],"WNDDIR":[115.8,116],"time":[1549364858,1549364916]}