{"CLDC":[50.329994],"DEWP":[-14.699999],"FRSHTT":[1110000],"PRCP":[0.029999997],"SLP":[1030.0999],"SNDP":[8.099999],"STP":[1020.0199],"TEMP":[-11.800001],"VISIB":[7.2700005],"WDSP":[18.77],"WNDDIR":[91.2],"time":[1549364858]}