{"CLDC":[50.190006],"DEWP":[-13.149999],"FRSHTT":[1100000],"PRCP":[0.36999997],"SLP":[1029.7001],"SNDP":[0],"STP":[1028.7699],"TEMP":[-9.559999],"VISIB":[34.56],"WDSP":[22.22],"WNDDIR":[80.4],"time":[1549364858]}