{"CLDC":[89.079994],"DEWP":[-11.27],"FRSHTT":[1110000],"PRCP":[0.050000004],"SLP":[1026.3301],"SNDP":[19.399998],"STP":[987.7999],"TEMP":[-4.7499995],"VISIB":[22.32],"WDSP":[19.32],"WNDDIR":[97.9],"time":[1549364857]}