{"CLDC":[73.270004],"DEWP":[-14.17],"FRSHTT":[1110000],"PRCP":[0.039999995],"SLP":[1030.2001],"SNDP":[14.300001],"STP":[1015.7001],"TEMP":[-11.240001],"VISIB":[6.06],"WDSP":[10.66],"WNDDIR":[128.4],"time":[1549364857]}