{"CLDC":[73.270004,73.119995],"DEWP":[-14.17,-14.44],"FRSHTT":[1110000,1110000],"PRCP":[0.039999995,0.039999995],"SLP":[1030.2001,1030.3601],"SNDP":[14.300001,14.300001],"STP":[1015.7001,1015.69006],"TEMP":[-11.240001,-11.24],"VISIB":[6.06,6.36],"WDSP":[10.66,10.299999],"WNDDIR":[128.4,129],"time":[1549364857,1549364916]}