{"CLDC":[50.110004],"DEWP":[-5.700001],"FRSHTT":[1110000],"PRCP":[0.050000004],"SLP":[1014.1],"SNDP":[3.7999997],"STP":[1006.00995],"TEMP":[-4.2],"VISIB":[13.590001],"WDSP":[20.720001],"WNDDIR":[80.6],"time":[1549364858]}