{"CLDC":[87.28001],"DEWP":[-14.039999],"FRSHTT":[1100000],"PRCP":[0.28],"SLP":[1035.7999],"SNDP":[0],"STP":[1047.3401],"TEMP":[-11.199999],"VISIB":[12.940001],"WDSP":[7.72],"WNDDIR":[235.6],"time":[1549364857]}