{"CLDC":[50.090004],"DEWP":[-15.320002],"FRSHTT":[1010000],"PRCP":[0],"SLP":[1032.9001],"SNDP":[1.3000001],"STP":[1015.47003],"TEMP":[-11.66],"VISIB":[46.25],"WDSP":[9.58],"WNDDIR":[303.1],"time":[1549364856]}