{"CLDC":[50.090004,50.02],"DEWP":[-15.320002,-15.320002],"FRSHTT":[1010000,1010000],"PRCP":[0,0],"SLP":[1032.9001,1032.9001],"SNDP":[1.3000001,1.3000001],"STP":[1015.47003,1015.5],"TEMP":[-11.66,-11.639999],"VISIB":[46.25,46.289997],"WDSP":[9.58,9.009999],"WNDDIR":[303.1,301.6],"time":[1549364856,1549364915]}