{"CLDC":[22.91,22.82],"DEWP":[-8.400001,-8.83],"FRSHTT":[1000000,1000000],"PRCP":[0,0],"SLP":[1030.53,1030.3298],"SNDP":[0,0],"STP":[987.1,987.1],"TEMP":[-5.8500004,-5.85],"VISIB":[10.62,10.539999],"WDSP":[2.1000001,2.2000003],"WNDDIR":[43.7,39.4],"time":[1549364856,1549364915]}