{"CLDC":[50.120003],"DEWP":[-11.76],"FRSHTT":[1110000],"PRCP":[0.019999998],"SLP":[1025.2999],"SNDP":[0.6999999],"STP":[1016.93],"TEMP":[-7.84],"VISIB":[21.67],"WDSP":[9.35],"WNDDIR":[212.8],"time":[1549364856]}