{"CLDC":[50.010002,50.160004],"DEWP":[-7.75,-7.6],"FRSHTT":[1010000,1010000],"PRCP":[0,0],"SLP":[1016.2999,1016.2001],"SNDP":[1.8999999,1.8999999],"STP":[1026.01,1026.09],"TEMP":[-5.3999996,-5.299999],"VISIB":[14.540001,15.910001],"WDSP":[20.97,21.099998],"WNDDIR":[92.1,93.9],"time":[1549364858,1549364917]}