{"CLDC":[22.91],"DEWP":[-8.400001],"FRSHTT":[1000000],"PRCP":[0],"SLP":[1030.53],"SNDP":[0],"STP":[987.1],"TEMP":[-5.8500004],"VISIB":[10.62],"WDSP":[2.1000001],"WNDDIR":[43.7],"time":[1549364856]}