{"CLDC":[69.049995],"DEWP":[-6.8200006],"FRSHTT":[1110000],"PRCP":[0.019999998],"SLP":[1006],"SNDP":[6.8],"STP":[1005.1701],"TEMP":[-4.7000003],"VISIB":[19.119999],"WDSP":[23.030003],"WNDDIR":[176.9],"time":[1549364858]}