{"CLDC":[50.100002],"DEWP":[-16.04],"FRSHTT":[1010000],"PRCP":[0],"SLP":[1030.5999],"SNDP":[7.2],"STP":[965.1],"TEMP":[-12.660001],"VISIB":[19.359999],"WDSP":[2.9499998],"WNDDIR":[286.2],"time":[1549364855]}