{"CLDC":[38.720005],"DEWP":[-3.6599998],"FRSHTT":[1000000],"PRCP":[0],"SLP":[1000.0399],"SNDP":[0],"STP":[989.65],"TEMP":[-0.59999996],"VISIB":[23.130001],"WDSP":[39.64],"WNDDIR":[280.3],"time":[1549364858]}