{"CLDC":[38.720005,38.280003],"DEWP":[-3.6599998,-3.7599998],"FRSHTT":[1000000,1000000],"PRCP":[0,0],"SLP":[1000.0399,999.23],"SNDP":[0,0],"STP":[989.65,988.5101],"TEMP":[-0.59999996,-0.59999996],"VISIB":[23.130001,22.890001],"WDSP":[39.64,41.329998],"WNDDIR":[280.3,282.3],"time":[1549364858,1549364917]}