{"CLDC":[60.23,60.140003],"DEWP":[-12.53,-12.970001],"FRSHTT":[1110000,1110000],"PRCP":[0.039999995,0.039999995],"SLP":[1027.2001,1027.2001],"SNDP":[26.3,26.399998],"STP":[1013.1,1013.1],"TEMP":[-9.849999,-9.799999],"VISIB":[30.560003,31.080002],"WDSP":[15.75,14.969999],"WNDDIR":[318.9,323.2],"time":[1549364860,1549364918]}