{"CLDC":[50.160004],"DEWP":[-15.149999],"FRSHTT":[1110000],"PRCP":[0.019999998],"SLP":[1030.8298],"SNDP":[3.7000003],"STP":[1022.7999],"TEMP":[-11.849998],"VISIB":[8.690001],"WDSP":[14.2699995],"WNDDIR":[72.1],"time":[1549364859]}