{"CLDC":[50.160004,50.319996],"DEWP":[-15.149999,-15.6],"FRSHTT":[1110000,1110000],"PRCP":[0.019999998,0.019999998],"SLP":[1030.8298,1030.7999],"SNDP":[3.7000003,3.7000003],"STP":[1022.7999,1022.7999],"TEMP":[-11.849998,-11.949999],"VISIB":[8.690001,8.38],"WDSP":[14.2699995,14],"WNDDIR":[72.1,71.5],"time":[1549364859,1549364917]}