{"CLDC":[76.17],"DEWP":[-14.7],"FRSHTT":[1110000],"PRCP":[0.050000004],"SLP":[1032.5999],"SNDP":[7.7],"STP":[1004.0301],"TEMP":[-10.859999],"VISIB":[14.19],"WDSP":[7.8600006],"WNDDIR":[147.3],"time":[1549364859]}