{"CLDC":[95.09999,95],"DEWP":[-14.4,-14.4],"FRSHTT":[1000000,1000000],"PRCP":[0,0],"SLP":[1033.5798,1033.7999],"SNDP":[0,0],"STP":[968.7999,968.7999],"TEMP":[-12.160001,-12.16],"VISIB":[46.329998,46.480003],"WDSP":[4.29,4.5],"WNDDIR":[313.6,311.2],"time":[1549364858,1549364916]}