{"CLDC":[95.09999],"DEWP":[-14.4],"FRSHTT":[1000000],"PRCP":[0],"SLP":[1033.5798],"SNDP":[0],"STP":[968.7999],"TEMP":[-12.160001],"VISIB":[46.329998],"WDSP":[4.29],"WNDDIR":[313.6],"time":[1549364858]}