{"CLDC":[50.259995,50.329994],"DEWP":[-17.499998,-17.46],"FRSHTT":[1110000,1110000],"PRCP":[0.039999995,0.039999995],"SLP":[1035.4202,1035.49],"SNDP":[18.5,18.5],"STP":[861.88,862.04004],"TEMP":[-14.74,-14.649999],"VISIB":[34.53,32.82],"WDSP":[4.2400002,4.3399997],"WNDDIR":[172.5,170.6],"time":[1549364857,1549364916]}