{"CLDC":[50.259995],"DEWP":[-17.499998],"FRSHTT":[1110000],"PRCP":[0.039999995],"SLP":[1035.4202],"SNDP":[18.5],"STP":[861.88],"TEMP":[-14.74],"VISIB":[34.53],"WDSP":[4.2400002],"WNDDIR":[172.5],"time":[1549364857]}