{"CLDC":[2.7999997],"DEWP":[-17.3],"FRSHTT":[1000000],"PRCP":[0],"SLP":[1037.2101],"SNDP":[0],"STP":[1042.59],"TEMP":[-12.920001],"VISIB":[40.06],"WDSP":[5.3299994],"WNDDIR":[202.3],"time":[1549364856]}