{"CLDC":[83.39001],"DEWP":[0.060000002],"FRSHTT":[0],"PRCP":[0],"SLP":[1004.1],"SNDP":[0],"STP":[1008.7699],"TEMP":[2.8799996],"VISIB":[22.359999],"WDSP":[39.800003],"WNDDIR":[55.6],"time":[1549364861]}