{"CLDC":[19.800001],"DEWP":[1.31],"FRSHTT":[0],"PRCP":[0],"SLP":[994.44006],"SNDP":[0],"STP":[999.25],"TEMP":[2.1600003],"VISIB":[18.3],"WDSP":[40.579994],"WNDDIR":[66.5],"time":[1549364861]}