{"CLDC":[90.36001,90.41],"DEWP":[-1.9199998,-1.96],"FRSHTT":[110000,110000],"PRCP":[0.27,0.27],"SLP":[1004.4,1004.4],"SNDP":[0.40000004,0.40000004],"STP":[1006.14,1006.2001],"TEMP":[0.6999999,0.6999999],"VISIB":[19.849998,19.939999],"WDSP":[33.219997,33.280003],"WNDDIR":[147.5,147.1],"time":[1549364861,1549364918]}