{"CLDC":[14.93],"DEWP":[-27.980001],"FRSHTT":[1000000],"PRCP":[0],"SLP":[1037.2899],"SNDP":[0],"STP":[1042.3499],"TEMP":[-24.900002],"VISIB":[15.749998],"WDSP":[0.5],"WNDDIR":[186.9],"time":[1549364860]}