{"CLDC":[14.93,14.830002],"DEWP":[-27.980001,-27.320002],"FRSHTT":[1000000,1000000],"PRCP":[0,0],"SLP":[1037.2899,1037.22],"SNDP":[0,0],"STP":[1042.3499,1039.8499],"TEMP":[-24.900002,-24.850002],"VISIB":[15.749998,15.25],"WDSP":[0.5,0.59999996],"WNDDIR":[186.9,189],"time":[1549364860,1549364918]}