{"CLDC":[3.9800003,4.54],"DEWP":[-1.72,-1.9300001],"FRSHTT":[0,0],"PRCP":[0,0],"SLP":[995.2001,995.2001],"SNDP":[0,0],"STP":[984.64,984.85],"TEMP":[1.9799999,1.8799999],"VISIB":[15.210001,15.08],"WDSP":[46.03,47.250004],"WNDDIR":[172.1,171.3],"time":[1549364861,1549364918]}