{"CLDC":[3.9800003],"DEWP":[-1.72],"FRSHTT":[0],"PRCP":[0],"SLP":[995.2001],"SNDP":[0],"STP":[984.64],"TEMP":[1.9799999],"VISIB":[15.210001],"WDSP":[46.03],"WNDDIR":[172.1],"time":[1549364861]}