{"CLDC":[50.080006,50.04],"DEWP":[-13.600001,-13.599998],"FRSHTT":[1110000,1110000],"PRCP":[0.14,0.14],"SLP":[1027.0999,1027.0999],"SNDP":[12.5,12.5],"STP":[1016.15,1015.32996],"TEMP":[-12.370001,-12.17],"VISIB":[43.94,43.409996],"WDSP":[4.36,4.1600003],"WNDDIR":[222,224.6],"time":[1549364860,1549364918]}