{"CLDC":[63.469994,63.620003],"DEWP":[-0.71000004,-0.62],"FRSHTT":[110000,110000],"PRCP":[0.20000002,0.20000002],"SLP":[1003.7001,1003.7001],"SNDP":[0.29999998,0.29999998],"STP":[1001.02997,1001.43],"TEMP":[2.2599998,2.1200001],"VISIB":[20.05,19.45],"WDSP":[36.47,37.109997],"WNDDIR":[30.1,27.8],"time":[1549364861,1549364918]}