{"CLDC":[61.170002,60.829998],"DEWP":[0.75,0.71999997],"FRSHTT":[100000,100000],"PRCP":[0.09000001,0.09000001],"SLP":[1007.57,1007.5],"SNDP":[0,0],"STP":[1007.36,1007.2801],"TEMP":[2.98,3.02],"VISIB":[22.92,23.3],"WDSP":[28.420002,26.849997],"WNDDIR":[263.9,268.1],"time":[1549364861,1549364919]}