{"CLDC":[50.22],"DEWP":[-17.150002],"FRSHTT":[1110000],"PRCP":[0.029999997],"SLP":[1030],"SNDP":[10.599999],"STP":[1014.6501],"TEMP":[-14.93],"VISIB":[16.289999],"WDSP":[11.270001],"WNDDIR":[140.2],"time":[1549364856]}