{"CLDC":[6.84],"DEWP":[-0.93999994],"FRSHTT":[0],"PRCP":[0],"SLP":[969.05],"SNDP":[0],"STP":[987.25],"TEMP":[2.86],"VISIB":[13.780001],"WDSP":[53.02],"WNDDIR":[149.1],"time":[1549364861]}