{"CLDC":[94.17,94.090004],"DEWP":[-18.939999,-18.640001],"FRSHTT":[1110000,1110000],"PRCP":[0.029999997,0.029999997],"SLP":[1031.5999,1031.5999],"SNDP":[28.7,28.8],"STP":[1005.7001,1005.6],"TEMP":[-16.179998,-16.01],"VISIB":[13.410001,12.820002],"WDSP":[8.42,8.099999],"WNDDIR":[115.7,112.9],"time":[1549364861,1549364918]}