{"CLDC":[50.07,50.359997],"DEWP":[-1.1499999,-1.0999999],"FRSHTT":[110000,110000],"PRCP":[0.16999999,0.16999999],"SLP":[1005.7999,1005.7999],"SNDP":[0.20000002,0.20000002],"STP":[1008.7001,1008.7001],"TEMP":[1.04,1.07],"VISIB":[17.48,17.55],"WDSP":[29.439999,29.01],"WNDDIR":[93.3,93.8],"time":[1549364861,1549364919]}