{"CLDC":[50.07],"DEWP":[-1.1499999],"FRSHTT":[110000],"PRCP":[0.16999999],"SLP":[1005.7999],"SNDP":[0.20000002],"STP":[1008.7001],"TEMP":[1.04],"VISIB":[17.48],"WDSP":[29.439999],"WNDDIR":[93.3],"time":[1549364861]}