{"CLDC":[84.759995,84.58],"DEWP":[-0.8999999,-0.8999999],"FRSHTT":[100000,100000],"PRCP":[0.18000002,0.18000002],"SLP":[1004.5,1004.4601],"SNDP":[0,0],"STP":[998.6,998.73],"TEMP":[1.3599999,1.3599999],"VISIB":[24.46,24.829998],"WDSP":[27.35,30.069998],"WNDDIR":[129.3,126.6],"time":[1549364855,1549364915]}