{"CLDC":[84.759995],"DEWP":[-0.8999999],"FRSHTT":[100000],"PRCP":[0.18000002],"SLP":[1004.5],"SNDP":[0],"STP":[998.6],"TEMP":[1.3599999],"VISIB":[24.46],"WDSP":[27.35],"WNDDIR":[129.3],"time":[1549364855]}