{"CLDC":[50.090004,50.52],"DEWP":[-1.08,-0.84],"FRSHTT":[100000,100000],"PRCP":[0.14999999,0.14999999],"SLP":[1000.27,998.92004],"SNDP":[0,0],"STP":[999.63,1000.14],"TEMP":[0.5,0.5],"VISIB":[18.81,18.399998],"WDSP":[18.01,17.539999],"WNDDIR":[110.2,109.2],"time":[1549364855,1549364915]}