{"CLDC":[50.090004],"DEWP":[-1.08],"FRSHTT":[100000],"PRCP":[0.14999999],"SLP":[1000.27],"SNDP":[0],"STP":[999.63],"TEMP":[0.5],"VISIB":[18.81],"WDSP":[18.01],"WNDDIR":[110.2],"time":[1549364855]}