{"CLDC":[91.369995],"DEWP":[7.149999],"FRSHTT":[0],"PRCP":[0],"SLP":[972.85],"SNDP":[0],"STP":[982.72003],"TEMP":[7.7700005],"VISIB":[4.8399997],"WDSP":[19.630001],"WNDDIR":[252.5],"time":[1549364855]}