{"CLDC":[68.88001,68.55],"DEWP":[1.38,1.28],"FRSHTT":[0,0],"PRCP":[0,0],"SLP":[1005.6,1005.6],"SNDP":[0,0],"STP":[1011.75,1011.55],"TEMP":[3.48,3.4399998],"VISIB":[22.59,22.480001],"WDSP":[38.54,39.280003],"WNDDIR":[190,189.3],"time":[1549364855,1549364915]}