{"CLDC":[75.58999,75.25],"DEWP":[0.51,0.47999996],"FRSHTT":[100000,100000],"PRCP":[0.21000001,0.21000001],"SLP":[1003,1002.9],"SNDP":[0,0],"STP":[996.2001,996.52],"TEMP":[3.1600003,3.14],"VISIB":[26.670002,26.750004],"WDSP":[34.510002,34.6],"WNDDIR":[318.5,320.1],"time":[1549364855,1549364915]}