{"CLDC":[50.010002,50.060005],"DEWP":[-16.060001,-15.9],"FRSHTT":[1010000,1010000],"PRCP":[0,0],"SLP":[1021.82996,1021.88],"SNDP":[0.10000001,0.10000001],"STP":[1007.9,1008],"TEMP":[-13.659999,-13.5],"VISIB":[7.1400003,7.7400002],"WDSP":[9.49,9.370001],"WNDDIR":[165.9,162.4],"time":[1549364859,1549364917]}