{"CLDC":[50.190006,50.5],"DEWP":[-19.85,-19.92],"FRSHTT":[1110000,1110000],"PRCP":[0.029999997,0.029999997],"SLP":[1033,1032.9501],"SNDP":[15.5,15.5],"STP":[1006.00995,1006.30994],"TEMP":[-18.26,-18.16],"VISIB":[14.75,14.659999],"WDSP":[10.639999,11.15],"WNDDIR":[332.9,329.3],"time":[1549364858,1549364916]}