{"CLDC":[50.190006],"DEWP":[-19.85],"FRSHTT":[1110000],"PRCP":[0.029999997],"SLP":[1033],"SNDP":[15.5],"STP":[1006.00995],"TEMP":[-18.26],"VISIB":[14.75],"WDSP":[10.639999],"WNDDIR":[332.9],"time":[1549364858]}