{"CLDC":[50.07,50.409996],"DEWP":[-16.060001,-15.42],"FRSHTT":[1010000,1010000],"PRCP":[0,0],"SLP":[1034.5,1034.58],"SNDP":[3.1000001,3.1000001],"STP":[957.08997,957.00995],"TEMP":[-12.9,-12.9],"VISIB":[43.15,43.450005],"WDSP":[2.3999999,2.4699998],"WNDDIR":[314.3,311.9],"time":[1549364856,1549364915]}