{"CLDC":[50.07],"DEWP":[-16.060001],"FRSHTT":[1010000],"PRCP":[0],"SLP":[1034.5],"SNDP":[3.1000001],"STP":[957.08997],"TEMP":[-12.9],"VISIB":[43.15],"WDSP":[2.3999999],"WNDDIR":[314.3],"time":[1549364856]}