{"CLDC":[50.299995],"DEWP":[-19.22],"FRSHTT":[1010000],"PRCP":[0],"SLP":[1034.9001],"SNDP":[16.199999],"STP":[1014.62],"TEMP":[-16.61],"VISIB":[34.049995],"WDSP":[3.2000003],"WNDDIR":[80.9],"time":[1549364858]}