{"CLDC":[52.710003],"DEWP":[-24.320002],"FRSHTT":[1110000],"PRCP":[0.009999999],"SLP":[1018.07996],"SNDP":[0.8000001],"STP":[991.68005],"TEMP":[-20.27],"VISIB":[41.809998],"WDSP":[9.51],"WNDDIR":[330.3],"time":[1549364856]}