{"CLDC":[52.710003,52.829998],"DEWP":[-24.320002,-24.320002],"FRSHTT":[1110000,1110000],"PRCP":[0.009999999,0.009999999],"SLP":[1018.07996,1018.07996],"SNDP":[0.8000001,0.8000001],"STP":[991.68005,991.55994],"TEMP":[-20.27,-20.300001],"VISIB":[41.809998,41.480003],"WDSP":[9.51,9.07],"WNDDIR":[330.3,332.1],"time":[1549364856,1549364915]}