{"CLDC":[78,77.97],"DEWP":[1.3,1.26],"FRSHTT":[100000,100000],"PRCP":[0.43,0.43],"SLP":[1003.2101,1003.12],"SNDP":[0,0],"STP":[1004.00995,1003.9601],"TEMP":[3.3200002,3.3],"VISIB":[19.28,19.2],"WDSP":[43.699997,43.390003],"WNDDIR":[51.8,51.4],"time":[1549364856,1549364915]}