{"CLDC":[50.120007,50.23],"DEWP":[-20.580002,-20.7],"FRSHTT":[1110000,1110000],"PRCP":[0.27,0.27],"SLP":[1015.16003,1015.4899],"SNDP":[1.8999999,1.8999999],"STP":[978.11,978.5],"TEMP":[-16.999998,-16.929998],"VISIB":[39.409996,39.85],"WDSP":[13.1,13.4800005],"WNDDIR":[239.7,234.3],"time":[1549364858,1549364916]}