{"CLDC":[50.15,50.530003],"DEWP":[-10.499999,-10.48],"FRSHTT":[1010000,1010000],"PRCP":[0,0],"SLP":[1027.0801,1027.09],"SNDP":[14.4,14.4],"STP":[960.1,960.1],"TEMP":[-7.25,-7.46],"VISIB":[13.75,14.01],"WDSP":[4.4700003,4.42],"WNDDIR":[339.3,338.6],"time":[1549364861,1549364919]}