{"CLDC":[61.159996,60.920002],"DEWP":[-17.02,-17.02],"FRSHTT":[1110000,1110000],"PRCP":[0.09000001,0.09000001],"SLP":[1025.9001,1025.9001],"SNDP":[12.9,13],"STP":[956.7001,956.50995],"TEMP":[-13.780001,-13.780001],"VISIB":[18.36,18.41],"WDSP":[2.8000002,2.9299998],"WNDDIR":[333.8,330.4],"time":[1549364861,1549364919]}