{"CLDC":[61.159996],"DEWP":[-17.02],"FRSHTT":[1110000],"PRCP":[0.09000001],"SLP":[1025.9001],"SNDP":[12.9],"STP":[956.7001],"TEMP":[-13.780001],"VISIB":[18.36],"WDSP":[2.8000002],"WNDDIR":[333.8],"time":[1549364861]}