{"CLDC":[50.050003,50.489998],"DEWP":[-22.960001,-22.38],"FRSHTT":[1110000,1110000],"PRCP":[0.009999999,0.009999999],"SLP":[1040.3701,1040.4001],"SNDP":[19,19],"STP":[1032.05,1031.6599],"TEMP":[-20.699999,-20.649998],"VISIB":[18.76,18.750002],"WDSP":[3.5300002,3.2899997],"WNDDIR":[70.1,73.9],"time":[1549364860,1549364918]}