{"CLDC":[50.050003],"DEWP":[-22.960001],"FRSHTT":[1110000],"PRCP":[0.009999999],"SLP":[1040.3701],"SNDP":[19],"STP":[1032.05],"TEMP":[-20.699999],"VISIB":[18.76],"WDSP":[3.5300002],"WNDDIR":[70.1],"time":[1549364860]}