{"CLDC":[87.11999],"DEWP":[-17.98],"FRSHTT":[1010000],"PRCP":[0],"SLP":[1030],"SNDP":[2.7999997],"STP":[912.4],"TEMP":[-12.9800005],"VISIB":[31.889996],"WDSP":[3.52],"WNDDIR":[310.6],"time":[1549364860]}