{"CLDC":[87.11999,86.78],"DEWP":[-17.98,-17.98],"FRSHTT":[1010000,1010000],"PRCP":[0,0],"SLP":[1030,1030],"SNDP":[2.7999997,2.7999997],"STP":[912.4,912.4],"TEMP":[-12.9800005,-12.920001],"VISIB":[31.889996,32.18],"WDSP":[3.52,3.14],"WNDDIR":[310.6,307.9],"time":[1549364860,1549364918]}