{"CLDC":[84.56999,84.67999],"DEWP":[-2.9802323e-9,0.08],"FRSHTT":[0,0],"PRCP":[0,0],"SLP":[1007.9601,1007.87],"SNDP":[0,0],"STP":[1007.64,1007.8],"TEMP":[3.7800002,3.7400002],"VISIB":[23.630001,23.509998],"WDSP":[24.53,25.18],"WNDDIR":[82.7,83.1],"time":[1549364856,1549364916]}