{"CLDC":[25.23],"DEWP":[-1.0199999],"FRSHTT":[0],"PRCP":[0],"SLP":[1005.1],"SNDP":[0],"STP":[997.95996],"TEMP":[2.8000002],"VISIB":[25.519999],"WDSP":[20.89],"WNDDIR":[29],"time":[1549364856]}