{"CLDC":[50.030003,50.140003],"DEWP":[-1.9,-2.0500002],"FRSHTT":[100000,100000],"PRCP":[0.019999998,0.019999998],"SLP":[1003.7101,1003.4801],"SNDP":[0,0],"STP":[1010.9,1010.9],"TEMP":[0.95,0.9],"VISIB":[13.699999,13.969999],"WDSP":[22.01,22.070002],"WNDDIR":[255.3,259.8],"time":[1549364856,1549364916]}