{"CLDC":[50.050003,50.110004],"DEWP":[-15.950002,-16.000002],"FRSHTT":[1110000,1110000],"PRCP":[0.039999995,0.039999995],"SLP":[1033.8401,1033.7999],"SNDP":[12.400001,12.400001],"STP":[990.49005,990.4],"TEMP":[-13.660001,-13.780001],"VISIB":[12.960001,13.43],"WDSP":[3.1600003,3.1900003],"WNDDIR":[358.5,357.4],"time":[1549364857,1549364916]}