{"CLDC":[50.050003],"DEWP":[-15.950002],"FRSHTT":[1110000],"PRCP":[0.039999995],"SLP":[1033.8401],"SNDP":[12.400001],"STP":[990.49005],"TEMP":[-13.660001],"VISIB":[12.960001],"WDSP":[3.1600003],"WNDDIR":[358.5],"time":[1549364857]}