{"CLDC":[50.02],"DEWP":[-19.510002],"FRSHTT":[1110000],"PRCP":[0.050000004],"SLP":[1045.7899],"SNDP":[12],"STP":[1047.54],"TEMP":[-16.57],"VISIB":[50.030003],"WDSP":[5.2000003],"WNDDIR":[73.3],"time":[1549364855]}