{"CLDC":[50.120007],"DEWP":[-21],"FRSHTT":[1110000],"PRCP":[0.009999999],"SLP":[1033.7001],"SNDP":[5.0999994],"STP":[1015.9],"TEMP":[-18.42],"VISIB":[30.75],"WDSP":[5.5799994],"WNDDIR":[351.9],"time":[1549364855]}