{"CLDC":[30.550003,30.779999],"DEWP":[-0.35999998,-0.36],"FRSHTT":[0,0],"PRCP":[0,0],"SLP":[1006,1006],"SNDP":[0,0],"STP":[1006.05994,1006.38995],"TEMP":[1.5,1.5],"VISIB":[26.11,26.179998],"WDSP":[19.130001,18.81],"WNDDIR":[246.1,244.9],"time":[1549364857,1549364916]}