{"CLDC":[68.28001],"DEWP":[-1.4000001],"FRSHTT":[100000],"PRCP":[0.11],"SLP":[1000.4],"SNDP":[0],"STP":[1010.77],"TEMP":[0.10000001],"VISIB":[25.41],"WDSP":[23.11],"WNDDIR":[330.6],"time":[1549364857]}