{"CLDC":[68.28001,68.259995],"DEWP":[-1.4000001,-1.5500001],"FRSHTT":[100000,100000],"PRCP":[0.11,0.11],"SLP":[1000.4,1000.64],"SNDP":[0,0],"STP":[1010.77,1011.2],"TEMP":[0.10000001,0.10000001],"VISIB":[25.41,25.960001],"WDSP":[23.11,22.100002],"WNDDIR":[330.6,329.5],"time":[1549364857,1549364916]}