{"CLDC":[50.449997],"DEWP":[-20.539999],"FRSHTT":[1110000],"PRCP":[0.029999997],"SLP":[1035.2001],"SNDP":[3],"STP":[1024.17],"TEMP":[-17.259998],"VISIB":[21.220001],"WDSP":[7.4800005],"WNDDIR":[128.9],"time":[1549364861]}