{"CLDC":[50.449997,50.339996],"DEWP":[-20.539999,-20.460001],"FRSHTT":[1110000,1110000],"PRCP":[0.029999997,0.029999997],"SLP":[1035.2001,1035.2001],"SNDP":[3,3],"STP":[1024.17,1024.35],"TEMP":[-17.259998,-17.23],"VISIB":[21.220001,20.710001],"WDSP":[7.4800005,8.26],"WNDDIR":[128.9,129.1],"time":[1549364861,1549364918]}