{"CLDC":[90.649994,90.60999],"DEWP":[-15.0199995,-14.820002],"FRSHTT":[1000000,1000000],"PRCP":[0,0],"SLP":[1028.4001,1028.4001],"SNDP":[0,0],"STP":[1020.44006,1024.25],"TEMP":[-11.370001,-11.6],"VISIB":[12.760001,12.780001],"WDSP":[10.81,9.89],"WNDDIR":[269.9,270.8],"time":[1549364861,1549364919]}