{"CLDC":[50.070004,50.469997],"DEWP":[-2.6200001,-2.44],"FRSHTT":[1110000,1110000],"PRCP":[0.18000002,0.18000002],"SLP":[1007.9,1007.9],"SNDP":[1.1000001,1.1000001],"STP":[997.89,997.8499],"TEMP":[-0.10000001,-0.10000001],"VISIB":[28.02,28.2],"WDSP":[16.49,16.31],"WNDDIR":[0.5,2],"time":[1549364857,1549364916]}