{"CLDC":[92.619995],"DEWP":[-17.780003],"FRSHTT":[1010000],"PRCP":[0],"SLP":[1029.9001],"SNDP":[2.1000001],"STP":[1029.2899],"TEMP":[-13.75],"VISIB":[44.969994],"WDSP":[3.7000003],"WNDDIR":[301.8],"time":[1549364860]}