{"CLDC":[92.619995,92.46],"DEWP":[-17.780003,-18.06],"FRSHTT":[1010000,1010000],"PRCP":[0,0],"SLP":[1029.9001,1029.9001],"SNDP":[2.1000001,2.1000001],"STP":[1029.2899,1029.2999],"TEMP":[-13.75,-13.81],"VISIB":[44.969994,44.419994],"WDSP":[3.7000003,3.73],"WNDDIR":[301.8,301.7],"time":[1549364860,1549364918]}