{"CLDC":[50.339996],"DEWP":[-2.5000002],"FRSHTT":[110000],"PRCP":[0.10000001],"SLP":[1007],"SNDP":[0.29999998],"STP":[1003.80994],"TEMP":[0.40000004],"VISIB":[19.84],"WDSP":[22.94],"WNDDIR":[304],"time":[1549364857]}