{"CLDC":[50.02],"DEWP":[-23.52],"FRSHTT":[1010000],"PRCP":[0],"SLP":[1024.2999],"SNDP":[7.5999994],"STP":[989.50995],"TEMP":[-18.699999],"VISIB":[32.260002],"WDSP":[4.84],"WNDDIR":[83.1],"time":[1549364860]}