{"CLDC":[95],"DEWP":[-19.060001],"FRSHTT":[1110000],"PRCP":[0.019999998],"SLP":[1027.2999],"SNDP":[4.0999994],"STP":[1009.7799],"TEMP":[-14.32],"VISIB":[38.190002],"WDSP":[6.04],"WNDDIR":[86],"time":[1549364859]}