{"CLDC":[78.02],"DEWP":[-18.98],"FRSHTT":[1010000],"PRCP":[0],"SLP":[1027.9001],"SNDP":[2.7999997],"STP":[1022.2001],"TEMP":[-14.2],"VISIB":[34.909996],"WDSP":[6.8199997],"WNDDIR":[226.5],"time":[1549364859]}