{"CLDC":[95,94.700005],"DEWP":[-19.060001,-19.22],"FRSHTT":[1110000,1110000],"PRCP":[0.019999998,0.019999998],"SLP":[1027.2999,1027.2999],"SNDP":[4.0999994,4.0999994],"STP":[1009.7799,1009.93],"TEMP":[-14.32,-14.399999],"VISIB":[38.190002,38.839996],"WDSP":[6.04,5.93],"WNDDIR":[86,84],"time":[1549364859,1549364917]}