{"CLDC":[50.46],"DEWP":[-1.56],"FRSHTT":[10000],"PRCP":[0],"SLP":[1004.4],"SNDP":[0.40000004],"STP":[1007.7899],"TEMP":[2.16],"VISIB":[27.49],"WDSP":[18.710001],"WNDDIR":[331.5],"time":[1549364857]}