{"CLDC":[65.16,65.09],"DEWP":[-17.14,-17.460001],"FRSHTT":[1100000,1100000],"PRCP":[0.009999999,0.009999999],"SLP":[1019.95,1019.95996],"SNDP":[0,0],"STP":[1015.64,1015.4],"TEMP":[-14.74,-14.65],"VISIB":[14.2,14.589999],"WDSP":[3.0700002,3.1600003],"WNDDIR":[143.6,146.7],"time":[1549364857,1549364916]}