{"CLDC":[60.07,60.51],"DEWP":[-16.78,-16.91],"FRSHTT":[1100000,1100000],"PRCP":[0.019999998,0.019999998],"SLP":[1025,1025],"SNDP":[0,0],"STP":[1014.48,1014.91],"TEMP":[-14.0199995,-13.960001],"VISIB":[8.0199995,8.53],"WDSP":[8.95,8.049999],"WNDDIR":[175.3,175.4],"time":[1549364858,1549364916]}