{"CLDC":[50.190006,50.319996],"DEWP":[-20.23,-20.34],"FRSHTT":[1010000,1010000],"PRCP":[0,0],"SLP":[1033.97,1033.97],"SNDP":[7.0999994,7.0999994],"STP":[997.65,998.07996],"TEMP":[-18.24,-18.26],"VISIB":[18.740002,18.85],"WDSP":[7.840001,7.9800005],"WNDDIR":[192.4,195.7],"time":[1549364858,1549364916]}