{"CLDC":[87.91],"DEWP":[-10.440001],"FRSHTT":[1010000],"PRCP":[0],"SLP":[1015.77997],"SNDP":[7],"STP":[1032.6399],"TEMP":[-7.4900007],"VISIB":[23.480001],"WDSP":[10.42],"WNDDIR":[327.7],"time":[1549364856]}