{"CLDC":[81.299995],"DEWP":[-14.160001],"FRSHTT":[1000000],"PRCP":[0],"SLP":[1029],"SNDP":[0],"STP":[1011.2899],"TEMP":[-12.019999],"VISIB":[10.390001],"WDSP":[6.8199997],"WNDDIR":[272.7],"time":[1549364856]}