{"CLDC":[39.550003],"DEWP":[-22.07],"FRSHTT":[1000000],"PRCP":[0],"SLP":[1037.5],"SNDP":[0],"STP":[1077.6199],"TEMP":[-17.349998],"VISIB":[46.210003],"WDSP":[6.97],"WNDDIR":[71],"time":[1549364856]}