{"CLDC":[39.550003,39.48],"DEWP":[-22.07,-22.579998],"FRSHTT":[1000000,1000000],"PRCP":[0,0],"SLP":[1037.5,1037.6099],"SNDP":[0,0],"STP":[1077.6199,1077.89],"TEMP":[-17.349998,-17.45],"VISIB":[46.210003,46.579998],"WDSP":[6.97,6.55],"WNDDIR":[71,74.7],"time":[1549364856,1549364916]}