{"CLDC":[76.36001],"DEWP":[-16.399998],"FRSHTT":[1110000],"PRCP":[0.009999999],"SLP":[1033],"SNDP":[8.400001],"STP":[1004.50995],"TEMP":[-13.210001],"VISIB":[38.239998],"WDSP":[5.7],"WNDDIR":[241],"time":[1549364856]}