{"CLDC":[87.73001,88.11],"DEWP":[-20.01,-20.36],"FRSHTT":[1110000,1110000],"PRCP":[0.009999999,0.009999999],"SLP":[1034,1033.97],"SNDP":[8.699999,8.699999],"STP":[972.42004,972.43],"TEMP":[-17.149998,-17.199999],"VISIB":[41.54,41.13],"WDSP":[11.47,10.6],"WNDDIR":[248.1,252.6],"time":[1549364855,1549364915]}