{"CLDC":[87.73001],"DEWP":[-20.01],"FRSHTT":[1110000],"PRCP":[0.009999999],"SLP":[1034],"SNDP":[8.699999],"STP":[972.42004],"TEMP":[-17.149998],"VISIB":[41.54],"WDSP":[11.47],"WNDDIR":[248.1],"time":[1549364855]}