{"CLDC":[92.19001],"DEWP":[-22.22],"FRSHTT":[1010000],"PRCP":[0],"SLP":[1034.0999],"SNDP":[2.3999999],"STP":[948.7201],"TEMP":[-19],"VISIB":[43.56],"WDSP":[9.01],"WNDDIR":[44.8],"time":[1549364855]}