{"CLDC":[50.010002],"DEWP":[-1.55],"FRSHTT":[110000],"PRCP":[0.11],"SLP":[1006.5],"SNDP":[0.29999998],"STP":[1008.31995],"TEMP":[1.04],"VISIB":[18.59],"WDSP":[24.31],"WNDDIR":[97.4],"time":[1549364858]}