{"CLDC":[50.07],"DEWP":[-16.76],"FRSHTT":[1010000],"PRCP":[0],"SLP":[1033.64],"SNDP":[2.2999997],"STP":[970.48],"TEMP":[-11.6],"VISIB":[19.060001],"WDSP":[6.71],"WNDDIR":[226.4],"time":[1549364856]}