{"CLDC":[50.120003],"DEWP":[-20.9],"FRSHTT":[1010000],"PRCP":[0],"SLP":[1031.25],"SNDP":[3],"STP":[1006.66003],"TEMP":[-17.600002],"VISIB":[20.82],"WDSP":[6.3300004],"WNDDIR":[239.2],"time":[1549364861]}