{"CLDC":[86.579994],"DEWP":[-15.120001],"FRSHTT":[1000000],"PRCP":[0],"SLP":[1044.1599],"SNDP":[0],"STP":[1062.41],"TEMP":[-11.889999],"VISIB":[5.92],"WDSP":[6.24],"WNDDIR":[353.4],"time":[1549364860]}