{"CLDC":[86.579994,86.170006],"DEWP":[-15.120001,-14.74],"FRSHTT":[1000000,1000000],"PRCP":[0,0],"SLP":[1044.1599,1043.8502],"SNDP":[0,0],"STP":[1062.41,1062.67],"TEMP":[-11.889999,-11.700001],"VISIB":[5.92,5.49],"WDSP":[6.24,6.0799994],"WNDDIR":[353.4,349.7],"time":[1549364860,1549364918]}