{"CLDC":[50.010002],"DEWP":[-17.04],"FRSHTT":[1110000],"PRCP":[0.019999998],"SLP":[988.99005],"SNDP":[0.20000002],"STP":[974.4],"TEMP":[-11.789999],"VISIB":[46.92],"WDSP":[7.049999],"WNDDIR":[42.6],"time":[1549364859]}