{"CLDC":[50.010002,50.090004],"DEWP":[-17.04,-17.64],"FRSHTT":[1110000,1110000],"PRCP":[0.019999998,0.019999998],"SLP":[988.99005,989],"SNDP":[0.20000002,0.20000002],"STP":[974.4,974.4801],"TEMP":[-11.789999,-11.91],"VISIB":[46.92,45.980003],"WDSP":[7.049999,6.84],"WNDDIR":[42.6,41.5],"time":[1549364859,1549364917]}