{"CLDC":[50.07,50.249996],"DEWP":[-16.679998,-16.609999],"FRSHTT":[1010000,1010000],"PRCP":[0,0],"SLP":[1036.2899,1036.2001],"SNDP":[0.29999998,0.29999998],"STP":[1041.2999,1041.2001],"TEMP":[-13.45,-13.45],"VISIB":[19.210001,18.890001],"WDSP":[10.91,10.09],"WNDDIR":[253.9,253.2],"time":[1549364858,1549364917]}