{"CLDC":[50.130005,50.15],"DEWP":[-13.759999,-13.43],"FRSHTT":[1110000,1110000],"PRCP":[0.050000004,0.050000004],"SLP":[1041.3201,1041.2999],"SNDP":[4.0999994,4.0999994],"STP":[1006.18,1006.05],"TEMP":[-12.0199995,-12.049999],"VISIB":[28.210001,28.37],"WDSP":[16.12,16.679998],"WNDDIR":[51.5,54.3],"time":[1549364858,1549364916]}