{"CLDC":[50.160004,50.46],"DEWP":[-11,-10.9],"FRSHTT":[1010000,1010000],"PRCP":[0,0],"SLP":[1016.68005,1016.49005],"SNDP":[27.3,27.3],"STP":[1054.35,1053.8301],"TEMP":[-7.9,-7.9],"VISIB":[17.77,17.240002],"WDSP":[3.1100001,3.2999997],"WNDDIR":[135.5,134.6],"time":[1549364858,1549364916]}