{"CLDC":[50.130005],"DEWP":[-13.759999],"FRSHTT":[1110000],"PRCP":[0.050000004],"SLP":[1041.3201],"SNDP":[4.0999994],"STP":[1006.18],"TEMP":[-12.0199995],"VISIB":[28.210001],"WDSP":[16.12],"WNDDIR":[51.5],"time":[1549364858]}