{"CLDC":[50.140003,50.339996],"DEWP":[-15.87,-16.05],"FRSHTT":[1110000,1110000],"PRCP":[0.009999999,0.009999999],"SLP":[1032,1032.0999],"SNDP":[3.9,3.9],"STP":[1026.31,1025.99],"TEMP":[-13.199999,-13.199999],"VISIB":[17.630001,17.72],"WDSP":[7.84,8.209999],"WNDDIR":[301.8,303.1],"time":[1549364858,1549364917]}