{"CLDC":[50.210003],"DEWP":[-13.219999],"FRSHTT":[1110000],"PRCP":[0.050000004],"SLP":[1033.4001],"SNDP":[16.100002],"STP":[1020.1],"TEMP":[-10.72],"VISIB":[19.36],"WDSP":[5.45],"WNDDIR":[0.4],"time":[1549364858]}