{"CLDC":[50.170006,50.04],"DEWP":[-18.35,-18.35],"FRSHTT":[1010000,1010000],"PRCP":[0,0],"SLP":[1025.2999,1025.3901],"SNDP":[3.7000003,3.7000003],"STP":[988.00995,988.2001],"TEMP":[-15.280002,-15.24],"VISIB":[17.45,17.490002],"WDSP":[6.45,7.4300003],"WNDDIR":[341.6,343],"time":[1549364858,1549364917]}