{"CLDC":[61.389996,60.809998],"DEWP":[-15.720001,-16.210003],"FRSHTT":[1010000,1010000],"PRCP":[0,0],"SLP":[1035.0798,1035],"SNDP":[1.3000001,1.3000001],"STP":[996.5,996.44006],"TEMP":[-12.320001,-12.17],"VISIB":[48.839996,49.550003],"WDSP":[5.8399997,5.81],"WNDDIR":[171.8,171.2],"time":[1549364858,1549364917]}