{"CLDC":[50.090004,50.03],"DEWP":[-18.000002,-17.560001],"FRSHTT":[1010000,1010000],"PRCP":[0,0],"SLP":[1045.51,1045.4001],"SNDP":[7.4000006,7.4000006],"STP":[936.87,936.7999],"TEMP":[-15.74,-15.74],"VISIB":[19.140001,19.619999],"WDSP":[6.2,6.4900002],"WNDDIR":[254.4,255.8],"time":[1549364857,1549364916]}