{"CLDC":[50.180004,50.229996],"DEWP":[-20.900002,-20.500002],"FRSHTT":[1010000,1010000],"PRCP":[0,0],"SLP":[1042.6299,1042.6099],"SNDP":[2.7999997,2.7999997],"STP":[935.55994,935.5],"TEMP":[-17.039999,-16.999998],"VISIB":[49.74,49.84],"WDSP":[6.29,6.65],"WNDDIR":[216.2,216.5],"time":[1549364858,1549364916]}