{"CLDC":[50.04,50.140007],"DEWP":[-16.75,-16.75],"FRSHTT":[1010000,1010000],"PRCP":[0,0],"SLP":[1034.8099,1034.7999],"SNDP":[2.3999999,2.3999999],"STP":[1042.6901,1040.78],"TEMP":[-12.720001,-12.72],"VISIB":[50.279995,50.92],"WDSP":[21.630001,20.53],"WNDDIR":[317.3,316.9],"time":[1549364858,1549364916]}