{"CLDC":[70.8,70.729996],"DEWP":[-19.86,-19.86],"FRSHTT":[1010000,1010000],"PRCP":[0,0],"SLP":[1025.71,1025.6101],"SNDP":[3.7000003,3.7000003],"STP":[930.18005,930.2899],"TEMP":[-14.279999,-14.280001],"VISIB":[42.17,42.98],"WDSP":[13.12,13.719998],"WNDDIR":[208.1,207.8],"time":[1549364858,1549364916]}