{"CLDC":[50.04],"DEWP":[-16.75],"FRSHTT":[1010000],"PRCP":[0],"SLP":[1034.8099],"SNDP":[2.3999999],"STP":[1042.6901],"TEMP":[-12.720001],"VISIB":[50.279995],"WDSP":[21.630001],"WNDDIR":[317.3],"time":[1549364858]}