{"CLDC":[89.66,89.5],"DEWP":[-8.780001,-9.659999],"FRSHTT":[1010000,1010000],"PRCP":[0,0],"SLP":[1016.09,1016.1],"SNDP":[1.3999999,1.3999999],"STP":[922.9,922.9],"TEMP":[-5.85,-5.86],"VISIB":[28.539999,28.419998],"WDSP":[4.6700006,4.5999994],"WNDDIR":[239.4,240.6],"time":[1549364856,1549364916]}