{"CLDC":[89.66],"DEWP":[-8.780001],"FRSHTT":[1010000],"PRCP":[0],"SLP":[1016.09],"SNDP":[1.3999999],"STP":[922.9],"TEMP":[-5.85],"VISIB":[28.539999],"WDSP":[4.6700006],"WNDDIR":[239.4],"time":[1549364856]}