{"CLDC":[76.46999],"DEWP":[-19.579998],"FRSHTT":[1010000],"PRCP":[0],"SLP":[1030],"SNDP":[1.3000001],"STP":[994.7001],"TEMP":[-14.9],"VISIB":[47.269997],"WDSP":[9.750001],"WNDDIR":[316.1],"time":[1549364856]}