{"CLDC":[82.67999],"DEWP":[-14.860001],"FRSHTT":[1010000],"PRCP":[0],"SLP":[1027.9001],"SNDP":[3.7000003],"STP":[972.25995],"TEMP":[-11.28],"VISIB":[34.32],"WDSP":[11.15],"WNDDIR":[337.3],"time":[1549364856]}