{"CLDC":[54.07],"DEWP":[-11.52],"FRSHTT":[1010000],"PRCP":[0],"SLP":[1030.0199],"SNDP":[7.9000006],"STP":[947.80994],"TEMP":[-10.13],"VISIB":[42.770004],"WDSP":[1.6200002],"WNDDIR":[308.6],"time":[1549364855]}