{"CLDC":[58.870003],"DEWP":[-0.020000001],"FRSHTT":[0],"PRCP":[0],"SLP":[1036.08],"SNDP":[0],"STP":[1009.13],"TEMP":[1.53],"VISIB":[28.459997],"WDSP":[5.06],"WNDDIR":[246],"time":[1549364858]}