{"CLDC":[50.08,50.100002],"DEWP":[-2.2800002,-2.3400002],"FRSHTT":[110000,110000],"PRCP":[0.050000004,0.050000004],"SLP":[1006.7001,1006.7001],"SNDP":[0.40000004,0.40000004],"STP":[1003.2001,1003.2001],"TEMP":[0.9,0.9],"VISIB":[15.790001,15.710001],"WDSP":[20.31,20.07],"WNDDIR":[309.8,310.8],"time":[1549364858,1549364917]}