{"CLDC":[50.08],"DEWP":[-2.2800002],"FRSHTT":[110000],"PRCP":[0.050000004],"SLP":[1006.7001],"SNDP":[0.40000004],"STP":[1003.2001],"TEMP":[0.9],"VISIB":[15.790001],"WDSP":[20.31],"WNDDIR":[309.8],"time":[1549364858]}