{"CLDC":[59.489998,59.480003],"DEWP":[-16.119999,-15.76],"FRSHTT":[1010000,1010000],"PRCP":[0,0],"SLP":[1037.7001,1037.7001],"SNDP":[0.59999996,0.59999996],"STP":[1042.0701,1041.41],"TEMP":[-11.840001,-11.870001],"VISIB":[43.59,42.940002],"WDSP":[10.35,10.559999],"WNDDIR":[189.4,186.7],"time":[1549364860,1549364918]}