{"CLDC":[77.14],"DEWP":[-16.480001],"FRSHTT":[1010000],"PRCP":[0],"SLP":[1023.99005],"SNDP":[5.5],"STP":[939.4],"TEMP":[-15.180002],"VISIB":[49.449997],"WDSP":[4.25],"WNDDIR":[253.9],"time":[1549364859]}