{"CLDC":[50.369995,50.469997],"DEWP":[-15.92,-15.460001],"FRSHTT":[1110000,1110000],"PRCP":[0.009999999,0.009999999],"SLP":[1030.09,1030],"SNDP":[4.9000006,4.9000006],"STP":[988.9,988.9],"TEMP":[-11.049999,-11.1],"VISIB":[47.190002,46.72],"WDSP":[7.8799996,7.4700003],"WNDDIR":[162.5,164],"time":[1549364857,1549364916]}