{"CLDC":[50.369995],"DEWP":[-15.92],"FRSHTT":[1110000],"PRCP":[0.009999999],"SLP":[1030.09],"SNDP":[4.9000006],"STP":[988.9],"TEMP":[-11.049999],"VISIB":[47.190002],"WDSP":[7.8799996],"WNDDIR":[162.5],"time":[1549364857]}