{"CLDC":[50.4],"DEWP":[-21.14],"FRSHTT":[1110000],"PRCP":[0.009999999],"SLP":[1027.0999],"SNDP":[1.8999999],"STP":[1005.08997],"TEMP":[-18.630001],"VISIB":[36.48],"WDSP":[6.7299995],"WNDDIR":[137.1],"time":[1549364857]}