{"CLDC":[50.010002],"DEWP":[-17.939999],"FRSHTT":[1010000],"PRCP":[0],"SLP":[1031],"SNDP":[1.6000001],"STP":[1015.75],"TEMP":[-14.340001],"VISIB":[40.52],"WDSP":[9.4800005],"WNDDIR":[285.1],"time":[1549364857]}