{"CLDC":[38.070004,37.660004],"DEWP":[-18.580002,-18.84],"FRSHTT":[1000000,1000000],"PRCP":[0,0],"SLP":[1028.58,1028.51],"SNDP":[0,0],"STP":[1019.11005,1017.48],"TEMP":[-15.33,-15.2],"VISIB":[26.170002,26.51],"WDSP":[10.35,10.530001],"WNDDIR":[223.9,220.7],"time":[1549364857,1549364916]}