{"CLDC":[50.030003,50.190006],"DEWP":[-17.24,-17.779999],"FRSHTT":[1010000,1010000],"PRCP":[0,0],"SLP":[1030.2999,1030.2999],"SNDP":[5.4000006,5.4000006],"STP":[948.72003,948.7001],"TEMP":[-15.199999,-15.199999],"VISIB":[48.369995,48.23],"WDSP":[4.1,4.1800003],"WNDDIR":[278.6,279.3],"time":[1549364857,1549364916]}