{"CLDC":[72.64,72.42],"DEWP":[-16.9,-17.180002],"FRSHTT":[1010000,1010000],"PRCP":[0,0],"SLP":[1028.5,1028.59],"SNDP":[1.7,1.7],"STP":[987.39,987.4],"TEMP":[-14.080002,-13.9800005],"VISIB":[37.140003,37.63],"WDSP":[4.589999,4.8100004],"WNDDIR":[286.2,288.7],"time":[1549364858,1549364916]}