{"CLDC":[81.24,81.189995],"DEWP":[-13.6,-13.5],"FRSHTT":[1010000,1010000],"PRCP":[0,0],"SLP":[1030.5999,1030.57],"SNDP":[1.6000001,1.6000001],"STP":[957.2001,957.2001],"TEMP":[-11.299999,-11.140001],"VISIB":[47.87,47.140003],"WDSP":[5.7699995,5.4700003],"WNDDIR":[4,2.8],"time":[1549364858,1549364916]}