{"CLDC":[61.57],"DEWP":[-28.85],"FRSHTT":[1010000],"PRCP":[0],"SLP":[1036.5999],"SNDP":[22.290003],"STP":[1051.38],"TEMP":[-26.400003],"VISIB":[41.620003],"WDSP":[2.5],"WNDDIR":[128.5],"time":[1549364859]}