{"CLDC":[50.18,50.140003],"DEWP":[-18.019999,-17.750002],"FRSHTT":[1110000,1110000],"PRCP":[0.019999998,0.019999998],"SLP":[1015.7999,1015.81995],"SNDP":[5.9000006,5.9000006],"STP":[981.7999,981.7999],"TEMP":[-14.9800005,-14.88],"VISIB":[20.689999,20.91],"WDSP":[6.6099997,6.8],"WNDDIR":[352.8,352],"time":[1549364859,1549364917]}