{"CLDC":[80.09999],"DEWP":[-0.4],"FRSHTT":[100000],"PRCP":[0.19000001],"SLP":[1006.15],"SNDP":[0],"STP":[1009.25995],"TEMP":[2.44],"VISIB":[20.810001],"WDSP":[33.68],"WNDDIR":[85],"time":[1549364860]}