{"CLDC":[50.18],"DEWP":[-18.019999],"FRSHTT":[1110000],"PRCP":[0.019999998],"SLP":[1015.7999],"SNDP":[5.9000006],"STP":[981.7999],"TEMP":[-14.9800005],"VISIB":[20.689999],"WDSP":[6.6099997],"WNDDIR":[352.8],"time":[1549364859]}