{"CLDC":[70.590004,70.57],"DEWP":[1.3199999,1.28],"FRSHTT":[100000,100000],"PRCP":[0.07,0.07],"SLP":[1011.2001,1011.16003],"SNDP":[0,0],"STP":[1012.11005,1011.57],"TEMP":[3.1100001,3.1100001],"VISIB":[25.98,25.19],"WDSP":[37.51,36.159996],"WNDDIR":[214.7,216.6],"time":[1549364860,1549364918]}