{"CLDC":[50.329998,50.54],"DEWP":[0.34999996,0.49999994],"FRSHTT":[100000,100000],"PRCP":[0.14999999,0.14999999],"SLP":[1002.4499,1001.68005],"SNDP":[0,0],"STP":[999.52997,1000.58997],"TEMP":[1.13,1.1400001],"VISIB":[24.27,24.310001],"WDSP":[15.790001,15.860001],"WNDDIR":[128.4,130.8],"time":[1549364860,1549364918]}