{"CLDC":[50.329998],"DEWP":[0.34999996],"FRSHTT":[100000],"PRCP":[0.14999999],"SLP":[1002.4499],"SNDP":[0],"STP":[999.52997],"TEMP":[1.13],"VISIB":[24.27],"WDSP":[15.790001],"WNDDIR":[128.4],"time":[1549364860]}