{"CLDC":[57.969994],"DEWP":[2.3],"FRSHTT":[100000],"PRCP":[0.019999998],"SLP":[1007.55],"SNDP":[0],"STP":[987.14],"TEMP":[3.8200002],"VISIB":[16.97],"WDSP":[38.170002],"WNDDIR":[176.3],"time":[1549364860]}