{"CLDC":[57.589996,57.710003],"DEWP":[-28.7,-28.76],"FRSHTT":[1010000,1010000],"PRCP":[0,0],"SLP":[1013.4,1013.4],"SNDP":[8.300001,8.400001],"STP":[1020.45,1019.8],"TEMP":[-21.55,-21.55],"VISIB":[42.99,43.02],"WDSP":[23.65,23.51],"WNDDIR":[134.3,134.9],"time":[1549364856,1549364916]}