{"CLDC":[69.56],"DEWP":[-30.7],"FRSHTT":[1000000],"PRCP":[0],"SLP":[1021.6],"SNDP":[0],"STP":[990.63],"TEMP":[-23.039999],"VISIB":[49.939995],"WDSP":[5.18],"WNDDIR":[220.3],"time":[1549364856]}