{"CLDC":[69.56,69.52999],"DEWP":[-30.7,-30.540003],"FRSHTT":[1000000,1000000],"PRCP":[0,0],"SLP":[1021.6,1021.7001],"SNDP":[0,0],"STP":[990.63,990.52],"TEMP":[-23.039999,-22.9],"VISIB":[49.939995,50.46],"WDSP":[5.18,4.4],"WNDDIR":[220.3,217.5],"time":[1549364856,1549364916]}