{"CLDC":[98.27999],"DEWP":[-31.12],"FRSHTT":[1010000],"PRCP":[0],"SLP":[1012.5],"SNDP":[5.4000006],"STP":[1026.6499],"TEMP":[-23.58],"VISIB":[44.329998],"WDSP":[22.929998],"WNDDIR":[280.1],"time":[1549364856]}