{"CLDC":[50.190006],"DEWP":[-28.959997],"FRSHTT":[1100000],"PRCP":[0.019999998],"SLP":[1023.1],"SNDP":[0],"STP":[1056.89],"TEMP":[-27.079998],"VISIB":[28.750004],"WDSP":[5.23],"WNDDIR":[118],"time":[1549364856]}