{"CLDC":[98.27999,98.40001],"DEWP":[-31.12,-30.669998],"FRSHTT":[1010000,1010000],"PRCP":[0,0],"SLP":[1012.5,1012.5399],"SNDP":[5.4000006,5.4000006],"STP":[1026.6499,1026.72],"TEMP":[-23.58,-23.750002],"VISIB":[44.329998,45.19],"WDSP":[22.929998,23.460003],"WNDDIR":[280.1,282.3],"time":[1549364856,1549364916]}