{"CLDC":[59.65,59.809998],"DEWP":[-0.74,-0.65999997],"FRSHTT":[100000,100000],"PRCP":[0.26,0.26],"SLP":[1005.08997,1005],"SNDP":[0,0],"STP":[1005.55994,1005.56995],"TEMP":[2.1,2.08],"VISIB":[17.52,17.48],"WDSP":[28.289999,27.84],"WNDDIR":[313.3,312.7],"time":[1549364860,1549364918]}