{"CLDC":[83.93001,84.06999],"DEWP":[-27.219995,-26.859997],"FRSHTT":[1010000,1010000],"PRCP":[0,0],"SLP":[1024.87,1024.7999],"SNDP":[21.800001,21.800001],"STP":[1008.68005,1008.3],"TEMP":[-24.879997,-24.88],"VISIB":[17.54,18.01],"WDSP":[3.77,4.61],"WNDDIR":[177.3,178.1],"time":[1549364859,1549364917]}