{"CLDC":[65.83],"DEWP":[-29.039999],"FRSHTT":[1010000],"PRCP":[0],"SLP":[1021.9],"SNDP":[0.8000001],"STP":[1020.0801],"TEMP":[-21.400002],"VISIB":[51.18],"WDSP":[18.469997],"WNDDIR":[133.5],"time":[1549364859]}