{"CLDC":[65.83,65.5],"DEWP":[-29.039999,-29.12],"FRSHTT":[1010000,1010000],"PRCP":[0,0],"SLP":[1021.9,1021.9],"SNDP":[0.8000001,0.8000001],"STP":[1020.0801,1018.5101],"TEMP":[-21.400002,-21.560001],"VISIB":[51.18,51.100002],"WDSP":[18.469997,18.899998],"WNDDIR":[133.5,135.1],"time":[1549364859,1549364917]}