{"CLDC":[67.18001],"DEWP":[-29.2],"FRSHTT":[1000000],"PRCP":[0],"SLP":[1025.7999],"SNDP":[0],"STP":[1027.49],"TEMP":[-26.34],"VISIB":[51.629997],"WDSP":[18.65],"WNDDIR":[55.1],"time":[1549364858]}