{"CLDC":[83.77999],"DEWP":[-31.38],"FRSHTT":[1110000],"PRCP":[0.019999998],"SLP":[1017.9],"SNDP":[21.600002],"STP":[1015],"TEMP":[-27.940002],"VISIB":[40.610004],"WDSP":[9.820001],"WNDDIR":[91.4],"time":[1549364858]}