{"CLDC":[67.18001,67.170006],"DEWP":[-29.2,-29.060001],"FRSHTT":[1000000,1000000],"PRCP":[0,0],"SLP":[1025.7999,1025.9001],"SNDP":[0,0],"STP":[1027.49,1027.55],"TEMP":[-26.34,-26.2],"VISIB":[51.629997,52.22],"WDSP":[18.65,18.170002],"WNDDIR":[55.1,56.9],"time":[1549364858,1549364917]}