{"CLDC":[51.230003],"DEWP":[1.7000002],"FRSHTT":[0],"PRCP":[0],"SLP":[996.32],"SNDP":[0],"STP":[1002.52],"TEMP":[3.6000004],"VISIB":[28.269999],"WDSP":[35.71],"WNDDIR":[254.6],"time":[1549364860]}