{"CLDC":[91.22001],"DEWP":[-23.460001],"FRSHTT":[1010000],"PRCP":[0],"SLP":[1018.9],"SNDP":[6],"STP":[1027.7899],"TEMP":[-11],"VISIB":[50.480003],"WDSP":[12.139998],"WNDDIR":[127.3],"time":[1549364861]}