{"CLDC":[68.76,68.90001],"DEWP":[-19.59,-19.98],"FRSHTT":[1000000,1000000],"PRCP":[0,0],"SLP":[1022.54004,1022.30994],"SNDP":[0,0],"STP":[1025.01,1025.16],"TEMP":[-16.749998,-16.649998],"VISIB":[50.080006,49.57],"WDSP":[2,2.01],"WNDDIR":[188.2,189.6],"time":[1549364860,1549364918]}