{"CLDC":[96.90001,97.06999],"DEWP":[-17.52,-17.469997],"FRSHTT":[1010000,1010000],"PRCP":[0,0],"SLP":[1019.30994,1019.45],"SNDP":[17.199999,17.199999],"STP":[1001.11993,1000.48],"TEMP":[-12.179999,-12.320001],"VISIB":[43.810005,43.050003],"WDSP":[9.31,9.509999],"WNDDIR":[226.8,226.5],"time":[1549364860,1549364918]}