{"CLDC":[67.25001],"DEWP":[-22.2],"FRSHTT":[1000000],"PRCP":[0],"SLP":[1027],"SNDP":[0],"STP":[999.63007],"TEMP":[-18.100002],"VISIB":[48.540005],"WDSP":[3.9299998],"WNDDIR":[356.7],"time":[1549364859]}