{"CLDC":[55.819996],"DEWP":[-19.52],"FRSHTT":[1010000],"PRCP":[0],"SLP":[1019.7101],"SNDP":[21.300001],"STP":[1019.3],"TEMP":[-13.660001],"VISIB":[49.839996],"WDSP":[5.46],"WNDDIR":[46.3],"time":[1549364859]}