{"CLDC":[50.03],"DEWP":[-15.400002],"FRSHTT":[1110000],"PRCP":[0.009999999],"SLP":[1022.38],"SNDP":[7.5999994],"STP":[1027.9],"TEMP":[-9.4],"VISIB":[44.240005],"WDSP":[17.09],"WNDDIR":[351.5],"time":[1549364859]}