{"CLDC":[50.289997],"DEWP":[-23],"FRSHTT":[1110000],"PRCP":[0.009999999],"SLP":[1023.6],"SNDP":[3.6],"STP":[1004.02997],"TEMP":[-18.32],"VISIB":[22.480001],"WDSP":[10.24],"WNDDIR":[304.9],"time":[1549364859]}