{"CLDC":[93.91,93.78999],"DEWP":[-18.109999,-17.72],"FRSHTT":[1110000,1110000],"PRCP":[0.019999998,0.019999998],"SLP":[1023.2999,1023.50995],"SNDP":[0.9,0.9],"STP":[1019.2999,1019.36],"TEMP":[-13.259999,-13.38],"VISIB":[33.74,33.21],"WDSP":[7.3599997,6.9800005],"WNDDIR":[327.7,328.6],"time":[1549364856,1549364915]}