{"CLDC":[50.180004],"DEWP":[-14.5199995],"FRSHTT":[1110000],"PRCP":[0.009999999],"SLP":[1024.7001],"SNDP":[5.7000003],"STP":[1019.31995],"TEMP":[-10.199999],"VISIB":[43.87],"WDSP":[6.9000006],"WNDDIR":[84.9],"time":[1549364856]}