{"CLDC":[46.389996],"DEWP":[-4.7200003],"FRSHTT":[1000000],"PRCP":[0],"SLP":[1011.2999],"SNDP":[0],"STP":[1002.1],"TEMP":[-0.5],"VISIB":[18.170002],"WDSP":[14.710001],"WNDDIR":[238.1],"time":[1549364861]}