{"CLDC":[95.82],"DEWP":[-3.45],"FRSHTT":[0],"PRCP":[0],"SLP":[987.38007],"SNDP":[0],"STP":[1002.47003],"TEMP":[2.36],"VISIB":[18.829998],"WDSP":[7.0099998],"WNDDIR":[133.7],"time":[1549364861]}