{"CLDC":[95.82,95.579994],"DEWP":[-3.45,-3.4399998],"FRSHTT":[0,0],"PRCP":[0,0],"SLP":[987.38007,982.94006],"SNDP":[0,0],"STP":[1002.47003,1002.7501],"TEMP":[2.36,2.4],"VISIB":[18.829998,18.780003],"WDSP":[7.0099998,7.059999],"WNDDIR":[133.7,137.8],"time":[1549364861,1549364918]}