{"CLDC":[50.160004,50.489998],"DEWP":[-3.3000004,-3.3800004],"FRSHTT":[1110000,1110000],"PRCP":[0.13,0.13],"SLP":[1013.5,1013.5],"SNDP":[0.20000002,0.20000002],"STP":[1006.02997,1005.9199],"TEMP":[-1.1000001,-1.1000001],"VISIB":[25.22,25.9],"WDSP":[14.26,14.320002],"WNDDIR":[211.4,215],"time":[1549364861,1549364918]}