{"CLDC":[50.110004],"DEWP":[-15.58],"FRSHTT":[1010000],"PRCP":[0],"SLP":[1018.7001],"SNDP":[3.6],"STP":[997.49005],"TEMP":[-11.860001],"VISIB":[44.640003],"WDSP":[3.9599998],"WNDDIR":[11.1],"time":[1549364861]}