{"CLDC":[63.079998,62.75],"DEWP":[-10.200001,-9.700001],"FRSHTT":[1110000,1110000],"PRCP":[0.059999995,0.059999995],"SLP":[1019.47003,1019.39],"SNDP":[8.099999,8.099999],"STP":[1016.18,1016.02997],"TEMP":[-6.84,-6.2000003],"VISIB":[30.500004,28.99],"WDSP":[9.410002,9.66],"WNDDIR":[249,251.6],"time":[1549364861,1549364918]}