{"CLDC":[63.079998],"DEWP":[-10.200001],"FRSHTT":[1110000],"PRCP":[0.059999995],"SLP":[1019.47003],"SNDP":[8.099999],"STP":[1016.18],"TEMP":[-6.84],"VISIB":[30.500004],"WDSP":[9.410002],"WNDDIR":[249],"time":[1549364861]}