{"CLDC":[50.15,50.289997],"DEWP":[-3.78,-3.9399998],"FRSHTT":[1100000,1100000],"PRCP":[0.14,0.14],"SLP":[1007.18005,1007.2001],"SNDP":[0,0],"STP":[1008.2999,1008.27997],"TEMP":[-1.3000001,-1.3000001],"VISIB":[17.08,16.95],"WDSP":[21.19,20.189999],"WNDDIR":[268.2,267.8],"time":[1549364861,1549364918]}