{"CLDC":[77.13,76.78999],"DEWP":[-26.87,-27.05],"FRSHTT":[1110000,1110000],"PRCP":[0.059999995,0.059999995],"SLP":[1015.9,1015.93],"SNDP":[25.199999,25.300001],"STP":[1009.4,1009.4],"TEMP":[-23.76,-24.41],"VISIB":[13.890001,13.679998],"WDSP":[10.940001,10.01],"WNDDIR":[140.2,139],"time":[1549364860,1549364918]}