{"CLDC":[77.13],"DEWP":[-26.87],"FRSHTT":[1110000],"PRCP":[0.059999995],"SLP":[1015.9],"SNDP":[25.199999],"STP":[1009.4],"TEMP":[-23.76],"VISIB":[13.890001],"WDSP":[10.940001],"WNDDIR":[140.2],"time":[1549364860]}