{"CLDC":[77.08,76.78999],"DEWP":[-3.1600003,-3.1600003],"FRSHTT":[1000000,1000000],"PRCP":[0,0],"SLP":[982.73,983.06006],"SNDP":[0,0],"STP":[985.7301,986.07],"TEMP":[-0.5,-0.5],"VISIB":[34.95,36.89],"WDSP":[24.2,24.140001],"WNDDIR":[97.7,95.7],"time":[1549364861,1549364918]}