{"CLDC":[86.55999],"DEWP":[-19.25],"FRSHTT":[1000000],"PRCP":[0],"SLP":[1021.9],"SNDP":[0],"STP":[993.2999],"TEMP":[-15.4],"VISIB":[50.610004],"WDSP":[1.2499999],"WNDDIR":[349.2],"time":[1549364860]}