{"CLDC":[68.82],"DEWP":[0.98],"FRSHTT":[0],"PRCP":[0],"SLP":[1010.6],"SNDP":[0],"STP":[1020.55994],"TEMP":[4.4199996],"VISIB":[15.030001],"WDSP":[25.929998],"WNDDIR":[193.8],"time":[1549364861]}