{"CLDC":[68.82,69.01],"DEWP":[0.98,0.9200001],"FRSHTT":[0,0],"PRCP":[0,0],"SLP":[1010.6,1010.6],"SNDP":[0,0],"STP":[1020.55994,1020.55994],"TEMP":[4.4199996,4.4199996],"VISIB":[15.030001,14.4],"WDSP":[25.929998,25.14],"WNDDIR":[193.8,195.6],"time":[1549364861,1549364918]}