{"CLDC":[86.55999,86.840004],"DEWP":[-19.25,-19.03],"FRSHTT":[1000000,1000000],"PRCP":[0,0],"SLP":[1021.9,1021.88],"SNDP":[0,0],"STP":[993.2999,993.2999],"TEMP":[-15.4,-15.4],"VISIB":[50.610004,50.389996],"WDSP":[1.2499999,1.1700001],"WNDDIR":[349.2,353.2],"time":[1549364860,1549364918]}