{"CLDC":[36.43,36.530003],"DEWP":[3.5800004,3.64],"FRSHTT":[0,0],"PRCP":[0,0],"SLP":[1006.2,1006.16],"SNDP":[0,0],"STP":[977.87,978.17004],"TEMP":[5.9399996,5.9],"VISIB":[18.43,17.630001],"WDSP":[27.869999,29.730001],"WNDDIR":[289,290.5],"time":[1549364861,1549364918]}