{"CLDC":[90.729996,90.62999],"DEWP":[3.0600002,3.02],"FRSHTT":[0,0],"PRCP":[0,0],"SLP":[986.5101,985.17004],"SNDP":[0,0],"STP":[990.5199,990.94006],"TEMP":[4.11,4.0800004],"VISIB":[10.47,10.52],"WDSP":[19.789999,21.039999],"WNDDIR":[99.2,99.7],"time":[1549364861,1549364918]}