{"CLDC":[36.43],"DEWP":[3.5800004],"FRSHTT":[0],"PRCP":[0],"SLP":[1006.2],"SNDP":[0],"STP":[977.87],"TEMP":[5.9399996],"VISIB":[18.43],"WDSP":[27.869999],"WNDDIR":[289],"time":[1549364861]}