{"CLDC":[50.04],"DEWP":[-0.9],"FRSHTT":[110000],"PRCP":[0.11],"SLP":[1009.58997],"SNDP":[0.10000001],"STP":[1005.9],"TEMP":[1.5500001],"VISIB":[11.410002],"WDSP":[19.869999],"WNDDIR":[142],"time":[1549364861]}