{"CLDC":[50.06,50.02],"DEWP":[-8.960001,-8.999999],"FRSHTT":[1010000,1010000],"PRCP":[0,0],"SLP":[1008.65,1008.57996],"SNDP":[13.4,13.5],"STP":[1005.02997,1002.47003],"TEMP":[-6.9499993,-7.0399995],"VISIB":[20.51,19.800001],"WDSP":[17.67,17.9],"WNDDIR":[304.8,305.4],"time":[1549364857,1549364916]}