{"CLDC":[50.06],"DEWP":[-8.960001],"FRSHTT":[1010000],"PRCP":[0],"SLP":[1008.65],"SNDP":[13.4],"STP":[1005.02997],"TEMP":[-6.9499993],"VISIB":[20.51],"WDSP":[17.67],"WNDDIR":[304.8],"time":[1549364857]}