{"CLDC":[50.100002],"DEWP":[-26.460001],"FRSHTT":[1110000],"PRCP":[0.029999997],"SLP":[1014.6],"SNDP":[3.1000001],"STP":[1013.2001],"TEMP":[-23.850002],"VISIB":[39.02],"WDSP":[8.59],"WNDDIR":[192.7],"time":[1549364856]}