{"CLDC":[89.43001,89.43001],"DEWP":[-18.78,-18.779999],"FRSHTT":[1110000,1110000],"PRCP":[0.10000001,0.10000001],"SLP":[1022.49005,1022.61],"SNDP":[0.20000002,0.20000002],"STP":[1013.2001,1013.27997],"TEMP":[-13.840001,-13.9],"VISIB":[40.07,39.94],"WDSP":[7.3900003,7.649999],"WNDDIR":[54.9,57.3],"time":[1549364856,1549364916]}