{"CLDC":[65.84999],"DEWP":[-20.86],"FRSHTT":[1010000],"PRCP":[0],"SLP":[1023.41003],"SNDP":[0.59999996],"STP":[1016.38995],"TEMP":[-15.37],"VISIB":[33.870003],"WDSP":[6.69],"WNDDIR":[82.7],"time":[1549364856]}