{"CLDC":[27.7,27.7],"DEWP":[-0.68000007,-0.53000003],"FRSHTT":[0,0],"PRCP":[0,0],"SLP":[995.9899,995.41],"SNDP":[0,0],"STP":[1001.19006,1001.61],"TEMP":[2.6800003,2.6600003],"VISIB":[14.6,14.7],"WDSP":[16.170002,15.44],"WNDDIR":[51.1,52.3],"time":[1549364861,1549364919]}