{"CLDC":[83.340004,83.18001],"DEWP":[-10.870001,-11.25],"FRSHTT":[1100000,1100000],"PRCP":[0.009999999,0.009999999],"SLP":[1024.5,1024.4501],"SNDP":[0,0],"STP":[1017.7,1017.74005],"TEMP":[-8.84,-8.679999],"VISIB":[42.15,42.2],"WDSP":[5.6499996,4.7699995],"WNDDIR":[198.9,197.6],"time":[1549364861,1549364918]}