{"CLDC":[83.340004],"DEWP":[-10.870001],"FRSHTT":[1100000],"PRCP":[0.009999999],"SLP":[1024.5],"SNDP":[0],"STP":[1017.7],"TEMP":[-8.84],"VISIB":[42.15],"WDSP":[5.6499996],"WNDDIR":[198.9],"time":[1549364861]}