{"CLDC":[70.3,70.66],"DEWP":[-28.100002,-27.900003],"FRSHTT":[1100000,1100000],"PRCP":[0.009999999,0.009999999],"SLP":[1017.77997,1017.7001],"SNDP":[0,0],"STP":[1021.31995,1021.2999],"TEMP":[-24.109997,-23.66],"VISIB":[35.34,35.929996],"WDSP":[12.420001,12.72],"WNDDIR":[268.2,271.8],"time":[1549364858,1549364917]}