{"CLDC":[70.3],"DEWP":[-28.100002],"FRSHTT":[1100000],"PRCP":[0.009999999],"SLP":[1017.77997],"SNDP":[0],"STP":[1021.31995],"TEMP":[-24.109997],"VISIB":[35.34],"WDSP":[12.420001],"WNDDIR":[268.2],"time":[1549364858]}