{"CLDC":[81.130005,81.28999],"DEWP":[-17.599998,-17.48],"FRSHTT":[1110000,1110000],"PRCP":[0.009999999,0.009999999],"SLP":[1025.5999,1025.7001],"SNDP":[6,6],"STP":[1003.65,1003.52997],"TEMP":[-13.4800005,-13.5199995],"VISIB":[23.71,23.29],"WDSP":[5.5799994,5.7999997],"WNDDIR":[301.6,304.6],"time":[1549364858,1549364916]}