{"CLDC":[81.130005],"DEWP":[-17.599998],"FRSHTT":[1110000],"PRCP":[0.009999999],"SLP":[1025.5999],"SNDP":[6],"STP":[1003.65],"TEMP":[-13.4800005],"VISIB":[23.71],"WDSP":[5.5799994],"WNDDIR":[301.6],"time":[1549364858]}