{"CLDC":[89.66],"DEWP":[1.22],"FRSHTT":[0],"PRCP":[0],"SLP":[999.5],"SNDP":[0],"STP":[1003.33997],"TEMP":[4.1],"VISIB":[16.750002],"WDSP":[19.93],"WNDDIR":[250.5],"time":[1549364855]}