{"CLDC":[6.910001,6.9000006],"DEWP":[-42.140007,-41.660004],"FRSHTT":[1000000,1000000],"PRCP":[0,0],"SLP":[1027.37,1027.51],"SNDP":[0,0],"STP":[1031.13,1031.3799],"TEMP":[-37.780003,-37.13],"VISIB":[40.15,39.25],"WDSP":[3.8199997,3.02],"WNDDIR":[68,69.8],"time":[1549364857,1549364916]}