{"CLDC":[50.05,50.070004],"DEWP":[-15.65,-15.2],"FRSHTT":[1110000,1110000],"PRCP":[0.019999998,0.019999998],"SLP":[1019.4,1019.2999],"SNDP":[7.3,7.3],"STP":[1017.5,1017.39],"TEMP":[-12.589999,-12.559999],"VISIB":[8.53,8.759999],"WDSP":[11.27,11.94],"WNDDIR":[280.5,275.3],"time":[1549364857,1549364916]}