{"CLDC":[50.02,50.22],"DEWP":[-16.04,-15.5199995],"FRSHTT":[1110000,1110000],"PRCP":[0.009999999,0.009999999],"SLP":[1022.6,1022.6],"SNDP":[2.5,2.5],"STP":[1018,1018.02997],"TEMP":[-12.559999,-12.369999],"VISIB":[16.72,17.240002],"WDSP":[7.29,7.4700003],"WNDDIR":[263,258.3],"time":[1549364855,1549364915]}