{"CLDC":[50.02],"DEWP":[-16.04],"FRSHTT":[1110000],"PRCP":[0.009999999],"SLP":[1022.6],"SNDP":[2.5],"STP":[1018],"TEMP":[-12.559999],"VISIB":[16.72],"WDSP":[7.29],"WNDDIR":[263],"time":[1549364855]}