{"CLDC":[36.829994,36.759995],"DEWP":[1.1800001,1.2400001],"FRSHTT":[0,0],"PRCP":[0,0],"SLP":[1027.27,1026.9401],"SNDP":[0,0],"STP":[1018.7001,1018.7001],"TEMP":[4.8,4.84],"VISIB":[18.61,18.5],"WDSP":[25.84,26.040003],"WNDDIR":[218.1,216.4],"time":[1549364855,1549364915]}