{"CLDC":[50.170006,50.26],"DEWP":[-1.1000001,-1.0000001],"FRSHTT":[110000,110000],"PRCP":[0.059999995,0.059999995],"SLP":[1010.64,1010.92004],"SNDP":[0.10000001,0.10000001],"STP":[1010.07,1009.68005],"TEMP":[1.6000001,1.6000001],"VISIB":[12.19,11.51],"WDSP":[19.899998,18.8],"WNDDIR":[28.7,31.1],"time":[1549364855,1549364915]}