{"CLDC":[50.170006],"DEWP":[-1.1000001],"FRSHTT":[110000],"PRCP":[0.059999995],"SLP":[1010.64],"SNDP":[0.10000001],"STP":[1010.07],"TEMP":[1.6000001],"VISIB":[12.19],"WDSP":[19.899998],"WNDDIR":[28.7],"time":[1549364855]}