{"CLDC":[45.02,45.02],"DEWP":[-21.699999,-22.699999],"FRSHTT":[1000000,1000000],"PRCP":[0,0],"SLP":[1013.35,1013.2101],"SNDP":[0,0],"STP":[997.15,999.5999],"TEMP":[-16.8,-16.72],"VISIB":[39.8,39.34],"WDSP":[3.83,3.6899998],"WNDDIR":[83.3,83],"time":[1549364859,1549364918]}