{"CLDC":[35.170002,34.980003],"DEWP":[-17.000002,-16.800001],"FRSHTT":[1000000,1000000],"PRCP":[0,0],"SLP":[1019.68005,1019.92004],"SNDP":[0,0],"STP":[1013.27,1017.00995],"TEMP":[-12.5,-12.5],"VISIB":[22.42,22.919998],"WDSP":[3.2599998,3.53],"WNDDIR":[111.1,111.1],"time":[1549364859,1549364917]}