{"CLDC":[43.220005],"DEWP":[2.2800002],"FRSHTT":[0],"PRCP":[0],"SLP":[1033.11],"SNDP":[0],"STP":[1009.98],"TEMP":[3.1999996],"VISIB":[10.66],"WDSP":[12.33],"WNDDIR":[248.6],"time":[1549364855]}