{"CLDC":[50.21,50.510002],"DEWP":[-16.439999,-16.439999],"FRSHTT":[1010000,1010000],"PRCP":[0,0],"SLP":[1018.7001,1018.7001],"SNDP":[1.1000001,1.1000001],"STP":[1014.25,1014.7999],"TEMP":[-13.75,-13.7300005],"VISIB":[25.779999,25.409998],"WDSP":[9.39,8.43],"WNDDIR":[150.5,148.4],"time":[1549364858,1549364916]}