{"CLDC":[50.11,50.090004],"DEWP":[-9.65,-9.85],"FRSHTT":[1010000,1010000],"PRCP":[0,0],"SLP":[1017.12,1017.2001],"SNDP":[12.9,13],"STP":[904.7001,904.7001],"TEMP":[-6.65,-6.8499994],"VISIB":[50.46,50.37],"WDSP":[10.95,10.9],"WNDDIR":[329,335],"time":[1549364857,1549364916]}