{"CLDC":[50.050003],"DEWP":[-16.240002],"FRSHTT":[1110000],"PRCP":[0.019999998],"SLP":[1020.4],"SNDP":[0.20000002],"STP":[1012.09],"TEMP":[-11.300001],"VISIB":[41.15],"WDSP":[11.559999],"WNDDIR":[37.1],"time":[1549364861]}