{"CLDC":[50.239998,50.43],"DEWP":[-20.699999,-20.3],"FRSHTT":[1010000,1010000],"PRCP":[0,0],"SLP":[1012.83997,1012.85],"SNDP":[5.5,5.5],"STP":[1027.0199,1027.45],"TEMP":[-13.219999,-13.31],"VISIB":[50.140003,50.200005],"WDSP":[8.219999,8.190001],"WNDDIR":[47,50],"time":[1549364861,1549364919]}