{"CLDC":[72.18001],"DEWP":[-22.05],"FRSHTT":[1110000],"PRCP":[0.009999999],"SLP":[1024.2001],"SNDP":[3.6],"STP":[1012.5199],"TEMP":[-18.1],"VISIB":[27.899998],"WDSP":[6.32],"WNDDIR":[163.5],"time":[1549364861]}