{"CLDC":[50.239998],"DEWP":[-20.699999],"FRSHTT":[1010000],"PRCP":[0],"SLP":[1012.83997],"SNDP":[5.5],"STP":[1027.0199],"TEMP":[-13.219999],"VISIB":[50.140003],"WDSP":[8.219999],"WNDDIR":[47],"time":[1549364861]}