{"CLDC":[50.120003,50.309994],"DEWP":[-2.1200001,-2.0000002],"FRSHTT":[110000,110000],"PRCP":[0.07,0.07],"SLP":[1007.7001,1007.7999],"SNDP":[0.20000002,0.20000002],"STP":[1007.0399,1007.12],"TEMP":[0.6999999,0.6999999],"VISIB":[17.45,16.55],"WDSP":[21.66,22.210001],"WNDDIR":[108.5,108.9],"time":[1549364856,1549364916]}