{"CLDC":[50.37,50.160004],"DEWP":[-13.979999,-13.849998],"FRSHTT":[1110000,1110000],"PRCP":[0.009999999,0.009999999],"SLP":[1022.4,1022.4],"SNDP":[1.3000001,1.3000001],"STP":[1024.34,1024.3699],"TEMP":[-9.5,-9.54],"VISIB":[36.2,36.32],"WDSP":[14.690001,14.089999],"WNDDIR":[17.6,18.3],"time":[1549364861,1549364919]}