{"CLDC":[50.120003],"DEWP":[-2.1200001],"FRSHTT":[110000],"PRCP":[0.07],"SLP":[1007.7001],"SNDP":[0.20000002],"STP":[1007.0399],"TEMP":[0.6999999],"VISIB":[17.45],"WDSP":[21.66],"WNDDIR":[108.5],"time":[1549364856]}