{"CLDC":[50.37],"DEWP":[-13.979999],"FRSHTT":[1110000],"PRCP":[0.009999999],"SLP":[1022.4],"SNDP":[1.3000001],"STP":[1024.34],"TEMP":[-9.5],"VISIB":[36.2],"WDSP":[14.690001],"WNDDIR":[17.6],"time":[1549364861]}