{"CLDC":[93.18],"DEWP":[0.36],"FRSHTT":[100000],"PRCP":[0.019999998],"SLP":[1008.2001],"SNDP":[0],"STP":[1006.30994],"TEMP":[2.8400002],"VISIB":[24.52],"WDSP":[31.939999],"WNDDIR":[96.8],"time":[1549364856]}