{"CLDC":[93.18,93.34],"DEWP":[0.36,0.36000004],"FRSHTT":[100000,100000],"PRCP":[0.019999998,0.019999998],"SLP":[1008.2001,1008.30994],"SNDP":[0,0],"STP":[1006.30994,1006.2999],"TEMP":[2.8400002,2.8200002],"VISIB":[24.52,24.580002],"WDSP":[31.939999,31.810001],"WNDDIR":[96.8,94.6],"time":[1549364856,1549364915]}