{"CLDC":[54.339996],"DEWP":[-0.060000002],"FRSHTT":[0],"PRCP":[0],"SLP":[1006.75],"SNDP":[0],"STP":[990.5],"TEMP":[2.4099998],"VISIB":[18.71],"WDSP":[15.6],"WNDDIR":[4.6],"time":[1549364856]}