{"CLDC":[55.48],"DEWP":[-23.999996],"FRSHTT":[1110000],"PRCP":[0.039999995],"SLP":[1012.6],"SNDP":[8.599999],"STP":[1013.32996],"TEMP":[-19.22],"VISIB":[16.73],"WDSP":[12.72],"WNDDIR":[62.4],"time":[1549364859]}