{"CLDC":[98.94,99.12999],"DEWP":[-19.11,-18.72],"FRSHTT":[1110000,1110000],"PRCP":[0.009999999,0.009999999],"SLP":[1020.7001,1020.6],"SNDP":[3.1000001,3.1000001],"STP":[1026,1025.8],"TEMP":[-15,-15],"VISIB":[42.700005,43.58],"WDSP":[7.22,7.1399994],"WNDDIR":[345,345.7],"time":[1549364858,1549364916]}