{"CLDC":[94.59999,94.66],"DEWP":[-21.459997,-21.139997],"FRSHTT":[1010000,1010000],"PRCP":[0,0],"SLP":[1013.6,1013.7001],"SNDP":[0.29999998,0.29999998],"STP":[1011.6501,1011.7001],"TEMP":[-13.349998,-13.42],"VISIB":[30.95,31.010004],"WDSP":[14.789999,15.969999],"WNDDIR":[19.7,20.2],"time":[1549364855,1549364915]}