{"CLDC":[91.09999,90.78999],"DEWP":[-22,-21.8],"FRSHTT":[1010000,1010000],"PRCP":[0,0],"SLP":[1016.2999,1016.2201],"SNDP":[0.9,0.9],"STP":[997.2001,997.2999],"TEMP":[-16.919998,-17],"VISIB":[49.13,48.99],"WDSP":[4.21,4.38],"WNDDIR":[245.7,246],"time":[1549364855,1549364915]}