{"CLDC":[96.21001],"DEWP":[-20.460001],"FRSHTT":[1010000],"PRCP":[0],"SLP":[1021],"SNDP":[1.1999999],"STP":[1021.9],"TEMP":[-16.56],"VISIB":[20.929998],"WDSP":[5.04],"WNDDIR":[124.2],"time":[1549364861]}