{"CLDC":[77.83],"DEWP":[-18.060001],"FRSHTT":[1010000],"PRCP":[0],"SLP":[1021],"SNDP":[7],"STP":[1003.25],"TEMP":[-15.120001],"VISIB":[31.36],"WDSP":[2.8899999],"WNDDIR":[294.1],"time":[1549364861]}