{"CLDC":[50,50.200005],"DEWP":[-17.849998,-17.52],"FRSHTT":[1010000,1010000],"PRCP":[0,0],"SLP":[1016.81995,1016.7001],"SNDP":[0.29999998,0.29999998],"STP":[1013.38995,1013.47003],"TEMP":[-10.9800005,-10.920001],"VISIB":[43.46,43.759995],"WDSP":[22.499998,20.95],"WNDDIR":[166.4,168.1],"time":[1549364860,1549364918]}