{"CLDC":[50.45],"DEWP":[-6.3799996],"FRSHTT":[1110000],"PRCP":[0.30999997],"SLP":[1010],"SNDP":[19.199999],"STP":[1001.38995],"TEMP":[-2.45],"VISIB":[16.04],"WDSP":[25.07],"WNDDIR":[161.8],"time":[1549364860]}