{"CLDC":[50.100002,50.070004],"DEWP":[-15.599998,-15.839999],"FRSHTT":[1010000,1010000],"PRCP":[0,0],"SLP":[1021.9,1021.9],"SNDP":[4.4000006,4.4000006],"STP":[1014.5,1014.5199],"TEMP":[-11.5,-11.5],"VISIB":[15.009999,15.12],"WDSP":[9.08,8.2],"WNDDIR":[24.3,25.3],"time":[1549364859,1549364917]}