{"CLDC":[32.29],"DEWP":[-13.050001],"FRSHTT":[1000000],"PRCP":[0],"SLP":[957.19006],"SNDP":[0],"STP":[976.2001],"TEMP":[-8.04],"VISIB":[27.679998],"WDSP":[6.7599998],"WNDDIR":[270.2],"time":[1549364860]}