{"CLDC":[50.140003],"DEWP":[-21.220001],"FRSHTT":[1010000],"PRCP":[0],"SLP":[1019.2999],"SNDP":[6.4000006],"STP":[1027.5],"TEMP":[-17],"VISIB":[38.35],"WDSP":[7.66],"WNDDIR":[55],"time":[1549364859]}