{"CLDC":[50.140003,50.02],"DEWP":[-21.220001,-21.85],"FRSHTT":[1010000,1010000],"PRCP":[0,0],"SLP":[1019.2999,1019.2999],"SNDP":[6.4000006,6.5],"STP":[1027.5,1027.4001],"TEMP":[-17,-16.850002],"VISIB":[38.35,37.809998],"WDSP":[7.66,8.180001],"WNDDIR":[55,51.9],"time":[1549364859,1549364917]}