{"CLDC":[59.55],"DEWP":[-13.199999],"FRSHTT":[1010000],"PRCP":[0],"SLP":[1015.6],"SNDP":[4.7000003],"STP":[1013.27997],"TEMP":[-5.0999994],"VISIB":[31.470001],"WDSP":[23.31],"WNDDIR":[290.7],"time":[1549364857]}