{"CLDC":[83.46,83.61],"DEWP":[-0.35,-0.35],"FRSHTT":[100000,100000],"PRCP":[0.28,0.28],"SLP":[1011,1011.3499],"SNDP":[0,0],"STP":[1021.95996,1019.5399],"TEMP":[0.8000001,0.8000001],"VISIB":[10.07,9.940001],"WDSP":[5.1,5.41],"WNDDIR":[268.8,266.1],"time":[1549364857,1549364916]}