{"CLDC":[31.239996],"DEWP":[-10.800001],"FRSHTT":[1000000],"PRCP":[0],"SLP":[1025.5],"SNDP":[0],"STP":[1026.3],"TEMP":[-5.38],"VISIB":[33.630005],"WDSP":[7.5],"WNDDIR":[87],"time":[1549364858]}