{"CLDC":[50.090004],"DEWP":[-16.52],"FRSHTT":[1110000],"PRCP":[0.039999995],"SLP":[1025.2001],"SNDP":[0.20000002],"STP":[1015.6],"TEMP":[-10.900001],"VISIB":[30.539999],"WDSP":[13.6],"WNDDIR":[292.1],"time":[1549364858]}