{"CLDC":[50.090004,50.04],"DEWP":[-16.52,-16.52],"FRSHTT":[1110000,1110000],"PRCP":[0.039999995,0.039999995],"SLP":[1025.2001,1025.2001],"SNDP":[0.20000002,0.20000002],"STP":[1015.6,1015.6],"TEMP":[-10.900001,-10.900001],"VISIB":[30.539999,30.130001],"WDSP":[13.6,12.289999],"WNDDIR":[292.1,296.7],"time":[1549364858,1549364916]}