{"CLDC":[50.250004,50.08],"DEWP":[-18.119999,-18.46],"FRSHTT":[1010000,1010000],"PRCP":[0,0],"SLP":[1022.7999,1022.7999],"SNDP":[2,2],"STP":[1009.2999,1009.2101],"TEMP":[-11.46,-11.700002],"VISIB":[23.429998,23.71],"WDSP":[10.559999,10.65],"WNDDIR":[17.9,20],"time":[1549364858,1549364916]}