{"CLDC":[50.010002,50.289993],"DEWP":[-14.749998,-15.139999],"FRSHTT":[1110000,1110000],"PRCP":[0.009999999,0.009999999],"SLP":[1021.7999,1021.7999],"SNDP":[2,2],"STP":[1016.33997,1016.95],"TEMP":[-10.35,-10.360001],"VISIB":[19.740002,19.249998],"WDSP":[9.42,9.089999],"WNDDIR":[6.1,6.2],"time":[1549364856,1549364916]}