{"CLDC":[50.389996],"DEWP":[-16.43],"FRSHTT":[1010000],"PRCP":[0],"SLP":[1019],"SNDP":[13.199999],"STP":[1008.55],"TEMP":[-12.149999],"VISIB":[20.18],"WDSP":[7.6299996],"WNDDIR":[13.1],"time":[1549364855]}