{"CLDC":[68.41,68.2],"DEWP":[-26.5,-27.160004],"FRSHTT":[1000000,1000000],"PRCP":[0,0],"SLP":[1012.82,1012.88995],"SNDP":[0,0],"STP":[1021.69006,1019.5199],"TEMP":[-21.43,-21.100002],"VISIB":[29.470001,29.460001],"WDSP":[5.2400002,5.069999],"WNDDIR":[137.7,136],"time":[1549364855,1549364915]}