{"CLDC":[81.350006,81.41],"DEWP":[-13.240001,-13.240001],"FRSHTT":[1110000,1110000],"PRCP":[0.11,0.11],"SLP":[1017.61,1017.61],"SNDP":[0.29999998,0.29999998],"STP":[1014.1,1014.2001],"TEMP":[-3.94,-3.92],"VISIB":[28.2,28.540003],"WDSP":[15.5,14.76],"WNDDIR":[181.8,180.3],"time":[1549364855,1549364915]}