{"CLDC":[35.379997],"DEWP":[-14.969998],"FRSHTT":[1000000],"PRCP":[0],"SLP":[1023.1],"SNDP":[0],"STP":[1020.4],"TEMP":[-6.65],"VISIB":[18.849998],"WDSP":[18.23],"WNDDIR":[307.5],"time":[1549364861]}