{"CLDC":[50.289997,50.6],"DEWP":[-15.199999,-15.160001],"FRSHTT":[1010000,1010000],"PRCP":[0,0],"SLP":[1021.7999,1021.7999],"SNDP":[0.6999999,0.6999999],"STP":[1012.55,1012.5],"TEMP":[-8.559999,-8.559999],"VISIB":[17.59,18.04],"WDSP":[22.7,23.060001],"WNDDIR":[34.6,37.7],"time":[1549364861,1549364918]}