{"CLDC":[50.289997],"DEWP":[-15.199999],"FRSHTT":[1010000],"PRCP":[0],"SLP":[1021.7999],"SNDP":[0.6999999],"STP":[1012.55],"TEMP":[-8.559999],"VISIB":[17.59],"WDSP":[22.7],"WNDDIR":[34.6],"time":[1549364861]}