{"CLDC":[99.04999,98.58999],"DEWP":[-13.100001,-13.200002],"FRSHTT":[1000000,1000000],"PRCP":[0,0],"SLP":[1018.62,1018.7001],"SNDP":[0,0],"STP":[1020.69006,1021.0199],"TEMP":[-3.7000003,-3.7000003],"VISIB":[40.019997,40.26],"WDSP":[13.51,12.82],"WNDDIR":[323.5,321.9],"time":[1549364860,1549364918]}