{"CLDC":[50.13,50.220005],"DEWP":[-20.119999,-20.84],"FRSHTT":[1110000,1110000],"PRCP":[0.009999999,0.009999999],"SLP":[1022.5,1022.49005],"SNDP":[4.7999997,4.7999997],"STP":[1012.2999,1012.2001],"TEMP":[-15.590001,-15.610001],"VISIB":[45.680004,45.24],"WDSP":[7.4799995,7.4000006],"WNDDIR":[132.7,131.2],"time":[1549364860,1549364918]}