{"CLDC":[99.04999],"DEWP":[-13.100001],"FRSHTT":[1000000],"PRCP":[0],"SLP":[1018.62],"SNDP":[0],"STP":[1020.69006],"TEMP":[-3.7000003],"VISIB":[40.019997],"WDSP":[13.51],"WNDDIR":[323.5],"time":[1549364860]}