{"CLDC":[67.17],"DEWP":[-22.650002],"FRSHTT":[1100000],"PRCP":[0.14999999],"SLP":[1018.7999],"SNDP":[0],"STP":[1015.2699],"TEMP":[-21.499998],"VISIB":[19.3],"WDSP":[22.689999],"WNDDIR":[206.3],"time":[1549364857]}