{"CLDC":[50.04,50.11001],"DEWP":[-23.12,-22.570002],"FRSHTT":[1010000,1010000],"PRCP":[0,0],"SLP":[1012,1012],"SNDP":[22.699999,22.71],"STP":[1027.2001,1027.2001],"TEMP":[-22.560001,-22.400002],"VISIB":[25.439999,25.899998],"WDSP":[10.240001,10.6],"WNDDIR":[283.9,286],"time":[1549364858,1549364916]}