{"CLDC":[50.199997],"DEWP":[-19.55],"FRSHTT":[1110000],"PRCP":[0.039999995],"SLP":[1013.1],"SNDP":[2.7000003],"STP":[1004.30994],"TEMP":[-16.14],"VISIB":[16.869999],"WDSP":[23.23],"WNDDIR":[280.5],"time":[1549364858]}