{"CLDC":[51.11],"DEWP":[-22.429998],"FRSHTT":[1110000],"PRCP":[0.029999997],"SLP":[1015],"SNDP":[8.300001],"STP":[1010.74005],"TEMP":[-20.16],"VISIB":[29.61],"WDSP":[19.11],"WNDDIR":[56.1],"time":[1549364856]}