{"CLDC":[51.11,50.95],"DEWP":[-22.429998,-22.34],"FRSHTT":[1110000,1110000],"PRCP":[0.029999997,0.029999997],"SLP":[1015,1015],"SNDP":[8.300001,8.300001],"STP":[1010.74005,1010.9],"TEMP":[-20.16,-20.25],"VISIB":[29.61,29.34],"WDSP":[19.11,19.530003],"WNDDIR":[56.1,57.9],"time":[1549364856,1549364915]}