{"CLDC":[94.770004,94.920006],"DEWP":[-23.960001,-24.23],"FRSHTT":[1110000,1110000],"PRCP":[0.07,0.07],"SLP":[1012.2001,1012.23],"SNDP":[11.5,11.5],"STP":[1013.42004,1013.5],"TEMP":[-20.689999,-20.619999],"VISIB":[35.200005,35.02],"WDSP":[19.529999,20.130001],"WNDDIR":[268.7,265.4],"time":[1549364856,1549364916]}