{"CLDC":[94.770004],"DEWP":[-23.960001],"FRSHTT":[1110000],"PRCP":[0.07],"SLP":[1012.2001],"SNDP":[11.5],"STP":[1013.42004],"TEMP":[-20.689999],"VISIB":[35.200005],"WDSP":[19.529999],"WNDDIR":[268.7],"time":[1549364856]}