{"CLDC":[50.520004],"DEWP":[0.2],"FRSHTT":[100000],"PRCP":[0.20000002],"SLP":[1012.2001],"SNDP":[0],"STP":[1012.43],"TEMP":[3.22],"VISIB":[14.980001],"WDSP":[30.009998],"WNDDIR":[268.6],"time":[1549364859]}