{"CLDC":[90.200005],"DEWP":[-24.500004],"FRSHTT":[1110000],"PRCP":[0.059999995],"SLP":[1012.6],"SNDP":[11.43],"STP":[1012.08997],"TEMP":[-21.599997],"VISIB":[12.969999],"WDSP":[15.670001],"WNDDIR":[339.6],"time":[1549364856]}