{"CLDC":[90.200005,89.850006],"DEWP":[-24.500004,-24.800003],"FRSHTT":[1110000,1110000],"PRCP":[0.059999995,0.059999995],"SLP":[1012.6,1012.5],"SNDP":[11.43,11.5],"STP":[1012.08997,1012.06995],"TEMP":[-21.599997,-20.999998],"VISIB":[12.969999,12.749999],"WDSP":[15.670001,15.740001],"WNDDIR":[339.6,340.9],"time":[1549364856,1549364915]}