{"CLDC":[50.04,50.04],"DEWP":[-24.320004,-23.960003],"FRSHTT":[1110000,1110000],"PRCP":[0.009999999,0.009999999],"SLP":[1012.2999,1012.30994],"SNDP":[7.7,7.8],"STP":[1020.4,1020.4],"TEMP":[-19.59,-19.85],"VISIB":[32.829998,32.67],"WDSP":[17.8,17.529999],"WNDDIR":[59.8,59],"time":[1549364855,1549364915]}