{"CLDC":[75.99],"DEWP":[-22.800003],"FRSHTT":[1110000],"PRCP":[0.059999995],"SLP":[1014.5399],"SNDP":[7.7],"STP":[1013.9],"TEMP":[-19.580002],"VISIB":[19.320002],"WDSP":[16.45],"WNDDIR":[6.9],"time":[1549364861]}