{"CLDC":[50.160004,50],"DEWP":[-25.45,-25.580002],"FRSHTT":[1110000,1110000],"PRCP":[0.019999998,0.019999998],"SLP":[1011.4,1011.43005],"SNDP":[11.699999,11.699999],"STP":[1007.9,1007.9],"TEMP":[-21.45,-21.449999],"VISIB":[27.050003,27.1],"WDSP":[10.659999,11.48],"WNDDIR":[296.1,301.3],"time":[1549364861,1549364919]}