{"CLDC":[50.140003,50],"DEWP":[-18.420002,-18.36],"FRSHTT":[1110000,1110000],"PRCP":[0.019999998,0.019999998],"SLP":[1012.7699,1012.7001],"SNDP":[3.5,3.5],"STP":[1010.52,1010.7799],"TEMP":[-13.4,-13.2],"VISIB":[25.49,25.909998],"WDSP":[17.63,16.649998],"WNDDIR":[271.7,269.9],"time":[1549364860,1549364918]}