{"CLDC":[87.46001],"DEWP":[0.75],"FRSHTT":[100000],"PRCP":[0.050000004],"SLP":[1010.6],"SNDP":[0],"STP":[1007.22003],"TEMP":[3.58],"VISIB":[25.579998],"WDSP":[32.29],"WNDDIR":[334.9],"time":[1549364859]}