{"CLDC":[59.49,59.8],"DEWP":[-0.3,-0.34],"FRSHTT":[10000,10000],"PRCP":[0,0],"SLP":[982.09,980.81006],"SNDP":[0.20000002,0.20000002],"STP":[1001.91003,1002.06006],"TEMP":[1.8599999,1.9400002],"VISIB":[23.36,23.89],"WDSP":[20.04,19.41],"WNDDIR":[41.8,43.5],"time":[1549364859,1549364917]}