{"CLDC":[92.37,92.44],"DEWP":[-15.780001,-15.780001],"FRSHTT":[1110000,1110000],"PRCP":[0.11,0.11],"SLP":[1006.2001,1006.2001],"SNDP":[1.7,1.7],"STP":[1003.14,1003.2],"TEMP":[-13.69,-13.62],"VISIB":[14.99,14.860001],"WDSP":[33.07,34.199997],"WNDDIR":[246.7,250.4],"time":[1549364860,1549364918]}