{"CLDC":[50.35,50.140003],"DEWP":[-25.140001,-25.140001],"FRSHTT":[1110000,1110000],"PRCP":[0.009999999,0.009999999],"SLP":[1013.4,1013.4],"SNDP":[8.300001,8.300001],"STP":[1011.4,1011.4],"TEMP":[-19.88,-19.999998],"VISIB":[27.11,27.039999],"WDSP":[11.679998,11.910002],"WNDDIR":[300,302.1],"time":[1549364860,1549364918]}