{"CLDC":[59.49],"DEWP":[-0.3],"FRSHTT":[10000],"PRCP":[0],"SLP":[982.09],"SNDP":[0.20000002],"STP":[1001.91003],"TEMP":[1.8599999],"VISIB":[23.36],"WDSP":[20.04],"WNDDIR":[41.8],"time":[1549364859]}