{"CLDC":[53.170006],"DEWP":[-20.699999],"FRSHTT":[1110000],"PRCP":[0.029999997],"SLP":[1013.6],"SNDP":[2.6000001],"STP":[1009.91003],"TEMP":[-16.72],"VISIB":[16.1],"WDSP":[14.92],"WNDDIR":[132.5],"time":[1549364858]}