{"CLDC":[61.629997,61.27999],"DEWP":[-15.050001,-14.950002],"FRSHTT":[1110000,1110000],"PRCP":[0.039999995,0.039999995],"SLP":[1012.4,1012.4],"SNDP":[7.7,7.8],"STP":[1009.7999,1010],"TEMP":[-11.299999,-11.299999],"VISIB":[29.359997,29.290003],"WDSP":[13.039999,13.059999],"WNDDIR":[264,268],"time":[1549364858,1549364917]}