{"CLDC":[50.120003],"DEWP":[-23.500002],"FRSHTT":[1100000],"PRCP":[1.4899999],"SLP":[1017.2001],"SNDP":[0],"STP":[1020.85],"TEMP":[-19.430002],"VISIB":[28.710001],"WDSP":[7.649999],"WNDDIR":[171.1],"time":[1549364857]}