{"CLDC":[50],"DEWP":[-23.320002],"FRSHTT":[1110000],"PRCP":[0.019999998],"SLP":[1012.49005],"SNDP":[11.599999],"STP":[1009.7001],"TEMP":[-19.719997],"VISIB":[9.84],"WDSP":[11.42],"WNDDIR":[147.3],"time":[1549364856]}