{"CLDC":[50.170006,50.269997],"DEWP":[-0.040000003,0.040000003],"FRSHTT":[110000,110000],"PRCP":[0.07999999,0.07999999],"SLP":[1010.9,1010.9],"SNDP":[0.29999998,0.29999998],"STP":[1012.15,1012.3],"TEMP":[2.13,2.16],"VISIB":[20.52,20.819998],"WDSP":[21.98,22.55],"WNDDIR":[113.9,114.1],"time":[1549364859,1549364917]}