{"CLDC":[50.170006],"DEWP":[-0.040000003],"FRSHTT":[110000],"PRCP":[0.07999999],"SLP":[1010.9],"SNDP":[0.29999998],"STP":[1012.15],"TEMP":[2.13],"VISIB":[20.52],"WDSP":[21.98],"WNDDIR":[113.9],"time":[1549364859]}