{"CLDC":[66.58,66.32],"DEWP":[-18.53,-18.699999],"FRSHTT":[1110000,1110000],"PRCP":[0.019999998,0.019999998],"SLP":[1013.45996,1013.5],"SNDP":[6.2000003,6.2000003],"STP":[1018.87,1020.62],"TEMP":[-14.780001,-14.660001],"VISIB":[11.219999,11.51],"WDSP":[11.82,11.83],"WNDDIR":[154.8,155.5],"time":[1549364856,1549364915]}