{"CLDC":[87.13],"DEWP":[-12.950002],"FRSHTT":[1110000],"PRCP":[0.22],"SLP":[1012.4],"SNDP":[3.7000003],"STP":[1008.4],"TEMP":[-8.75],"VISIB":[32.120003],"WDSP":[18.97],"WNDDIR":[14.3],"time":[1549364856]}