{"CLDC":[50.120003,50.389996],"DEWP":[-13.5,-13.6],"FRSHTT":[1110000,1110000],"PRCP":[0.039999995,0.039999995],"SLP":[1008.97003,1008.77997],"SNDP":[3,3],"STP":[1019.1,1019.1],"TEMP":[-9.42,-9.42],"VISIB":[15.17,15.670001],"WDSP":[29.1,30.930002],"WNDDIR":[326.5,324.4],"time":[1549364855,1549364915]}