{"CLDC":[72.87,72.990005],"DEWP":[-9.54,-9.700001],"FRSHTT":[1110000,1110000],"PRCP":[0.11999999,0.11999999],"SLP":[1007.5,1007.5],"SNDP":[4.5,4.5],"STP":[1005.4,1005.04004],"TEMP":[-7.2400002,-7.280001],"VISIB":[21.41,21.180002],"WDSP":[40.98,43.079998],"WNDDIR":[34.8,37],"time":[1549364856,1549364915]}