{"CLDC":[72.87],"DEWP":[-9.54],"FRSHTT":[1110000],"PRCP":[0.11999999],"SLP":[1007.5],"SNDP":[4.5],"STP":[1005.4],"TEMP":[-7.2400002],"VISIB":[21.41],"WDSP":[40.98],"WNDDIR":[34.8],"time":[1549364856]}