{"CLDC":[50.44],"DEWP":[-9.7],"FRSHTT":[1110000],"PRCP":[0.10000001],"SLP":[1006.7001],"SNDP":[4.7999997],"STP":[1001.4],"TEMP":[-6.5800004],"VISIB":[13.55],"WDSP":[41.59],"WNDDIR":[219.2],"time":[1549364861]}