{"CLDC":[50.02],"DEWP":[-10.949999],"FRSHTT":[1110000],"PRCP":[0.16999999],"SLP":[1003.9],"SNDP":[4],"STP":[1005.9],"TEMP":[-7.28],"VISIB":[10.74],"WDSP":[29.930002],"WNDDIR":[94.7],"time":[1549364860]}