{"CLDC":[50.13],"DEWP":[-11.449999],"FRSHTT":[1110000],"PRCP":[0.22999999],"SLP":[998.77997],"SNDP":[13.6],"STP":[1004.1],"TEMP":[-8.349999],"VISIB":[17.52],"WDSP":[26.640003],"WNDDIR":[82.6],"time":[1549364859]}