{"CLDC":[50.13,50.68],"DEWP":[-11.449999,-11.349998],"FRSHTT":[1110000,1110000],"PRCP":[0.22999999,0.22999999],"SLP":[998.77997,998.69006],"SNDP":[13.6,13.62],"STP":[1004.1,1004.05994],"TEMP":[-8.349999,-8.449999],"VISIB":[17.52,17.59],"WDSP":[26.640003,28.259998],"WNDDIR":[82.6,83.3],"time":[1549364859,1549364917]}