{"CLDC":[50.21,50.120003],"DEWP":[-11.02,-11.06],"FRSHTT":[1110000,1110000],"PRCP":[0.27,0.27],"SLP":[995.7999,995.72003],"SNDP":[25.600002,25.7],"STP":[990.2001,990.17004],"TEMP":[-8.1,-8.1],"VISIB":[18.710001,18.389997],"WDSP":[44.44,43.140003],"WNDDIR":[271,265],"time":[1549364860,1549364918]}