{"CLDC":[50.130005],"DEWP":[-0.7],"FRSHTT":[100000],"PRCP":[0.13],"SLP":[1007.7001],"SNDP":[0],"STP":[1010.82996],"TEMP":[1.34],"VISIB":[14.300001],"WDSP":[21.52],"WNDDIR":[283.6],"time":[1549364859]}