{"CLDC":[63.059998,63.620003],"DEWP":[-0.14000002,-0.26],"FRSHTT":[110000,110000],"PRCP":[0.09000001,0.09000001],"SLP":[1007.6,1007.6],"SNDP":[0.10000001,0.10000001],"STP":[981.30994,981.43],"TEMP":[0.9,0.9],"VISIB":[17.670002,18.31],"WDSP":[20.67,19.619999],"WNDDIR":[42,41.6],"time":[1549364859,1549364917]}