{"CLDC":[50.45],"DEWP":[-23.999996],"FRSHTT":[1010000],"PRCP":[0],"SLP":[1006.5],"SNDP":[4.0999994],"STP":[1004.5],"TEMP":[-21.240002],"VISIB":[31.150003],"WDSP":[20.130001],"WNDDIR":[15.6],"time":[1549364858]}