{"CLDC":[50.45,50.359997],"DEWP":[-23.999996,-23.699997],"FRSHTT":[1010000,1010000],"PRCP":[0,0],"SLP":[1006.5,1006.5],"SNDP":[4.0999994,4.0999994],"STP":[1004.5,1004.68005],"TEMP":[-21.240002,-21.240002],"VISIB":[31.150003,30.62],"WDSP":[20.130001,19.05],"WNDDIR":[15.6,15.5],"time":[1549364858,1549364917]}