{"CLDC":[66.23],"DEWP":[-20.029999],"FRSHTT":[1000000],"PRCP":[0],"SLP":[1009.9],"SNDP":[0],"STP":[1008.52997],"TEMP":[-18.990002],"VISIB":[25.74],"WDSP":[22.990002],"WNDDIR":[358.9],"time":[1549364856]}