{"CLDC":[50.25],"DEWP":[-20.7],"FRSHTT":[1110000],"PRCP":[0.009999999],"SLP":[1003.2999],"SNDP":[10.099999],"STP":[1008.7899],"TEMP":[-17.82],"VISIB":[23.640003],"WDSP":[22.789999],"WNDDIR":[109.5],"time":[1549364856]}