{"CLDC":[31.909998],"DEWP":[-26.740002],"FRSHTT":[1000000],"PRCP":[0],"SLP":[1012.7201],"SNDP":[0],"STP":[1012.67004],"TEMP":[-20.619999],"VISIB":[32.139996],"WDSP":[27.909998],"WNDDIR":[264.7],"time":[1549364859]}