{"CLDC":[68.42,67.96001],"DEWP":[-29.569998,-29.459997],"FRSHTT":[1100000,1100000],"PRCP":[0.009999999,0.009999999],"SLP":[1022.88995,1023.09],"SNDP":[0,0],"STP":[1024.5999,1024.5999],"TEMP":[-26.62,-26.62],"VISIB":[25.88,27.330002],"WDSP":[14.209999,14.24],"WNDDIR":[269.6,266.1],"time":[1549364859,1549364917]}