{"CLDC":[68.42],"DEWP":[-29.569998],"FRSHTT":[1100000],"PRCP":[0.009999999],"SLP":[1022.88995],"SNDP":[0],"STP":[1024.5999],"TEMP":[-26.62],"VISIB":[25.88],"WDSP":[14.209999],"WNDDIR":[269.6],"time":[1549364859]}