{"CLDC":[77.78999],"DEWP":[0.19999997],"FRSHTT":[100000],"PRCP":[0.059999995],"SLP":[1003.07],"SNDP":[0],"STP":[983.75],"TEMP":[1.9399999],"VISIB":[23.41],"WDSP":[19.48],"WNDDIR":[338.4],"time":[1549364860]}