{"CLDC":[70.92],"DEWP":[-19.02],"FRSHTT":[1100000],"PRCP":[0.009999999],"SLP":[1009.9],"SNDP":[0],"STP":[1033.2699],"TEMP":[-15.42],"VISIB":[35.76],"WDSP":[30.670002],"WNDDIR":[136.7],"time":[1549364855]}