{"CLDC":[58.869995,58.98],"DEWP":[-19.16,-18.84],"FRSHTT":[1110000,1110000],"PRCP":[0.14999999,0.14999999],"SLP":[1002.08997,1002.12],"SNDP":[15.699999,15.699999],"STP":[1009.4,1009.4],"TEMP":[-15.95,-16.039999],"VISIB":[17.07,17.350002],"WDSP":[21.81,21.369999],"WNDDIR":[270.3,272.1],"time":[1549364855,1549364915]}