{"CLDC":[70.92,70.77],"DEWP":[-19.02,-19.04],"FRSHTT":[1100000,1100000],"PRCP":[0.009999999,0.009999999],"SLP":[1009.9,1009.7999],"SNDP":[0,0],"STP":[1033.2699,1033.55],"TEMP":[-15.42,-15.419998],"VISIB":[35.76,34.8],"WDSP":[30.670002,29.45],"WNDDIR":[136.7,132.4],"time":[1549364855,1549364915]}