{"CLDC":[85.649994,85.67],"DEWP":[-18.599998,-18.599998],"FRSHTT":[1110000,1110000],"PRCP":[0.009999999,0.009999999],"SLP":[1000,999.9],"SNDP":[2,2],"STP":[1002.08997,1002.16003],"TEMP":[-16.02,-15.9],"VISIB":[22.389997,23.000002],"WDSP":[18.150002,17.65],"WNDDIR":[35.7,35.2],"time":[1549364861,1549364918]}