{"CLDC":[91.299995],"DEWP":[-2.0500002],"FRSHTT":[0],"PRCP":[0],"SLP":[981.93],"SNDP":[0],"STP":[977.43],"TEMP":[0],"VISIB":[16.09],"WDSP":[20.01],"WNDDIR":[278.1],"time":[1549364860]}