{"CLDC":[78.77,78.56],"DEWP":[-1.24,-1.25],"FRSHTT":[100000,100000],"PRCP":[0.050000004,0.050000004],"SLP":[1005.35,1005.1501],"SNDP":[0,0],"STP":[1001.02,1000.81995],"TEMP":[1.9799999,2.02],"VISIB":[17.759998,17.77],"WDSP":[19.15,19.83],"WNDDIR":[358,356.6],"time":[1549364860,1549364918]}