{"CLDC":[87.09999,86.82],"DEWP":[-1.6800001,-1.65],"FRSHTT":[100000,100000],"PRCP":[0.009999999,0.009999999],"SLP":[1018.36993,1018.2101],"SNDP":[0,0],"STP":[1023,1023],"TEMP":[2.88,2.8200002],"VISIB":[25.9,25.73],"WDSP":[13.32,13.160001],"WNDDIR":[103.2,100.1],"time":[1549364860,1549364918]}