{"CLDC":[72.09999,71.58],"DEWP":[-18.919998,-18.579998],"FRSHTT":[1000000,1000000],"PRCP":[0,0],"SLP":[1008.09,1007.93],"SNDP":[0,0],"STP":[1031.4601,1031.4001],"TEMP":[-15.85,-15.65],"VISIB":[33.81,33.13],"WDSP":[8.89,9.37],"WNDDIR":[188.4,190.2],"time":[1549364855,1549364915]}