{"CLDC":[86.41],"DEWP":[-15.31],"FRSHTT":[1110000],"PRCP":[0.38999996],"SLP":[997.37],"SNDP":[2.8999999],"STP":[998.2101],"TEMP":[-10.349999],"VISIB":[21.429998],"WDSP":[17.77],"WNDDIR":[32.3],"time":[1549364855]}