{"CLDC":[86.41,86.4],"DEWP":[-15.31,-15.660001],"FRSHTT":[1110000,1110000],"PRCP":[0.38999996,0.38999996],"SLP":[997.37,997.52997],"SNDP":[2.8999999,2.8999999],"STP":[998.2101,998.66],"TEMP":[-10.349999,-10.499999],"VISIB":[21.429998,21.460001],"WDSP":[17.77,18.73],"WNDDIR":[32.3,33.5],"time":[1549364855,1549364915]}