{"CLDC":[73.799995],"DEWP":[-18.77],"FRSHTT":[1110000],"PRCP":[0.059999995],"SLP":[998.7001],"SNDP":[2.7999997],"STP":[998.57996],"TEMP":[-15.65],"VISIB":[23.66],"WDSP":[20.990002],"WNDDIR":[187.4],"time":[1549364861]}