{"CLDC":[76.3,76.19],"DEWP":[-32.14,-32.760002],"FRSHTT":[1000000,1000000],"PRCP":[0,0],"SLP":[1007.4,1007.43],"SNDP":[0,0],"STP":[991.00995,991.1],"TEMP":[-28.14,-27.189999],"VISIB":[22.98,22.7],"WDSP":[4.9799995,4.6399994],"WNDDIR":[227.2,229.5],"time":[1549364860,1549364918]}