{"CLDC":[50.120003],"DEWP":[-1.8799999],"FRSHTT":[110000],"PRCP":[0.059999995],"SLP":[1010.5],"SNDP":[0.10000001],"STP":[1005.6],"TEMP":[1.3999999],"VISIB":[16.08],"WDSP":[18.5],"WNDDIR":[186.3],"time":[1549364860]}