{"CLDC":[50.120003,50.239998],"DEWP":[-1.8799999,-1.76],"FRSHTT":[110000,110000],"PRCP":[0.059999995,0.059999995],"SLP":[1010.5,1010.5],"SNDP":[0.10000001,0.10000001],"STP":[1005.6,1005.63007],"TEMP":[1.3999999,1.3999999],"VISIB":[16.08,16.470001],"WDSP":[18.5,19.01],"WNDDIR":[186.3,184.6],"time":[1549364860,1549364918]}