{"CLDC":[50.180004],"DEWP":[-13.949999],"FRSHTT":[1010000],"PRCP":[0],"SLP":[998.2001],"SNDP":[50],"STP":[1000.58997],"TEMP":[-8.88],"VISIB":[28.090002],"WDSP":[21.689999],"WNDDIR":[105.5],"time":[1549364860]}