{"CLDC":[50.300003,50.309994],"DEWP":[-20.34,-20.460001],"FRSHTT":[1100000,1100000],"PRCP":[0.11999999,0.11999999],"SLP":[1004.4,1004.5],"SNDP":[0,0],"STP":[1004.52997,1006.74005],"TEMP":[-15.25,-15.07],"VISIB":[34.15,33.4],"WDSP":[39.63,38.81],"WNDDIR":[26.8,31.1],"time":[1549364860,1549364918]}