{"CLDC":[50.140003,50.47],"DEWP":[-15.339999,-15.1],"FRSHTT":[1110000,1110000],"PRCP":[0.14,0.14],"SLP":[999.4,999.2999],"SNDP":[16.600002,16.699999],"STP":[993.6,993.69006],"TEMP":[-10.220001,-10.1],"VISIB":[19.849998,19.819998],"WDSP":[17.49,17.71],"WNDDIR":[187.1,190.3],"time":[1549364859,1549364917]}