{"CLDC":[50.100002,50.06],"DEWP":[0.42,0.28],"FRSHTT":[100000,100000],"PRCP":[0.050000004,0.050000004],"SLP":[1006.23,1006.1],"SNDP":[0,0],"STP":[1007.27997,1007.2001],"TEMP":[2.9599998,2.9599998],"VISIB":[10.96,10.460001],"WDSP":[16.45,15.87],"WNDDIR":[85.7,84.9],"time":[1549364861,1549364918]}