{"CLDC":[50.140007,50.269997],"DEWP":[-12.090002,-12.02],"FRSHTT":[1100000,1100000],"PRCP":[0.73,0.73],"SLP":[1000.11005,1000.1],"SNDP":[0,0],"STP":[985.67004,985.79004],"TEMP":[-9.26,-9.219999],"VISIB":[18.53,18.789999],"WDSP":[40.57,40.43],"WNDDIR":[288.4,290.4],"time":[1549364857,1549364916]}