{"CLDC":[50.469997,50.71],"DEWP":[0.40000004,0.40000004],"FRSHTT":[100000,100000],"PRCP":[0.019999998,0.019999998],"SLP":[1013.2999,1013.2999],"SNDP":[0,0],"STP":[1010.9699,1011.2699],"TEMP":[3.31,3.28],"VISIB":[17.349998,17.210001],"WDSP":[29.310001,29.719997],"WNDDIR":[121.1,119.7],"time":[1549364861,1549364918]}