{"CLDC":[50.469997],"DEWP":[0.40000004],"FRSHTT":[100000],"PRCP":[0.019999998],"SLP":[1013.2999],"SNDP":[0],"STP":[1010.9699],"TEMP":[3.31],"VISIB":[17.349998],"WDSP":[29.310001],"WNDDIR":[121.1],"time":[1549364861]}