{"CLDC":[33.41,33.939995],"DEWP":[-1,-0.79999995],"FRSHTT":[0,0],"PRCP":[0,0],"SLP":[986.39,986.64],"SNDP":[0,0],"STP":[997.27997,997.2001],"TEMP":[2.36,2.36],"VISIB":[9.93,10.51],"WDSP":[22.57,23.96],"WNDDIR":[79,85.9],"time":[1549364861,1549364918]}