{"CLDC":[58.96],"DEWP":[1.1600001],"FRSHTT":[0],"PRCP":[0],"SLP":[981.88007],"SNDP":[0],"STP":[1008.99005],"TEMP":[2.98],"VISIB":[10.230001],"WDSP":[17.39],"WNDDIR":[135.8],"time":[1549364861]}