{"CLDC":[73.759995,73.89001],"DEWP":[-0.9399999,-0.87999994],"FRSHTT":[100000,100000],"PRCP":[0.050000004,0.050000004],"SLP":[1016,1015.07],"SNDP":[0,0],"STP":[1017.2999,1017.2001],"TEMP":[2.58,2.5600002],"VISIB":[15.040001,15.69],"WDSP":[15.969999,15.95],"WNDDIR":[358.3,356.1],"time":[1549364861,1549364918]}