{"CLDC":[69.39,69.14],"DEWP":[-0.17999999,-0.32],"FRSHTT":[100000,100000],"PRCP":[0.22,0.22],"SLP":[1003.2,1003.56006],"SNDP":[0,0],"STP":[982.59,983.33997],"TEMP":[2.14,2.13],"VISIB":[28.35,29.49],"WDSP":[27.920002,27.679998],"WNDDIR":[289,291.4],"time":[1549364861,1549364919]}