{"CLDC":[50.090004],"DEWP":[-0.41000003],"FRSHTT":[10000],"PRCP":[0],"SLP":[1014.9],"SNDP":[0.40000004],"STP":[1012.07996],"TEMP":[1.3199999],"VISIB":[16.839998],"WDSP":[28.030003],"WNDDIR":[41.1],"time":[1549364855]}