{"CLDC":[50.070004,50.449997],"DEWP":[-0.84,-0.79999995],"FRSHTT":[100000,100000],"PRCP":[0.09000001,0.09000001],"SLP":[1009.2999,1009.5],"SNDP":[0,0],"STP":[1004.64,1004.3299],"TEMP":[1.25,1.25],"VISIB":[16.189999,16.469997],"WDSP":[19.67,19.509998],"WNDDIR":[40.6,40.1],"time":[1549364855,1549364915]}