{"CLDC":[87.19001],"DEWP":[-0.060000002],"FRSHTT":[0],"PRCP":[0],"SLP":[963.69006],"SNDP":[0],"STP":[977.52],"TEMP":[0],"VISIB":[2.66],"WDSP":[8.049999],"WNDDIR":[22.6],"time":[1549364861]}