{"CLDC":[43.110004,42.879997],"DEWP":[-3.3,-3.3],"FRSHTT":[1000000,1000000],"PRCP":[0,0],"SLP":[973.22003,972.70996],"SNDP":[0,0],"STP":[978.43005,979],"TEMP":[-2.15,-2.16],"VISIB":[5.8100004,5.7699995],"WDSP":[10.179999,10.450001],"WNDDIR":[346.9,348.2],"time":[1549364861,1549364919]}