{"CLDC":[86.53999],"DEWP":[-0.65999997],"FRSHTT":[0],"PRCP":[0],"SLP":[1017.43],"SNDP":[0],"STP":[1000.2101],"TEMP":[0],"VISIB":[5.45],"WDSP":[13.459999],"WNDDIR":[240.8],"time":[1549364861]}