{"CLDC":[87.19001,87.06999],"DEWP":[-0.060000002,-0.060000002],"FRSHTT":[0,0],"PRCP":[0,0],"SLP":[963.69006,965.2101],"SNDP":[0,0],"STP":[977.52,977.2],"TEMP":[0,0],"VISIB":[2.66,2.04],"WDSP":[8.049999,8.11],"WNDDIR":[22.6,23.5],"time":[1549364861,1549364919]}