{"CLDC":[96.020004],"DEWP":[0.47999996],"FRSHTT":[0],"PRCP":[0],"SLP":[1014.79004],"SNDP":[0],"STP":[987.17004],"TEMP":[0.65],"VISIB":[1.1700002],"WDSP":[6.81],"WNDDIR":[326.6],"time":[1549364861]}