{"CLDC":[86.53999,86.740005],"DEWP":[-0.65999997,-0.58000004],"FRSHTT":[0,0],"PRCP":[0,0],"SLP":[1017.43,1015.5399],"SNDP":[0,0],"STP":[1000.2101,1000.89],"TEMP":[0,0],"VISIB":[5.45,5.0900006],"WDSP":[13.459999,14.2699995],"WNDDIR":[240.8,246.3],"time":[1549364861,1549364919]}