{"CLDC":[50.190002,50.13],"DEWP":[-5.5,-5.68],"FRSHTT":[1110000,1110000],"PRCP":[0.050000004,0.050000004],"SLP":[1015.9,1015.9],"SNDP":[2.1000001,2.1000001],"STP":[1011.57996,1011.33997],"TEMP":[-3.22,-3.12],"VISIB":[6.1499996,6.2],"WDSP":[11.88,12.069999],"WNDDIR":[218.7,218.5],"time":[1549364861,1549364918]}