{"CLDC":[50.030003],"DEWP":[-0.56],"FRSHTT":[100000],"PRCP":[0.11],"SLP":[1011.5],"SNDP":[0],"STP":[1012.5],"TEMP":[2.2000003],"VISIB":[15.76],"WDSP":[26.079998],"WNDDIR":[199.4],"time":[1549364858]}