{"CLDC":[92.06999,92.28999],"DEWP":[-8.459999,-8.629999],"FRSHTT":[1110000,1110000],"PRCP":[0.050000004,0.050000004],"SLP":[1015.6,1015.6],"SNDP":[4.5,4.5],"STP":[1010.37,1010.5],"TEMP":[-5.8000007,-5.8000007],"VISIB":[6.7200003,7.34],"WDSP":[11.24,11.209998],"WNDDIR":[264.6,265.2],"time":[1549364860,1549364918]}