{"CLDC":[50.130005,50.210003],"DEWP":[-18.7,-19.3],"FRSHTT":[1010000,1010000],"PRCP":[0,0],"SLP":[1044.5999,1044.5999],"SNDP":[3.2999997,3.2999997],"STP":[1022.2999,1022.27],"TEMP":[-16.8,-16.72],"VISIB":[6.9800005,6.29],"WDSP":[4.0099998,4.4399996],"WNDDIR":[224.2,223.8],"time":[1549364859,1549364918]}