{"CLDC":[40.02,40.010002],"DEWP":[6.34,6.3400006],"FRSHTT":[0,0],"PRCP":[0,0],"SLP":[1022.13,1022.13995],"SNDP":[0,0],"STP":[997.75995,996.86],"TEMP":[8.08,8.08],"VISIB":[11.19,11.360001],"WDSP":[28.529999,29.569998],"WNDDIR":[348.3,349.4],"time":[1549364858,1549364916]}