{"CLDC":[50.030003],"DEWP":[-7.4199996],"FRSHTT":[1110000],"PRCP":[0.050000004],"SLP":[1014.30994],"SNDP":[3.9],"STP":[1004.4],"TEMP":[-4.7599998],"VISIB":[7.7799997],"WDSP":[17.939999],"WNDDIR":[301.7],"time":[1549364861]}