{"CLDC":[50.030003,50.299995],"DEWP":[-7.4199996,-7.2400002],"FRSHTT":[1110000,1110000],"PRCP":[0.050000004,0.050000004],"SLP":[1014.30994,1014.2999],"SNDP":[3.9,3.9],"STP":[1004.4,1004.4],"TEMP":[-4.7599998,-4.6899996],"VISIB":[7.7799997,8.07],"WDSP":[17.939999,18.72],"WNDDIR":[301.7,305],"time":[1549364861,1549364919]}