{"CLDC":[92.12999,91.69],"DEWP":[0.6,0.50000006],"FRSHTT":[100000,100000],"PRCP":[0.029999997,0.029999997],"SLP":[1013.2999,1013.2899],"SNDP":[0,0],"STP":[1008.85,1009.38995],"TEMP":[2.97,2.94],"VISIB":[18.39,18.46],"WDSP":[25.439999,24.670002],"WNDDIR":[338.1,342.2],"time":[1549364858,1549364917]}