{"CLDC":[50.15,50.050003],"DEWP":[-6.120001,-5.8400006],"FRSHTT":[1110000,1110000],"PRCP":[0.07,0.07],"SLP":[1016.6,1016.7001],"SNDP":[1.8,1.8],"STP":[1011.48,1011.7699],"TEMP":[-3.8,-3.8],"VISIB":[9.49,9.719999],"WDSP":[11.17,11.129999],"WNDDIR":[275.6,272.6],"time":[1549364859,1549364917]}