{"CLDC":[50.02,50.28],"DEWP":[-0.14999999,-0.14999999],"FRSHTT":[100000,100000],"PRCP":[0.050000004,0.050000004],"SLP":[1008.02997,1007.48],"SNDP":[0,0],"STP":[1000.2999,1000.2999],"TEMP":[2.2100003,2.2400002],"VISIB":[12.15,12.33],"WDSP":[24.329998,25.100002],"WNDDIR":[190.4,191.5],"time":[1549364858,1549364917]}