{"CLDC":[65.54,65.37001],"DEWP":[1.05,1.2599999],"FRSHTT":[100000,100000],"PRCP":[0.5,0.5],"SLP":[1003.06006,1003.02],"SNDP":[0,0],"STP":[1031.68,1031.72],"TEMP":[4.42,4.37],"VISIB":[15.25,15.340001],"WDSP":[21.259998,23.470001],"WNDDIR":[204.7,207.1],"time":[1549364858,1549364917]}