{"CLDC":[65.54],"DEWP":[1.05],"FRSHTT":[100000],"PRCP":[0.5],"SLP":[1003.06006],"SNDP":[0],"STP":[1031.68],"TEMP":[4.42],"VISIB":[15.25],"WDSP":[21.259998],"WNDDIR":[204.7],"time":[1549364858]}