{"CLDC":[65.939995],"DEWP":[-0.78000003],"FRSHTT":[100000],"PRCP":[0.059999995],"SLP":[1014],"SNDP":[0],"STP":[1003.7101],"TEMP":[2.3799999],"VISIB":[22.990002],"WDSP":[21.18],"WNDDIR":[309.6],"time":[1549364858]}