{"CLDC":[50.110004],"DEWP":[-8.9800005],"FRSHTT":[1110000],"PRCP":[0.029999997],"SLP":[1016],"SNDP":[2.8999999],"STP":[1001.66],"TEMP":[-6.1000004],"VISIB":[10.440001],"WDSP":[9.53],"WNDDIR":[133.7],"time":[1549364855]}