{"CLDC":[81.19,81.10999],"DEWP":[0.70000005,0.70000005],"FRSHTT":[100000,100000],"PRCP":[0.51000005,0.51000005],"SLP":[1005.39,1005.55],"SNDP":[0,0],"STP":[969.55,971.35],"TEMP":[2.51,2.48],"VISIB":[27.469997,27.12],"WDSP":[22.349998,21.39],"WNDDIR":[312.8,315],"time":[1549364859,1549364917]}