{"CLDC":[58.96],"DEWP":[-7.2],"FRSHTT":[1110000],"PRCP":[0.059999995],"SLP":[1017.9],"SNDP":[3.1000001],"STP":[1006.23],"TEMP":[-4.9800005],"VISIB":[6.410001],"WDSP":[16.369999],"WNDDIR":[52],"time":[1549364859]}