{"CLDC":[32.7],"DEWP":[-0.62],"FRSHTT":[0],"PRCP":[0],"SLP":[991.57996],"SNDP":[0],"STP":[1013.63],"TEMP":[1.5000001],"VISIB":[5.86],"WDSP":[6.56],"WNDDIR":[252.4],"time":[1549364859]}