{"CLDC":[81.19],"DEWP":[0.70000005],"FRSHTT":[100000],"PRCP":[0.51000005],"SLP":[1005.39],"SNDP":[0],"STP":[969.55],"TEMP":[2.51],"VISIB":[27.469997],"WDSP":[22.349998],"WNDDIR":[312.8],"time":[1549364859]}