{"CLDC":[62.650005],"DEWP":[0.53999996],"FRSHTT":[0],"PRCP":[0],"SLP":[968.2499],"SNDP":[0],"STP":[1000.27],"TEMP":[0.96000004],"VISIB":[4.6499996],"WDSP":[11.76],"WNDDIR":[105],"time":[1549364859]}