{"CLDC":[62.650005,62.609997],"DEWP":[0.53999996,0.38999996],"FRSHTT":[0,0],"PRCP":[0,0],"SLP":[968.2499,972.25],"SNDP":[0,0],"STP":[1000.27,997.5999],"TEMP":[0.96000004,0.96000004],"VISIB":[4.6499996,4.48],"WDSP":[11.76,12.139999],"WNDDIR":[105,106.2],"time":[1549364859,1549364917]}