{"CLDC":[59.519997,59.159996],"DEWP":[-7.0200005,-7.140001],"FRSHTT":[1110000,1110000],"PRCP":[0.059999995,0.059999995],"SLP":[1017.2999,1017.2999],"SNDP":[5.0999994,5.0999994],"STP":[1002.54004,1002.65],"TEMP":[-5.26,-5.1899996],"VISIB":[19.279999,18.91],"WDSP":[11.67,11.58],"WNDDIR":[343.7,346],"time":[1549364858,1549364917]}