{"CLDC":[50.070004,50.030003],"DEWP":[-5.04,-5.25],"FRSHTT":[1110000,1110000],"PRCP":[0.039999995,0.039999995],"SLP":[1017.7999,1017.7999],"SNDP":[5.2000003,5.2000003],"STP":[1005.7001,1005.7601],"TEMP":[-3.3199997,-3.1599998],"VISIB":[7.089999,7.3300004],"WDSP":[15.530001,15.75],"WNDDIR":[249.6,245.1],"time":[1549364858,1549364917]}