{"CLDC":[97.94,98.130005],"DEWP":[-5.9000006,-5.9],"FRSHTT":[1000000,1000000],"PRCP":[0,0],"SLP":[994.9,994.45996],"SNDP":[0,0],"STP":[997.66,997.52],"TEMP":[-3.2599998,-3.1999998],"VISIB":[4.6099997,4.86],"WDSP":[20.35,21.49],"WNDDIR":[96,98.5],"time":[1549364858,1549364916]}