{"CLDC":[98.49],"DEWP":[-7.7],"FRSHTT":[1010000],"PRCP":[0],"SLP":[999.17004],"SNDP":[0.10000001],"STP":[998.7899],"TEMP":[-5.4800005],"VISIB":[7.55],"WDSP":[19.48],"WNDDIR":[174.7],"time":[1549364858]}