{"CLDC":[97.65,97.36],"DEWP":[-7.600001,-7.4800005],"FRSHTT":[1110000,1110000],"PRCP":[0.039999995,0.039999995],"SLP":[1017.2101,1017.2999],"SNDP":[3.2999997,3.2999997],"STP":[1011.31995,1011.45],"TEMP":[-5.1100006,-5.05],"VISIB":[7.0999994,7.5199995],"WDSP":[15.57,15.360001],"WNDDIR":[36.1,39.1],"time":[1549364858,1549364916]}