{"CLDC":[97.94],"DEWP":[-5.9000006],"FRSHTT":[1000000],"PRCP":[0],"SLP":[994.9],"SNDP":[0],"STP":[997.66],"TEMP":[-3.2599998],"VISIB":[4.6099997],"WDSP":[20.35],"WNDDIR":[96],"time":[1549364858]}