{"CLDC":[98.49,98.33],"DEWP":[-7.7,-7.37],"FRSHTT":[1010000,1010000],"PRCP":[0,0],"SLP":[999.17004,999.9],"SNDP":[0.10000001,0.10000001],"STP":[998.7899,998.7101],"TEMP":[-5.4800005,-5.52],"VISIB":[7.55,7.7600007],"WDSP":[19.48,19.09],"WNDDIR":[174.7,174.9],"time":[1549364858,1549364916]}