{"CLDC":[83.94],"DEWP":[-10.450002],"FRSHTT":[1010000],"PRCP":[0],"SLP":[1042.9001],"SNDP":[2.3999999],"STP":[1025.4001],"TEMP":[-7.950001],"VISIB":[7.38],"WDSP":[7.29],"WNDDIR":[337.6],"time":[1549364856]}