{"CLDC":[83.94,84.3],"DEWP":[-10.450002,-10.52],"FRSHTT":[1010000,1010000],"PRCP":[0,0],"SLP":[1042.9001,1042.9001],"SNDP":[2.3999999,2.3999999],"STP":[1025.4001,1025.4001],"TEMP":[-7.950001,-7.6400003],"VISIB":[7.38,7.6299996],"WDSP":[7.29,6.79],"WNDDIR":[337.6,334.2],"time":[1549364856,1549364915]}