{"CLDC":[16.57,16.22],"DEWP":[-0.39000002,-0.45],"FRSHTT":[0,0],"PRCP":[0,0],"SLP":[1011.2101,1010.95],"SNDP":[0,0],"STP":[1012.2699,1012.2999],"TEMP":[3.3799999,3.3799996],"VISIB":[11.069999,11.01],"WDSP":[18.82,18.289999],"WNDDIR":[275.4,275],"time":[1549364859,1549364917]}