{"CLDC":[79.69,79.83],"DEWP":[-8.200001,-7.9800005],"FRSHTT":[1110000,1110000],"PRCP":[0.029999997,0.029999997],"SLP":[1018.2999,1017.72003],"SNDP":[2.3999999,2.3999999],"STP":[1004.6,1004.35],"TEMP":[-5.12,-5.0899997],"VISIB":[5.36,5.31],"WDSP":[13.8,14.1],"WNDDIR":[186.8,188.1],"time":[1549364861,1549364918]}