{"CLDC":[79.69],"DEWP":[-8.200001],"FRSHTT":[1110000],"PRCP":[0.029999997],"SLP":[1018.2999],"SNDP":[2.3999999],"STP":[1004.6],"TEMP":[-5.12],"VISIB":[5.36],"WDSP":[13.8],"WNDDIR":[186.8],"time":[1549364861]}