{"CLDC":[50.43,50.58],"DEWP":[-7.3199997,-7.5],"FRSHTT":[1110000,1110000],"PRCP":[0.10000001,0.10000001],"SLP":[1018.6,1018.7001],"SNDP":[2.3999999,2.3999999],"STP":[998.1,998],"TEMP":[-5.3,-5.3600006],"VISIB":[5.79,5.910001],"WDSP":[14.6,13.850001],"WNDDIR":[177.8,176.2],"time":[1549364859,1549364917]}