{"CLDC":[50.100002],"DEWP":[-6.8],"FRSHTT":[1110000],"PRCP":[0.050000004],"SLP":[1019.0199],"SNDP":[4.2999997],"STP":[998.38],"TEMP":[-4.3],"VISIB":[6.0199995],"WDSP":[17.130001],"WNDDIR":[165.4],"time":[1549364859]}