{"CLDC":[50.100002,50.120003],"DEWP":[-6.8,-6.7600007],"FRSHTT":[1110000,1110000],"PRCP":[0.050000004,0.050000004],"SLP":[1019.0199,1019.13007],"SNDP":[4.2999997,4.2999997],"STP":[998.38,998.2999],"TEMP":[-4.3,-4.4000006],"VISIB":[6.0199995,6.0099998],"WDSP":[17.130001,16.86],"WNDDIR":[165.4,164.5],"time":[1549364859,1549364917]}