{"CLDC":[88.71001],"DEWP":[-0.32],"FRSHTT":[10000],"PRCP":[0],"SLP":[1013.5],"SNDP":[0.20000002],"STP":[1008.55994],"TEMP":[1.4499999],"VISIB":[10],"WDSP":[22.45],"WNDDIR":[38.5],"time":[1549364859]}