{"CLDC":[41.43],"DEWP":[-0.26],"FRSHTT":[0],"PRCP":[0],"SLP":[992.88007],"SNDP":[0],"STP":[999.1],"TEMP":[2.1799998],"VISIB":[13.219999],"WDSP":[24.630001],"WNDDIR":[61.7],"time":[1549364859]}