{"CLDC":[41.43,42.010002],"DEWP":[-0.26,-0.37999997],"FRSHTT":[0,0],"PRCP":[0,0],"SLP":[992.88007,991.99005],"SNDP":[0,0],"STP":[999.1,999.1],"TEMP":[2.1799998,2.2000003],"VISIB":[13.219999,13.75],"WDSP":[24.630001,24.05],"WNDDIR":[61.7,60.5],"time":[1549364859,1549364917]}