{"CLDC":[86.69,86.990005],"DEWP":[-6.379999,-6.22],"FRSHTT":[1110000,1110000],"PRCP":[0.029999997,0.029999997],"SLP":[1017.5,1017.4],"SNDP":[2.7000003,2.7000003],"STP":[1008.91003,1008.89],"TEMP":[-3.92,-3.72],"VISIB":[14.280001,14.090001],"WDSP":[12.93,13.51],"WNDDIR":[197.7,198.4],"time":[1549364857,1549364916]}