{"CLDC":[75.43001],"DEWP":[-0.3],"FRSHTT":[100000],"PRCP":[0.009999999],"SLP":[1015.6],"SNDP":[0],"STP":[1000.36],"TEMP":[3.67],"VISIB":[20.130001],"WDSP":[22.1],"WNDDIR":[259.3],"time":[1549364859]}