{"CLDC":[75.43001,75.11],"DEWP":[-0.3,-0.21999998],"FRSHTT":[100000,100000],"PRCP":[0.009999999,0.009999999],"SLP":[1015.6,1015.6],"SNDP":[0,0],"STP":[1000.36,999.95996],"TEMP":[3.67,3.6800003],"VISIB":[20.130001,19.640001],"WDSP":[22.1,23.58],"WNDDIR":[259.3,261.6],"time":[1549364859,1549364917]}