{"CLDC":[90.18],"DEWP":[-4.9000006],"FRSHTT":[1110000],"PRCP":[0.059999995],"SLP":[1017.2001],"SNDP":[3.1000001],"STP":[1006.62],"TEMP":[-2.6499999],"VISIB":[7.6399994],"WDSP":[15.32],"WNDDIR":[184.9],"time":[1549364860]}