{"CLDC":[50.25],"DEWP":[-4.62],"FRSHTT":[1110000],"PRCP":[0.11],"SLP":[1018.5],"SNDP":[1.3000001],"STP":[1003.2899],"TEMP":[-2.3999999],"VISIB":[5.54],"WDSP":[10.870001],"WNDDIR":[190.8],"time":[1549364859]}