{"CLDC":[50.25,50.379997],"DEWP":[-4.62,-4.9799995],"FRSHTT":[1110000,1110000],"PRCP":[0.11,0.11],"SLP":[1018.5,1018.4],"SNDP":[1.3000001,1.3000001],"STP":[1003.2899,1003.22003],"TEMP":[-2.3999999,-2.3999999],"VISIB":[5.54,5.23],"WDSP":[10.870001,11.049999],"WNDDIR":[190.8,188.2],"time":[1549364859,1549364917]}