{"CLDC":[50.110004],"DEWP":[-0.98],"FRSHTT":[110000],"PRCP":[0.07],"SLP":[1013.6],"SNDP":[0.29999998],"STP":[1009.55],"TEMP":[1.14],"VISIB":[13.089999],"WDSP":[19.460003],"WNDDIR":[148.7],"time":[1549364859]}