{"CLDC":[89.17,89.03],"DEWP":[-4.0999994,-3.8999996],"FRSHTT":[1100000,1100000],"PRCP":[0.050000004,0.050000004],"SLP":[1007.07,1007.02997],"SNDP":[0,0],"STP":[1007.2601,1007.36],"TEMP":[-0.59999996,-0.59999996],"VISIB":[12.990001,12.870001],"WDSP":[17.85,17.57],"WNDDIR":[100.5,99.3],"time":[1549364859,1549364917]}