{"CLDC":[89.17],"DEWP":[-4.0999994],"FRSHTT":[1100000],"PRCP":[0.050000004],"SLP":[1007.07],"SNDP":[0],"STP":[1007.2601],"TEMP":[-0.59999996],"VISIB":[12.990001],"WDSP":[17.85],"WNDDIR":[100.5],"time":[1549364859]}