{"CLDC":[50.130005,50.469997],"DEWP":[-5.38,-5.5],"FRSHTT":[1110000,1110000],"PRCP":[0.07,0.07],"SLP":[1018.1,1018.1],"SNDP":[4.2999997,4.2999997],"STP":[1002.1,1002.1],"TEMP":[-3.2,-3.1599998],"VISIB":[6.11,6.8599997],"WDSP":[17.859999,16.390001],"WNDDIR":[24.4,24.5],"time":[1549364859,1549364917]}