{"CLDC":[50.130005],"DEWP":[-5.38],"FRSHTT":[1110000],"PRCP":[0.07],"SLP":[1018.1],"SNDP":[4.2999997],"STP":[1002.1],"TEMP":[-3.2],"VISIB":[6.11],"WDSP":[17.859999],"WNDDIR":[24.4],"time":[1549364859]}