{"CLDC":[58.05],"DEWP":[-3.1499999],"FRSHTT":[1110000],"PRCP":[1.21],"SLP":[986.3999],"SNDP":[3],"STP":[1006.2301],"TEMP":[-1.2],"VISIB":[9.860001],"WDSP":[10.340001],"WNDDIR":[228.4],"time":[1549364858]}