{"CLDC":[70.76],"DEWP":[-1.38],"FRSHTT":[100000],"PRCP":[0.059999995],"SLP":[1010.2001],"SNDP":[0],"STP":[1006.04004],"TEMP":[1.1999999],"VISIB":[13.75],"WDSP":[18.829998],"WNDDIR":[36.5],"time":[1549364859]}