{"CLDC":[11.47],"DEWP":[-1.9000002],"FRSHTT":[0],"PRCP":[0],"SLP":[1013.44006],"SNDP":[0],"STP":[1011.5],"TEMP":[1.1000001],"VISIB":[8.780001],"WDSP":[29.169998],"WNDDIR":[348.9],"time":[1549364861]}