{"CLDC":[50.010002],"DEWP":[-6.3],"FRSHTT":[1110000],"PRCP":[0.059999995],"SLP":[1016.4],"SNDP":[2.52],"STP":[1018.24005],"TEMP":[-3.6600003],"VISIB":[10.159999],"WDSP":[12.17],"WNDDIR":[327.4],"time":[1549364861]}