{"CLDC":[11.47,11.780001],"DEWP":[-1.9000002,-1.9000002],"FRSHTT":[0,0],"PRCP":[0,0],"SLP":[1013.44006,1013.31995],"SNDP":[0,0],"STP":[1011.5,1011.5],"TEMP":[1.1000001,1.1000001],"VISIB":[8.780001,8.67],"WDSP":[29.169998,29.5],"WNDDIR":[348.9,351.2],"time":[1549364861,1549364918]}