{"CLDC":[52.51,52.700005],"DEWP":[-12.95,-13],"FRSHTT":[1010000,1010000],"PRCP":[0,0],"SLP":[1041.0999,1041.0999],"SNDP":[4.0999994,4.0999994],"STP":[1025,1025],"TEMP":[-9.299999,-9.4],"VISIB":[7.0399995,7.69],"WDSP":[7.6800003,7.4700003],"WNDDIR":[141.9,141.1],"time":[1549364861,1549364919]}