{"CLDC":[52.51],"DEWP":[-12.95],"FRSHTT":[1010000],"PRCP":[0],"SLP":[1041.0999],"SNDP":[4.0999994],"STP":[1025],"TEMP":[-9.299999],"VISIB":[7.0399995],"WDSP":[7.6800003],"WNDDIR":[141.9],"time":[1549364861]}