{"CLDC":[50.140007],"DEWP":[-6.8599997],"FRSHTT":[1110000],"PRCP":[0.09000001],"SLP":[1018.4],"SNDP":[2],"STP":[1011.69006],"TEMP":[-3.3399997],"VISIB":[5.3300004],"WDSP":[7.9200006],"WNDDIR":[162.6],"time":[1549364861]}