{"CLDC":[50.140007,50.230003],"DEWP":[-6.8599997,-6.72],"FRSHTT":[1110000,1110000],"PRCP":[0.09000001,0.09000001],"SLP":[1018.4,1018.4],"SNDP":[2,2],"STP":[1011.69006,1011.4],"TEMP":[-3.3399997,-3.3399997],"VISIB":[5.3300004,5.2799997],"WDSP":[7.9200006,7.55],"WNDDIR":[162.6,160.2],"time":[1549364861,1549364919]}