{"CLDC":[50.180004,50.050003],"DEWP":[-5.28,-5.04],"FRSHTT":[1110000,1110000],"PRCP":[0.25,0.25],"SLP":[1016.7999,1016.7999],"SNDP":[2.7999997,2.7999997],"STP":[1002.9,1002.9],"TEMP":[-2.34,-2.3000002],"VISIB":[5.6199994,5.6099997],"WDSP":[12.88,13.509999],"WNDDIR":[247.1,253.1],"time":[1549364859,1549364917]}