{"CLDC":[50.180004],"DEWP":[-5.28],"FRSHTT":[1110000],"PRCP":[0.25],"SLP":[1016.7999],"SNDP":[2.7999997],"STP":[1002.9],"TEMP":[-2.34],"VISIB":[5.6199994],"WDSP":[12.88],"WNDDIR":[247.1],"time":[1549364859]}