{"CLDC":[76.42],"DEWP":[-6.12],"FRSHTT":[1110000],"PRCP":[0.019999998],"SLP":[1018.9],"SNDP":[2.5],"STP":[1018.52],"TEMP":[-2.62],"VISIB":[9.129999],"WDSP":[5.71],"WNDDIR":[73.2],"time":[1549364859]}