{"CLDC":[76.42,77.03001],"DEWP":[-6.12,-6.22],"FRSHTT":[1110000,1110000],"PRCP":[0.019999998,0.019999998],"SLP":[1018.9,1018.9],"SNDP":[2.5,2.5],"STP":[1018.52,1018.5],"TEMP":[-2.62,-2.78],"VISIB":[9.129999,10.009999],"WDSP":[5.71,5.7200003],"WNDDIR":[73.2,73.3],"time":[1549364859,1549364917]}