{"CLDC":[67.310005],"DEWP":[-8.179999],"FRSHTT":[1110000],"PRCP":[0.14999999],"SLP":[1016.7101],"SNDP":[3.6],"STP":[1011.1],"TEMP":[-6.02],"VISIB":[6.1099997],"WDSP":[16.199999],"WNDDIR":[177.9],"time":[1549364856]}