{"CLDC":[23.22,23.330002],"DEWP":[-0.15,-0.40000004],"FRSHTT":[0,0],"PRCP":[0,0],"SLP":[1004.1,1004.15],"SNDP":[0,0],"STP":[1001.4,1001.33997],"TEMP":[2.9599998,2.97],"VISIB":[9.67,9.15],"WDSP":[25.960001,26.76],"WNDDIR":[82.7,80.5],"time":[1549364860,1549364918]}