{"CLDC":[82.61],"DEWP":[5.78],"FRSHTT":[0],"PRCP":[0],"SLP":[1013.18],"SNDP":[0],"STP":[1004.82996],"TEMP":[7.9],"VISIB":[17.42],"WDSP":[25.099998],"WNDDIR":[24.8],"time":[1549364860]}