{"CLDC":[94.35001],"DEWP":[-15.6],"FRSHTT":[1110000],"PRCP":[0.009999999],"SLP":[1037.09],"SNDP":[3.7000003],"STP":[1023.18],"TEMP":[-12.359999],"VISIB":[4.9100003],"WDSP":[16.100002],"WNDDIR":[69.1],"time":[1549364861]}