{"CLDC":[50.06],"DEWP":[-6.08],"FRSHTT":[1110000],"PRCP":[0.42000002],"SLP":[1018.68005],"SNDP":[5.9000006],"STP":[999.5],"TEMP":[-3.4600003],"VISIB":[14.860001],"WDSP":[12.71],"WNDDIR":[101],"time":[1549364861]}