{"CLDC":[52.329998,52.670002],"DEWP":[-6.7599998,-6.8200006],"FRSHTT":[1110000,1110000],"PRCP":[0.029999997,0.029999997],"SLP":[1018.50995,1018.6],"SNDP":[1,1],"STP":[1022,1022],"TEMP":[-3.2399998,-3.22],"VISIB":[16.640001,16.939999],"WDSP":[10.179999,10.29],"WNDDIR":[266.2,265.6],"time":[1549364860,1549364918]}