{"CLDC":[50.120003,50.02],"DEWP":[-1.48,-1.54],"FRSHTT":[110000,110000],"PRCP":[0.059999995,0.059999995],"SLP":[1012,1011.94006],"SNDP":[0.10000001,0.10000001],"STP":[1010.92004,1010.9],"TEMP":[0.9,0.9],"VISIB":[13.059999,13.039999],"WDSP":[19.77,20.17],"WNDDIR":[33.1,29.1],"time":[1549364860,1549364918]}