{"CLDC":[50.13,50.030003],"DEWP":[-0.85,-0.65],"FRSHTT":[100000,100000],"PRCP":[0.07,0.07],"SLP":[1009.2001,1009.2101],"SNDP":[0,0],"STP":[1010.3299,1010.22003],"TEMP":[2.0800002,2.0800002],"VISIB":[13.2,14.4],"WDSP":[22.73,22.630001],"WNDDIR":[245.2,247.5],"time":[1549364860,1549364918]}