{"CLDC":[50.07,50.05],"DEWP":[-7.12,-6.8],"FRSHTT":[1110000,1110000],"PRCP":[0.029999997,0.029999997],"SLP":[1016.7999,1016.7999],"SNDP":[1.5,1.5],"STP":[1008.1,1008.2601],"TEMP":[-2.9499998,-2.9199998],"VISIB":[11.2699995,10.950001],"WDSP":[11.310001,10.98],"WNDDIR":[357.4,353.8],"time":[1549364857,1549364916]}