{"CLDC":[50.07],"DEWP":[-7.12],"FRSHTT":[1110000],"PRCP":[0.029999997],"SLP":[1016.7999],"SNDP":[1.5],"STP":[1008.1],"TEMP":[-2.9499998],"VISIB":[11.2699995],"WDSP":[11.310001],"WNDDIR":[357.4],"time":[1549364857]}