{"CLDC":[50.090004,50.37],"DEWP":[1.78,1.9200001],"FRSHTT":[100000,100000],"PRCP":[0.23999998,0.23999998],"SLP":[1002.09,1001.18005],"SNDP":[0,0],"STP":[1002.23,1002.93994],"TEMP":[4.35,4.3600006],"VISIB":[25.119999,25.310001],"WDSP":[21.890001,20.59],"WNDDIR":[154.3,156],"time":[1549364860,1549364918]}