{"CLDC":[65.340004,65.47],"DEWP":[-4.32,-4.0800004],"FRSHTT":[1000000,1000000],"PRCP":[0,0],"SLP":[1006.93,1007.64],"SNDP":[0,0],"STP":[1006.23,1005.72003],"TEMP":[-1.5799999,-1.6],"VISIB":[7.04,7.410001],"WDSP":[13.910001,14.320002],"WNDDIR":[57.1,60.2],"time":[1549364856,1549364915]}