{"CLDC":[50.030003],"DEWP":[-4.7400002],"FRSHTT":[1110000],"PRCP":[0.029999997],"SLP":[1017.4],"SNDP":[0.5],"STP":[1016.1],"TEMP":[-2.1],"VISIB":[5.4400005],"WDSP":[19.17],"WNDDIR":[292.5],"time":[1549364856]}