{"CLDC":[41.92,42.399998],"DEWP":[0.35,0.1],"FRSHTT":[0,0],"PRCP":[0,0],"SLP":[1005.2999,1005.2999],"SNDP":[0,0],"STP":[1008.06995,1008.2699],"TEMP":[3.02,3.0500002],"VISIB":[14.629999,14.910001],"WDSP":[27.9,28.16],"WNDDIR":[348.7,349.6],"time":[1549364860,1549364918]}