{"CLDC":[50.030003],"DEWP":[-4.6],"FRSHTT":[1110000],"PRCP":[0.07999999],"SLP":[1018.88],"SNDP":[1.1999999],"STP":[1016.6],"TEMP":[-2.06],"VISIB":[5.82],"WDSP":[13.030001],"WNDDIR":[312.2],"time":[1549364855]}