{"CLDC":[65.65001,65.8],"DEWP":[-1.14,-1.0799999],"FRSHTT":[0,0],"PRCP":[0,0],"SLP":[1010.19006,1011.16],"SNDP":[0,0],"STP":[1003.2699,1003.20984],"TEMP":[2.5800002,2.58],"VISIB":[16.73,16.89],"WDSP":[27.62,27.11],"WNDDIR":[329.1,331.6],"time":[1549364860,1549364918]}