{"CLDC":[65.65001],"DEWP":[-1.14],"FRSHTT":[0],"PRCP":[0],"SLP":[1010.19006],"SNDP":[0],"STP":[1003.2699],"TEMP":[2.5800002],"VISIB":[16.73],"WDSP":[27.62],"WNDDIR":[329.1],"time":[1549364860]}