{"CLDC":[50.259995],"DEWP":[-8.299999],"FRSHTT":[1110000],"PRCP":[0.019999998],"SLP":[1033.7201],"SNDP":[1.3999999],"STP":[1015.86],"TEMP":[-6.65],"VISIB":[9.13],"WDSP":[14.709999],"WNDDIR":[31.1],"time":[1549364861]}