{"CLDC":[50.259995,50.989998],"DEWP":[-8.299999,-8.249999],"FRSHTT":[1110000,1110000],"PRCP":[0.019999998,0.019999998],"SLP":[1033.7201,1033.89],"SNDP":[1.3999999,1.3999999],"STP":[1015.86,1015.7999],"TEMP":[-6.65,-6.660001],"VISIB":[9.13,9.500001],"WDSP":[14.709999,14.780001],"WNDDIR":[31.1,32],"time":[1549364861,1549364918]}