{"CLDC":[50.010002,50.11],"DEWP":[-4.0600004,-4],"FRSHTT":[1110000,1110000],"PRCP":[0.48999995,0.48999995],"SLP":[1018.5,1018.4],"SNDP":[1.5,1.5],"STP":[1015.55994,1015.38007],"TEMP":[-1.8799999,-1.8800001],"VISIB":[6.9900007,6.4300003],"WDSP":[14.339999,14.57],"WNDDIR":[334.8,333.3],"time":[1549364858,1549364917]}