{"CLDC":[50.180004],"DEWP":[-0.91999996],"FRSHTT":[110000],"PRCP":[0.059999995],"SLP":[1012],"SNDP":[0.10000001],"STP":[1009.6],"TEMP":[1.75],"VISIB":[12.809999],"WDSP":[19.069998],"WNDDIR":[333.3],"time":[1549364861]}