{"CLDC":[50.180004,50.090004],"DEWP":[-0.91999996,-0.79999995],"FRSHTT":[110000,110000],"PRCP":[0.059999995,0.059999995],"SLP":[1012,1012],"SNDP":[0.10000001,0.10000001],"STP":[1009.6,1009.7001],"TEMP":[1.75,1.7299999],"VISIB":[12.809999,12.57],"WDSP":[19.069998,16.95],"WNDDIR":[333.3,330.1],"time":[1549364861,1549364919]}