{"CLDC":[50.279995,50.07],"DEWP":[-3.35,-3.2],"FRSHTT":[1110000,1110000],"PRCP":[0.039999995,0.039999995],"SLP":[1017.2999,1017.2999],"SNDP":[0.59999996,0.59999996],"STP":[1019.44006,1019.4],"TEMP":[-1.5799998,-1.55],"VISIB":[12.940001,12.979999],"WDSP":[18.59,18.55],"WNDDIR":[239.6,237.1],"time":[1549364859,1549364917]}