{"CLDC":[50.160004,50.230003],"DEWP":[-3.3799999,-3.56],"FRSHTT":[1110000,1110000],"PRCP":[0.09000001,0.09000001],"SLP":[1017.7999,1017.7999],"SNDP":[0.10000001,0.10000001],"STP":[1016.1,1016.02997],"TEMP":[-1.07,-1.0699999],"VISIB":[14.800001,14.8],"WDSP":[20.07,18.96],"WNDDIR":[199.4,200.1],"time":[1549364858,1549364916]}