{"CLDC":[50.160004],"DEWP":[-3.3799999],"FRSHTT":[1110000],"PRCP":[0.09000001],"SLP":[1017.7999],"SNDP":[0.10000001],"STP":[1016.1],"TEMP":[-1.07],"VISIB":[14.800001],"WDSP":[20.07],"WNDDIR":[199.4],"time":[1549364858]}