{"CLDC":[50.590004,50.989998],"DEWP":[1.85,1.78],"FRSHTT":[100000,100000],"PRCP":[0.11,0.11],"SLP":[1039.5,1039.5],"SNDP":[0,0],"STP":[1039,1039],"TEMP":[3.72,3.75],"VISIB":[11.03,10.990001],"WDSP":[30.48,30.66],"WNDDIR":[301.5,303.6],"time":[1549364861,1549364919]}