{"CLDC":[48.379997],"DEWP":[-1.28],"FRSHTT":[0],"PRCP":[0],"SLP":[1023.15],"SNDP":[0],"STP":[1041.3401],"TEMP":[0],"VISIB":[7.9700003],"WDSP":[21.75],"WNDDIR":[334.3],"time":[1549364861]}