{"CLDC":[14.109999],"DEWP":[1.0100001],"FRSHTT":[0],"PRCP":[0],"SLP":[1009.38],"SNDP":[0],"STP":[1009.43994],"TEMP":[2.77],"VISIB":[10.92],"WDSP":[25.98],"WNDDIR":[213.7],"time":[1549364861]}