{"CLDC":[50.110004,50.030003],"DEWP":[-3.8,-3.7400002],"FRSHTT":[1110000,1110000],"PRCP":[0.15999998,0.15999998],"SLP":[1017.9,1017.9],"SNDP":[0.40000004,0.40000004],"STP":[1012.6,1012.6],"TEMP":[-1.3399999,-1.3199999],"VISIB":[7.2700005,6.85],"WDSP":[19.880001,19.41],"WNDDIR":[154.9,156.9],"time":[1549364855,1549364915]}