{"CLDC":[50.110004],"DEWP":[-3.8],"FRSHTT":[1110000],"PRCP":[0.15999998],"SLP":[1017.9],"SNDP":[0.40000004],"STP":[1012.6],"TEMP":[-1.3399999],"VISIB":[7.2700005],"WDSP":[19.880001],"WNDDIR":[154.9],"time":[1549364855]}