{"CLDC":[64.740005,64.91],"DEWP":[-4.05,-3.9500003],"FRSHTT":[110000,110000],"PRCP":[0.13,0.13],"SLP":[1013.02,1013.1],"SNDP":[0.5,0.5],"STP":[1006.6,1006.6],"TEMP":[1.15,1.1400001],"VISIB":[21.189999,20.869999],"WDSP":[7.7299995,7.089999],"WNDDIR":[291.3,288.3],"time":[1549364855,1549364915]}