{"CLDC":[64.740005],"DEWP":[-4.05],"FRSHTT":[110000],"PRCP":[0.13],"SLP":[1013.02],"SNDP":[0.5],"STP":[1006.6],"TEMP":[1.15],"VISIB":[21.189999],"WDSP":[7.7299995],"WNDDIR":[291.3],"time":[1549364855]}