{"CLDC":[96.97],"DEWP":[1.5199999],"FRSHTT":[100000],"PRCP":[0.11999999],"SLP":[1011.7001],"SNDP":[0],"STP":[1013.75],"TEMP":[4.26],"VISIB":[17.59],"WDSP":[40.640003],"WNDDIR":[157.5],"time":[1549364856]}