{"CLDC":[50.02],"DEWP":[-11.450001],"FRSHTT":[1010000],"PRCP":[0],"SLP":[1004.13],"SNDP":[18.5],"STP":[984.02997],"TEMP":[-9.360001],"VISIB":[10.08],"WDSP":[12.35],"WNDDIR":[96],"time":[1549364857]}