{"CLDC":[54.530006,54.49],"DEWP":[-4.42,-4.7400007],"FRSHTT":[1000000,1000000],"PRCP":[0,0],"SLP":[1001.4899,1001.9499],"SNDP":[0,0],"STP":[1012.75,1011.11],"TEMP":[-0.75,-0.74999994],"VISIB":[11.129999,10.930001],"WDSP":[12.910001,12.42],"WNDDIR":[97.4,94.2],"time":[1549364856,1549364916]}