{"CLDC":[54.530006],"DEWP":[-4.42],"FRSHTT":[1000000],"PRCP":[0],"SLP":[1001.4899],"SNDP":[0],"STP":[1012.75],"TEMP":[-0.75],"VISIB":[11.129999],"WDSP":[12.910001],"WNDDIR":[97.4],"time":[1549364856]}