{"CLDC":[93.38,93.40001],"DEWP":[-8.700001,-8.7],"FRSHTT":[1010000,1010000],"PRCP":[0,0],"SLP":[1010.2001,1010.1],"SNDP":[9.300001,9.300001],"STP":[981.6,981.6],"TEMP":[-7.15,-7.2599998],"VISIB":[10.96,10.629999],"WDSP":[10.450001,10.42],"WNDDIR":[91.6,87.3],"time":[1549364859,1549364918]}