{"CLDC":[50.010002,50.060005],"DEWP":[-7.05,-6.87],"FRSHTT":[1110000,1110000],"PRCP":[0.019999998,0.019999998],"SLP":[1019.4,1019.4],"SNDP":[5.0999994,5.0999994],"STP":[1004.25995,1004.38],"TEMP":[-4.16,-3.9799995],"VISIB":[17.449999,17.389997],"WDSP":[10.21,10.58],"WNDDIR":[140.7,139],"time":[1549364860,1549364918]}