{"CLDC":[50.02,50.070004],"DEWP":[-4.9900002,-5.05],"FRSHTT":[1110000,1110000],"PRCP":[0.14999999,0.14999999],"SLP":[1016.5,1016.55994],"SNDP":[2.1000001,2.1000001],"STP":[1016.5399,1016.9],"TEMP":[-3,-3.08],"VISIB":[5.5000005,5.62],"WDSP":[18.99,20.1],"WNDDIR":[156.6,157.8],"time":[1549364860,1549364918]}