{"CLDC":[50.060005],"DEWP":[-5.88],"FRSHTT":[1110000],"PRCP":[0.029999997],"SLP":[1019.5],"SNDP":[4.5],"STP":[1011.48],"TEMP":[-3.8000004],"VISIB":[9.72],"WDSP":[12.940001],"WNDDIR":[318.2],"time":[1549364858]}