{"CLDC":[59.960003],"DEWP":[-9.559999],"FRSHTT":[1110000],"PRCP":[0.029999997],"SLP":[1021],"SNDP":[6.7],"STP":[1015.61],"TEMP":[-7.2200003],"VISIB":[6.97],"WDSP":[16.46],"WNDDIR":[50.6],"time":[1549364857]}