{"CLDC":[54.440002,54.620003],"DEWP":[-8.58,-8.580001],"FRSHTT":[1110000,1110000],"PRCP":[0.009999999,0.009999999],"SLP":[1017.7999,1017.7999],"SNDP":[6.4000006,6.4000006],"STP":[1012.05,1011.95996],"TEMP":[-6.2400002,-6.16],"VISIB":[12.129999,12.08],"WDSP":[16.97,16.939999],"WNDDIR":[140.5,140.2],"time":[1549364857,1549364916]}