{"CLDC":[54.440002],"DEWP":[-8.58],"FRSHTT":[1110000],"PRCP":[0.009999999],"SLP":[1017.7999],"SNDP":[6.4000006],"STP":[1012.05],"TEMP":[-6.2400002],"VISIB":[12.129999],"WDSP":[16.97],"WNDDIR":[140.5],"time":[1549364857]}