{"CLDC":[49.839996,49.439995],"DEWP":[-0.050000004,0.049999993],"FRSHTT":[0,0],"PRCP":[0,0],"SLP":[999.73,999.84],"SNDP":[0,0],"STP":[1000.1,1000.2001],"TEMP":[3.25,3.25],"VISIB":[10.09,10.390001],"WDSP":[19.69,19.850002],"WNDDIR":[25.3,24.6],"time":[1549364857,1549364916]}