{"CLDC":[50.06],"DEWP":[-8.21],"FRSHTT":[1110000],"PRCP":[0.009999999],"SLP":[1020.2999],"SNDP":[2.5],"STP":[1022.5],"TEMP":[-5.799999],"VISIB":[13.820002],"WDSP":[17.25],"WNDDIR":[301.6],"time":[1549364859]}