{"CLDC":[50.180004],"DEWP":[-18.619999],"FRSHTT":[1010000],"PRCP":[0],"SLP":[1042],"SNDP":[2.7999997],"STP":[1014.2999],"TEMP":[-17.08],"VISIB":[3.17],"WDSP":[9.900001],"WNDDIR":[240.9],"time":[1549364856]}