{"CLDC":[91.31,91.270004],"DEWP":[-1.14,-1.0999999],"FRSHTT":[100000,100000],"PRCP":[0.32999998,0.32999998],"SLP":[1028.9001,1028.9001],"SNDP":[0,0],"STP":[1009.61005,1008.93994],"TEMP":[0,0],"VISIB":[7.850001,7.5299997],"WDSP":[18.95,19.53],"WNDDIR":[248.7,251.1],"time":[1549364855,1549364915]}