{"CLDC":[50.349995,50.530003],"DEWP":[-8.41,-8.620001],"FRSHTT":[1110000,1110000],"PRCP":[0.059999995,0.059999995],"SLP":[1018.98,1018.9801],"SNDP":[2.7999997,2.7999997],"STP":[1013.4,1013.4],"TEMP":[-6.0999994,-5.9999995],"VISIB":[13.2300005,13.12],"WDSP":[10.629999,10.52],"WNDDIR":[38.1,39.4],"time":[1549364861,1549364919]}