{"CLDC":[50.120003,50.58],"DEWP":[-7.1799994,-7.3900003],"FRSHTT":[1110000,1110000],"PRCP":[0.009999999,0.009999999],"SLP":[1021.7001,1021.7001],"SNDP":[5.2000003,5.2000003],"STP":[1010.62,1010.4],"TEMP":[-5.58,-5.3399997],"VISIB":[9.960001,10.019999],"WDSP":[19.71,19.89],"WNDDIR":[14.8,13.1],"time":[1549364860,1549364918]}