{"CLDC":[50.120003],"DEWP":[-7.1799994],"FRSHTT":[1110000],"PRCP":[0.009999999],"SLP":[1021.7001],"SNDP":[5.2000003],"STP":[1010.62],"TEMP":[-5.58],"VISIB":[9.960001],"WDSP":[19.71],"WNDDIR":[14.8],"time":[1549364860]}