{"CLDC":[63.510002],"DEWP":[-9.7],"FRSHTT":[1110000],"PRCP":[0.019999998],"SLP":[1024.7001],"SNDP":[3.7000003],"STP":[1021.7001],"TEMP":[-7.359999],"VISIB":[14.07],"WDSP":[17.77],"WNDDIR":[197.2],"time":[1549364860]}