{"CLDC":[50.160007,50.269997],"DEWP":[-12.280001,-12.280001],"FRSHTT":[1110000,1110000],"PRCP":[0.019999998,0.019999998],"SLP":[1022.4,1022.4],"SNDP":[2.5,2.5],"STP":[1026.3701,1025.63],"TEMP":[-10.280001,-10.24],"VISIB":[9.65,9.43],"WDSP":[14.05,13.9],"WNDDIR":[212.1,209.7],"time":[1549364859,1549364917]}