{"CLDC":[50.02],"DEWP":[-7.7],"FRSHTT":[1010000],"PRCP":[0],"SLP":[1023.7001],"SNDP":[5.0999994],"STP":[1021.5],"TEMP":[-5.5299997],"VISIB":[12.69],"WDSP":[11.219999],"WNDDIR":[97.5],"time":[1549364858]}