{"CLDC":[50.160007],"DEWP":[-12.280001],"FRSHTT":[1110000],"PRCP":[0.019999998],"SLP":[1022.4],"SNDP":[2.5],"STP":[1026.3701],"TEMP":[-10.280001],"VISIB":[9.65],"WDSP":[14.05],"WNDDIR":[212.1],"time":[1549364859]}