{"CLDC":[93.87001],"DEWP":[-2],"FRSHTT":[10000],"PRCP":[0],"SLP":[1019],"SNDP":[0.5],"STP":[1019.55],"TEMP":[0],"VISIB":[20.339998],"WDSP":[11.559999],"WNDDIR":[85.1],"time":[1549364860]}