{"CLDC":[93.87001,94.200005],"DEWP":[-2,-1.9200001],"FRSHTT":[10000,10000],"PRCP":[0,0],"SLP":[1019,1018.89],"SNDP":[0.5,0.5],"STP":[1019.55,1016.0801],"TEMP":[0,0],"VISIB":[20.339998,20.849997],"WDSP":[11.559999,11.340001],"WNDDIR":[85.1,90.8],"time":[1549364860,1549364918]}