{"CLDC":[84.65001],"DEWP":[-5.6600003],"FRSHTT":[1110000],"PRCP":[0.29],"SLP":[1018.7001],"SNDP":[2.7000003],"STP":[1003.30994],"TEMP":[-3.7],"VISIB":[4.85],"WDSP":[22.740002],"WNDDIR":[290.7],"time":[1549364858]}