{"CLDC":[84.65001,84.31],"DEWP":[-5.6600003,-5.66],"FRSHTT":[1110000,1110000],"PRCP":[0.29,0.29],"SLP":[1018.7001,1018.7001],"SNDP":[2.7000003,2.7000003],"STP":[1003.30994,1002.74005],"TEMP":[-3.7,-3.7],"VISIB":[4.85,5.0999994],"WDSP":[22.740002,21.310001],"WNDDIR":[290.7,288.6],"time":[1549364858,1549364917]}