{"CLDC":[50.15,50.240005],"DEWP":[-5.0899997,-4.95],"FRSHTT":[1110000,1110000],"PRCP":[0.059999995,0.059999995],"SLP":[1018.7001,1018.7999],"SNDP":[3.4,3.4],"STP":[1015.7001,1015.85],"TEMP":[-2.54,-2.6],"VISIB":[7.660001,8.51],"WDSP":[17.329998,18.289999],"WNDDIR":[31.6,29.9],"time":[1549364858,1549364917]}