{"CLDC":[50.100002],"DEWP":[-9.08],"FRSHTT":[1110000],"PRCP":[0.009999999],"SLP":[1021.2999],"SNDP":[4.5999994],"STP":[1015.99005],"TEMP":[-7.160001],"VISIB":[7.2700005],"WDSP":[23.369999],"WNDDIR":[257],"time":[1549364857]}