{"CLDC":[50.100002,50.299995],"DEWP":[-9.08,-9.08],"FRSHTT":[1110000,1110000],"PRCP":[0.009999999,0.009999999],"SLP":[1021.2999,1021.2999],"SNDP":[4.5999994,4.5999994],"STP":[1015.99005,1015.7999],"TEMP":[-7.160001,-7.2200003],"VISIB":[7.2700005,7.609999],"WDSP":[23.369999,23.03],"WNDDIR":[257,257.2],"time":[1549364857,1549364916]}