{"CLDC":[93.86],"DEWP":[-10.15],"FRSHTT":[1110000],"PRCP":[0.009999999],"SLP":[1021.7001],"SNDP":[3],"STP":[1018.05994],"TEMP":[-7.5],"VISIB":[18.23],"WDSP":[12.860001],"WNDDIR":[212.9],"time":[1549364855]}