{"CLDC":[50.13],"DEWP":[-7.25],"FRSHTT":[1010000],"PRCP":[0],"SLP":[1006.58997],"SNDP":[1.3999999],"STP":[1000.37],"TEMP":[-5.26],"VISIB":[7.6099997],"WDSP":[14.059999],"WNDDIR":[348.7],"time":[1549364859]}