{"CLDC":[34.379997],"DEWP":[-18.88],"FRSHTT":[1000000],"PRCP":[0],"SLP":[1037.91],"SNDP":[0],"STP":[1026],"TEMP":[-15.7],"VISIB":[25.409998],"WDSP":[10.539999],"WNDDIR":[44.3],"time":[1549364860]}