{"CLDC":[50.13,50.1],"DEWP":[-7.25,-7.000001],"FRSHTT":[1010000,1010000],"PRCP":[0,0],"SLP":[1006.58997,1006.74005],"SNDP":[1.3999999,1.3999999],"STP":[1000.37,999.5999],"TEMP":[-5.26,-5.2599998],"VISIB":[7.6099997,7.7],"WDSP":[14.059999,15.180002],"WNDDIR":[348.7,346.5],"time":[1549364859,1549364918]}