{"CLDC":[50.170006,50.26],"DEWP":[-1.4799999,-1.6899999],"FRSHTT":[100000,100000],"PRCP":[0.07,0.07],"SLP":[1012.4,1012.4],"SNDP":[0,0],"STP":[1004,1004.17004],"TEMP":[0.9,0.9],"VISIB":[12.290001,12.159999],"WDSP":[20.670002,20.91],"WNDDIR":[293.6,293.7],"time":[1549364858,1549364917]}