{"CLDC":[72.24,72.33],"DEWP":[-8.9,-8.74],"FRSHTT":[1010000,1010000],"PRCP":[0,0],"SLP":[1023.2001,1023.2301],"SNDP":[1.3999999,1.3999999],"STP":[1025.5999,1025.5999],"TEMP":[-6.3599997,-6.4199996],"VISIB":[19.83,19.749998],"WDSP":[13.76,14.889999],"WNDDIR":[158.7,155.2],"time":[1549364857,1549364916]}