{"CLDC":[72.24],"DEWP":[-8.9],"FRSHTT":[1010000],"PRCP":[0],"SLP":[1023.2001],"SNDP":[1.3999999],"STP":[1025.5999],"TEMP":[-6.3599997],"VISIB":[19.83],"WDSP":[13.76],"WNDDIR":[158.7],"time":[1549364857]}