{"CLDC":[50.010002,50.23],"DEWP":[0.85999995,0.7],"FRSHTT":[100000,100000],"PRCP":[0.059999995,0.062],"SLP":[1011.35,1011.25],"SNDP":[0,0],"STP":[1007.1,1007.5],"TEMP":[3.06,3.0600002],"VISIB":[15.45,16.15],"WDSP":[22.35,21.35],"WNDDIR":[285.4,281.5],"time":[1549364859,1549364917]}