{"CLDC":[50.010002],"DEWP":[0.85999995],"FRSHTT":[100000],"PRCP":[0.059999995],"SLP":[1011.35],"SNDP":[0],"STP":[1007.1],"TEMP":[3.06],"VISIB":[15.45],"WDSP":[22.35],"WNDDIR":[285.4],"time":[1549364859]}