{"CLDC":[66.74,67.08],"DEWP":[-4.06,-3.8799999],"FRSHTT":[1110000,1110000],"PRCP":[0.059999995,0.063],"SLP":[1018.4,1018.2001],"SNDP":[1.5,1.5],"STP":[1013.82996,1014],"TEMP":[-1.95,-2],"VISIB":[11.710001,12.05],"WDSP":[24.19,23.88],"WNDDIR":[252.5,251],"time":[1549364860,1549364918]}