{"CLDC":[50.37,50.319996],"DEWP":[-5.1000004,-5.2200003],"FRSHTT":[1110000,1110000],"PRCP":[0.22,0.22],"SLP":[1013.9,1013.9],"SNDP":[2.1000001,2.1000001],"STP":[1011.16003,1011.16003],"TEMP":[-2.8000002,-2.8],"VISIB":[6.9200006,6.6299996],"WDSP":[23.01,23.130001],"WNDDIR":[208.6,207.7],"time":[1549364859,1549364917]}