{"CLDC":[50.37],"DEWP":[-5.1000004],"FRSHTT":[1110000],"PRCP":[0.22],"SLP":[1013.9],"SNDP":[2.1000001],"STP":[1011.16003],"TEMP":[-2.8000002],"VISIB":[6.9200006],"WDSP":[23.01],"WNDDIR":[208.6],"time":[1549364859]}