{"CLDC":[66.1,66.06999],"DEWP":[-2.2499998,-2.0499997],"FRSHTT":[1000000,1000000],"PRCP":[0,0],"SLP":[1032.2999,1032.2999],"SNDP":[0,0],"STP":[1006.47003,1006.55],"TEMP":[-0.29999998,-0.29999998],"VISIB":[6.4700003,6.7200003],"WDSP":[18.54,18.48],"WNDDIR":[346.4,344.3],"time":[1549364859,1549364917]}