{"CLDC":[66.1],"DEWP":[-2.2499998],"FRSHTT":[1000000],"PRCP":[0],"SLP":[1032.2999],"SNDP":[0],"STP":[1006.47003],"TEMP":[-0.29999998],"VISIB":[6.4700003],"WDSP":[18.54],"WNDDIR":[346.4],"time":[1549364859]}