{"CLDC":[50.389996,50.07],"DEWP":[-9.039999,-8.68],"FRSHTT":[1110000,1110000],"PRCP":[0.019999998,0.019999998],"SLP":[1020.30994,1020.63],"SNDP":[2.2000003,2.2000003],"STP":[1013.4,1013.30994],"TEMP":[-6.5500007,-6.4900002],"VISIB":[8.9800005,8.26],"WDSP":[16.5,16.69],"WNDDIR":[40.8,41.7],"time":[1549364859,1549364917]}