{"CLDC":[59.28,59.539997],"DEWP":[-4.5,-4.5],"FRSHTT":[1110000,1110000],"PRCP":[0.009999999,0.009999999],"SLP":[1017.52,1017.5399],"SNDP":[1.1999999,1.1999999],"STP":[1015.00995,1014.88995],"TEMP":[-1.8,-1.8199999],"VISIB":[10.35,11.34],"WDSP":[14.76,14.4800005],"WNDDIR":[160.7,157.6],"time":[1549364861,1549364919]}