{"CLDC":[50.329994],"DEWP":[-0.73999995],"FRSHTT":[110000],"PRCP":[0.07],"SLP":[1011.43],"SNDP":[0.10000001],"STP":[1010.4],"TEMP":[1.3399999],"VISIB":[12.9800005],"WDSP":[20.990002],"WNDDIR":[212.9],"time":[1549364859]}