{"CLDC":[50.329994,50.359993],"DEWP":[-0.73999995,-0.74],"FRSHTT":[110000,110000],"PRCP":[0.07,0.07],"SLP":[1011.43,1011.4],"SNDP":[0.10000001,0.10000001],"STP":[1010.4,1010.49005],"TEMP":[1.3399999,1.3499999],"VISIB":[12.9800005,13.179998],"WDSP":[20.990002,20.45],"WNDDIR":[212.9,209.7],"time":[1549364859,1549364917]}