{"CLDC":[88.02],"DEWP":[-7.3599997],"FRSHTT":[1110000],"PRCP":[0.009999999],"SLP":[1019.2999],"SNDP":[1.3000001],"STP":[1013.2999],"TEMP":[-3.9100003],"VISIB":[13.059999],"WDSP":[15.719999],"WNDDIR":[154.1],"time":[1549364860]}