{"CLDC":[59.85,59.969994],"DEWP":[-7.7600007,-7.4799995],"FRSHTT":[1110000,1110000],"PRCP":[0.019999998,0.019999998],"SLP":[1021.5,1021.5],"SNDP":[1.8999999,1.8999999],"STP":[1012.4,1012.37],"TEMP":[-4.82,-4.8500004],"VISIB":[7.299999,7.0099998],"WDSP":[13.1,12.550001],"WNDDIR":[317,316],"time":[1549364859,1549364917]}