{"CLDC":[59.85],"DEWP":[-7.7600007],"FRSHTT":[1110000],"PRCP":[0.019999998],"SLP":[1021.5],"SNDP":[1.8999999],"STP":[1012.4],"TEMP":[-4.82],"VISIB":[7.299999],"WDSP":[13.1],"WNDDIR":[317],"time":[1549364859]}