{"CLDC":[87.60999,87.48],"DEWP":[-7.34,-7.25],"FRSHTT":[1000000,1000000],"PRCP":[0,0],"SLP":[1036.48,1037],"SNDP":[0,0],"STP":[1010.6699,1010.99005],"TEMP":[-3.3600001,-3.3200004],"VISIB":[6.44,6.38],"WDSP":[14.45,14.890001],"WNDDIR":[296.5,298.7],"time":[1549364859,1549364917]}