{"CLDC":[57.57,57.47],"DEWP":[-7.25,-7.1800003],"FRSHTT":[1110000,1110000],"PRCP":[0.009999999,0.009999999],"SLP":[1018.84,1019],"SNDP":[1.1999999,1.1999999],"STP":[1017.9,1017.9],"TEMP":[-4.8100004,-4.72],"VISIB":[15.0199995,14.509999],"WDSP":[13.0199995,12.99],"WNDDIR":[147.6,144.9],"time":[1549364860,1549364918]}