{"CLDC":[2.64],"DEWP":[-1.6499999],"FRSHTT":[0],"PRCP":[0],"SLP":[1011.2001],"SNDP":[0],"STP":[1002.66003],"TEMP":[0.8500001],"VISIB":[8.669999],"WDSP":[21.289999],"WNDDIR":[126.8],"time":[1549364859]}