{"CLDC":[2.64,2.16],"DEWP":[-1.6499999,-1.7999998],"FRSHTT":[0,0],"PRCP":[0,0],"SLP":[1011.2001,1011.24005],"SNDP":[0,0],"STP":[1002.66003,1002.6],"TEMP":[0.8500001,0.82000005],"VISIB":[8.669999,8.61],"WDSP":[21.289999,19.97],"WNDDIR":[126.8,128.7],"time":[1549364859,1549364917]}