{"CLDC":[99.67,99.44001],"DEWP":[-7.6,-7.4399996],"FRSHTT":[1110000,1110000],"PRCP":[0.009999999,0.009999999],"SLP":[1020.7999,1020.7999],"SNDP":[0.59999996,0.59999996],"STP":[1021.7101,1021.41],"TEMP":[-5.14,-5.1000004],"VISIB":[8.300001,8.2],"WDSP":[17.91,17.869999],"WNDDIR":[135.8,135.9],"time":[1549364859,1549364917]}