{"CLDC":[78.97001,78.25001],"DEWP":[-0.35999998,-0.43999997],"FRSHTT":[100000,100000],"PRCP":[0.029999997,0.029999997],"SLP":[1004.82996,1004.7999],"SNDP":[0,0],"STP":[1012.4,1012.5],"TEMP":[2.64,2.7599998],"VISIB":[12.059999,12.189999],"WDSP":[17.130001,16.689999],"WNDDIR":[180.2,181.6],"time":[1549364860,1549364918]}