{"CLDC":[95.56999],"DEWP":[1.5],"FRSHTT":[100000],"PRCP":[0.32999998],"SLP":[1012.7999],"SNDP":[0],"STP":[982.23],"TEMP":[2.1000001],"VISIB":[3.7099998],"WDSP":[15.7],"WNDDIR":[300.6],"time":[1549364859]}