{"CLDC":[78.71,78.53001],"DEWP":[-4.8799996,-4.8799996],"FRSHTT":[1000000,1000000],"PRCP":[0,0],"SLP":[1004.85,1005.18005],"SNDP":[0,0],"STP":[1000.2001,1000.2001],"TEMP":[-1.9600003,-1.9599998],"VISIB":[8.85,8.8],"WDSP":[16.99,16.769999],"WNDDIR":[5.3,6.3],"time":[1549364861,1549364918]}