{"CLDC":[63.390003,63.140003],"DEWP":[-4.2000003,-4.2500005],"FRSHTT":[1000000,1000000],"PRCP":[0,0],"SLP":[1019.84,1019.9],"SNDP":[0,0],"STP":[1000.2999,1000.2999],"TEMP":[-1.4399999,-1.43],"VISIB":[16.73,16.59],"WDSP":[7.34,7.3200006],"WNDDIR":[25.5,26.5],"time":[1549364861,1549364919]}