{"CLDC":[50.030003,50.04],"DEWP":[-1.7599999,-1.6199999],"FRSHTT":[110000,110000],"PRCP":[0.07,0.07],"SLP":[1010.7999,1010.7999],"SNDP":[1.8,1.8],"STP":[1005.02,1004.9],"TEMP":[1.17,1.1600001],"VISIB":[11.82,11.039999],"WDSP":[20.030003,20.090002],"WNDDIR":[192.9,189.6],"time":[1549364859,1549364918]}