{"CLDC":[58.35,58.710003],"DEWP":[-0.70000005,-0.8],"FRSHTT":[100000,100000],"PRCP":[0.07999999,0.07999999],"SLP":[1013.7999,1013.7001],"SNDP":[0,0],"STP":[1019.65,1019.77997],"TEMP":[2.0700002,2.05],"VISIB":[13.090001,13.17],"WDSP":[22.710001,22.689999],"WNDDIR":[154.3,153.3],"time":[1549364859,1549364918]}