{"CLDC":[58.35],"DEWP":[-0.70000005],"FRSHTT":[100000],"PRCP":[0.07999999],"SLP":[1013.7999],"SNDP":[0],"STP":[1019.65],"TEMP":[2.0700002],"VISIB":[13.090001],"WDSP":[22.710001],"WNDDIR":[154.3],"time":[1549364859]}