{"CLDC":[50.100002,50.070004],"DEWP":[-14.15,-14.160001],"FRSHTT":[1100000,1100000],"PRCP":[0.23999998,0.23999998],"SLP":[1015.93,1015.73],"SNDP":[0,0],"STP":[951.2301,951.12],"TEMP":[-11.780001,-11.240002],"VISIB":[10.790001,11.099999],"WDSP":[13.7,13.65],"WNDDIR":[220.4,221.9],"time":[1549364855,1549364915]}