{"CLDC":[50.100002],"DEWP":[-14.15],"FRSHTT":[1100000],"PRCP":[0.23999998],"SLP":[1015.93],"SNDP":[0],"STP":[951.2301],"TEMP":[-11.780001],"VISIB":[10.790001],"WDSP":[13.7],"WNDDIR":[220.4],"time":[1549364855]}