{"CLDC":[50.170006],"DEWP":[-21.249998],"FRSHTT":[1010000],"PRCP":[0],"SLP":[1025.2001],"SNDP":[6.4000006],"STP":[1004.86993],"TEMP":[-17.800001],"VISIB":[24.960001],"WDSP":[12.120001],"WNDDIR":[106.1],"time":[1549364855]}