{"CLDC":[50.510002,50.3],"DEWP":[-22.85,-22.59],"FRSHTT":[1010000,1010000],"PRCP":[0,0],"SLP":[1026.4501,1026.49],"SNDP":[2.7999997,2.7999997],"STP":[1032.49,1032.15],"TEMP":[-19.289999,-19.400002],"VISIB":[18.86,18.810001],"WDSP":[22.630001,24.45],"WNDDIR":[311.7,312.5],"time":[1549364861,1549364918]}