{"CLDC":[77.93001,77.82001],"DEWP":[-20.23,-19.829998],"FRSHTT":[1010000,1010000],"PRCP":[0,0],"SLP":[1026.5,1026.4299],"SNDP":[1.8999999,1.9399999],"STP":[1031.44,1031.6301],"TEMP":[-16.740002,-16.56],"VISIB":[17.66,18.82],"WDSP":[14.840001,15.049998],"WNDDIR":[7.5,3.4],"time":[1549364861,1549364919]}