{"CLDC":[77.93001],"DEWP":[-20.23],"FRSHTT":[1010000],"PRCP":[0],"SLP":[1026.5],"SNDP":[1.8999999],"STP":[1031.44],"TEMP":[-16.740002],"VISIB":[17.66],"WDSP":[14.840001],"WNDDIR":[7.5],"time":[1549364861]}