{"CLDC":[93.41,93.44001],"DEWP":[-10.230001,-10.190001],"FRSHTT":[1110000,1110000],"PRCP":[0.029999997,0.029999997],"SLP":[1028.7999,1028.88],"SNDP":[5.7000003,5.7999997],"STP":[1024.7499,1024.9001],"TEMP":[-8.35,-7.4300003],"VISIB":[10.51,10.790001],"WDSP":[19.869999,19.869999],"WNDDIR":[329.4,328.9],"time":[1549364860,1549364918]}