{"CLDC":[50.359997],"DEWP":[-11.590001],"FRSHTT":[1110000],"PRCP":[0.029999997],"SLP":[1025.2999],"SNDP":[4.2999997],"STP":[1016.7001],"TEMP":[-8.139999],"VISIB":[26.670002],"WDSP":[18.91],"WNDDIR":[136.3],"time":[1549364859]}