{"CLDC":[74.979996,74.5],"DEWP":[-14.08,-14.3],"FRSHTT":[1110000,1110000],"PRCP":[0.019999998,0.019999998],"SLP":[1021.7001,1021.7999],"SNDP":[7.5,7.5],"STP":[1016.74005,1016.69006],"TEMP":[-12.4,-12.27],"VISIB":[8.11,8.42],"WDSP":[14.2699995,14.659999],"WNDDIR":[152.7,150.9],"time":[1549364858,1549364917]}