{"CLDC":[79.649994],"DEWP":[-3.7199998],"FRSHTT":[1000000],"PRCP":[0],"SLP":[993.68005],"SNDP":[0],"STP":[993.58997],"TEMP":[-1.7500002],"VISIB":[6.28],"WDSP":[13.490001],"WNDDIR":[357.5],"time":[1549364855]}