{"CLDC":[80.16],"DEWP":[-20.109999],"FRSHTT":[1110000],"PRCP":[0.11],"SLP":[1022.9],"SNDP":[3.7000003],"STP":[1021.81995],"TEMP":[-17.099998],"VISIB":[9.160001],"WDSP":[15.589999],"WNDDIR":[136.6],"time":[1549364858]}