{"CLDC":[80.16,80.05],"DEWP":[-20.109999,-20.08],"FRSHTT":[1110000,1110000],"PRCP":[0.11,0.11],"SLP":[1022.9,1022.9],"SNDP":[3.7000003,3.7000003],"STP":[1021.81995,1021.77997],"TEMP":[-17.099998,-17.199999],"VISIB":[9.160001,9.54],"WDSP":[15.589999,14.950002],"WNDDIR":[136.6,137.9],"time":[1549364858,1549364916]}