{"CLDC":[92.299995],"DEWP":[-16.209997],"FRSHTT":[1000000],"PRCP":[0],"SLP":[1027.3301],"SNDP":[0],"STP":[1041.9001],"TEMP":[-11.140001],"VISIB":[30.38],"WDSP":[13.49],"WNDDIR":[1.7],"time":[1549364855]}