{"CLDC":[92.299995,92.10999],"DEWP":[-16.209997,-16.18],"FRSHTT":[1000000,1000000],"PRCP":[0,0],"SLP":[1027.3301,1027.9001],"SNDP":[0,0],"STP":[1041.9001,1041.9001],"TEMP":[-11.140001,-11.13],"VISIB":[30.38,29.619999],"WDSP":[13.49,13.129999],"WNDDIR":[1.7,3.2],"time":[1549364855,1549364915]}