{"CLDC":[50.260006,50.090004],"DEWP":[-10.45,-10.070002],"FRSHTT":[1110000,1110000],"PRCP":[0.13,0.13],"SLP":[1027.4001,1027.4001],"SNDP":[4.5999994,4.5999994],"STP":[1019.50995,1019.43994],"TEMP":[-7.2300005,-6.9199996],"VISIB":[27.220001,27.66],"WDSP":[18.289999,18.25],"WNDDIR":[152.9,153],"time":[1549364861,1549364918]}