{"CLDC":[50.210003],"DEWP":[-9.99],"FRSHTT":[1110000],"PRCP":[0.16999999],"SLP":[1023.75995],"SNDP":[3.6],"STP":[1013.88],"TEMP":[-7.54],"VISIB":[14.7],"WDSP":[17.37],"WNDDIR":[328.6],"time":[1549364861]}