{"CLDC":[50.210003,50.57],"DEWP":[-9.99,-9.95],"FRSHTT":[1110000,1110000],"PRCP":[0.16999999,0.16999999],"SLP":[1023.75995,1023.73],"SNDP":[3.6,3.6],"STP":[1013.88,1013.42004],"TEMP":[-7.54,-7.09],"VISIB":[14.7,14.85],"WDSP":[17.37,16.689999],"WNDDIR":[328.6,327.7],"time":[1549364861,1549364919]}