{"CLDC":[64.11,63.890003],"DEWP":[-20.27,-20.439999],"FRSHTT":[1110000,1110000],"PRCP":[0.019999998,0.019999998],"SLP":[1025.41,1025.4001],"SNDP":[3.9,3.9],"STP":[1012.1,1012.06995],"TEMP":[-17.009998,-17.130001],"VISIB":[9.17,8.629999],"WDSP":[12.4,11.73],"WNDDIR":[128.5,122.3],"time":[1549364858,1549364916]}