{"CLDC":[64.11],"DEWP":[-20.27],"FRSHTT":[1110000],"PRCP":[0.019999998],"SLP":[1025.41],"SNDP":[3.9],"STP":[1012.1],"TEMP":[-17.009998],"VISIB":[9.17],"WDSP":[12.4],"WNDDIR":[128.5],"time":[1549364858]}