{"CLDC":[50.030003],"DEWP":[-0.38],"FRSHTT":[100000],"PRCP":[0.050000004],"SLP":[1016.7001],"SNDP":[0],"STP":[1018.88995],"TEMP":[2.9199998],"VISIB":[19.329998],"WDSP":[12.16],"WNDDIR":[150.8],"time":[1549364856]}