{"CLDC":[84.42],"DEWP":[-1.2700001],"FRSHTT":[0],"PRCP":[0],"SLP":[1008.77997],"SNDP":[0],"STP":[1002.92004],"TEMP":[0],"VISIB":[2.54],"WDSP":[16.85],"WNDDIR":[53.2],"time":[1549364856]}