{"CLDC":[68.86,68.66],"DEWP":[-1.5,-1.3400002],"FRSHTT":[1000000,1000000],"PRCP":[0,0],"SLP":[1020.37,1020.3],"SNDP":[0,0],"STP":[994.25,994.91],"TEMP":[-1.0600001,-1.0600001],"VISIB":[15.07,16.65],"WDSP":[7.5299997,7.7],"WNDDIR":[234.5,234.3],"time":[1549364860,1549364918]}