{"CLDC":[68.86],"DEWP":[-1.5],"FRSHTT":[1000000],"PRCP":[0],"SLP":[1020.37],"SNDP":[0],"STP":[994.25],"TEMP":[-1.0600001],"VISIB":[15.07],"WDSP":[7.5299997],"WNDDIR":[234.5],"time":[1549364860]}