{"CLDC":[50.050003],"DEWP":[-20.320002],"FRSHTT":[1010000],"PRCP":[0],"SLP":[1015.4],"SNDP":[11.099999],"STP":[1044.78],"TEMP":[-19.4],"VISIB":[5.76],"WDSP":[29.98],"WNDDIR":[263.6],"time":[1549364859]}