{"CLDC":[50.190006],"DEWP":[-8.620001],"FRSHTT":[1100000],"PRCP":[0.050000004],"SLP":[1026.2599],"SNDP":[0],"STP":[1048.58],"TEMP":[-7.9700003],"VISIB":[16.91],"WDSP":[12.410001],"WNDDIR":[62.9],"time":[1549364859]}