{"CLDC":[50.010002],"DEWP":[-0.34000003],"FRSHTT":[100000],"PRCP":[0.16999999],"SLP":[1013.1],"SNDP":[0],"STP":[1001.2001],"TEMP":[1.5500001],"VISIB":[16.89],"WDSP":[16.55],"WNDDIR":[258],"time":[1549364856]}