{"CLDC":[81.43,81.14],"DEWP":[-26.810003,-26.570002],"FRSHTT":[1000000,1000000],"PRCP":[0,0],"SLP":[1046.5999,1046.68],"SNDP":[0,0],"STP":[1055.0598,1055.22],"TEMP":[-24.27,-23.149998],"VISIB":[22.939999,22.960001],"WDSP":[9.76,10.199999],"WNDDIR":[220.4,223.4],"time":[1549364858,1549364917]}