{"CLDC":[50.070004],"DEWP":[-12.200002],"FRSHTT":[1010000],"PRCP":[0],"SLP":[1026],"SNDP":[6.5999994],"STP":[988.7501],"TEMP":[-9.190001],"VISIB":[19.16],"WDSP":[15.1],"WNDDIR":[278.2],"time":[1549364857]}