{"CLDC":[50.25],"DEWP":[-1.2099999],"FRSHTT":[1100000],"PRCP":[0.050000004],"SLP":[1021.38],"SNDP":[0],"STP":[1000.05],"TEMP":[-0.3],"VISIB":[12.749999],"WDSP":[16.73],"WNDDIR":[313.4],"time":[1549364858]}