{"CLDC":[4.67,4.8700004],"DEWP":[-14.18,-13.210001],"FRSHTT":[1000000,1000000],"PRCP":[0,0],"SLP":[1029.76,1028.67],"SNDP":[0,0],"STP":[1009.1501,1008.69006],"TEMP":[-12.839999,-13.280001],"VISIB":[8.41,8.469999],"WDSP":[10.210001,10.759998],"WNDDIR":[12.1,15.6],"time":[1549364856,1549364915]}