{"CLDC":[35.730003,35.18],"DEWP":[-12.960001,-13.139999],"FRSHTT":[1000000,1000000],"PRCP":[0,0],"SLP":[1015.05,1013.8301],"SNDP":[0,0],"STP":[1002.83997,1003.1999],"TEMP":[-11.400001,-11.400001],"VISIB":[8.039999,8.17],"WDSP":[15.929998,16.170002],"WNDDIR":[90.2,87.4],"time":[1549364856,1549364915]}