{"CLDC":[35.730003],"DEWP":[-12.960001],"FRSHTT":[1000000],"PRCP":[0],"SLP":[1015.05],"SNDP":[0],"STP":[1002.83997],"TEMP":[-11.400001],"VISIB":[8.039999],"WDSP":[15.929998],"WNDDIR":[90.2],"time":[1549364856]}