{"CLDC":[9.46,10.049999],"DEWP":[-13.610001,-13.219999],"FRSHTT":[1000000,1000000],"PRCP":[0,0],"SLP":[996.7101,996.61],"SNDP":[0,0],"STP":[1004.1699,1004.83997],"TEMP":[-9.249999,-9.3],"VISIB":[5.4799995,5.0499997],"WDSP":[0.89,0.78],"WNDDIR":[163.9,166.3],"time":[1549364856,1549364915]}