{"CLDC":[4.67],"DEWP":[-14.18],"FRSHTT":[1000000],"PRCP":[0],"SLP":[1029.76],"SNDP":[0],"STP":[1009.1501],"TEMP":[-12.839999],"VISIB":[8.41],"WDSP":[10.210001],"WNDDIR":[12.1],"time":[1549364856]}