{"CLDC":[43.23,43.489998],"DEWP":[-12.35,-12.629999],"FRSHTT":[1000000,1000000],"PRCP":[0,0],"SLP":[1025.96,1025.9601],"SNDP":[0,0],"STP":[1014.52997,1014.2301],"TEMP":[-9.339998,-9.339998],"VISIB":[23.67,23.380001],"WDSP":[17.310001,17.9],"WNDDIR":[219.9,224.6],"time":[1549364861,1549364918]}