{"CLDC":[50.35,50.819996],"DEWP":[-18.51,-18.720001],"FRSHTT":[1110000,1110000],"PRCP":[0.009999999,0.009999999],"SLP":[1017.9,1017.9],"SNDP":[5.5999994,5.5999994],"STP":[1014.65,1014.5],"TEMP":[-15.289999,-15.56],"VISIB":[7.4900002,7.9200006],"WDSP":[17.03,17.829998],"WNDDIR":[101.6,99.9],"time":[1549364861,1549364919]}