{"CLDC":[20.8,21.000002],"DEWP":[0.25,0.3],"FRSHTT":[0,0],"PRCP":[0,0],"SLP":[996.7001,996.82996],"SNDP":[0,0],"STP":[1002.1,1002.13],"TEMP":[2.6700003,2.65],"VISIB":[8.59,9.330001],"WDSP":[14.889999,15.460001],"WNDDIR":[229.9,235.2],"time":[1549364856,1549364916]}