{"CLDC":[51.819996,51.929993],"DEWP":[-14.62,-14.679998],"FRSHTT":[1010000,1010000],"PRCP":[0,0],"SLP":[1025.2001,1025.2001],"SNDP":[4.9000006,4.9000006],"STP":[1010.89,1011.16],"TEMP":[-12.329999,-12.059999],"VISIB":[37.42,38.739998],"WDSP":[9.539999,9.65],"WNDDIR":[329.3,330.3],"time":[1549364860,1549364918]}