{"CLDC":[80.77999,81.3],"DEWP":[-9.220001,-8.879999],"FRSHTT":[1000000,1000000],"PRCP":[0,0],"SLP":[1023.27997,1023.02997],"SNDP":[0,0],"STP":[1015.66003,1014.9601],"TEMP":[-8.26,-8.030001],"VISIB":[23.6,24.300001],"WDSP":[21.899998,21.859999],"WNDDIR":[17.3,18.4],"time":[1549364859,1549364918]}