{"CLDC":[80.77999],"DEWP":[-9.220001],"FRSHTT":[1000000],"PRCP":[0],"SLP":[1023.27997],"SNDP":[0],"STP":[1015.66003],"TEMP":[-8.26],"VISIB":[23.6],"WDSP":[21.899998],"WNDDIR":[17.3],"time":[1549364859]}