{"CLDC":[54.130005],"DEWP":[-6.14],"FRSHTT":[1110000],"PRCP":[0.059999995],"SLP":[1027.87],"SNDP":[4.0999994],"STP":[979.2699],"TEMP":[-2.97],"VISIB":[20.68],"WDSP":[15.410001],"WNDDIR":[177.4],"time":[1549364858]}