{"CLDC":[79.76],"DEWP":[-20.13],"FRSHTT":[1110000],"PRCP":[0.009999999],"SLP":[1025.5499],"SNDP":[2.7999997],"STP":[1016.36993],"TEMP":[-16.38],"VISIB":[19.66],"WDSP":[11.35],"WNDDIR":[143.7],"time":[1549364855]}