{"CLDC":[63.829998,63.93],"DEWP":[-17.4,-17.34],"FRSHTT":[1110000,1110000],"PRCP":[0.09000001,0.09000001],"SLP":[1029.2999,1029.49],"SNDP":[9.300001,9.300001],"STP":[1041.2899,1041.9801],"TEMP":[-13.690001,-13.839999],"VISIB":[19.52,19.699999],"WDSP":[19.210001,19.849998],"WNDDIR":[329,328.7],"time":[1549364861,1549364918]}