{"CLDC":[50.130005],"DEWP":[-20.27],"FRSHTT":[1010000],"PRCP":[0],"SLP":[1028.7999],"SNDP":[1.1000001],"STP":[1029.6599],"TEMP":[-17.369999],"VISIB":[10.5],"WDSP":[16.23],"WNDDIR":[247],"time":[1549364861]}