{"CLDC":[56.4],"DEWP":[-10.320001],"FRSHTT":[1110000],"PRCP":[0.059999995],"SLP":[1034.42],"SNDP":[1.3999999],"STP":[1038.3401],"TEMP":[-6.890001],"VISIB":[36.72],"WDSP":[11.58],"WNDDIR":[109.9],"time":[1549364860]}