{"CLDC":[56.4,56.670002],"DEWP":[-10.320001,-10.01],"FRSHTT":[1110000,1110000],"PRCP":[0.059999995,0.059999995],"SLP":[1034.42,1034.3401],"SNDP":[1.3999999,1.3999999],"STP":[1038.3401,1038.2899],"TEMP":[-6.890001,-6.5099998],"VISIB":[36.72,35.469997],"WDSP":[11.58,11.370001],"WNDDIR":[109.9,109.8],"time":[1549364860,1549364918]}