{"CLDC":[50.010002],"DEWP":[-0.56],"FRSHTT":[100000],"PRCP":[0.039999995],"SLP":[1010.5],"SNDP":[0],"STP":[1010.27],"TEMP":[0.59999996],"VISIB":[6.9900002],"WDSP":[17.849998],"WNDDIR":[49],"time":[1549364858]}