{"CLDC":[50.06,50.02],"DEWP":[-18.03,-17.94],"FRSHTT":[1010000,1010000],"PRCP":[0,0],"SLP":[1046.9001,1047],"SNDP":[3.2999997,3.2999997],"STP":[1079.3501,1079.43],"TEMP":[-15.63,-15.539999],"VISIB":[20.62,21.23],"WDSP":[14.31,15.18],"WNDDIR":[293.7,290.6],"time":[1549364857,1549364916]}