{"CLDC":[50.170006],"DEWP":[-2.05],"FRSHTT":[110000],"PRCP":[0.07999999],"SLP":[989.7999],"SNDP":[0.20000002],"STP":[996.05],"TEMP":[1.35],"VISIB":[8.15],"WDSP":[16.09],"WNDDIR":[113.1],"time":[1549364857]}