{"CLDC":[81.43001],"DEWP":[-1.6599998],"FRSHTT":[110000],"PRCP":[0.029999997],"SLP":[1009.07996],"SNDP":[0.10000001],"STP":[1008.6],"TEMP":[1.3799999],"VISIB":[8.460001],"WDSP":[15.93],"WNDDIR":[21.6],"time":[1549364857]}