{"CLDC":[81.43001,81.299995],"DEWP":[-1.6599998,-1.6499999],"FRSHTT":[110000,110000],"PRCP":[0.029999997,0.029999997],"SLP":[1009.07996,1009.2001],"SNDP":[0.10000001,0.10000001],"STP":[1008.6,1008.6],"TEMP":[1.3799999,1.35],"VISIB":[8.460001,7.890001],"WDSP":[15.93,15.68],"WNDDIR":[21.6,22.4],"time":[1549364857,1549364916]}