{"CLDC":[88.62999,89.229996],"DEWP":[-18.460001,-18.719997],"FRSHTT":[1010000,1010000],"PRCP":[0,0],"SLP":[1027.63,1027.86],"SNDP":[2.6000001,2.6000001],"STP":[1023.82,1023.87],"TEMP":[-15.949999,-16.150002],"VISIB":[16.990002,18.05],"WDSP":[16.89,16.530003],"WNDDIR":[122.5,123.4],"time":[1549364856,1549364916]}