{"CLDC":[50.070004],"DEWP":[-0.85],"FRSHTT":[110000],"PRCP":[0.009999999],"SLP":[1012.05994],"SNDP":[0.20000002],"STP":[1009.94006],"TEMP":[1.5800002],"VISIB":[14.17],"WDSP":[18.570002],"WNDDIR":[318.9],"time":[1549364857]}