{"CLDC":[49.730003,49.429996],"DEWP":[0.79999995,0.85],"FRSHTT":[0,0],"PRCP":[0,0],"SLP":[1008.1,1008.05994],"SNDP":[0,0],"STP":[998.64,998.75995],"TEMP":[1.7,1.7],"VISIB":[10.669999,10.330001],"WDSP":[17.630001,18.759998],"WNDDIR":[96.6,99.7],"time":[1549364857,1549364916]}