{"CLDC":[49.730003],"DEWP":[0.79999995],"FRSHTT":[0],"PRCP":[0],"SLP":[1008.1],"SNDP":[0],"STP":[998.64],"TEMP":[1.7],"VISIB":[10.669999],"WDSP":[17.630001],"WNDDIR":[96.6],"time":[1549364857]}