{"CLDC":[66.11],"DEWP":[-11.820001],"FRSHTT":[1010000],"PRCP":[0],"SLP":[1037.11],"SNDP":[3.2999997],"STP":[955.2],"TEMP":[-6.2000003],"VISIB":[30.05],"WDSP":[12.519999],"WNDDIR":[195.3],"time":[1549364860]}