{"CLDC":[50.150005],"DEWP":[-7.6800003],"FRSHTT":[1010000],"PRCP":[0],"SLP":[1023.2101],"SNDP":[0.6999999],"STP":[1021.2001],"TEMP":[-4.5400004],"VISIB":[14.780001],"WDSP":[15.629999],"WNDDIR":[93.8],"time":[1549364859]}