{"CLDC":[0.96000004,1.07],"DEWP":[-1.28,-1.3],"FRSHTT":[1000000,1000000],"PRCP":[0,0],"SLP":[1018.45996,1018.57],"SNDP":[0,0],"STP":[1000.8499,1001.7101],"TEMP":[-1.0699999,-1.04],"VISIB":[4.58,4.38],"WDSP":[13.870001,14.19],"WNDDIR":[182,179.5],"time":[1549364858,1549364916]}