{"CLDC":[50.150005,50.769997],"DEWP":[-7.6800003,-7.6800003],"FRSHTT":[1010000,1010000],"PRCP":[0,0],"SLP":[1023.2101,1023.2001],"SNDP":[0.6999999,0.6999999],"STP":[1021.2001,1021.2001],"TEMP":[-4.5400004,-4.6800003],"VISIB":[14.780001,15.459999],"WDSP":[15.629999,16.34],"WNDDIR":[93.8,97.6],"time":[1549364859,1549364917]}