{"CLDC":[0.96000004],"DEWP":[-1.28],"FRSHTT":[1000000],"PRCP":[0],"SLP":[1018.45996],"SNDP":[0],"STP":[1000.8499],"TEMP":[-1.0699999],"VISIB":[4.58],"WDSP":[13.870001],"WNDDIR":[182],"time":[1549364858]}