{"CLDC":[82.729996,82.96999],"DEWP":[-4.39,-4.7499995],"FRSHTT":[1000000,1000000],"PRCP":[0,0],"SLP":[1024.0701,1023.9],"SNDP":[0,0],"STP":[1017.0199,1015.55994],"TEMP":[0.09999999,0.25000003],"VISIB":[19.310001,19.49],"WDSP":[16.060001,16.670002],"WNDDIR":[228.8,226.1],"time":[1549364857,1549364916]}