{"CLDC":[50.06,50.269997],"DEWP":[-19.19,-19],"FRSHTT":[1110000,1110000],"PRCP":[0.59999996,0.59999996],"SLP":[1028.11,1028.08],"SNDP":[2.6000001,2.6000001],"STP":[1030.9001,1030.7899],"TEMP":[-15.67,-16.140001],"VISIB":[47.99,47.809998],"WDSP":[11.83,12.32],"WNDDIR":[60.3,63.2],"time":[1549364858,1549364916]}