{"CLDC":[92.81,92.8],"DEWP":[-15.5199995,-15.650002],"FRSHTT":[1010000,1010000],"PRCP":[0,0],"SLP":[1024,1024],"SNDP":[1.3000001,1.3000001],"STP":[1022.3799,1022.9199],"TEMP":[-13.139999,-13.15],"VISIB":[13.95,14.08],"WDSP":[20.000002,21.18],"WNDDIR":[304.9,305.1],"time":[1549364857,1549364916]}