{"CLDC":[50.230003,50.289997],"DEWP":[-1.4499999,-1.4999999],"FRSHTT":[100000,100000],"PRCP":[0.10000001,0.10000001],"SLP":[1003.2001,1002.62],"SNDP":[0,0],"STP":[1001.9,1001.9],"TEMP":[1.95,1.95],"VISIB":[8.96,9.38],"WDSP":[17.15,17.130001],"WNDDIR":[180.5,179.2],"time":[1549364858,1549364916]}