{"CLDC":[87.95],"DEWP":[-1.4399999],"FRSHTT":[100000],"PRCP":[0.039999995],"SLP":[1005.9],"SNDP":[0],"STP":[1005.2001],"TEMP":[1.8],"VISIB":[8.89],"WDSP":[16.869999],"WNDDIR":[230.2],"time":[1549364858]}