{"CLDC":[50.07,50.02],"DEWP":[-8.749999,-8.499999],"FRSHTT":[1110000,1110000],"PRCP":[0.009999999,0.009999999],"SLP":[1030.4001,1030.4001],"SNDP":[2.1000001,2.1000001],"STP":[1015.2201,1014.89],"TEMP":[-5.8999996,-5.6000004],"VISIB":[28.289999,28.15],"WDSP":[16.99,16.63],"WNDDIR":[227.1,224.3],"time":[1549364861,1549364918]}