{"CLDC":[50.07],"DEWP":[-8.749999],"FRSHTT":[1110000],"PRCP":[0.009999999],"SLP":[1030.4001],"SNDP":[2.1000001],"STP":[1015.2201],"TEMP":[-5.8999996],"VISIB":[28.289999],"WDSP":[16.99],"WNDDIR":[227.1],"time":[1549364861]}