{"CLDC":[84.32,84.14],"DEWP":[-2.24,-2.4],"FRSHTT":[1000000,1000000],"PRCP":[0,0],"SLP":[1013.20996,1012.93],"SNDP":[0,0],"STP":[1013.9699,1015.52997],"TEMP":[-1.6699998,-1.6300001],"VISIB":[7.980001,7.350001],"WDSP":[4.77,4.62],"WNDDIR":[306.6,306.7],"time":[1549364858,1549364917]}