{"CLDC":[62.109997,62.200005],"DEWP":[-1.58,-1.3400002],"FRSHTT":[100000,100000],"PRCP":[0.019999998,0.019999998],"SLP":[1007.4299,1007.32],"SNDP":[0,0],"STP":[1007.63,1007.68005],"TEMP":[1.5,1.5],"VISIB":[9.139999,8.910001],"WDSP":[17.27,17.45],"WNDDIR":[102.9,98.6],"time":[1549364858,1549364917]}