{"CLDC":[50.05],"DEWP":[-0.3],"FRSHTT":[100000],"PRCP":[0.050000004],"SLP":[1010.7101],"SNDP":[0],"STP":[1007.47003],"TEMP":[2.5300002],"VISIB":[8.08],"WDSP":[14.699999],"WNDDIR":[241.9],"time":[1549364858]}