{"CLDC":[58.589996],"DEWP":[-17.3],"FRSHTT":[1010000],"PRCP":[0],"SLP":[1026.01],"SNDP":[0.8000001],"STP":[1025.7],"TEMP":[-13.94],"VISIB":[18.670002],"WDSP":[11.129999],"WNDDIR":[264],"time":[1549364858]}