{"CLDC":[50.010002,50.030003],"DEWP":[-6.95,-6.410001],"FRSHTT":[1010000,1010000],"PRCP":[0,0],"SLP":[1037.24,1038.8401],"SNDP":[1.3999999,1.3999999],"STP":[1015.97003,1015.4],"TEMP":[-3.94,-3.7200005],"VISIB":[23.21,23.59],"WDSP":[11.209999,10.74],"WNDDIR":[351.5,347.9],"time":[1549364856,1549364915]}