{"CLDC":[63.210003,62.98],"DEWP":[-5.32,-5.3199997],"FRSHTT":[1000000,1000000],"PRCP":[0,0],"SLP":[1014.4,1014.4],"SNDP":[0,0],"STP":[1006.4,1006.5],"TEMP":[-0.6999999,-0.6999999],"VISIB":[7.1200004,6.6699996],"WDSP":[19.17,18.880001],"WNDDIR":[195.8,191.5],"time":[1549364858,1549364917]}