{"CLDC":[56.85,56.839996],"DEWP":[-19.8,-19.599998],"FRSHTT":[1100000,1100000],"PRCP":[0.009999999,0.009999999],"SLP":[1026.2001,1026.2001],"SNDP":[0,0],"STP":[1024.3398,1024.59],"TEMP":[-15.9,-15.62],"VISIB":[23.519999,22.7],"WDSP":[15.7699995,17.449999],"WNDDIR":[206.6,206.8],"time":[1549364859,1549364917]}