{"CLDC":[73.39001,73.62999],"DEWP":[-1.8400002,-2],"FRSHTT":[100000,100000],"PRCP":[0.019999998,0.019999998],"SLP":[1007.7999,1007.36],"SNDP":[0,0],"STP":[1006.4,1006.4],"TEMP":[1.5500001,1.57],"VISIB":[8.280001,8.809999],"WDSP":[14.960001,15.06],"WNDDIR":[24.5,26.6],"time":[1549364858,1549364917]}