{"CLDC":[50.11001],"DEWP":[-15.49],"FRSHTT":[1110000],"PRCP":[0.019999998],"SLP":[1024.7301],"SNDP":[1],"STP":[1015.4],"TEMP":[-13.170001],"VISIB":[35.18],"WDSP":[15.040001],"WNDDIR":[188.7],"time":[1549364859]}