{"CLDC":[73.39001],"DEWP":[-1.8400002],"FRSHTT":[100000],"PRCP":[0.019999998],"SLP":[1007.7999],"SNDP":[0],"STP":[1006.4],"TEMP":[1.5500001],"VISIB":[8.280001],"WDSP":[14.960001],"WNDDIR":[24.5],"time":[1549364858]}