{"CLDC":[63.640003],"DEWP":[-1.8199999],"FRSHTT":[100000],"PRCP":[0.09000001],"SLP":[1006.0199],"SNDP":[0],"STP":[998.95],"TEMP":[1.75],"VISIB":[7.29],"WDSP":[11.809999],"WNDDIR":[37],"time":[1549364858]}