{"CLDC":[50.010002,50.309998],"DEWP":[-1.5999999,-1.5599998],"FRSHTT":[100000,100000],"PRCP":[0.11999999,0.11999999],"SLP":[998.6,998.5],"SNDP":[0,0],"STP":[999.55994,999.7999],"TEMP":[2.2000003,2.2000003],"VISIB":[7.649999,7.21],"WDSP":[15.31,16.25],"WNDDIR":[85.2,89.6],"time":[1549364859,1549364917]}