{"CLDC":[50.010002],"DEWP":[-1.5999999],"FRSHTT":[100000],"PRCP":[0.11999999],"SLP":[998.6],"SNDP":[0],"STP":[999.55994],"TEMP":[2.2000003],"VISIB":[7.649999],"WDSP":[15.31],"WNDDIR":[85.2],"time":[1549364859]}