{"CLDC":[50.210007],"DEWP":[-14.58],"FRSHTT":[1110000],"PRCP":[0.019999998],"SLP":[1027.8401],"SNDP":[4.2999997],"STP":[1020.63],"TEMP":[-11.16],"VISIB":[22.09],"WDSP":[15.63],"WNDDIR":[333.5],"time":[1549364860]}