{"CLDC":[50.030003,50.11],"DEWP":[-20.42,-20.55],"FRSHTT":[1110000,1110000],"PRCP":[0.019999998,0.019999998],"SLP":[1024.7999,1024.7001],"SNDP":[2.3999999,2.3999999],"STP":[1036.5499,1037.45],"TEMP":[-16.42,-16.52],"VISIB":[20.849998,21.000002],"WDSP":[14.870001,14.07],"WNDDIR":[254.1,253.9],"time":[1549364860,1549364918]}