{"CLDC":[50.200005,50.04],"DEWP":[-13.05,-12.719999],"FRSHTT":[1010000,1010000],"PRCP":[0,0],"SLP":[1027.7001,1027.7001],"SNDP":[3.9,3.9],"STP":[1016.5,1016.5],"TEMP":[-9.499999,-9.42],"VISIB":[21.09,21.25],"WDSP":[13.55,13.389999],"WNDDIR":[50.8,45.6],"time":[1549364859,1549364917]}