{"CLDC":[50.11001],"DEWP":[-12.200001],"FRSHTT":[1110000],"PRCP":[0.019999998],"SLP":[1022.6],"SNDP":[5.4000006],"STP":[1014.17004],"TEMP":[-9.500001],"VISIB":[15.729999],"WDSP":[27.220001],"WNDDIR":[200.4],"time":[1549364859]}