{"CLDC":[50.200005,50.100002],"DEWP":[-13.469999,-13.360001],"FRSHTT":[1110000,1110000],"PRCP":[0.019999998,0.019999998],"SLP":[1029.5,1029.5],"SNDP":[2.8999999,2.8999999],"STP":[1014.69006,1014.7999],"TEMP":[-10.340001,-10.340001],"VISIB":[16.26,16.77],"WDSP":[20.329998,20.33],"WNDDIR":[239.3,239.8],"time":[1549364860,1549364918]}