{"CLDC":[88.39001],"DEWP":[0.37999997],"FRSHTT":[100000],"PRCP":[0.14999999],"SLP":[1011.2001],"SNDP":[0],"STP":[1011.2301],"TEMP":[2.6],"VISIB":[13.190001],"WDSP":[28.430002],"WNDDIR":[165.8],"time":[1549364860]}