{"CLDC":[88.39001,88.35],"DEWP":[0.37999997,0.61999995],"FRSHTT":[100000,100000],"PRCP":[0.14999999,0.14999999],"SLP":[1011.2001,1011.2001],"SNDP":[0,0],"STP":[1011.2301,1011.48],"TEMP":[2.6,2.6200001],"VISIB":[13.190001,12.67],"WDSP":[28.430002,28.279999],"WNDDIR":[165.8,163],"time":[1549364860,1549364918]}