{"CLDC":[96.69,96.60999],"DEWP":[-8.940001,-8.719999],"FRSHTT":[1010000,1010000],"PRCP":[0,0],"SLP":[1026.5599,1026.62],"SNDP":[33.799995,33.799995],"STP":[980.42004,980.68005],"TEMP":[-4.9300003,-4.9600005],"VISIB":[13.910001,13.889999],"WDSP":[5.19,5.2000003],"WNDDIR":[257.3,252.8],"time":[1549364860,1549364918]}