{"CLDC":[50.02,50.100002],"DEWP":[1.4399999,1.32],"FRSHTT":[100000,100000],"PRCP":[0.13,0.13],"SLP":[1014.1,1014.1],"SNDP":[0,0],"STP":[1012.7001,1012.7001],"TEMP":[3.65,3.6200001],"VISIB":[12.969999,13.2],"WDSP":[23.060001,23.329998],"WNDDIR":[221.9,221.2],"time":[1549364860,1549364918]}