{"CLDC":[50.02],"DEWP":[1.4399999],"FRSHTT":[100000],"PRCP":[0.13],"SLP":[1014.1],"SNDP":[0],"STP":[1012.7001],"TEMP":[3.65],"VISIB":[12.969999],"WDSP":[23.060001],"WNDDIR":[221.9],"time":[1549364860]}