{"CLDC":[50.379997],"DEWP":[-10.84],"FRSHTT":[1110000],"PRCP":[0.009999999],"SLP":[1029],"SNDP":[3.2999997],"STP":[966],"TEMP":[-2.8399997],"VISIB":[49.909996],"WDSP":[11.300001],"WNDDIR":[307.1],"time":[1549364859]}