{"CLDC":[70.88,70.62999],"DEWP":[-22.14,-22.25],"FRSHTT":[1000000,1000000],"PRCP":[0,0],"SLP":[1044,1044],"SNDP":[0,0],"STP":[1063.8,1064.72],"TEMP":[-19.539999,-19.52],"VISIB":[21.27,22.09],"WDSP":[4.54,4.79],"WNDDIR":[12,9.2],"time":[1549364858,1549364917]}