{"CLDC":[50.249992],"DEWP":[-24.78],"FRSHTT":[1010000],"PRCP":[0],"SLP":[1044.2999],"SNDP":[5.2999997],"STP":[1004.99005],"TEMP":[-22.100002],"VISIB":[8.93],"WDSP":[3.5900002],"WNDDIR":[212.6],"time":[1549364857]}