{"CLDC":[79.450005],"DEWP":[1.1600001],"FRSHTT":[100000],"PRCP":[0.14],"SLP":[1013.2999],"SNDP":[0],"STP":[1011.41],"TEMP":[3.48],"VISIB":[14.539999],"WDSP":[29.230001],"WNDDIR":[45.3],"time":[1549364860]}