{"CLDC":[79.450005,79.19],"DEWP":[1.1600001,1.1500001],"FRSHTT":[100000,100000],"PRCP":[0.14,0.14],"SLP":[1013.2999,1013.2999],"SNDP":[0,0],"STP":[1011.41,1012],"TEMP":[3.48,3.4199996],"VISIB":[14.539999,14.67],"WDSP":[29.230001,29.6],"WNDDIR":[45.3,42.4],"time":[1549364860,1549364918]}