{"CLDC":[38.779995],"DEWP":[-0.8999999],"FRSHTT":[0],"PRCP":[0],"SLP":[1024.82],"SNDP":[0],"STP":[1003.75995],"TEMP":[0.84000003],"VISIB":[2.2799997],"WDSP":[8.960001],"WNDDIR":[322.4],"time":[1549364861]}