{"CLDC":[38.779995,38.750004],"DEWP":[-0.8999999,-1.02],"FRSHTT":[0,0],"PRCP":[0,0],"SLP":[1024.82,1024.6699],"SNDP":[0,0],"STP":[1003.75995,1004.14],"TEMP":[0.84000003,0.87000006],"VISIB":[2.2799997,2.64],"WDSP":[8.960001,8.32],"WNDDIR":[322.4,319.3],"time":[1549364861,1549364918]}