{"CLDC":[57.289997,57.46],"DEWP":[-2,-2],"FRSHTT":[0,0],"PRCP":[0,0],"SLP":[1007.1,1007.2001],"SNDP":[0,0],"STP":[1013.0399,1012.55],"TEMP":[0,0],"VISIB":[4.15,4.1400003],"WDSP":[20.53,20.56],"WNDDIR":[157,155.9],"time":[1549364861,1549364919]}