{"CLDC":[82.16,82.35],"DEWP":[-15.75,-15.75],"FRSHTT":[1110000,1110000],"PRCP":[0.059999995,0.059999995],"SLP":[1029.9001,1029.9401],"SNDP":[0.5,0.5],"STP":[1030.1399,1030.3501],"TEMP":[-12.280001,-12.209999],"VISIB":[21.929998,21.339998],"WDSP":[15.12,15.039999],"WNDDIR":[351.6,349.4],"time":[1549364859,1549364917]}