{"CLDC":[82.16],"DEWP":[-15.75],"FRSHTT":[1110000],"PRCP":[0.059999995],"SLP":[1029.9001],"SNDP":[0.5],"STP":[1030.1399],"TEMP":[-12.280001],"VISIB":[21.929998],"WDSP":[15.12],"WNDDIR":[351.6],"time":[1549364859]}