{"CLDC":[12.88,13.219999],"DEWP":[-15.780001,-16.140001],"FRSHTT":[1000000,1000000],"PRCP":[0,0],"SLP":[1025.4001,1025.55],"SNDP":[0,0],"STP":[1028.22,1028.2999],"TEMP":[-12.440001,-12.38],"VISIB":[9.95,10.1],"WDSP":[11.05,10.910001],"WNDDIR":[198.8,193.9],"time":[1549364859,1549364917]}