{"CLDC":[12.88],"DEWP":[-15.780001],"FRSHTT":[1000000],"PRCP":[0],"SLP":[1025.4001],"SNDP":[0],"STP":[1028.22],"TEMP":[-12.440001],"VISIB":[9.95],"WDSP":[11.05],"WNDDIR":[198.8],"time":[1549364859]}