{"CLDC":[87.509995],"DEWP":[-4.9200006],"FRSHTT":[1100000],"PRCP":[0.009999999],"SLP":[1026.5999],"SNDP":[0],"STP":[988.5],"TEMP":[-2.6],"VISIB":[32.68],"WDSP":[9.65],"WNDDIR":[126.1],"time":[1549364856]}