{"CLDC":[27.8],"DEWP":[-16.949999],"FRSHTT":[1000000],"PRCP":[0],"SLP":[1040.33],"SNDP":[0],"STP":[1034.15],"TEMP":[-8.78],"VISIB":[48.289997],"WDSP":[27.34],"WNDDIR":[337.6],"time":[1549364860]}