{"CLDC":[27.8,27.849997],"DEWP":[-16.949999,-16.949999],"FRSHTT":[1000000,1000000],"PRCP":[0,0],"SLP":[1040.33,1040.1699],"SNDP":[0,0],"STP":[1034.15,1036.15],"TEMP":[-8.78,-8.749999],"VISIB":[48.289997,48.060005],"WDSP":[27.34,26.939999],"WNDDIR":[337.6,340.8],"time":[1549364860,1549364918]}