{"CLDC":[91.579994],"DEWP":[-1.8400002],"FRSHTT":[110000],"PRCP":[0.13],"SLP":[1012.72003],"SNDP":[2.2999997],"STP":[1007.62],"TEMP":[0.40000004],"VISIB":[14.249998],"WDSP":[19.009998],"WNDDIR":[277],"time":[1549364861]}