{"CLDC":[50.27,50.170006],"DEWP":[3.9999995,4.0800004],"FRSHTT":[100000,100000],"PRCP":[0.28,0.28],"SLP":[998.7001,998.7301],"SNDP":[0,0],"STP":[1004.63,1004.48],"TEMP":[6.88,6.910001],"VISIB":[16.68,17.52],"WDSP":[17.31,17.33],"WNDDIR":[280.7,282.3],"time":[1549364855,1549364915]}