{"CLDC":[93.85001,93.69],"DEWP":[4.88,4.85],"FRSHTT":[0,0],"PRCP":[0,0],"SLP":[1011.93,1012.23],"SNDP":[0,0],"STP":[1003.35,1003.69006],"TEMP":[7.66,7.5],"VISIB":[10.679998,10.4],"WDSP":[18.03,16.19],"WNDDIR":[151.9,149],"time":[1549364855,1549364915]}