{"CLDC":[36.94,36.749996],"DEWP":[-5.5199995,-5.5899997],"FRSHTT":[1000000,1000000],"PRCP":[0,0],"SLP":[1034.5999,1034.7001],"SNDP":[0,0],"STP":[1057.89,1058.2999],"TEMP":[-0.58,-0.62],"VISIB":[28.8,29.23],"WDSP":[32.75,33.36],"WNDDIR":[97.1,99.2],"time":[1549364860,1549364918]}