{"CLDC":[91.97],"DEWP":[-16.470001],"FRSHTT":[1110000],"PRCP":[0.029999997],"SLP":[1034.5999],"SNDP":[2.8999999],"STP":[1026.9001],"TEMP":[-13.550001],"VISIB":[14.5],"WDSP":[5.12],"WNDDIR":[317.4],"time":[1549364858]}