{"CLDC":[91.97,92.13999],"DEWP":[-16.470001,-16.58],"FRSHTT":[1110000,1110000],"PRCP":[0.029999997,0.029999997],"SLP":[1034.5999,1034.5999],"SNDP":[2.8999999,2.8999999],"STP":[1026.9001,1026.9001],"TEMP":[-13.550001,-13.600001],"VISIB":[14.5,15.2],"WDSP":[5.12,5.5799994],"WNDDIR":[317.4,317.3],"time":[1549364858,1549364916]}