{"CLDC":[82.84,82.68001],"DEWP":[-1.7599999,-1.64],"FRSHTT":[0,0],"PRCP":[0,0],"SLP":[1004.36005,1004.2899],"SNDP":[0,0],"STP":[1000.7999,1000.7999],"TEMP":[1.3999999,1.3999999],"VISIB":[10.370001,10.08],"WDSP":[16.41,16.45],"WNDDIR":[167,167.9],"time":[1549364855,1549364915]}