{"CLDC":[50.190006],"DEWP":[-15.100001],"FRSHTT":[1010000],"PRCP":[0],"SLP":[1033.8401],"SNDP":[1.8999999],"STP":[1021.9801],"TEMP":[-10.819999],"VISIB":[48.269997],"WDSP":[5.8500004],"WNDDIR":[311.2],"time":[1549364857]}