{"CLDC":[50.190006,50.23],"DEWP":[-15.100001,-14.920001],"FRSHTT":[1010000,1010000],"PRCP":[0,0],"SLP":[1033.8401,1035.58],"SNDP":[1.8999999,1.8999999],"STP":[1021.9801,1022.02],"TEMP":[-10.819999,-10.879999],"VISIB":[48.269997,47.84],"WDSP":[5.8500004,5.82],"WNDDIR":[311.2,310.7],"time":[1549364857,1549364916]}