{"CLDC":[50.130005,50.18],"DEWP":[-1.0999999,-0.7999999],"FRSHTT":[110000,110000],"PRCP":[0.11999999,0.11999999],"SLP":[1015.36993,1015.5],"SNDP":[0.10000001,0.10000001],"STP":[1010.7001,1010.6501],"TEMP":[1.68,1.6400001],"VISIB":[12.410002,12.51],"WDSP":[15.290001,15.339999],"WNDDIR":[303.7,302.4],"time":[1549364856,1549364915]}