{"CLDC":[91.380005],"DEWP":[-1.26],"FRSHTT":[0],"PRCP":[0],"SLP":[1018.7001],"SNDP":[0],"STP":[1045.1001],"TEMP":[0.83000004],"VISIB":[9.85],"WDSP":[15.18],"WNDDIR":[56.6],"time":[1549364856]}