{"CLDC":[91.380005,91.009995],"DEWP":[-1.26,-1.18],"FRSHTT":[0,0],"PRCP":[0,0],"SLP":[1018.7001,1018.7001],"SNDP":[0,0],"STP":[1045.1001,1045.84],"TEMP":[0.83000004,0.89000005],"VISIB":[9.85,10.19],"WDSP":[15.18,14.969999],"WNDDIR":[56.6,52.9],"time":[1549364856,1549364915]}