{"CLDC":[81.62],"DEWP":[-29.679998],"FRSHTT":[1000000],"PRCP":[0],"SLP":[1046.05],"SNDP":[0],"STP":[1073.15],"TEMP":[-26.340002],"VISIB":[32.92],"WDSP":[9.139999],"WNDDIR":[212.3],"time":[1549364858]}