{"CLDC":[67.72],"DEWP":[-1.8],"FRSHTT":[110000],"PRCP":[0.059999995],"SLP":[1006.55],"SNDP":[0.20000002],"STP":[999.11],"TEMP":[1.3699999],"VISIB":[9.29],"WDSP":[17.880001],"WNDDIR":[349.2],"time":[1549364856]}