{"CLDC":[98.88001],"DEWP":[-0.7],"FRSHTT":[100000],"PRCP":[0.10000001],"SLP":[995.97003],"SNDP":[0],"STP":[996.81995],"TEMP":[2.4399998],"VISIB":[8.870001],"WDSP":[19.11],"WNDDIR":[307.9],"time":[1549364856]}