{"CLDC":[50.04],"DEWP":[-0.24000001],"FRSHTT":[100000],"PRCP":[0.050000004],"SLP":[1014.7899],"SNDP":[0],"STP":[1007.17004],"TEMP":[2.1],"VISIB":[13.290001],"WDSP":[15.649999],"WNDDIR":[53.7],"time":[1549364856]}