{"CLDC":[50.289997,50.409996],"DEWP":[1.2,1.26],"FRSHTT":[100000,100000],"PRCP":[0.10000001,0.10000001],"SLP":[1009,1009],"SNDP":[0,0],"STP":[989.6,989.6],"TEMP":[4.3,4.32],"VISIB":[24.66,24.98],"WDSP":[18.08,17.25],"WNDDIR":[198.8,196.9],"time":[1549364856,1549364915]}