{"CLDC":[50.289997],"DEWP":[1.2],"FRSHTT":[100000],"PRCP":[0.10000001],"SLP":[1009],"SNDP":[0],"STP":[989.6],"TEMP":[4.3],"VISIB":[24.66],"WDSP":[18.08],"WNDDIR":[198.8],"time":[1549364856]}