{"CLDC":[96.649994],"DEWP":[-3.9],"FRSHTT":[1100000],"PRCP":[0.07],"SLP":[1036.9001],"SNDP":[0],"STP":[1064.66],"TEMP":[-1.4499999],"VISIB":[29.290003],"WDSP":[1.7199999],"WNDDIR":[293.8],"time":[1549364860]}