{"CLDC":[96.649994,96.60999],"DEWP":[-3.9,-3.45],"FRSHTT":[1100000,1100000],"PRCP":[0.07,0.07],"SLP":[1036.9001,1036.9001],"SNDP":[0,0],"STP":[1064.66,1063.8],"TEMP":[-1.4499999,-1.4499999],"VISIB":[29.290003,29.190002],"WDSP":[1.7199999,1.6600001],"WNDDIR":[293.8,295.7],"time":[1549364860,1549364918]}