{"CLDC":[50.08,50.27],"DEWP":[-3.1499996,-3.15],"FRSHTT":[1100000,1100000],"PRCP":[0.07,0.07],"SLP":[1014.17004,1014.1],"SNDP":[0,0],"STP":[1007.7101,1007.19006],"TEMP":[-0.8500001,-0.84000003],"VISIB":[5.5600004,6.22],"WDSP":[18.41,17.710001],"WNDDIR":[49.5,45.2],"time":[1549364856,1549364916]}