{"CLDC":[50.219997],"DEWP":[-0.75],"FRSHTT":[110000],"PRCP":[0.059999995],"SLP":[1009.2999],"SNDP":[2],"STP":[1010.13007],"TEMP":[2.3799999],"VISIB":[13.01],"WDSP":[16.640001],"WNDDIR":[229.6],"time":[1549364856]}