{"CLDC":[45.43,45.600002],"DEWP":[0.85999995,0.8999999],"FRSHTT":[0,0],"PRCP":[0,0],"SLP":[996.2101,996.4],"SNDP":[0,0],"STP":[999.52,999.44006],"TEMP":[2.52,2.4499998],"VISIB":[8.58,9.039999],"WDSP":[19.99,19.98],"WNDDIR":[14.9,13.3],"time":[1549364856,1549364916]}