{"CLDC":[90.490005,90.42],"DEWP":[-0.6,-0.70000005],"FRSHTT":[0,0],"PRCP":[0,0],"SLP":[1000.09,999.30994],"SNDP":[0,0],"STP":[998.55,998.9699],"TEMP":[1.3600001,1.4],"VISIB":[7.7799997,7.4],"WDSP":[24.02,24.74],"WNDDIR":[55.5,53.4],"time":[1549364856,1549364916]}