{"CLDC":[50.140007,50.010002],"DEWP":[-10.04,-9.580001],"FRSHTT":[1110000,1110000],"PRCP":[0.009999999,0.009999999],"SLP":[1033.12,1033.0599],"SNDP":[0.29999998,0.29999998],"STP":[1028.57,1028.46],"TEMP":[-6.7799997,-6.12],"VISIB":[47.170006,46.6],"WDSP":[9.42,9.05],"WNDDIR":[21.4,24.9],"time":[1549364861,1549364919]}