{"CLDC":[50.140007],"DEWP":[-10.04],"FRSHTT":[1110000],"PRCP":[0.009999999],"SLP":[1033.12],"SNDP":[0.29999998],"STP":[1028.57],"TEMP":[-6.7799997],"VISIB":[47.170006],"WDSP":[9.42],"WNDDIR":[21.4],"time":[1549364861]}