{"CLDC":[50.110004,50.030003],"DEWP":[-0.76000005,-0.70000005],"FRSHTT":[100000,100000],"PRCP":[0.029999997,0.029999997],"SLP":[1011.52,1011.8],"SNDP":[0,0],"STP":[1007.68,1007.5],"TEMP":[1.42,1.34],"VISIB":[9.65,9.599999],"WDSP":[17.61,17.17],"WNDDIR":[305.5,303.9],"time":[1549364857,1549364916]}