{"CLDC":[50.060005,50.329998],"DEWP":[0.96000004,0.9599999],"FRSHTT":[100000,100000],"PRCP":[0.14999999,0.14999999],"SLP":[1008.77,1008.67004],"SNDP":[0,0],"STP":[999.09,999.30994],"TEMP":[3.5700002,3.5400002],"VISIB":[36.329998,35.920002],"WDSP":[25.53,25.009998],"WNDDIR":[177.7,179.7],"time":[1549364857,1549364916]}