{"CLDC":[93.2,93.18001],"DEWP":[-6.6099997,-6.2200003],"FRSHTT":[1010000,1010000],"PRCP":[0,0],"SLP":[1029.6299,1029.68],"SNDP":[1.3999999,1.3999999],"STP":[1003.0399,1003.6],"TEMP":[-2.3799999,-2.35],"VISIB":[39.03,39.169994],"WDSP":[6.31,6.5799994],"WNDDIR":[206.2,212.1],"time":[1549364855,1549364915]}