{"CLDC":[50.07],"DEWP":[-4.4400005],"FRSHTT":[1110000],"PRCP":[0.13],"SLP":[1023.00995],"SNDP":[2.8999999],"STP":[975.86],"TEMP":[-1.25],"VISIB":[6.96],"WDSP":[3.6799998],"WNDDIR":[310.6],"time":[1549364861]}