{"CLDC":[40.560005,40.279995],"DEWP":[-0.98,-0.98000014],"FRSHTT":[0,0],"PRCP":[0,0],"SLP":[1016.37,1016.39],"SNDP":[0,0],"STP":[1004.9,1004.9],"TEMP":[1.3000001,1.3000001],"VISIB":[7.54,8.059999],"WDSP":[17.11,17.35],"WNDDIR":[316.5,320.5],"time":[1549364857,1549364916]}