{"CLDC":[82.13999,81.979996],"DEWP":[-0.93999994,-0.85999995],"FRSHTT":[0,0],"PRCP":[0,0],"SLP":[994.25,993.7899],"SNDP":[0,0],"STP":[992,992],"TEMP":[2.7400002,2.8000002],"VISIB":[9.84,10.049999],"WDSP":[17.27,17.43],"WNDDIR":[341.8,340],"time":[1549364857,1549364916]}