{"CLDC":[94.14,94.23],"DEWP":[-0.34999996,-0.39999995],"FRSHTT":[0,0],"PRCP":[0,0],"SLP":[995.99005,995.9199],"SNDP":[0,0],"STP":[1000.2301,1000.20996],"TEMP":[2.2599998,2.26],"VISIB":[8.51,8.5199995],"WDSP":[19.77,19.35],"WNDDIR":[354.2,357.2],"time":[1549364857,1549364916]}