{"CLDC":[11.729999],"DEWP":[-0.14000002],"FRSHTT":[0],"PRCP":[0],"SLP":[1018.6],"SNDP":[0],"STP":[1018.5399],"TEMP":[2.64],"VISIB":[11.09],"WDSP":[21.17],"WNDDIR":[308.8],"time":[1549364857]}