{"CLDC":[47.799995],"DEWP":[-10.889998],"FRSHTT":[1000000],"PRCP":[0],"SLP":[666.7001],"SNDP":[0],"STP":[645],"TEMP":[-7.69],"VISIB":[48.54],"WDSP":[2.8099997],"WNDDIR":[172.1],"time":[1549364855]}