{"CLDC":[47.799995,47.92],"DEWP":[-10.889998,-11.080001],"FRSHTT":[1000000,1000000],"PRCP":[0,0],"SLP":[666.7001,666.7001],"SNDP":[0,0],"STP":[645,644.92],"TEMP":[-7.69,-7.4],"VISIB":[48.54,48.01],"WDSP":[2.8099997,3.01],"WNDDIR":[172.1,168.4],"time":[1549364855,1549364915]}