{"CLDC":[0.51,0.79],"DEWP":[-5.94,-5.7599998],"FRSHTT":[1000000,1000000],"PRCP":[0,0],"SLP":[1000.5,1000.5],"SNDP":[0,0],"STP":[997.82996,997.8],"TEMP":[-2.0700002,-2.05],"VISIB":[9.910001,9.740001],"WDSP":[26.990002,28.439999],"WNDDIR":[237.1,236.9],"time":[1549364858,1549364916]}