{"CLDC":[73.08,73.05],"DEWP":[-11.429998,-11.339999],"FRSHTT":[1000000,1000000],"PRCP":[0,0],"SLP":[1011.73,1011.64],"SNDP":[0,0],"STP":[1006.17004,1005.9801],"TEMP":[-8.749999,-8.849999],"VISIB":[7.3300004,7.340001],"WDSP":[9.47,9.39],"WNDDIR":[305.4,306.3],"time":[1549364858,1549364916]}