{"CLDC":[68.770004],"DEWP":[-0.1],"FRSHTT":[0],"PRCP":[0],"SLP":[1004.05],"SNDP":[0],"STP":[1002.55994],"TEMP":[4.3999996],"VISIB":[20.399998],"WDSP":[32.52],"WNDDIR":[47.4],"time":[1549364859]}