{"CLDC":[50.010002,50.080006],"DEWP":[-7.2300005,-7.2299995],"FRSHTT":[1110000,1110000],"PRCP":[0.16999999,0.16999999],"SLP":[1019.47003,1019.2999],"SNDP":[1.8999999,1.8999999],"STP":[1010,1010],"TEMP":[-3.3800004,-3.35],"VISIB":[13.850001,13.629999],"WDSP":[13.329999,13.7699995],"WNDDIR":[319.2,323.1],"time":[1549364857,1549364916]}