{"CLDC":[50.05],"DEWP":[4.65],"FRSHTT":[100000],"PRCP":[0.09000001],"SLP":[1018.2999],"SNDP":[0],"STP":[1006.13995],"TEMP":[5.15],"VISIB":[3.2399998],"WDSP":[36.2],"WNDDIR":[62.2],"time":[1549364859]}