{"CLDC":[58.639996],"DEWP":[-5.6700006],"FRSHTT":[1110000],"PRCP":[0.039999995],"SLP":[1020.2999],"SNDP":[1.7],"STP":[1009],"TEMP":[-3.3],"VISIB":[9.229999],"WDSP":[14.26],"WNDDIR":[254.4],"time":[1549364856]}