{"CLDC":[58.639996,58.809998],"DEWP":[-5.6700006,-6.12],"FRSHTT":[1110000,1110000],"PRCP":[0.039999995,0.039999995],"SLP":[1020.2999,1020.4],"SNDP":[1.7,1.7],"STP":[1009,1009.02997],"TEMP":[-3.3,-3.1599998],"VISIB":[9.229999,9.239999],"WDSP":[14.26,12.940001],"WNDDIR":[254.4,256.4],"time":[1549364856,1549364915]}