{"CLDC":[54.440002],"DEWP":[-6.7399993],"FRSHTT":[1110000],"PRCP":[0.16999999],"SLP":[1021],"SNDP":[1.5],"STP":[1013.7001],"TEMP":[-4.8999996],"VISIB":[12.03],"WDSP":[11.980001],"WNDDIR":[217],"time":[1549364856]}