{"CLDC":[66.53999,66.56],"DEWP":[1.56,1.34],"FRSHTT":[0,0],"PRCP":[0,0],"SLP":[1018,1018],"SNDP":[0,0],"STP":[1026.6901,1026.73],"TEMP":[3.9499996,3.95],"VISIB":[12.410001,12.12],"WDSP":[16.4,16.509998],"WNDDIR":[106.1,107.7],"time":[1549364859,1549364917]}