{"CLDC":[49.04,49.239998],"DEWP":[-3.58,-3.4999995],"FRSHTT":[1000000,1000000],"PRCP":[0,0],"SLP":[1021.4,1021.33997],"SNDP":[0,0],"STP":[1016.8,1015.59],"TEMP":[-2.1000001,-2.1],"VISIB":[6.6299996,6.559999],"WDSP":[14.360001,14],"WNDDIR":[352.7,354.2],"time":[1549364855,1549364915]}