{"CLDC":[49.04],"DEWP":[-3.58],"FRSHTT":[1000000],"PRCP":[0],"SLP":[1021.4],"SNDP":[0],"STP":[1016.8],"TEMP":[-2.1000001],"VISIB":[6.6299996],"WDSP":[14.360001],"WNDDIR":[352.7],"time":[1549364855]}