{"CLDC":[63.120003],"DEWP":[0.74],"FRSHTT":[0],"PRCP":[0],"SLP":[975.65],"SNDP":[0],"STP":[995.7399],"TEMP":[0.96999997],"VISIB":[1.9],"WDSP":[12.4800005],"WNDDIR":[226.8],"time":[1549364860]}