{"CLDC":[63.120003,63.25],"DEWP":[0.74,0.73],"FRSHTT":[0,0],"PRCP":[0,0],"SLP":[975.65,974.47003],"SNDP":[0,0],"STP":[995.7399,995.27997],"TEMP":[0.96999997,0.96000004],"VISIB":[1.9,2.04],"WDSP":[12.4800005,12.54],"WNDDIR":[226.8,223.1],"time":[1549364860,1549364918]}