{"CLDC":[50.06],"DEWP":[-3.2500005],"FRSHTT":[1100000],"PRCP":[0.28],"SLP":[998.86993],"SNDP":[0],"STP":[967.45996],"TEMP":[-0.93999994],"VISIB":[8.4],"WDSP":[18.009998],"WNDDIR":[116.4],"time":[1549364860]}