{"CLDC":[50.06,50.510002],"DEWP":[-3.2500005,-3.4000003],"FRSHTT":[1100000,1100000],"PRCP":[0.28,0.28],"SLP":[998.86993,998.35],"SNDP":[0,0],"STP":[967.45996,967.15],"TEMP":[-0.93999994,-0.95],"VISIB":[8.4,7.9199996],"WDSP":[18.009998,17.829998],"WNDDIR":[116.4,115.5],"time":[1549364860,1549364918]}