{"CLDC":[58.55,58.439995],"DEWP":[-1.97,-2.0600002],"FRSHTT":[100000,100000],"PRCP":[0.10000001,0.10000001],"SLP":[1011,1010.99005],"SNDP":[0,0],"STP":[1003.7999,1003.7699],"TEMP":[0.40000004,0.35999998],"VISIB":[12.67,12.840001],"WDSP":[20.95,20.93],"WNDDIR":[330.3,332.3],"time":[1549364860,1549364918]}