{"CLDC":[58.55],"DEWP":[-1.97],"FRSHTT":[100000],"PRCP":[0.10000001],"SLP":[1011],"SNDP":[0],"STP":[1003.7999],"TEMP":[0.40000004],"VISIB":[12.67],"WDSP":[20.95],"WNDDIR":[330.3],"time":[1549364860]}