{"CLDC":[50.030003,50.35],"DEWP":[0.76,0.84],"FRSHTT":[100000,100000],"PRCP":[0.09000001,0.09000001],"SLP":[1012.2001,1012.2001],"SNDP":[0,0],"STP":[1012.7399,1013],"TEMP":[4.54,4.54],"VISIB":[17.66,17.570002],"WDSP":[16.89,16.27],"WNDDIR":[114.9,117.1],"time":[1549364860,1549364918]}