{"CLDC":[92.54],"DEWP":[-3.58],"FRSHTT":[110000],"PRCP":[0.11],"SLP":[1018.80994],"SNDP":[0.29999998],"STP":[1021.2001],"TEMP":[0.35000002],"VISIB":[12.890001],"WDSP":[12.979999],"WNDDIR":[137.4],"time":[1549364857]}