{"CLDC":[50.030003],"DEWP":[0.76],"FRSHTT":[100000],"PRCP":[0.09000001],"SLP":[1012.2001],"SNDP":[0],"STP":[1012.7399],"TEMP":[4.54],"VISIB":[17.66],"WDSP":[16.89],"WNDDIR":[114.9],"time":[1549364860]}