{"CLDC":[8.33,8.3],"DEWP":[-5.75,-5.75],"FRSHTT":[1000000,1000000],"PRCP":[0,0],"SLP":[1025.07,1025.0701],"SNDP":[0,0],"STP":[999.43,996.74005],"TEMP":[-3.48,-3.4199996],"VISIB":[4,4.36],"WDSP":[5.0899997,5.1099997],"WNDDIR":[274.9,271],"time":[1549364860,1549364918]}