{"CLDC":[81.94,82.5],"DEWP":[-6.0200005,-5.8399997],"FRSHTT":[1110000,1110000],"PRCP":[0.050000004,0.050000004],"SLP":[1020.9,1020.7001],"SNDP":[3.1000001,3.1000001],"STP":[973.02,973.1001],"TEMP":[-1.9200001,-1.72],"VISIB":[14.460001,13.7],"WDSP":[5.7999997,5.6499996],"WNDDIR":[321,321.9],"time":[1549364859,1549364918]}