{"CLDC":[73.1,73.17],"DEWP":[-4.22,-4.1499996],"FRSHTT":[1110000,1110000],"PRCP":[0.029999997,0.029999997],"SLP":[1021.66003,1021.6],"SNDP":[1.3000001,1.3000001],"STP":[1015.5399,1015.54004],"TEMP":[-1.8199999,-2.02],"VISIB":[6.6299996,7.049999],"WDSP":[10.470001,11.000001],"WNDDIR":[84.4,82.8],"time":[1549364860,1549364918]}