{"CLDC":[73.1],"DEWP":[-4.22],"FRSHTT":[1110000],"PRCP":[0.029999997],"SLP":[1021.66003],"SNDP":[1.3000001],"STP":[1015.5399],"TEMP":[-1.8199999],"VISIB":[6.6299996],"WDSP":[10.470001],"WNDDIR":[84.4],"time":[1549364860]}