{"CLDC":[97.740005,97.90001],"DEWP":[-3.02,-3.1800003],"FRSHTT":[110000,110000],"PRCP":[0.14999999,0.14999999],"SLP":[1018.5,1018.58997],"SNDP":[0.10000001,0.10000001],"STP":[1018.02997,1017.86005],"TEMP":[0.8000001,0.8000001],"VISIB":[10.340001,9.850001],"WDSP":[11.24,11.700001],"WNDDIR":[123.4,124.6],"time":[1549364859,1549364917]}