{"CLDC":[97.740005],"DEWP":[-3.02],"FRSHTT":[110000],"PRCP":[0.14999999],"SLP":[1018.5],"SNDP":[0.10000001],"STP":[1018.02997],"TEMP":[0.8000001],"VISIB":[10.340001],"WDSP":[11.24],"WNDDIR":[123.4],"time":[1549364859]}