{"CLDC":[53.629997,53.200005],"DEWP":[-5.120001,-5.05],"FRSHTT":[110000,110000],"PRCP":[0.25,0.26],"SLP":[1022.6,1022.6],"SNDP":[1.3000001,1.3000001],"STP":[1024.0999,1024.0999],"TEMP":[0.10000001,0.10000001],"VISIB":[17.509998,17.429998],"WDSP":[29.2,29.590002],"WNDDIR":[52,52.5],"time":[1549364859,1549364917]}