{"CLDC":[53.629997],"DEWP":[-5.120001],"FRSHTT":[110000],"PRCP":[0.25],"SLP":[1022.6],"SNDP":[1.3000001],"STP":[1024.0999],"TEMP":[0.10000001],"VISIB":[17.509998],"WDSP":[29.2],"WNDDIR":[52],"time":[1549364859]}