{"CLDC":[50.08,50.26],"DEWP":[-0.5,-0.6500001],"FRSHTT":[100000,100000],"PRCP":[0.07,0.07],"SLP":[1012.7001,1012.7999],"SNDP":[0,0],"STP":[1006.91,1006.99005],"TEMP":[1.64,1.6600001],"VISIB":[12.42,12.39],"WDSP":[19,18.329998],"WNDDIR":[95.6,96.5],"time":[1549364861,1549364918]}