{"CLDC":[50.090004],"DEWP":[0.70000005],"FRSHTT":[100000],"PRCP":[0.11],"SLP":[1014.2001],"SNDP":[0],"STP":[999.7001],"TEMP":[2.68],"VISIB":[18.11],"WDSP":[15.809999],"WNDDIR":[140.3],"time":[1549364861]}