{"CLDC":[50.140003,50.030003],"DEWP":[0.10000001,0.16],"FRSHTT":[100000,100000],"PRCP":[0.14999999,0.14999999],"SLP":[1010.2999,1010.2899],"SNDP":[0,0],"STP":[1009.04004,1008.72003],"TEMP":[2.36,2.3799999],"VISIB":[10.699999,10.709999],"WDSP":[17.77,17.81],"WNDDIR":[358.8,357.4],"time":[1549364861,1549364919]}