{"CLDC":[67.22],"DEWP":[-7.8599997],"FRSHTT":[1000000],"PRCP":[0],"SLP":[1021.95996],"SNDP":[0],"STP":[965.2001],"TEMP":[-1.9200001],"VISIB":[7.0099998],"WDSP":[4.54],"WNDDIR":[269.8],"time":[1549364857]}