{"CLDC":[67.22,66.990005],"DEWP":[-7.8599997,-7.8599997],"FRSHTT":[1000000,1000000],"PRCP":[0,0],"SLP":[1021.95996,1021.9],"SNDP":[0,0],"STP":[965.2001,965.2001],"TEMP":[-1.9200001,-1.9200001],"VISIB":[7.0099998,7.9000006],"WDSP":[4.54,4.2999997],"WNDDIR":[269.8,271.5],"time":[1549364857,1549364916]}