{"CLDC":[86.35],"DEWP":[-6.46],"FRSHTT":[1110000],"PRCP":[0.019999998],"SLP":[1001.41],"SNDP":[0.20000002],"STP":[981.38007],"TEMP":[-1.4399998],"VISIB":[18.49],"WDSP":[6.94],"WNDDIR":[78.8],"time":[1549364855]}