{"CLDC":[64.4,64.21999],"DEWP":[-2.06,-1.9200001],"FRSHTT":[100000,100000],"PRCP":[0.07,0.07],"SLP":[1017.6,1017.6],"SNDP":[0,0],"STP":[1013.88007,1014.09],"TEMP":[0.67999995,0.65999997],"VISIB":[11.840001,11.97],"WDSP":[20.25,19.84],"WNDDIR":[44.9,47.8],"time":[1549364861,1549364919]}