{"CLDC":[63.329994,63.129997],"DEWP":[0.94000006,0.9],"FRSHTT":[0,0],"PRCP":[0,0],"SLP":[1001.43994,1000.2899],"SNDP":[0,0],"STP":[993.58997,993.5399],"TEMP":[4.63,4.5800004],"VISIB":[10.33,10.95],"WDSP":[18.789999,19.67],"WNDDIR":[79.7,83],"time":[1549364855,1549364915]}