{"CLDC":[79.24],"DEWP":[-0.44],"FRSHTT":[0],"PRCP":[0],"SLP":[1010.67004],"SNDP":[0],"STP":[1002.7999],"TEMP":[3.6799998],"VISIB":[10.200001],"WDSP":[16.039999],"WNDDIR":[272.7],"time":[1549364855]}