{"CLDC":[79.24,79.62],"DEWP":[-0.44,-0.40000004],"FRSHTT":[0,0],"PRCP":[0,0],"SLP":[1010.67004,1011.42004],"SNDP":[0,0],"STP":[1002.7999,1002.57996],"TEMP":[3.6799998,3.7399998],"VISIB":[10.200001,10.2],"WDSP":[16.039999,16.009998],"WNDDIR":[272.7,272.1],"time":[1549364855,1549364915]}