{"CLDC":[88.40001,88.189995],"DEWP":[-1.5,-1.4999998],"FRSHTT":[100000,100000],"PRCP":[0.5500001,0.5500001],"SLP":[1009.2601,1010.45],"SNDP":[0,0],"STP":[1001.55,1002.32996],"TEMP":[0,0],"VISIB":[18.78,18.109999],"WDSP":[18.55,18.77],"WNDDIR":[43.9,45.4],"time":[1549364855,1549364915]}