{"CLDC":[88.40001],"DEWP":[-1.5],"FRSHTT":[100000],"PRCP":[0.5500001],"SLP":[1009.2601],"SNDP":[0],"STP":[1001.55],"TEMP":[0],"VISIB":[18.78],"WDSP":[18.55],"WNDDIR":[43.9],"time":[1549364855]}