{"CLDC":[82.450005,82.46001],"DEWP":[-6.59,-7.13],"FRSHTT":[1110000,1110000],"PRCP":[0.059999995,0.062],"SLP":[983.07996,982.9299],"SNDP":[7.9000006,7.9000006],"STP":[983.00995,983.43],"TEMP":[-4.14,-3.9599998],"VISIB":[19.7,19.95],"WDSP":[13.420001,13.890001],"WNDDIR":[295,294.6],"time":[1549364859,1549364917]}