{"CLDC":[82.450005],"DEWP":[-6.59],"FRSHTT":[1110000],"PRCP":[0.059999995],"SLP":[983.07996],"SNDP":[7.9000006],"STP":[983.00995],"TEMP":[-4.14],"VISIB":[19.7],"WDSP":[13.420001],"WNDDIR":[295],"time":[1549364859]}