{"CLDC":[50.180004],"DEWP":[-1.2599999],"FRSHTT":[100000],"PRCP":[0.050000004],"SLP":[1017.1],"SNDP":[0],"STP":[1015.65],"TEMP":[1.7000002],"VISIB":[10.250001],"WDSP":[16.3],"WNDDIR":[38.2],"time":[1549364855]}