{"CLDC":[50.180004,50],"DEWP":[-1.2599999,-1.08],"FRSHTT":[100000,100000],"PRCP":[0.050000004,0.050000004],"SLP":[1017.1,1017.1],"SNDP":[0,0],"STP":[1015.65,1015.32996],"TEMP":[1.7000002,1.6800001],"VISIB":[10.250001,10.410001],"WDSP":[16.3,15.95],"WNDDIR":[38.2,36.2],"time":[1549364855,1549364915]}