{"CLDC":[69.33],"DEWP":[-4.2599998],"FRSHTT":[1000000],"PRCP":[0],"SLP":[1002.79004],"SNDP":[0],"STP":[994.4],"TEMP":[-0.53999996],"VISIB":[10.679998],"WDSP":[14.549998],"WNDDIR":[4.9],"time":[1549364859]}