{"CLDC":[39.989998,39.790005],"DEWP":[-5.14,-5.06],"FRSHTT":[1000000,1000000],"PRCP":[0,0],"SLP":[1008.0801,1008.8],"SNDP":[0,0],"STP":[1003.43,1002.47003],"TEMP":[-1.9399999,-1.93],"VISIB":[9.500001,9.410001],"WDSP":[10.98,11.21],"WNDDIR":[10.5,10.7],"time":[1549364859,1549364917]}