{"CLDC":[39.989998],"DEWP":[-5.14],"FRSHTT":[1000000],"PRCP":[0],"SLP":[1008.0801],"SNDP":[0],"STP":[1003.43],"TEMP":[-1.9399999],"VISIB":[9.500001],"WDSP":[10.98],"WNDDIR":[10.5],"time":[1549364859]}