{"CLDC":[69.33,69.56999],"DEWP":[-4.2599998,-4.62],"FRSHTT":[1000000,1000000],"PRCP":[0,0],"SLP":[1002.79004,1002.47003],"SNDP":[0,0],"STP":[994.4,994.4],"TEMP":[-0.53999996,-0.58],"VISIB":[10.679998,11.210001],"WDSP":[14.549998,15.57],"WNDDIR":[4.9,2],"time":[1549364859,1549364917]}