{"CLDC":[47.670006,47.859997],"DEWP":[-3.1,-3.25],"FRSHTT":[0,0],"PRCP":[0,0],"SLP":[1007.45996,1007.38995],"SNDP":[0,0],"STP":[1000.5499,1002.1499],"TEMP":[0.8000001,0.8000001],"VISIB":[9.25,9.5],"WDSP":[15.840001,15.99],"WNDDIR":[286.9,286.9],"time":[1549364855,1549364915]}