{"CLDC":[23.039999],"DEWP":[-9.62],"FRSHTT":[1000000],"PRCP":[0],"SLP":[1010.2999],"SNDP":[0],"STP":[983.14],"TEMP":[-4.52],"VISIB":[6.0599995],"WDSP":[3.85],"WNDDIR":[312.4],"time":[1549364857]}