{"CLDC":[87.139984],"DEWP":[-4.4999995],"FRSHTT":[1000000],"PRCP":[0],"SLP":[1005.72003],"SNDP":[0],"STP":[997.69006],"TEMP":[-0.66999996],"VISIB":[6.8],"WDSP":[4.95],"WNDDIR":[271.3],"time":[1549364858]}