{"CLDC":[87.139984,86.86],"DEWP":[-4.4999995,-4.2],"FRSHTT":[1000000,1000000],"PRCP":[0,0],"SLP":[1005.72003,1004.75995],"SNDP":[0,0],"STP":[997.69006,997.23],"TEMP":[-0.66999996,-0.64],"VISIB":[6.8,6.2700005],"WDSP":[4.95,5.5299993],"WNDDIR":[271.3,268.1],"time":[1549364858,1549364917]}