{"CLDC":[62.480003,62.53],"DEWP":[-11.780001,-11.61],"FRSHTT":[1000000,1000000],"PRCP":[0,0],"SLP":[995.5199,990.2499],"SNDP":[0,0],"STP":[998,998],"TEMP":[-11.070002,-10.749999],"VISIB":[9.129999,8.99],"WDSP":[25.790003,25.51],"WNDDIR":[257.9,257.2],"time":[1549364858,1549364917]}