{"CLDC":[5.1099997],"DEWP":[0.28],"FRSHTT":[0],"PRCP":[0],"SLP":[992.18994],"SNDP":[0],"STP":[998.38],"TEMP":[3.3799996],"VISIB":[21.310001],"WDSP":[25.329998],"WNDDIR":[25.8],"time":[1549364856]}