{"CLDC":[78.12,78.25],"DEWP":[1.34,1.5199999],"FRSHTT":[100000,100000],"PRCP":[0.14,0.14],"SLP":[1014.2999,1014.25],"SNDP":[0,0],"STP":[1014.92004,1010.9699],"TEMP":[2.4599998,2.45],"VISIB":[16.57,16.73],"WDSP":[21.02,19.29],"WNDDIR":[330.9,331.7],"time":[1549364856,1549364915]}