{"CLDC":[47.419994],"DEWP":[1.2499999],"FRSHTT":[0],"PRCP":[0],"SLP":[1018.04004],"SNDP":[0],"STP":[1015.04004],"TEMP":[3.3399997],"VISIB":[13.25],"WDSP":[26.579998],"WNDDIR":[105.8],"time":[1549364856]}