{"CLDC":[76.56999,76.55],"DEWP":[-0.5500001,-0.70000005],"FRSHTT":[100000,100000],"PRCP":[0.039999995,0.039999995],"SLP":[1012.9,1012.9],"SNDP":[0,0],"STP":[1013.2001,1013.15],"TEMP":[1.6600001,1.6400001],"VISIB":[12.360001,12.209999],"WDSP":[20.73,20.210001],"WNDDIR":[309.2,307.6],"time":[1549364856,1549364915]}