{"CLDC":[73.63],"DEWP":[-6.25],"FRSHTT":[1110000],"PRCP":[0.009999999],"SLP":[1021.93],"SNDP":[0.29999998],"STP":[1020.44006],"TEMP":[-1.86],"VISIB":[12.360001],"WDSP":[24.539999],"WNDDIR":[283.2],"time":[1549364855]}