{"CLDC":[57.9],"DEWP":[-6.799999],"FRSHTT":[1100000],"PRCP":[0.050000004],"SLP":[1015.7899],"SNDP":[0],"STP":[1001.38],"TEMP":[-4.69],"VISIB":[25.43],"WDSP":[19.2],"WNDDIR":[129],"time":[1549364855]}