{"CLDC":[26.110004],"DEWP":[6.1799994],"FRSHTT":[0],"PRCP":[0],"SLP":[1020.6],"SNDP":[0],"STP":[1053.88],"TEMP":[6.5500007],"VISIB":[14.83],"WDSP":[44.65],"WNDDIR":[296.8],"time":[1549364858]}