{"CLDC":[58.870003,59.120003],"DEWP":[2.6999998,2.6799998],"FRSHTT":[100000,100000],"PRCP":[0.059999995,0.059999995],"SLP":[1015.4,1015.4],"SNDP":[0,0],"STP":[1025,1024.99],"TEMP":[5.9799995,5.8599997],"VISIB":[16.26,16.109997],"WDSP":[23.11,24.060001],"WNDDIR":[275.9,276.6],"time":[1549364858,1549364917]}