{"CLDC":[50.090004],"DEWP":[3.8899999],"FRSHTT":[100000],"PRCP":[0.10000001],"SLP":[1011.9],"SNDP":[0],"STP":[1021],"TEMP":[6.0600004],"VISIB":[12.860001],"WDSP":[34.85],"WNDDIR":[181.9],"time":[1549364858]}