{"CLDC":[28.670002,29.030003],"DEWP":[-28.190002,-27.920002],"FRSHTT":[1000000,1000000],"PRCP":[0,0],"SLP":[1047.09,1047.2699],"SNDP":[0,0],"STP":[1039.7001,1039.7001],"TEMP":[-25.339998,-25.119999],"VISIB":[10.58,10.690001],"WDSP":[5.5500007,5.3700004],"WNDDIR":[33.9,34.6],"time":[1549364860,1549364918]}