{"CLDC":[28.670002],"DEWP":[-28.190002],"FRSHTT":[1000000],"PRCP":[0],"SLP":[1047.09],"SNDP":[0],"STP":[1039.7001],"TEMP":[-25.339998],"VISIB":[10.58],"WDSP":[5.5500007],"WNDDIR":[33.9],"time":[1549364860]}