{"CLDC":[54.04,54.060005],"DEWP":[-14.7,-14.289999],"FRSHTT":[1110000,1110000],"PRCP":[0.009999999,0.009999999],"SLP":[1022.85,1022.93005],"SNDP":[1,1],"STP":[1020.09,1020.25995],"TEMP":[-11.539999,-10.780001],"VISIB":[20.04,20.060001],"WDSP":[10.72,10.62],"WNDDIR":[144.1,143.8],"time":[1549364860,1549364918]}