{"CLDC":[50.07],"DEWP":[2.48],"FRSHTT":[100000],"PRCP":[0.11],"SLP":[1011.9],"SNDP":[0],"STP":[1017.07996],"TEMP":[4.5999994],"VISIB":[15.37],"WDSP":[38.68],"WNDDIR":[114.1],"time":[1549364858]}