{"CLDC":[67.770004,67.55],"DEWP":[-10.76,-10.699999],"FRSHTT":[1100000,1100000],"PRCP":[0.009999999,0.009999999],"SLP":[1027.4001,1027.5],"SNDP":[0,0],"STP":[1025.73,1024.89],"TEMP":[-7.450001,-7.03],"VISIB":[22.650002,22.78],"WDSP":[14.599998,14.3600025],"WNDDIR":[111.2,115.5],"time":[1549364859,1549364918]}