{"CLDC":[50.05,50.26],"DEWP":[0.85,0.85],"FRSHTT":[100000,100000],"PRCP":[0.16999999,0.16999999],"SLP":[1016,1016],"SNDP":[0,0],"STP":[1015.30994,1015.42004],"TEMP":[3.3799999,3.3499997],"VISIB":[17.98,17.51],"WDSP":[24.53,24.97],"WNDDIR":[288,290],"time":[1549364858,1549364917]}