{"CLDC":[50.11,50.180004],"DEWP":[2.02,2.0000002],"FRSHTT":[100000,100000],"PRCP":[0.13,0.13],"SLP":[1015.1,1015.1],"SNDP":[0,0],"STP":[1012.93,1013.6],"TEMP":[4.11,4.080001],"VISIB":[10.9800005,10.639999],"WDSP":[23.41,23.289999],"WNDDIR":[262,262.5],"time":[1549364858,1549364917]}