{"CLDC":[65.77],"DEWP":[-8.15],"FRSHTT":[1010000],"PRCP":[0],"SLP":[1028.2001],"SNDP":[0.59999996],"STP":[1025.5],"TEMP":[-4.6799994],"VISIB":[37.760002],"WDSP":[9.679999],"WNDDIR":[90.2],"time":[1549364859]}