{"CLDC":[20.100002,20.23],"DEWP":[3.8899999,3.9499996],"FRSHTT":[0,0],"PRCP":[0,0],"SLP":[1020.94006,1020.87],"SNDP":[0,0],"STP":[1027.49,1027.5],"TEMP":[5.9199996,5.9199996],"VISIB":[13.559999,13.280001],"WDSP":[27.5,26.64],"WNDDIR":[114.4,114.5],"time":[1549364859,1549364917]}