{"CLDC":[84.89001,84.82],"DEWP":[-8.299999,-8.059999],"FRSHTT":[1110000,1110000],"PRCP":[0.009999999,0.009999999],"SLP":[1020.2999,1020.4],"SNDP":[0.20000002,0.20000002],"STP":[1017.68005,1017.9],"TEMP":[-3.8,-3.86],"VISIB":[11.49,11.67],"WDSP":[19.67,18.019999],"WNDDIR":[249.9,248.5],"time":[1549364856,1549364915]}