{"CLDC":[84.89001],"DEWP":[-8.299999],"FRSHTT":[1110000],"PRCP":[0.009999999],"SLP":[1020.2999],"SNDP":[0.20000002],"STP":[1017.68005],"TEMP":[-3.8],"VISIB":[11.49],"WDSP":[19.67],"WNDDIR":[249.9],"time":[1549364856]}