{"CLDC":[38.829994,38.87],"DEWP":[-7.16,-7.0199995],"FRSHTT":[1000000,1000000],"PRCP":[0,0],"SLP":[981.8,982.7101],"SNDP":[0,0],"STP":[1013.75,1014.32996],"TEMP":[-3.7599998,-3.7499995],"VISIB":[7.8,7.35],"WDSP":[6.06,5.69],"WNDDIR":[343.7,346.7],"time":[1549364855,1549364915]}