{"CLDC":[61.15,60.930004],"DEWP":[-10.660001,-10.540001],"FRSHTT":[1000000,1000000],"PRCP":[0,0],"SLP":[1014.55,1013.63995],"SNDP":[0,0],"STP":[1013.99005,1014.55],"TEMP":[-9.66,-9.559999],"VISIB":[6.56,7.5199995],"WDSP":[5.7000003,5.9200006],"WNDDIR":[129.3,129.5],"time":[1549364855,1549364915]}