{"CLDC":[89.659996],"DEWP":[-11.5199995],"FRSHTT":[1110000],"PRCP":[0.039999995],"SLP":[1021.85],"SNDP":[0.59999996],"STP":[1012.7001],"TEMP":[-6.81],"VISIB":[17.37],"WDSP":[13.240001],"WNDDIR":[46.7],"time":[1549364855]}