{"CLDC":[61.51],"DEWP":[-3.08],"FRSHTT":[1000000],"PRCP":[0],"SLP":[1015.31995],"SNDP":[0],"STP":[998.6999],"TEMP":[-2.4499998],"VISIB":[5.59],"WDSP":[9.119999],"WNDDIR":[329.4],"time":[1549364855]}