{"CLDC":[14.059999],"DEWP":[-7.999999],"FRSHTT":[1000000],"PRCP":[0],"SLP":[1032.96],"SNDP":[0],"STP":[1016.5],"TEMP":[-6.1099997],"VISIB":[5.5999994],"WDSP":[20.01],"WNDDIR":[198.3],"time":[1549364855]}