{"CLDC":[61.51,61.78],"DEWP":[-3.08,-3.22],"FRSHTT":[1000000,1000000],"PRCP":[0,0],"SLP":[1015.31995,1014.36],"SNDP":[0,0],"STP":[998.6999,997.7801],"TEMP":[-2.4499998,-2.31],"VISIB":[5.59,4.55],"WDSP":[9.119999,8.63],"WNDDIR":[329.4,333.8],"time":[1549364855,1549364915]}