{"CLDC":[79.5,79.25001],"DEWP":[2.6999998,2.7],"FRSHTT":[0,0],"PRCP":[0,0],"SLP":[1015.6499,1014.64],"SNDP":[0,0],"STP":[1000.50995,1000.50995],"TEMP":[5.4,5.2],"VISIB":[21.489998,21.34],"WDSP":[26.24,25.39],"WNDDIR":[131.8,131.6],"time":[1549364859,1549364917]}