{"CLDC":[79.5],"DEWP":[2.6999998],"FRSHTT":[0],"PRCP":[0],"SLP":[1015.6499],"SNDP":[0],"STP":[1000.50995],"TEMP":[5.4],"VISIB":[21.489998],"WDSP":[26.24],"WNDDIR":[131.8],"time":[1549364859]}