{"CLDC":[52.799995,52.809998],"DEWP":[-11.120001,-10.4800005],"FRSHTT":[1010000,1010000],"PRCP":[0,0],"SLP":[1022.6,1022.56995],"SNDP":[0.20000002,0.20000002],"STP":[1006.27997,1006.38],"TEMP":[-7.0699997,-7.15],"VISIB":[13.9800005,13.890001],"WDSP":[13.75,13.729999],"WNDDIR":[290.7,296],"time":[1549364861,1549364919]}