{"CLDC":[50.010002,50.010002],"DEWP":[0.8999999,0.85999995],"FRSHTT":[100000,100000],"PRCP":[0.10000001,0.10000001],"SLP":[1014.1,1014.1],"SNDP":[0,0],"STP":[1014.7699,1014.9],"TEMP":[3.16,3.12],"VISIB":[12.25,13.089999],"WDSP":[23.92,25.09],"WNDDIR":[354.6,353.3],"time":[1549364859,1549364917]}