{"CLDC":[80.75,80.90001],"DEWP":[-7.15,-7.2700005],"FRSHTT":[1010000,1010000],"PRCP":[0,0],"SLP":[1024.6799,1024.7001],"SNDP":[5.7000003,5.7999997],"STP":[925.43005,925.4],"TEMP":[-1.4500002,-1.25],"VISIB":[16.6,16.2],"WDSP":[5.0999994,4.9300003],"WNDDIR":[276.9,283.5],"time":[1549364860,1549364918]}