{"CLDC":[50.04,50.21],"DEWP":[-8.120001,-8.169999],"FRSHTT":[1110000,1110000],"PRCP":[0.23999998,0.23999998],"SLP":[1024.5,1024.55],"SNDP":[0.20000002,0.20000002],"STP":[1034.5999,1034.5],"TEMP":[-4.73,-4.5699997],"VISIB":[20.400002,20.88],"WDSP":[9.9,9.77],"WNDDIR":[233.5,233.7],"time":[1549364860,1549364918]}