{"CLDC":[63.680004,63.789997],"DEWP":[-4.9899993,-5.04],"FRSHTT":[1010000,1010000],"PRCP":[0,0],"SLP":[1020.82996,1019.82996],"SNDP":[3.2999997,3.2999997],"STP":[942.13007,942.38995],"TEMP":[-4.12,-3.5199997],"VISIB":[4.49,4.78],"WDSP":[7.3200006,7.2600007],"WNDDIR":[157.8,162.4],"time":[1549364857,1549364916]}