{"CLDC":[63.680004],"DEWP":[-4.9899993],"FRSHTT":[1010000],"PRCP":[0],"SLP":[1020.82996],"SNDP":[3.2999997],"STP":[942.13007],"TEMP":[-4.12],"VISIB":[4.49],"WDSP":[7.3200006],"WNDDIR":[157.8],"time":[1549364857]}