{"CLDC":[79.5],"DEWP":[-8.199999],"FRSHTT":[1100000],"PRCP":[0.019999998],"SLP":[1024.9001],"SNDP":[0],"STP":[1021.35],"TEMP":[-4.75],"VISIB":[32.189995],"WDSP":[10.67],"WNDDIR":[36],"time":[1549364857]}