{"CLDC":[79.5,79.97],"DEWP":[-8.199999,-7.999999],"FRSHTT":[1100000,1100000],"PRCP":[0.019999998,0.019999998],"SLP":[1024.9001,1024.9001],"SNDP":[0,0],"STP":[1021.35,1020.94006],"TEMP":[-4.75,-4.8],"VISIB":[32.189995,32.530003],"WDSP":[10.67,9.750001],"WNDDIR":[36,33.3],"time":[1549364857,1549364916]}