{"CLDC":[79.52],"DEWP":[-9.5199995],"FRSHTT":[1110000],"PRCP":[0.009999999],"SLP":[1021.4],"SNDP":[0.59999996],"STP":[1010.42004],"TEMP":[-6.46],"VISIB":[14.75],"WDSP":[13.93],"WNDDIR":[207],"time":[1549364856]}