{"CLDC":[79.52,79.67999],"DEWP":[-9.5199995,-9.679999],"FRSHTT":[1110000,1110000],"PRCP":[0.009999999,0.009999999],"SLP":[1021.4,1021.2999],"SNDP":[0.59999996,0.59999996],"STP":[1010.42004,1010.38],"TEMP":[-6.46,-6.29],"VISIB":[14.75,15.660001],"WDSP":[13.93,13.789999],"WNDDIR":[207,209.9],"time":[1549364856,1549364916]}