{"CLDC":[87.27,87.34],"DEWP":[2.3500001,2.4500003],"FRSHTT":[0,0],"PRCP":[0,0],"SLP":[977.95,977.9],"SNDP":[0,0],"STP":[995.4,995.5],"TEMP":[3.2199998,3.2199998],"VISIB":[8.780001,8.75],"WDSP":[15.750002,16.49],"WNDDIR":[73,77.4],"time":[1549364859,1549364917]}