{"CLDC":[50.080006],"DEWP":[1.7],"FRSHTT":[100000],"PRCP":[0.13],"SLP":[1014.2899],"SNDP":[0],"STP":[1013.19006],"TEMP":[4.2599993],"VISIB":[11.709999],"WDSP":[22.71],"WNDDIR":[8.6],"time":[1549364859]}