{"CLDC":[51.010002,50.690002],"DEWP":[0.50000006,0.65000004],"FRSHTT":[0,0],"PRCP":[0,0],"SLP":[971.2001,971.18005],"SNDP":[0,0],"STP":[987.5,986.77],"TEMP":[2.7,2.7399998],"VISIB":[9.809999,10.129999],"WDSP":[46.12,45.989998],"WNDDIR":[39.6,40.3],"time":[1549364859,1549364917]}