{"CLDC":[12.24,11.950001],"DEWP":[-8,-8.199999],"FRSHTT":[1000000,1000000],"PRCP":[0,0],"SLP":[1015.38,1012.91],"SNDP":[0,0],"STP":[997.93994,993.9499],"TEMP":[-6,-6],"VISIB":[4.8500004,4.9500003],"WDSP":[12.9,13.860001],"WNDDIR":[258.8,262.1],"time":[1549364859,1549364917]}