{"CLDC":[50.329998,50.809998],"DEWP":[-5.1,-4.81],"FRSHTT":[1010000,1010000],"PRCP":[0,0],"SLP":[1024.7001,1024.7001],"SNDP":[2.3999999,2.3999999],"STP":[950.95,950.7999],"TEMP":[-1.5200001,-1.28],"VISIB":[10.9,10.770001],"WDSP":[8.78,8.74],"WNDDIR":[234.3,239.1],"time":[1549364859,1549364917]}