{"CLDC":[12.24],"DEWP":[-8],"FRSHTT":[1000000],"PRCP":[0],"SLP":[1015.38],"SNDP":[0],"STP":[997.93994],"TEMP":[-6],"VISIB":[4.8500004],"WDSP":[12.9],"WNDDIR":[258.8],"time":[1549364859]}