{"CLDC":[76.36,76.259995],"DEWP":[-6.5399995,-6.2899995],"FRSHTT":[1010000,1010000],"PRCP":[0,0],"SLP":[1039.51,1039.5],"SNDP":[1.3999999,1.3999999],"STP":[950,950],"TEMP":[-4.9999995,-5.0000005],"VISIB":[7.59,7.4300003],"WDSP":[1.4699999,1.3999999],"WNDDIR":[282.6,281.4],"time":[1549364858,1549364917]}