{"CLDC":[45.869995],"DEWP":[1.8399999],"FRSHTT":[0],"PRCP":[0],"SLP":[1003.00995],"SNDP":[0],"STP":[997.09],"TEMP":[2.4599998],"VISIB":[3.67],"WDSP":[43.82],"WNDDIR":[214.2],"time":[1549364859]}