{"CLDC":[45.869995,45.889996],"DEWP":[1.8399999,1.8],"FRSHTT":[0,0],"PRCP":[0,0],"SLP":[1003.00995,1002.50995],"SNDP":[0,0],"STP":[997.09,997.0301],"TEMP":[2.4599998,2.3999999],"VISIB":[3.67,4.36],"WDSP":[43.82,46.7],"WNDDIR":[214.2,212.6],"time":[1549364859,1549364918]}