{"CLDC":[71.09],"DEWP":[-6.1400003],"FRSHTT":[1110000],"PRCP":[0.009999999],"SLP":[906.6],"SNDP":[1],"STP":[894.9],"TEMP":[-0.78999996],"VISIB":[25.7],"WDSP":[3.5700002],"WNDDIR":[204.8],"time":[1549364858]}