{"CLDC":[71.09,71.509995],"DEWP":[-6.1400003,-5.809999],"FRSHTT":[1110000,1110000],"PRCP":[0.009999999,0.009999999],"SLP":[906.6,906.6],"SNDP":[1,1],"STP":[894.9,894.88995],"TEMP":[-0.78999996,-0.62],"VISIB":[25.7,26.150003],"WDSP":[3.5700002,3.53],"WNDDIR":[204.8,205.5],"time":[1549364858,1549364917]}