{"CLDC":[5.1799994,5.3399997],"DEWP":[0.43999997,0.75],"FRSHTT":[0,0],"PRCP":[0,0],"SLP":[988.97003,988.89],"SNDP":[0,0],"STP":[1000.59,999.31006],"TEMP":[6.65,6.9799995],"VISIB":[8.07,7.9200006],"WDSP":[10.39,10.250001],"WNDDIR":[304.2,304.3],"time":[1549364857,1549364916]}