{"CLDC":[50.15,50.23],"DEWP":[-4.16,-4.339999],"FRSHTT":[1110000,1110000],"PRCP":[0.059999995,0.059999995],"SLP":[1025.2999,1025.2999],"SNDP":[0.40000004,0.40000004],"STP":[1001.48,1001.14],"TEMP":[0.4,0.26999998],"VISIB":[7.9000006,7.5799994],"WDSP":[8.78,8.430001],"WNDDIR":[74.8,75.9],"time":[1549364857,1549364916]}