{"CLDC":[74.94001,74.68001],"DEWP":[-7.3,-7.299999],"FRSHTT":[1110000,1110000],"PRCP":[0.039999995,0.039999995],"SLP":[1022.6,1022.5301],"SNDP":[0.20000002,0.20000002],"STP":[1018.11005,1018.2001],"TEMP":[-4.3,-4.4],"VISIB":[18.830002,19.150002],"WDSP":[8.03,8.38],"WNDDIR":[203.3,202.8],"time":[1549364856,1549364916]}