{"CLDC":[50.15,50.18],"DEWP":[0.5500001,0.65000004],"FRSHTT":[100000,100000],"PRCP":[0.039999995,0.039999995],"SLP":[1005.2999,1005.35],"SNDP":[0,0],"STP":[1005.75,1005.7899],"TEMP":[3.2799995,3.1700003],"VISIB":[12.139998,11.81],"WDSP":[18.18,19.27],"WNDDIR":[222.4,222.7],"time":[1549364859,1549364917]}