{"CLDC":[50.11001,50.42],"DEWP":[-7.15,-7.1400003],"FRSHTT":[1110000,1110000],"PRCP":[0.039999995,0.039999995],"SLP":[1022.1,1022.19006],"SNDP":[0.20000002,0.20000002],"STP":[1019.0801,1019.13007],"TEMP":[-3.8,-3.85],"VISIB":[6.1800003,6.1500006],"WDSP":[14.35,14.720001],"WNDDIR":[254.3,253.6],"time":[1549364856,1549364916]}