{"CLDC":[72.45,72.1],"DEWP":[-9.450001,-9.480001],"FRSHTT":[1100000,1100000],"PRCP":[0.009999999,0.009999999],"SLP":[1023,1023],"SNDP":[0,0],"STP":[1017.7999,1017.7999],"TEMP":[-5.7799997,-5.9799995],"VISIB":[11.49,10.950001],"WDSP":[14.19,14.779999],"WNDDIR":[281,280.7],"time":[1549364856,1549364916]}