{"CLDC":[30.919998,30.929998],"DEWP":[-8.78,-8.82],"FRSHTT":[1000000,1000000],"PRCP":[0,0],"SLP":[983.02997,983.57],"SNDP":[0,0],"STP":[987.17004,987.88],"TEMP":[-3.8799999,-3.9],"VISIB":[10.119999,9.69],"WDSP":[6.0799994,5.8600006],"WNDDIR":[146.2,141.5],"time":[1549364860,1549364918]}