{"CLDC":[50.010002,50.170006],"DEWP":[-0.19999999,-0.05],"FRSHTT":[110000,110000],"PRCP":[0.07999999,0.07999999],"SLP":[1019.2001,1019.2001],"SNDP":[0.6999999,0.6999999],"STP":[1001.85,1001.7999],"TEMP":[1.6000001,1.6000001],"VISIB":[14.1,13.850001],"WDSP":[12.960001,12.599999],"WNDDIR":[101.1,101.2],"time":[1549364860,1549364918]}