{"CLDC":[50.010002],"DEWP":[-0.19999999],"FRSHTT":[110000],"PRCP":[0.07999999],"SLP":[1019.2001],"SNDP":[0.6999999],"STP":[1001.85],"TEMP":[1.6000001],"VISIB":[14.1],"WDSP":[12.960001],"WNDDIR":[101.1],"time":[1549364860]}