{"CLDC":[47.309994,47.65],"DEWP":[-8.890001,-8.82],"FRSHTT":[1000000,1000000],"PRCP":[0,0],"SLP":[981.89,982.1001],"SNDP":[0,0],"STP":[983.1,983.02997],"TEMP":[-5.6,-5.5200005],"VISIB":[11.410001,11.649999],"WDSP":[7.69,7.3300004],"WNDDIR":[136.7,134.8],"time":[1549364860,1549364918]}