{"CLDC":[30.919998],"DEWP":[-8.78],"FRSHTT":[1000000],"PRCP":[0],"SLP":[983.02997],"SNDP":[0],"STP":[987.17004],"TEMP":[-3.8799999],"VISIB":[10.119999],"WDSP":[6.0799994],"WNDDIR":[146.2],"time":[1549364860]}