{"CLDC":[50.010002],"DEWP":[-8.9800005],"FRSHTT":[1110000],"PRCP":[0.050000004],"SLP":[1023.7999],"SNDP":[1.1000001],"STP":[1014.86],"TEMP":[-4.46],"VISIB":[16.66],"WDSP":[12.629999],"WNDDIR":[105.2],"time":[1549364860]}