{"CLDC":[50.010002,50.03],"DEWP":[-8.9800005,-9.14],"FRSHTT":[1110000,1110000],"PRCP":[0.050000004,0.050000004],"SLP":[1023.7999,1023.9],"SNDP":[1.1000001,1.1000001],"STP":[1014.86,1015.09],"TEMP":[-4.46,-4.1800003],"VISIB":[16.66,16.899998],"WDSP":[12.629999,12.49],"WNDDIR":[105.2,107.9],"time":[1549364860,1549364918]}