{"CLDC":[79.73,79.96],"DEWP":[-6.8,-6.8],"FRSHTT":[0,0],"PRCP":[0,0],"SLP":[1026.53,1026.7899],"SNDP":[0,0],"STP":[994.2001,994.19006],"TEMP":[2.7199998,2.82],"VISIB":[22.33,22.01],"WDSP":[2.18,2.5300002],"WNDDIR":[334.8,334],"time":[1549364859,1549364918]}