{"CLDC":[50.110004,50.359993],"DEWP":[-5.0399995,-4.9],"FRSHTT":[110000,110000],"PRCP":[0.059999995,0.059999995],"SLP":[1022.2001,1022.2001],"SNDP":[1.1000001,1.1000001],"STP":[993.39,993.2001],"TEMP":[1.17,1.24],"VISIB":[9.75,10.069999],"WDSP":[6.4800005,6.88],"WNDDIR":[221.3,216.8],"time":[1549364859,1549364917]}