{"CLDC":[90.759995],"DEWP":[-4.9600005],"FRSHTT":[1100000],"PRCP":[0.029999997],"SLP":[1019.4],"SNDP":[0],"STP":[1016.06995],"TEMP":[-0.5],"VISIB":[9.51],"WDSP":[13.820002],"WNDDIR":[62.7],"time":[1549364855]}