{"CLDC":[90.759995,90.770004],"DEWP":[-4.9600005,-4.7200003],"FRSHTT":[1100000,1100000],"PRCP":[0.029999997,0.029999997],"SLP":[1019.4,1019.39],"SNDP":[0,0],"STP":[1016.06995,1016.2001],"TEMP":[-0.5,-0.5],"VISIB":[9.51,9.55],"WDSP":[13.820002,14.390001],"WNDDIR":[62.7,61.6],"time":[1549364855,1549364915]}