{"CLDC":[76.33,76.32],"DEWP":[-0.28,-0.16],"FRSHTT":[100000,100000],"PRCP":[0.07,0.07],"SLP":[1013.5,1013.43],"SNDP":[0,0],"STP":[1016.6,1016.5],"TEMP":[2.4299998,2.44],"VISIB":[11.58,11.300001],"WDSP":[18.289999,19.31],"WNDDIR":[35.1,34.9],"time":[1549364860,1549364918]}