{"CLDC":[94.96001,95.1],"DEWP":[-8.5199995,-8.18],"FRSHTT":[1100000,1100000],"PRCP":[0.09000001,0.09000001],"SLP":[1023.00995,1023],"SNDP":[0,0],"STP":[1015.7899,1015.7101],"TEMP":[-3.6600003,-3.5399997],"VISIB":[19.329998,19.09],"WDSP":[12.270001,12.160001],"WNDDIR":[270,271.4],"time":[1549364860,1549364918]}