{"CLDC":[86.93001],"DEWP":[2.28],"FRSHTT":[100000],"PRCP":[0.050000004],"SLP":[1012.2899],"SNDP":[0],"STP":[1011.99005],"TEMP":[4.25],"VISIB":[10.589998],"WDSP":[35.560005],"WNDDIR":[347.8],"time":[1549364860]}