{"CLDC":[86.93001,86.78999],"DEWP":[2.28,2.19],"FRSHTT":[100000,100000],"PRCP":[0.050000004,0.050000004],"SLP":[1012.2899,1012.4],"SNDP":[0,0],"STP":[1011.99005,1012.11],"TEMP":[4.25,4.22],"VISIB":[10.589998,10.190001],"WDSP":[35.560005,35.420006],"WNDDIR":[347.8,347.5],"time":[1549364860,1549364918]}