{"CLDC":[94.12999],"DEWP":[2.44],"FRSHTT":[100000],"PRCP":[0.11],"SLP":[1013.08997],"SNDP":[0],"STP":[1009.4],"TEMP":[4.43],"VISIB":[15.390001],"WDSP":[29.89],"WNDDIR":[116.8],"time":[1549364860]}