{"CLDC":[94.12999,94.14],"DEWP":[2.44,2.3200002],"FRSHTT":[100000,100000],"PRCP":[0.11,0.11],"SLP":[1013.08997,1013],"SNDP":[0,0],"STP":[1009.4,1009.2999],"TEMP":[4.43,4.3500004],"VISIB":[15.390001,16.15],"WDSP":[29.89,30.02],"WNDDIR":[116.8,116.4],"time":[1549364860,1549364918]}