{"CLDC":[89.48],"DEWP":[-3.3800004],"FRSHTT":[1110000],"PRCP":[0.059999995],"SLP":[1022.1],"SNDP":[0.6999999],"STP":[994.4],"TEMP":[-0.8],"VISIB":[8.099999],"WDSP":[5.5200005],"WNDDIR":[223.9],"time":[1549364859]}