{"CLDC":[61.120003],"DEWP":[1.9200001],"FRSHTT":[100000],"PRCP":[0.050000004],"SLP":[1022.41],"SNDP":[0],"STP":[1007.8],"TEMP":[4.44],"VISIB":[11.370001],"WDSP":[21.210001],"WNDDIR":[12.3],"time":[1549364860]}