{"CLDC":[89.48,89.14],"DEWP":[-3.3800004,-3.28],"FRSHTT":[1110000,1110000],"PRCP":[0.059999995,0.062],"SLP":[1022.1,1022.17004],"SNDP":[0.6999999,0.6999999],"STP":[994.4,994.4],"TEMP":[-0.8,-0.76000005],"VISIB":[8.099999,7.5999994],"WDSP":[5.5200005,5.69],"WNDDIR":[223.9,222.9],"time":[1549364859,1549364917]}