{"CLDC":[42.279995],"DEWP":[-5.02],"FRSHTT":[1000000],"PRCP":[0],"SLP":[1022.7001],"SNDP":[0],"STP":[1006.2301],"TEMP":[-0.35999998],"VISIB":[7.1099997],"WDSP":[20.310001],"WNDDIR":[209.9],"time":[1549364858]}