{"CLDC":[29.3,29.330002],"DEWP":[0.8999999,0.9],"FRSHTT":[0,0],"PRCP":[0,0],"SLP":[1020.25,1019.99005],"SNDP":[0,0],"STP":[925,925],"TEMP":[3.1600003,3.0800004],"VISIB":[15.26,15.889999],"WDSP":[8.77,8.719999],"WNDDIR":[28.1,26.5],"time":[1549364856,1549364915]}