{"CLDC":[29.3],"DEWP":[0.8999999],"FRSHTT":[0],"PRCP":[0],"SLP":[1020.25],"SNDP":[0],"STP":[925],"TEMP":[3.1600003],"VISIB":[15.26],"WDSP":[8.77],"WNDDIR":[28.1],"time":[1549364856]}