{"CLDC":[50.299995,50.150005],"DEWP":[-4.2,-4.2799997],"FRSHTT":[1110000,1110000],"PRCP":[0.019999998,0.019999998],"SLP":[1023.6,1023.6],"SNDP":[0.59999996,0.59999996],"STP":[975.99005,976.1],"TEMP":[0.2,0.32],"VISIB":[6.2799997,6.5099998],"WDSP":[5.360001,5.6899996],"WNDDIR":[210.6,208.5],"time":[1549364857,1549364916]}