{"CLDC":[92.71001,92.41001],"DEWP":[-7.0099998,-7.0700006],"FRSHTT":[1010000,1010000],"PRCP":[0,0],"SLP":[1023.32,1022.86],"SNDP":[4.0999994,4.0999994],"STP":[915.77997,915.57],"TEMP":[-5.04,-4.76],"VISIB":[6.4900002,6.4600005],"WDSP":[8.539999,8.700001],"WNDDIR":[296.2,298.8],"time":[1549364856,1549364916]}