{"CLDC":[50.090004,50.05],"DEWP":[-0.13999999,-0.26000005],"FRSHTT":[100000,100000],"PRCP":[0.07999999,0.07999999],"SLP":[1014.2001,1014.1],"SNDP":[0,0],"STP":[1011.99005,1012],"TEMP":[2.0400002,1.9399999],"VISIB":[11.83,11.639999],"WDSP":[18.999998,18.789999],"WNDDIR":[107,103.7],"time":[1549364860,1549364918]}