{"CLDC":[50.090004],"DEWP":[-0.13999999],"FRSHTT":[100000],"PRCP":[0.07999999],"SLP":[1014.2001],"SNDP":[0],"STP":[1011.99005],"TEMP":[2.0400002],"VISIB":[11.83],"WDSP":[18.999998],"WNDDIR":[107],"time":[1549364860]}