{"CLDC":[50.190006,50.32],"DEWP":[-7.6,-7.4800005],"FRSHTT":[1010000,1010000],"PRCP":[0,0],"SLP":[1036.0999,1036.1099],"SNDP":[0.9,0.9],"STP":[1031.59,1031.43],"TEMP":[-5.3399997,-5.2999997],"VISIB":[12.07,13.15],"WDSP":[20.01,20.41],"WNDDIR":[203.1,204.2],"time":[1549364861,1549364919]}