{"CLDC":[75.15999,74.850006],"DEWP":[-0.19999997,-8.940697e-9],"FRSHTT":[100000,100000],"PRCP":[0.11999999,0.11999999],"SLP":[1012.27997,1012.4],"SNDP":[0,0],"STP":[1012.1,1012.1],"TEMP":[2.85,2.85],"VISIB":[12.669999,12.59],"WDSP":[13.62,13.17],"WNDDIR":[246.7,248.3],"time":[1549364860,1549364918]}