{"CLDC":[50.04,50.010002],"DEWP":[-7.8200006,-7.9],"FRSHTT":[1010000,1010000],"PRCP":[0,0],"SLP":[1030.2999,1030.0599],"SNDP":[0.10000001,0.10000001],"STP":[1017.39,1017.37],"TEMP":[-3.36,-3.18],"VISIB":[20.66,20.87],"WDSP":[5.71,6.1099997],"WNDDIR":[207.7,210.2],"time":[1549364861,1549364919]}