{"CLDC":[54.690002,54.870003],"DEWP":[0.85,0.78999996],"FRSHTT":[0,0],"PRCP":[0,0],"SLP":[998.12,998.0301],"SNDP":[0,0],"STP":[993.24005,993.4],"TEMP":[3.5800004,3.6200001],"VISIB":[19.800001,19.67],"WDSP":[24.53,23.34],"WNDDIR":[72.7,70.3],"time":[1549364860,1549364918]}