{"CLDC":[54.690002],"DEWP":[0.85],"FRSHTT":[0],"PRCP":[0],"SLP":[998.12],"SNDP":[0],"STP":[993.24005],"TEMP":[3.5800004],"VISIB":[19.800001],"WDSP":[24.53],"WNDDIR":[72.7],"time":[1549364860]}