{"CLDC":[50.160004],"DEWP":[-4.9999995],"FRSHTT":[1110000],"PRCP":[0.039999995],"SLP":[1022.34],"SNDP":[0.20000002],"STP":[1007.42004],"TEMP":[-0.78],"VISIB":[7.0099998],"WDSP":[12.219999],"WNDDIR":[99.1],"time":[1549364859]}