{"CLDC":[50.160004,50.250004],"DEWP":[-4.9999995,-4.9999995],"FRSHTT":[1110000,1110000],"PRCP":[0.039999995,0.039999995],"SLP":[1022.34,1022.38],"SNDP":[0.20000002,0.20000002],"STP":[1007.42004,1007.31006],"TEMP":[-0.78,-0.79999995],"VISIB":[7.0099998,7.2300005],"WDSP":[12.219999,13.06],"WNDDIR":[99.1,97.1],"time":[1549364859,1549364918]}