{"CLDC":[50.090004],"DEWP":[-3.8499997],"FRSHTT":[1110000],"PRCP":[0.10000001],"SLP":[1020.7999],"SNDP":[0.40000004],"STP":[997.7999],"TEMP":[-0.41],"VISIB":[6.04],"WDSP":[12.499999],"WNDDIR":[89.2],"time":[1549364859]}