{"CLDC":[81.72,81.84001],"DEWP":[-3.6799998,-3.02],"FRSHTT":[1000000,1000000],"PRCP":[0,0],"SLP":[990.4,988.95996],"SNDP":[0,0],"STP":[1002.9001,1003.59],"TEMP":[-1.7,-1.4399999],"VISIB":[13.93,13.99],"WDSP":[8.210001,8.559999],"WNDDIR":[1.1,1],"time":[1549364857,1549364916]}