{"CLDC":[95.89001,95.759995],"DEWP":[-1.3000001,-1.3500001],"FRSHTT":[0,0],"PRCP":[0,0],"SLP":[1028.11,1028.24],"SNDP":[0,0],"STP":[1055.4401,1055.3],"TEMP":[1,1],"VISIB":[4.2699995,4.16],"WDSP":[19.41,19.59],"WNDDIR":[55.5,56.4],"time":[1549364861,1549364919]}