{"CLDC":[81.72],"DEWP":[-3.6799998],"FRSHTT":[1000000],"PRCP":[0],"SLP":[990.4],"SNDP":[0],"STP":[1002.9001],"TEMP":[-1.7],"VISIB":[13.93],"WDSP":[8.210001],"WNDDIR":[1.1],"time":[1549364857]}