{"CLDC":[89.84999],"DEWP":[1.5599998],"FRSHTT":[0],"PRCP":[0],"SLP":[1021.7399],"SNDP":[0],"STP":[1018.2999],"TEMP":[3.85],"VISIB":[11.95],"WDSP":[22.949999],"WNDDIR":[209.4],"time":[1549364861]}