{"CLDC":[89.84999,90.08999],"DEWP":[1.5599998,1.56],"FRSHTT":[0,0],"PRCP":[0,0],"SLP":[1021.7399,1021.7001],"SNDP":[0,0],"STP":[1018.2999,1018.2999],"TEMP":[3.85,3.9100003],"VISIB":[11.95,12.0199995],"WDSP":[22.949999,22.47],"WNDDIR":[209.4,207],"time":[1549364861,1549364918]}