{"CLDC":[50.190006,50.250008],"DEWP":[-2.42,-2.5800002],"FRSHTT":[100000,100000],"PRCP":[0.039999995,0.039999995],"SLP":[1022.2001,1022.2001],"SNDP":[0,0],"STP":[1025.2999,1025.2999],"TEMP":[0.59999996,0.59999996],"VISIB":[9.98,9.890001],"WDSP":[10,9.99],"WNDDIR":[110.1,109.2],"time":[1549364855,1549364915]}