{"CLDC":[50],"DEWP":[-3.2800002],"FRSHTT":[110000],"PRCP":[0.050000004],"SLP":[1022.2001],"SNDP":[0.29999998],"STP":[1013.0199],"TEMP":[0],"VISIB":[11.960001],"WDSP":[14.76],"WNDDIR":[84.6],"time":[1549364855]}