{"CLDC":[50,50.13],"DEWP":[-3.2800002,-3.4000003],"FRSHTT":[110000,1110000],"PRCP":[0.050000004,0.050000004],"SLP":[1022.2001,1022.15],"SNDP":[0.29999998,0.29999998],"STP":[1013.0199,1013.57996],"TEMP":[0,2.9802323e-9],"VISIB":[11.960001,11.97],"WDSP":[14.76,14.909999],"WNDDIR":[84.6,84],"time":[1549364855,1549364915]}