{"CLDC":[50.190006,50],"DEWP":[2.58,2.4999998],"FRSHTT":[100000,100000],"PRCP":[0.14,0.14],"SLP":[1010.5,1010.2999],"SNDP":[0,0],"STP":[1012.9,1013],"TEMP":[4.4,4.35],"VISIB":[7.709999,8.17],"WDSP":[21.06,21.240002],"WNDDIR":[91.8,91.6],"time":[1549364861,1549364918]}