{"CLDC":[64.63999,64.46001],"DEWP":[-9.4800005,-9.22],"FRSHTT":[1010000,1010000],"PRCP":[0,0],"SLP":[1038.7999,1039],"SNDP":[1.3999999,1.3999999],"STP":[1018.07996,1018.1],"TEMP":[-6.4800005,-6.5500007],"VISIB":[9.320001,8.85],"WDSP":[6,6.0999994],"WNDDIR":[206.2,205.5],"time":[1549364861,1549364919]}