{"CLDC":[35.010002,35.030003],"DEWP":[0.7,0.54],"FRSHTT":[0,0],"PRCP":[0,0],"SLP":[1013.69006,1013.61005],"SNDP":[0,0],"STP":[1006.41003,1006.0499],"TEMP":[3.4900002,3.4399998],"VISIB":[11.65,11.290001],"WDSP":[27.74,26.210001],"WNDDIR":[243.1,244.1],"time":[1549364861,1549364919]}