{"CLDC":[39,38.999996],"DEWP":[1.46,1.4200001],"FRSHTT":[0,0],"PRCP":[0,0],"SLP":[1017.87,1017.7999],"SNDP":[0,0],"STP":[1015.11,1015.2001],"TEMP":[3.9,3.9199996],"VISIB":[8.58,7.97],"WDSP":[22.649998,22.989998],"WNDDIR":[2.8,7],"time":[1549364861,1549364918]}