{"CLDC":[50.269997,50.35],"DEWP":[-2.6,-2.4],"FRSHTT":[100000,100000],"PRCP":[0.11,0.11],"SLP":[1019.7899,1019.80994],"SNDP":[0,0],"STP":[990.7999,990.7999],"TEMP":[3.9999995,4],"VISIB":[8.83,8.35],"WDSP":[8.669999,9.33],"WNDDIR":[278.4,280.9],"time":[1549364859,1549364917]}