{"CLDC":[78.990005,78.880005],"DEWP":[-3.5,-3.0999997],"FRSHTT":[110000,110000],"PRCP":[0.13,0.13],"SLP":[1021,1020.88995],"SNDP":[0.40000004,0.40000004],"STP":[1001.0399,1002.41],"TEMP":[0.87999994,0.65999997],"VISIB":[7.7,7.0699997],"WDSP":[10.84,10.430001],"WNDDIR":[236.6,237.2],"time":[1549364859,1549364917]}