{"CLDC":[61.590004],"DEWP":[-1.5],"FRSHTT":[100000],"PRCP":[0.18000002],"SLP":[1013.7001],"SNDP":[0],"STP":[1012.7999],"TEMP":[1.1999999],"VISIB":[12.64],"WDSP":[13.75],"WNDDIR":[226.9],"time":[1549364861]}