{"CLDC":[61.590004,61.119995],"DEWP":[-1.5,-1.5],"FRSHTT":[100000,100000],"PRCP":[0.18000002,0.18000002],"SLP":[1013.7001,1013.7001],"SNDP":[0,0],"STP":[1012.7999,1012.7999],"TEMP":[1.1999999,1.15],"VISIB":[12.64,12.049999],"WDSP":[13.75,13.57],"WNDDIR":[226.9,222.9],"time":[1549364861,1549364918]}