{"CLDC":[63.420002],"DEWP":[1.0799999],"FRSHTT":[100000],"PRCP":[0.10000001],"SLP":[1008.99005],"SNDP":[0],"STP":[1014],"TEMP":[1.8599999],"VISIB":[10.01],"WDSP":[31.2],"WNDDIR":[147.8],"time":[1549364861]}