{"CLDC":[50.120003],"DEWP":[-5.74],"FRSHTT":[1110000],"PRCP":[0.07999999],"SLP":[1022.1],"SNDP":[0.10000001],"STP":[1006.57],"TEMP":[-1.65],"VISIB":[8.780001],"WDSP":[10.780001],"WNDDIR":[328.1],"time":[1549364855]}