{"CLDC":[96.60999],"DEWP":[0.9200001],"FRSHTT":[0],"PRCP":[0],"SLP":[1010.2999],"SNDP":[0],"STP":[1012.36993],"TEMP":[2.8200002],"VISIB":[12.960001],"WDSP":[24.9],"WNDDIR":[334.8],"time":[1549364861]}