{"CLDC":[62.059998],"DEWP":[-4.7699995],"FRSHTT":[110000],"PRCP":[0.029999997],"SLP":[1021.32996],"SNDP":[0.10000001],"STP":[994.7301],"TEMP":[2.8199997],"VISIB":[16.93],"WDSP":[11.21],"WNDDIR":[332.7],"time":[1549364859]}