{"CLDC":[50.399998,50.82],"DEWP":[-5.2699995,-5.0499997],"FRSHTT":[100000,100000],"PRCP":[0.059999995,0.059999995],"SLP":[1022.1,1022.14],"SNDP":[0,0],"STP":[996.6,996.75995],"TEMP":[1.22,1.2500001],"VISIB":[9.609999,9.360001],"WDSP":[11.030001,11.659999],"WNDDIR":[72.8,71.4],"time":[1549364860,1549364918]}