{"CLDC":[50.030003,50.419994],"DEWP":[2.02,2.2199998],"FRSHTT":[100000,100000],"PRCP":[0.13,0.13],"SLP":[1015.68,1015.7001],"SNDP":[0,0],"STP":[1010.7101,1010.30994],"TEMP":[4.4,4.4399996],"VISIB":[13.32,13.43],"WDSP":[25.220001,24.390001],"WNDDIR":[140.9,138.9],"time":[1549364861,1549364919]}