{"CLDC":[81.86],"DEWP":[1.74],"FRSHTT":[0],"PRCP":[0],"SLP":[1016],"SNDP":[0],"STP":[1023.1],"TEMP":[3.5500004],"VISIB":[12.01],"WDSP":[23.039999],"WNDDIR":[149.7],"time":[1549364855]}