{"CLDC":[50.299995,50.140007],"DEWP":[-4.839999,-5],"FRSHTT":[110000,110000],"PRCP":[0.019999998,0.019999998],"SLP":[1022.66,1022.75],"SNDP":[0.10000001,0.10000001],"STP":[1014.99005,1014.86],"TEMP":[1.9399999,1.9399999],"VISIB":[15.45,15.850001],"WDSP":[10.609999,11],"WNDDIR":[163.2,161.6],"time":[1549364857,1549364916]}