{"CLDC":[50.299995],"DEWP":[-4.839999],"FRSHTT":[110000],"PRCP":[0.019999998],"SLP":[1022.66],"SNDP":[0.10000001],"STP":[1014.99005],"TEMP":[1.9399999],"VISIB":[15.45],"WDSP":[10.609999],"WNDDIR":[163.2],"time":[1549364857]}