{"CLDC":[50.160004],"DEWP":[-5.52],"FRSHTT":[1110000],"PRCP":[0.059999995],"SLP":[1021.95],"SNDP":[0.8000001],"STP":[975.49005],"TEMP":[0.17],"VISIB":[13.649999],"WDSP":[8.35],"WNDDIR":[328.1],"time":[1549364857]}