{"CLDC":[50.160004,50.32],"DEWP":[-5.52,-5.2500005],"FRSHTT":[1110000,1110000],"PRCP":[0.059999995,0.059999995],"SLP":[1021.95,1021.97003],"SNDP":[0.8000001,0.8000001],"STP":[975.49005,975.50995],"TEMP":[0.17,0.1],"VISIB":[13.649999,13.24],"WDSP":[8.35,8.52],"WNDDIR":[328.1,326.2],"time":[1549364857,1549364916]}