{"CLDC":[84.68],"DEWP":[-1.1999999],"FRSHTT":[100000],"PRCP":[0.14999999],"SLP":[1007.7999],"SNDP":[0],"STP":[1010.2001],"TEMP":[0.9],"VISIB":[15.74],"WDSP":[18.11],"WNDDIR":[346.7],"time":[1549364857]}