{"CLDC":[88.22],"DEWP":[1.3799999],"FRSHTT":[0],"PRCP":[0],"SLP":[1019.36],"SNDP":[0],"STP":[1009.92004],"TEMP":[3.9799995],"VISIB":[26.62],"WDSP":[20.57],"WNDDIR":[75.4],"time":[1549364857]}