{"CLDC":[88.22,88.19],"DEWP":[1.3799999,1.3799999],"FRSHTT":[0,0],"PRCP":[0,0],"SLP":[1019.36,1019.43],"SNDP":[0,0],"STP":[1009.92004,1009.91003],"TEMP":[3.9799995,3.8299994],"VISIB":[26.62,26.329998],"WDSP":[20.57,22.210001],"WNDDIR":[75.4,78],"time":[1549364857,1549364916]}