{"CLDC":[69.509995,69.2],"DEWP":[0.68,0.68],"FRSHTT":[0,0],"PRCP":[0,0],"SLP":[1009.45,1010],"SNDP":[0,0],"STP":[1000.7999,1000.7999],"TEMP":[3.1100001,3.02],"VISIB":[10.619999,9.89],"WDSP":[15.05,14.839999],"WNDDIR":[252,254],"time":[1549364857,1549364916]}