{"CLDC":[99.3,99.26],"DEWP":[-1.1200001,-1.4800001],"FRSHTT":[100000,100000],"PRCP":[0.09000001,0.09000001],"SLP":[1011.14,1011.1],"SNDP":[0,0],"STP":[1006.86,1007.30994],"TEMP":[0.7900001,0.72999996],"VISIB":[12.14,11.860002],"WDSP":[18.27,17.689999],"WNDDIR":[310.4,313.6],"time":[1549364857,1549364916]}