{"CLDC":[62.590004],"DEWP":[0.08],"FRSHTT":[0],"PRCP":[0],"SLP":[996.5],"SNDP":[0],"STP":[1004.07],"TEMP":[2.51],"VISIB":[10.209999],"WDSP":[17.09],"WNDDIR":[37.4],"time":[1549364858]}