{"CLDC":[17.600002,17.859997],"DEWP":[0.82,0.7899999],"FRSHTT":[0,0],"PRCP":[0,0],"SLP":[998.77997,998.9199],"SNDP":[0,0],"STP":[998.4,998.35],"TEMP":[3.98,3.9199996],"VISIB":[24.32,24.87],"WDSP":[31.039999,32.3],"WNDDIR":[154.1,152.7],"time":[1549364858,1549364916]}