{"CLDC":[77.49,77.46001],"DEWP":[2.37,2.22],"FRSHTT":[100000,100000],"PRCP":[0.039999995,0.039999995],"SLP":[1010.7999,1010.7999],"SNDP":[0,0],"STP":[1009.8299,1009.82996],"TEMP":[4.5800004,4.46],"VISIB":[14.67,14.769999],"WDSP":[29.789999,29.819998],"WNDDIR":[19.9,19.6],"time":[1549364859,1549364917]}