{"CLDC":[77.49],"DEWP":[2.37],"FRSHTT":[100000],"PRCP":[0.039999995],"SLP":[1010.7999],"SNDP":[0],"STP":[1009.8299],"TEMP":[4.5800004],"VISIB":[14.67],"WDSP":[29.789999],"WNDDIR":[19.9],"time":[1549364859]}