{"CLDC":[50.110004,50.07],"DEWP":[1.44,1.4],"FRSHTT":[100000,100000],"PRCP":[0.13,0.13],"SLP":[1011,1011],"SNDP":[0,0],"STP":[1000.4,1000.4],"TEMP":[3.5,3.58],"VISIB":[15.539999,14.729999],"WDSP":[23.41,22.35],"WNDDIR":[261.4,265.8],"time":[1549364859,1549364917]}