{"CLDC":[50.240005],"DEWP":[-0.1],"FRSHTT":[110000],"PRCP":[0.10000001],"SLP":[1009.7001],"SNDP":[2.6000001],"STP":[1012.7001],"TEMP":[2.7599998],"VISIB":[21.58],"WDSP":[16.87],"WNDDIR":[319],"time":[1549364859]}