{"CLDC":[55.909996,56.329998],"DEWP":[1.4000001,1.4400002],"FRSHTT":[100000,100000],"PRCP":[0.15999998,0.15999998],"SLP":[1008.9801,1009.02],"SNDP":[0,0],"STP":[1010.59,1010.07996],"TEMP":[3.5400002,3.58],"VISIB":[19.179998,19.32],"WDSP":[23.47,23.749998],"WNDDIR":[246.5,246.6],"time":[1549364859,1549364918]}