{"CLDC":[55.909996],"DEWP":[1.4000001],"FRSHTT":[100000],"PRCP":[0.15999998],"SLP":[1008.9801],"SNDP":[0],"STP":[1010.59],"TEMP":[3.5400002],"VISIB":[19.179998],"WDSP":[23.47],"WNDDIR":[246.5],"time":[1549364859]}