{"CLDC":[91.659996],"DEWP":[0.56000006],"FRSHTT":[100000],"PRCP":[0.07999999],"SLP":[1009.43],"SNDP":[0],"STP":[1004.80994],"TEMP":[3.28],"VISIB":[20.710001],"WDSP":[14.63],"WNDDIR":[126.8],"time":[1549364859]}