{"CLDC":[82.88,82.78001],"DEWP":[-0.120000005,-0.19999997],"FRSHTT":[100000,100000],"PRCP":[0.10000001,0.10000001],"SLP":[1010.9,1010.9],"SNDP":[0,0],"STP":[1000.5399,1000.5499],"TEMP":[2.3999999,2.3799999],"VISIB":[25.070002,25.289999],"WDSP":[24.789999,25.530003],"WNDDIR":[90.8,91.7],"time":[1549364859,1549364918]}