{"CLDC":[82.88],"DEWP":[-0.120000005],"FRSHTT":[100000],"PRCP":[0.10000001],"SLP":[1010.9],"SNDP":[0],"STP":[1000.5399],"TEMP":[2.3999999],"VISIB":[25.070002],"WDSP":[24.789999],"WNDDIR":[90.8],"time":[1549364859]}