{"CLDC":[66.13],"DEWP":[0.4],"FRSHTT":[100000],"PRCP":[0.059999995],"SLP":[1012.2001],"SNDP":[0],"STP":[1006.1],"TEMP":[3.06],"VISIB":[13.589999],"WDSP":[22.470001],"WNDDIR":[74.1],"time":[1549364859]}