{"CLDC":[50.07,50.160004],"DEWP":[0.8,0.8],"FRSHTT":[100000,100000],"PRCP":[0.18000002,0.18000002],"SLP":[1009.7999,1009.7999],"SNDP":[0,0],"STP":[1009.52,1009.52997],"TEMP":[2.6800003,2.68],"VISIB":[19.47,19.08],"WDSP":[20.44,22.23],"WNDDIR":[167.9,165.9],"time":[1549364860,1549364918]}