{"CLDC":[50.07],"DEWP":[0.8],"FRSHTT":[100000],"PRCP":[0.18000002],"SLP":[1009.7999],"SNDP":[0],"STP":[1009.52],"TEMP":[2.6800003],"VISIB":[19.47],"WDSP":[20.44],"WNDDIR":[167.9],"time":[1549364860]}