{"CLDC":[50.090004],"DEWP":[-8.940697e-9],"FRSHTT":[100000],"PRCP":[0.11999999],"SLP":[1008.99005],"SNDP":[0],"STP":[1007.7001],"TEMP":[2.2],"VISIB":[25.679998],"WDSP":[18.610003],"WNDDIR":[155.7],"time":[1549364860]}