{"CLDC":[50.090004,50.439995],"DEWP":[-8.940697e-9,0.049999993],"FRSHTT":[100000,100000],"PRCP":[0.11999999,0.11999999],"SLP":[1008.99005,1008.9],"SNDP":[0,0],"STP":[1007.7001,1007.7001],"TEMP":[2.2,2.22],"VISIB":[25.679998,25.02],"WDSP":[18.610003,18.91],"WNDDIR":[155.7,156.8],"time":[1549364860,1549364918]}