{"CLDC":[58,58.6],"DEWP":[-0.39999995,-0.35],"FRSHTT":[100000,100000],"PRCP":[0.21000001,0.21000001],"SLP":[1010.5,1010.5],"SNDP":[0,0],"STP":[984.7001,984.7001],"TEMP":[0.9,0.9],"VISIB":[18.09,18.359999],"WDSP":[16.75,16.949999],"WNDDIR":[86.1,84.8],"time":[1549364860,1549364918]}