{"CLDC":[58],"DEWP":[-0.39999995],"FRSHTT":[100000],"PRCP":[0.21000001],"SLP":[1010.5],"SNDP":[0],"STP":[984.7001],"TEMP":[0.9],"VISIB":[18.09],"WDSP":[16.75],"WNDDIR":[86.1],"time":[1549364860]}