{"CLDC":[93.45],"DEWP":[-0.1],"FRSHTT":[100000],"PRCP":[0.07999999],"SLP":[1007.7999],"SNDP":[0],"STP":[1009.7999],"TEMP":[2.1600003],"VISIB":[22.55],"WDSP":[18.41],"WNDDIR":[62.9],"time":[1549364860]}