{"CLDC":[93.45,93.700005],"DEWP":[-0.1,-0.050000012],"FRSHTT":[100000,100000],"PRCP":[0.07999999,0.07999999],"SLP":[1007.7999,1007.7999],"SNDP":[0,0],"STP":[1009.7999,1009.7999],"TEMP":[2.1600003,2.14],"VISIB":[22.55,22.13],"WDSP":[18.41,18.529999],"WNDDIR":[62.9,59.9],"time":[1549364860,1549364918]}