{"CLDC":[56.230003],"DEWP":[1.1600001],"FRSHTT":[100000],"PRCP":[0.14999999],"SLP":[1007.2001],"SNDP":[0],"STP":[1007.25],"TEMP":[3.86],"VISIB":[26.680002],"WDSP":[36.870003],"WNDDIR":[80.4],"time":[1549364860]}