{"CLDC":[87.509995,86.990005],"DEWP":[-14.7,-14.7],"FRSHTT":[1000000,1000000],"PRCP":[0,0],"SLP":[1027.05,1027],"SNDP":[0,0],"STP":[1055.19,1054.6702],"TEMP":[-1,-1],"VISIB":[14.25,13.889999],"WDSP":[15.31,15.119998],"WNDDIR":[252.2,254.2],"time":[1549364860,1549364918]}