{"CLDC":[53.98],"DEWP":[-3.6],"FRSHTT":[100000],"PRCP":[0.029999997],"SLP":[1018],"SNDP":[0],"STP":[1019.55994],"TEMP":[0.29999998],"VISIB":[11.81],"WDSP":[8.469999],"WNDDIR":[229.5],"time":[1549364860]}