{"CLDC":[86.83],"DEWP":[-2.19],"FRSHTT":[0],"PRCP":[0],"SLP":[1018.13],"SNDP":[0],"STP":[1002.88007],"TEMP":[3.4499996],"VISIB":[13.2699995],"WDSP":[12.7300005],"WNDDIR":[158],"time":[1549364859]}