{"CLDC":[86.83,86.420006],"DEWP":[-2.19,-1.9800003],"FRSHTT":[0,0],"PRCP":[0,0],"SLP":[1018.13,1018.16003],"SNDP":[0,0],"STP":[1002.88007,1002.5101],"TEMP":[3.4499996,3.44],"VISIB":[13.2699995,13.7],"WDSP":[12.7300005,11.780001],"WNDDIR":[158,156.4],"time":[1549364859,1549364917]}