{"CLDC":[50.100002,50.239998],"DEWP":[-0.55999994,-0.46999997],"FRSHTT":[100000,100000],"PRCP":[0.050000004,0.050000004],"SLP":[1015.5,1015.6],"SNDP":[0,0],"STP":[1011.2699,1011.45],"TEMP":[6.0800004,6.12],"VISIB":[12.230001,12.15],"WDSP":[10.47,9.93],"WNDDIR":[164.6,161.5],"time":[1549364859,1549364917]}