{"CLDC":[0.89,0.58],"DEWP":[-12.16,-11.98],"FRSHTT":[1000000,1000000],"PRCP":[0,0],"SLP":[1027,1027],"SNDP":[0,0],"STP":[1033.0701,1034.23],"TEMP":[-1.9200001,-1.9200001],"VISIB":[14.92,15.210001],"WDSP":[6.6399994,7.5099998],"WNDDIR":[149.3,152.5],"time":[1549364858,1549364917]}