{"CLDC":[0.89],"DEWP":[-12.16],"FRSHTT":[1000000],"PRCP":[0],"SLP":[1027],"SNDP":[0],"STP":[1033.0701],"TEMP":[-1.9200001],"VISIB":[14.92],"WDSP":[6.6399994],"WNDDIR":[149.3],"time":[1549364858]}