{"CLDC":[51.93,52.49],"DEWP":[-6.1,-6.4],"FRSHTT":[1110000,1110000],"PRCP":[0.009999999,0.009999999],"SLP":[999.5,999.50995],"SNDP":[1.5,1.5],"STP":[996.14,996.2001],"TEMP":[-3.22,-3.1600003],"VISIB":[46.659996,46.12],"WDSP":[33.190002,32.840004],"WNDDIR":[71.4,70.6],"time":[1549364857,1549364916]}