{"CLDC":[50.120007],"DEWP":[-8.24],"FRSHTT":[1110000],"PRCP":[0.039999995],"SLP":[1000.4],"SNDP":[0.8000001],"STP":[998.2499],"TEMP":[-4.6400003],"VISIB":[32.23],"WDSP":[21.06],"WNDDIR":[226.6],"time":[1549364857]}