{"CLDC":[75.39,75.340004],"DEWP":[-4.6900005,-4.4800005],"FRSHTT":[100000,100000],"PRCP":[0.050000004,0.050000004],"SLP":[1015.7999,1015.7999],"SNDP":[0,0],"STP":[1025.6301,1026.2098],"TEMP":[4.38,4.26],"VISIB":[19.189999,20.08],"WDSP":[12.0199995,12.860001],"WNDDIR":[0.3,2.8],"time":[1549364857,1549364916]}