{"CLDC":[3.9599998],"DEWP":[-9.200001],"FRSHTT":[1000000],"PRCP":[0],"SLP":[985.57],"SNDP":[0],"STP":[1007.1],"TEMP":[-1.2700001],"VISIB":[19.789999],"WDSP":[5.2599998],"WNDDIR":[40.2],"time":[1549364856]}