{"CLDC":[50.240005,50.07],"DEWP":[-4.88,-4.88],"FRSHTT":[110000,110000],"PRCP":[0.009999999,0.009999999],"SLP":[1016.5,1016.5],"SNDP":[1.5,1.5],"STP":[944.7001,944.7001],"TEMP":[0.59999996,0.59999996],"VISIB":[11.179999,11.39],"WDSP":[16.609999,16.91],"WNDDIR":[265.9,267.2],"time":[1549364856,1549364915]}