{"CLDC":[50.07,50.200005],"DEWP":[-2.64,-2.2800002],"FRSHTT":[100000,100000],"PRCP":[0.09000001,0.09000001],"SLP":[1014.5399,1014.62],"SNDP":[0,0],"STP":[950.1,950.17004],"TEMP":[1.4200002,1.4800001],"VISIB":[20.220001,19.939999],"WDSP":[11.98,11.93],"WNDDIR":[17.4,15.5],"time":[1549364856,1549364916]}