{"CLDC":[83.50001],"DEWP":[-1],"FRSHTT":[100000],"PRCP":[1.8099997],"SLP":[1011.7999],"SNDP":[0],"STP":[1017.45996],"TEMP":[2.82],"VISIB":[8.039999],"WDSP":[13.6],"WNDDIR":[14.6],"time":[1549364860]}