{"CLDC":[50.219997,50.309994],"DEWP":[-1.65,-1.7900002],"FRSHTT":[100000,100000],"PRCP":[0.28,0.28],"SLP":[913.49005,914.0801],"SNDP":[0,0],"STP":[912.9,912.9],"TEMP":[2.55,2.5500002],"VISIB":[11.300001,11.879999],"WDSP":[7.7599998,7.4700003],"WNDDIR":[134,134.8],"time":[1549364860,1549364918]}