{"CLDC":[50.219997],"DEWP":[-1.65],"FRSHTT":[100000],"PRCP":[0.28],"SLP":[913.49005],"SNDP":[0],"STP":[912.9],"TEMP":[2.55],"VISIB":[11.300001],"WDSP":[7.7599998],"WNDDIR":[134],"time":[1549364860]}