{"CLDC":[83.50001,83.40001],"DEWP":[-1,-0.87999994],"FRSHTT":[100000,100000],"PRCP":[1.8099997,1.8199999],"SLP":[1011.7999,1011.7999],"SNDP":[0,0],"STP":[1017.45996,1015.5301],"TEMP":[2.82,2.6399999],"VISIB":[8.039999,8.160001],"WDSP":[13.6,13.109999],"WNDDIR":[14.6,15.9],"time":[1549364860,1549364918]}