{"CLDC":[50.389996],"DEWP":[-0.52],"FRSHTT":[100000],"PRCP":[0.15999998],"SLP":[1017.4],"SNDP":[0],"STP":[1017.5],"TEMP":[6.1000004],"VISIB":[9.43],"WDSP":[11.12],"WNDDIR":[198.2],"time":[1549364860]}