{"CLDC":[99.52],"DEWP":[-6.0200005],"FRSHTT":[1000000],"PRCP":[0],"SLP":[995.2001],"SNDP":[0],"STP":[999.20984],"TEMP":[-3.0400002],"VISIB":[35.14],"WDSP":[24.6],"WNDDIR":[96.1],"time":[1549364857]}