{"CLDC":[99.52,99.28999],"DEWP":[-6.0200005,-6.0600004],"FRSHTT":[1000000,1000000],"PRCP":[0,0],"SLP":[995.2001,995.2001],"SNDP":[0,0],"STP":[999.20984,999.55994],"TEMP":[-3.0400002,-2.9599998],"VISIB":[35.14,34.320004],"WDSP":[24.6,25.720001],"WNDDIR":[96.1,95.5],"time":[1549364857,1549364916]}