{"CLDC":[84.41001],"DEWP":[-5.54],"FRSHTT":[1100000],"PRCP":[0.009999999],"SLP":[977.1],"SNDP":[0],"STP":[976.79004],"TEMP":[-3.3200002],"VISIB":[13.49],"WDSP":[30.059998],"WNDDIR":[90.1],"time":[1549364857]}