{"CLDC":[84.41001,84.52],"DEWP":[-5.54,-5.7800007],"FRSHTT":[1100000,1100000],"PRCP":[0.009999999,0.009999999],"SLP":[977.1,977.1],"SNDP":[0,0],"STP":[976.79004,975.80994],"TEMP":[-3.3200002,-3.3000004],"VISIB":[13.49,13.81],"WDSP":[30.059998,28.62],"WNDDIR":[90.1,90],"time":[1549364857,1549364916]}