{"CLDC":[50.329998,50.389996],"DEWP":[-3.0000002,-2.8400004],"FRSHTT":[100000,100000],"PRCP":[0.029999997,0.029999997],"SLP":[1018.2001,1018.2001],"SNDP":[0,0],"STP":[1018.49005,1018.95996],"TEMP":[4.2799997,4.3999996],"VISIB":[15.219999,15.119998],"WDSP":[18.73,18.82],"WNDDIR":[309.7,308.9],"time":[1549364859,1549364917]}