{"CLDC":[76.34001,76.34999],"DEWP":[-2.22,-1.89],"FRSHTT":[100000,100000],"PRCP":[0.059999995,0.062],"SLP":[1016.7001,1016.7001],"SNDP":[0,0],"STP":[1023.3501,1024.13],"TEMP":[3.2800002,3.3400002],"VISIB":[11.08,11.559999],"WDSP":[7.950001,8.31],"WNDDIR":[224.7,219.1],"time":[1549364859,1549364917]}