{"CLDC":[76.34001],"DEWP":[-2.22],"FRSHTT":[100000],"PRCP":[0.059999995],"SLP":[1016.7001],"SNDP":[0],"STP":[1023.3501],"TEMP":[3.2800002],"VISIB":[11.08],"WDSP":[7.950001],"WNDDIR":[224.7],"time":[1549364859]}