{"CLDC":[1.9],"DEWP":[-13.240001],"FRSHTT":[0],"PRCP":[0],"SLP":[1048.9],"SNDP":[0],"STP":[1014.41003],"TEMP":[4.580001],"VISIB":[9.940001],"WDSP":[12.46],"WNDDIR":[167],"time":[1549364858]}