{"CLDC":[66.95],"DEWP":[0.53],"FRSHTT":[0],"PRCP":[0],"SLP":[1018],"SNDP":[0],"STP":[1008.61],"TEMP":[5.600001],"VISIB":[13.139999],"WDSP":[14.389999],"WNDDIR":[206.9],"time":[1549364858]}