{"CLDC":[58.319996],"DEWP":[-1.2500001],"FRSHTT":[100000],"PRCP":[0.019999998],"SLP":[954.6],"SNDP":[0],"STP":[961.24005],"TEMP":[3.02],"VISIB":[11.51],"WDSP":[15.109999],"WNDDIR":[60.2],"time":[1549364858]}