{"CLDC":[50.100006,50.13],"DEWP":[-5.6,-5.6],"FRSHTT":[1110000,1110000],"PRCP":[0.11999999,0.11999999],"SLP":[1000.5,1000.5],"SNDP":[0.20000002,0.20000002],"STP":[998.6,998.7001],"TEMP":[-3.0800002,-3.04],"VISIB":[18.96,19.18],"WDSP":[28.920002,29.01],"WNDDIR":[20.6,18.9],"time":[1549364857,1549364916]}