{"CLDC":[74.21001,74.41],"DEWP":[0.10000001,1.7881394e-8],"FRSHTT":[100000,100000],"PRCP":[0.09000001,0.09000001],"SLP":[1016.34,1016.44006],"SNDP":[0,0],"STP":[1015.2999,1015.2999],"TEMP":[5.4999995,5.5199995],"VISIB":[15.710001,16.119999],"WDSP":[13.49,12.490001],"WNDDIR":[133.7,129.4],"time":[1549364858,1549364917]}