{"CLDC":[16.080002],"DEWP":[-3.6200004],"FRSHTT":[0],"PRCP":[0],"SLP":[1018.7001],"SNDP":[0],"STP":[1021.68005],"TEMP":[2.88],"VISIB":[14.649999],"WDSP":[14.7],"WNDDIR":[128.2],"time":[1549364857]}