{"CLDC":[60.589996,60.57],"DEWP":[-7.3,-7.4],"FRSHTT":[0,0],"PRCP":[0,0],"SLP":[1015.85,1015.89],"SNDP":[0,0],"STP":[1012.5001,1012.4],"TEMP":[5.52,5.4],"VISIB":[13.070002,13.259999],"WDSP":[14.490001,14.969999],"WNDDIR":[306.6,304.1],"time":[1549364857,1549364916]}