{"CLDC":[60.589996],"DEWP":[-7.3],"FRSHTT":[0],"PRCP":[0],"SLP":[1015.85],"SNDP":[0],"STP":[1012.5001],"TEMP":[5.52],"VISIB":[13.070002],"WDSP":[14.490001],"WNDDIR":[306.6],"time":[1549364857]}