{"CLDC":[16.080002,16.16],"DEWP":[-3.6200004,-3.2599998],"FRSHTT":[0,0],"PRCP":[0,0],"SLP":[1018.7001,1018.6],"SNDP":[0,0],"STP":[1021.68005,1021.6],"TEMP":[2.88,2.8000002],"VISIB":[14.649999,15.26],"WDSP":[14.7,14.57],"WNDDIR":[128.2,126.8],"time":[1549364857,1549364916]}