{"CLDC":[37.249996,37.399998],"DEWP":[-6.6400003,-6.75],"FRSHTT":[0,0],"PRCP":[0,0],"SLP":[1013.79004,1014.07],"SNDP":[0,0],"STP":[933.85,933.7001],"TEMP":[1.37,1.32],"VISIB":[14.289999,14.7300005],"WDSP":[14.250002,14.590001],"WNDDIR":[303.3,300.9],"time":[1549364860,1549364918]}