{"CLDC":[85.55],"DEWP":[-0.48000002],"FRSHTT":[100000],"PRCP":[0.019999998],"SLP":[1012.9899],"SNDP":[0],"STP":[941.32996],"TEMP":[4.0199995],"VISIB":[10.02],"WDSP":[8.169999],"WNDDIR":[112],"time":[1549364859]}