{"CLDC":[85.55,85.27999],"DEWP":[-0.48000002,-0.62],"FRSHTT":[100000,100000],"PRCP":[0.019999998,0.019999998],"SLP":[1012.9899,1012.9899],"SNDP":[0,0],"STP":[941.32996,941.5],"TEMP":[4.0199995,3.9799995],"VISIB":[10.02,9.800001],"WDSP":[8.169999,8.5199995],"WNDDIR":[112,117],"time":[1549364859,1549364918]}