{"CLDC":[78.909996],"DEWP":[-3.56],"FRSHTT":[0],"PRCP":[0],"SLP":[1018.75995],"SNDP":[0],"STP":[939.4],"TEMP":[2.01],"VISIB":[8.83],"WDSP":[14.110001],"WNDDIR":[152.8],"time":[1549364859]}