{"CLDC":[55.349995,55.01],"DEWP":[-0.35,-0.1],"FRSHTT":[0,0],"PRCP":[0,0],"SLP":[1044.5999,1044.5999],"SNDP":[0,0],"STP":[1027.62,1029.14],"TEMP":[1.8,1.8],"VISIB":[18.189999,17.509998],"WDSP":[15.219999,14.990001],"WNDDIR":[198.9,199.5],"time":[1549364860,1549364918]}