{"CLDC":[78.909996,79.229996],"DEWP":[-3.56,-3.45],"FRSHTT":[0,0],"PRCP":[0,0],"SLP":[1018.75995,1018.7001],"SNDP":[0,0],"STP":[939.4,939.45],"TEMP":[2.01,2.0400002],"VISIB":[8.83,8.280001],"WDSP":[14.110001,15.890001],"WNDDIR":[152.8,153.9],"time":[1549364859,1549364917]}