{"CLDC":[55.349995],"DEWP":[-0.35],"FRSHTT":[0],"PRCP":[0],"SLP":[1044.5999],"SNDP":[0],"STP":[1027.62],"TEMP":[1.8],"VISIB":[18.189999],"WDSP":[15.219999],"WNDDIR":[198.9],"time":[1549364860]}