{"CLDC":[57.47,57],"DEWP":[-3.28,-3.0399997],"FRSHTT":[100000,100000],"PRCP":[0.029999997,0.029999997],"SLP":[1017.1,1017.1],"SNDP":[0,0],"STP":[947.2999,947.2001],"TEMP":[2,2],"VISIB":[8.69,8.67],"WDSP":[16.3,16.24],"WNDDIR":[61,61.6],"time":[1549364859,1549364918]}