{"CLDC":[57.789997,57.52],"DEWP":[-2.8400002,-2.52],"FRSHTT":[100000,100000],"PRCP":[0.009999999,0.009999999],"SLP":[1016.7001,1016.7001],"SNDP":[0,0],"STP":[951,951],"TEMP":[2.5,2.48],"VISIB":[8.99,9.310001],"WDSP":[14.31,14.2699995],"WNDDIR":[105.7,110.9],"time":[1549364860,1549364918]}