{"CLDC":[60.47,60.22],"DEWP":[-6.0199995,-5.8399997],"FRSHTT":[1110000,1110000],"PRCP":[0.09000001,0.09000001],"SLP":[1000.5,1000.5],"SNDP":[0.5,0.5],"STP":[1001.99005,1001.88],"TEMP":[-2.8799999,-2.86],"VISIB":[21.26,21.68],"WDSP":[25.930002,26.41],"WNDDIR":[322.9,325.8],"time":[1549364858,1549364917]}