{"CLDC":[60.47],"DEWP":[-6.0199995],"FRSHTT":[1110000],"PRCP":[0.09000001],"SLP":[1000.5],"SNDP":[0.5],"STP":[1001.99005],"TEMP":[-2.8799999],"VISIB":[21.26],"WDSP":[25.930002],"WNDDIR":[322.9],"time":[1549364858]}