{"CLDC":[55.680004,55.55],"DEWP":[-9.900001,-9.900001],"FRSHTT":[0,0],"PRCP":[0,0],"SLP":[874.50995,874.39],"SNDP":[0,0],"STP":[891.77997,891.7999],"TEMP":[0.56,0.54999995],"VISIB":[9.61,9.089999],"WDSP":[15.2699995,17.029999],"WNDDIR":[10.3,8.8],"time":[1549364856,1549364916]}