{"CLDC":[17.5,17.499998],"DEWP":[-3.5600002,-3.8799999],"FRSHTT":[0,0],"PRCP":[0,0],"SLP":[1024.7001,1024.7001],"SNDP":[0,0],"STP":[1048.99,1049.01],"TEMP":[3.7900002,3.72],"VISIB":[9.210001,9.48],"WDSP":[22.42,24.619999],"WNDDIR":[247.5,248.1],"time":[1549364861,1549364919]}