{"CLDC":[17.5],"DEWP":[-3.5600002],"FRSHTT":[0],"PRCP":[0],"SLP":[1024.7001],"SNDP":[0],"STP":[1048.99],"TEMP":[3.7900002],"VISIB":[9.210001],"WDSP":[22.42],"WNDDIR":[247.5],"time":[1549364861]}