{"CLDC":[73,72.90001],"DEWP":[-6.790001,-6.790001],"FRSHTT":[0,0],"PRCP":[0,0],"SLP":[951.81995,951.81995],"SNDP":[0,0],"STP":[956.1,956.1],"TEMP":[0.64,0.65999997],"VISIB":[9.759999,10.240001],"WDSP":[17.01,17.869999],"WNDDIR":[5.9,4.9],"time":[1549364861,1549364919]}