{"CLDC":[72.37,72.34],"DEWP":[-9.17,-9.17],"FRSHTT":[0,0],"PRCP":[0,0],"SLP":[1012.68,1012.61005],"SNDP":[0,0],"STP":[1006.49005,1006.94006],"TEMP":[1.1800001,1.2],"VISIB":[9.89,10.030001],"WDSP":[8.929999,9.320001],"WNDDIR":[206.9,206.1],"time":[1549364861,1549364919]}