{"CLDC":[73],"DEWP":[-6.790001],"FRSHTT":[0],"PRCP":[0],"SLP":[951.81995],"SNDP":[0],"STP":[956.1],"TEMP":[0.64],"VISIB":[9.759999],"WDSP":[17.01],"WNDDIR":[5.9],"time":[1549364861]}