{"CLDC":[40.769997],"DEWP":[-7.8199997],"FRSHTT":[0],"PRCP":[0],"SLP":[1019.2999],"SNDP":[0],"STP":[986.82],"TEMP":[1.9399999],"VISIB":[10.099999],"WDSP":[12.2300005],"WNDDIR":[243.4],"time":[1549364861]}