{"CLDC":[40.769997,40.39],"DEWP":[-7.8199997,-7.95],"FRSHTT":[0,0],"PRCP":[0,0],"SLP":[1019.2999,1019.2999],"SNDP":[0,0],"STP":[986.82,986.38007],"TEMP":[1.9399999,1.9199998],"VISIB":[10.099999,9.71],"WDSP":[12.2300005,12.49],"WNDDIR":[243.4,243.6],"time":[1549364861,1549364919]}