{"CLDC":[77.78999],"DEWP":[-6.9],"FRSHTT":[0],"PRCP":[0],"SLP":[1019.1],"SNDP":[0],"STP":[982.42004],"TEMP":[2.02],"VISIB":[10.43],"WDSP":[14.029999],"WNDDIR":[254.9],"time":[1549364860]}