{"CLDC":[70.979996],"DEWP":[-7.600001],"FRSHTT":[0],"PRCP":[0],"SLP":[1019],"SNDP":[0],"STP":[962.4],"TEMP":[0.9799999],"VISIB":[9.33],"WDSP":[14.790001],"WNDDIR":[279.6],"time":[1549364860]}