{"CLDC":[77.78999,77.93001],"DEWP":[-6.9,-6.9],"FRSHTT":[0,0],"PRCP":[0,0],"SLP":[1019.1,1019.04004],"SNDP":[0,0],"STP":[982.42004,981.93],"TEMP":[2.02,2],"VISIB":[10.43,10.320001],"WDSP":[14.029999,14.15],"WNDDIR":[254.9,252],"time":[1549364860,1549364918]}