{"CLDC":[57.879997],"DEWP":[-9.289999],"FRSHTT":[0],"PRCP":[0],"SLP":[1019.4],"SNDP":[0],"STP":[972.9],"TEMP":[1.7299999],"VISIB":[10.179999],"WDSP":[14.15],"WNDDIR":[147.3],"time":[1549364860]}