{"CLDC":[57.879997,57.799995],"DEWP":[-9.289999,-9.29],"FRSHTT":[0,0],"PRCP":[0,0],"SLP":[1019.4,1019.4],"SNDP":[0,0],"STP":[972.9,973.00995],"TEMP":[1.7299999,1.7299999],"VISIB":[10.179999,9.769999],"WDSP":[14.15,13.33],"WNDDIR":[147.3,143.2],"time":[1549364860,1549364918]}