{"CLDC":[43.46,43.580006],"DEWP":[-4.7599998,-4.89],"FRSHTT":[0,0],"PRCP":[0,0],"SLP":[1015.2001,1015.2001],"SNDP":[0,0],"STP":[966.9,966.9],"TEMP":[3.98,3.98],"VISIB":[9.199999,10.059999],"WDSP":[15.360001,15.089999],"WNDDIR":[117.9,118.4],"time":[1549364860,1549364918]}