{"CLDC":[91.25,91.079994],"DEWP":[-5.9000006,-5.9000006],"FRSHTT":[0,0],"PRCP":[0,0],"SLP":[1020.35,1020.4],"SNDP":[0,0],"STP":[1015.05,1015.57],"TEMP":[5.1799994,5.18],"VISIB":[9.43,9.480001],"WDSP":[12.81,13.609999],"WNDDIR":[157.7,158.9],"time":[1549364860,1549364918]}