{"CLDC":[8.039999,8.069999],"DEWP":[-9.08,-9.21],"FRSHTT":[0,0],"PRCP":[0,0],"SLP":[1017.2999,1017.2999],"SNDP":[0,0],"STP":[996.72003,996.9],"TEMP":[2.5000002,2.4999998],"VISIB":[9.800001,9.45],"WDSP":[13.070002,15.290001],"WNDDIR":[75.5,74.4],"time":[1549364860,1549364918]}