{"CLDC":[91.25],"DEWP":[-5.9000006],"FRSHTT":[0],"PRCP":[0],"SLP":[1020.35],"SNDP":[0],"STP":[1015.05],"TEMP":[5.1799994],"VISIB":[9.43],"WDSP":[12.81],"WNDDIR":[157.7],"time":[1549364860]}