{"CLDC":[8.039999],"DEWP":[-9.08],"FRSHTT":[0],"PRCP":[0],"SLP":[1017.2999],"SNDP":[0],"STP":[996.72003],"TEMP":[2.5000002],"VISIB":[9.800001],"WDSP":[13.070002],"WNDDIR":[75.5],"time":[1549364860]}