{"CLDC":[43.46],"DEWP":[-4.7599998],"FRSHTT":[0],"PRCP":[0],"SLP":[1015.2001],"SNDP":[0],"STP":[966.9],"TEMP":[3.98],"VISIB":[9.199999],"WDSP":[15.360001],"WNDDIR":[117.9],"time":[1549364860]}