{"CLDC":[66.99],"DEWP":[-7.9800005],"FRSHTT":[1100000],"PRCP":[0.07999999],"SLP":[978.7999],"SNDP":[0],"STP":[986.2499],"TEMP":[-5.75],"VISIB":[16.310001],"WDSP":[29.45],"WNDDIR":[7.1],"time":[1549364858]}