{"CLDC":[98.65001],"DEWP":[-2.66],"FRSHTT":[0],"PRCP":[0],"SLP":[1017.2001],"SNDP":[0],"STP":[1017.81995],"TEMP":[6.299999],"VISIB":[11.5],"WDSP":[15.06],"WNDDIR":[149.3],"time":[1549364858]}