{"CLDC":[2.6900003],"DEWP":[-9.4],"FRSHTT":[0],"PRCP":[0],"SLP":[1017.2999],"SNDP":[0],"STP":[967.4],"TEMP":[3.3400002],"VISIB":[9.54],"WDSP":[11.53],"WNDDIR":[315.3],"time":[1549364858]}