{"CLDC":[35.100002,35.160004],"DEWP":[-2.3999999,-2.3999999],"FRSHTT":[0,0],"PRCP":[0,0],"SLP":[1018,1018],"SNDP":[0,0],"STP":[1016.5,1016.5],"TEMP":[5.7,5.7600007],"VISIB":[9.530001,9.499999],"WDSP":[16.990002,17.369999],"WNDDIR":[67,67.7],"time":[1549364857,1549364916]}