{"CLDC":[29.869999,29.660004],"DEWP":[-4.1000004,-4.4000006],"FRSHTT":[0,0],"PRCP":[0,0],"SLP":[1001.7899,1001.7899],"SNDP":[0,0],"STP":[1004.2999,1004.2999],"TEMP":[4.08,4.2200003],"VISIB":[8.63,9.139999],"WDSP":[11.860001,11.85],"WNDDIR":[342.2,344],"time":[1549364857,1549364916]}