{"CLDC":[62.22],"DEWP":[0.05999999],"FRSHTT":[0],"PRCP":[0],"SLP":[1017.57],"SNDP":[0],"STP":[1017.88],"TEMP":[6.9799995],"VISIB":[13.42],"WDSP":[15.45],"WNDDIR":[50.2],"time":[1549364857]}