{"CLDC":[33.469997,33.66],"DEWP":[-2.94,-3.1600003],"FRSHTT":[0,0],"PRCP":[0,0],"SLP":[1017.7999,1017.7999],"SNDP":[0,0],"STP":[999.9,999.9],"TEMP":[7.0800004,7.05],"VISIB":[8.82,9.280001],"WDSP":[15.289999,14.129999],"WNDDIR":[113.4,112.9],"time":[1549364857,1549364916]}