{"CLDC":[61.829998,61.859997],"DEWP":[1.8600003,1.8],"FRSHTT":[0,0],"PRCP":[0,0],"SLP":[1018.7001,1018.7001],"SNDP":[0,0],"STP":[1023.5301,1023.32996],"TEMP":[7.2,7.1400003],"VISIB":[23.889997,22.78],"WDSP":[21.45,22.110003],"WNDDIR":[108.3,104.5],"time":[1549364857,1549364916]}