{"CLDC":[61.829998],"DEWP":[1.8600003],"FRSHTT":[0],"PRCP":[0],"SLP":[1018.7001],"SNDP":[0],"STP":[1023.5301],"TEMP":[7.2],"VISIB":[23.889997],"WDSP":[21.45],"WNDDIR":[108.3],"time":[1549364857]}