{"CLDC":[51.829994],"DEWP":[-3.9099998],"FRSHTT":[0],"PRCP":[0],"SLP":[1015.2001],"SNDP":[0],"STP":[1013.0301],"TEMP":[6.2200003],"VISIB":[10.81],"WDSP":[13.530001],"WNDDIR":[190.3],"time":[1549364856]}