{"CLDC":[30.389996],"DEWP":[-11.650002],"FRSHTT":[0],"PRCP":[0],"SLP":[1019.2999],"SNDP":[0],"STP":[964.1],"TEMP":[2.6499996],"VISIB":[9.68],"WDSP":[12.620001],"WNDDIR":[1],"time":[1549364856]}