{"CLDC":[51.829994,51.809998],"DEWP":[-3.9099998,-3.65],"FRSHTT":[0,0],"PRCP":[0,0],"SLP":[1015.2001,1015.2001],"SNDP":[0,0],"STP":[1013.0301,1012.69006],"TEMP":[6.2200003,6.1000004],"VISIB":[10.81,11.62],"WDSP":[13.530001,12.539999],"WNDDIR":[190.3,186.3],"time":[1549364856,1549364915]}