{"CLDC":[7.88,8.17],"DEWP":[-9.12,-9.25],"FRSHTT":[0,0],"PRCP":[0,0],"SLP":[1014.2999,1014.2999],"SNDP":[0,0],"STP":[967.43,967.38995],"TEMP":[7.4199996,7.4499993],"VISIB":[9.38,9.65],"WDSP":[11.190001,10.330001],"WNDDIR":[32.8,35.3],"time":[1549364856,1549364915]}