{"CLDC":[32.23,32.15],"DEWP":[-7.6800003,-7.999999],"FRSHTT":[0,0],"PRCP":[0,0],"SLP":[1022,1022],"SNDP":[0,0],"STP":[994.19006,993.54004],"TEMP":[2.9100003,3.0500002],"VISIB":[11.400001,11.76],"WDSP":[10.35,10.55],"WNDDIR":[113.4,114.7],"time":[1549364856,1549364916]}