{"CLDC":[39.34,39.289997],"DEWP":[-0.62,-0.49],"FRSHTT":[0,0],"PRCP":[0,0],"SLP":[1018.2999,1018.2999],"SNDP":[0,0],"STP":[1016.07,1015.9],"TEMP":[4.7799997,4.78],"VISIB":[30.210001,30.110004],"WDSP":[17.849998,17.87],"WNDDIR":[204.3,202.9],"time":[1549364856,1549364916]}