{"CLDC":[39.34],"DEWP":[-0.62],"FRSHTT":[0],"PRCP":[0],"SLP":[1018.2999],"SNDP":[0],"STP":[1016.07],"TEMP":[4.7799997],"VISIB":[30.210001],"WDSP":[17.849998],"WNDDIR":[204.3],"time":[1549364856]}