{"CLDC":[32.23],"DEWP":[-7.6800003],"FRSHTT":[0],"PRCP":[0],"SLP":[1022],"SNDP":[0],"STP":[994.19006],"TEMP":[2.9100003],"VISIB":[11.400001],"WDSP":[10.35],"WNDDIR":[113.4],"time":[1549364856]}