{"CLDC":[73.44,73.90001],"DEWP":[2.6000001,2.72],"FRSHTT":[100000,100000],"PRCP":[0.45999998,0.45999998],"SLP":[1021.7999,1021.7999],"SNDP":[0,0],"STP":[993.7999,993.7999],"TEMP":[8.86,8.91],"VISIB":[13.2300005,12.179999],"WDSP":[9.19,9.719999],"WNDDIR":[37.7,37.9],"time":[1549364856,1549364916]}