{"CLDC":[73.44],"DEWP":[2.6000001],"FRSHTT":[100000],"PRCP":[0.45999998],"SLP":[1021.7999],"SNDP":[0],"STP":[993.7999],"TEMP":[8.86],"VISIB":[13.2300005],"WDSP":[9.19],"WNDDIR":[37.7],"time":[1549364856]}