{"CLDC":[66.840004],"DEWP":[-8.219999],"FRSHTT":[1100000],"PRCP":[0.059999995],"SLP":[1009.6501],"SNDP":[0],"STP":[998.9699],"TEMP":[-4.1099997],"VISIB":[46.29],"WDSP":[16.310001],"WNDDIR":[267.6],"time":[1549364859]}