{"CLDC":[79.12999],"DEWP":[2.57],"FRSHTT":[0],"PRCP":[0],"SLP":[1012.9],"SNDP":[0],"STP":[1011.11005],"TEMP":[11.770001],"VISIB":[9.719999],"WDSP":[14.15],"WNDDIR":[18.6],"time":[1549364861]}