{"CLDC":[53.680004,53.170002],"DEWP":[-4.1500006,-4.1500006],"FRSHTT":[1100000,1100000],"PRCP":[0.019999998,0.019999998],"SLP":[995.7999,995.7999],"SNDP":[0,0],"STP":[995.06006,994.61],"TEMP":[-1.26,-1.25],"VISIB":[27.409998,27.939999],"WDSP":[51.05,49.989998],"WNDDIR":[278.8,279.9],"time":[1549364859,1549364917]}