{"CLDC":[53.680004],"DEWP":[-4.1500006],"FRSHTT":[1100000],"PRCP":[0.019999998],"SLP":[995.7999],"SNDP":[0],"STP":[995.06006],"TEMP":[-1.26],"VISIB":[27.409998],"WDSP":[51.05],"WNDDIR":[278.8],"time":[1549364859]}