{"CLDC":[7.8,7.75],"DEWP":[-10.74,-11.219999],"FRSHTT":[0,0],"PRCP":[0,0],"SLP":[1013.7999,1013.7001],"SNDP":[0,0],"STP":[1037.51,1037.49],"TEMP":[6.7799997,6.6999993],"VISIB":[8.539999,8.9],"WDSP":[21.6,20.92],"WNDDIR":[356,358.3],"time":[1549364860,1549364918]}