{"CLDC":[86.78],"DEWP":[-2.3400002],"FRSHTT":[0],"PRCP":[0],"SLP":[1003.6],"SNDP":[0],"STP":[984.5],"TEMP":[6.1400003],"VISIB":[9.629999],"WDSP":[7.4600005],"WNDDIR":[182.2],"time":[1549364860]}