{"CLDC":[50.02],"DEWP":[-7.78],"FRSHTT":[1010000],"PRCP":[0],"SLP":[981.7999],"SNDP":[1.5],"STP":[979.75],"TEMP":[-6.2600007],"VISIB":[36.309998],"WDSP":[24.689999],"WNDDIR":[198.9],"time":[1549364859]}