{"CLDC":[37.98],"DEWP":[5.8500004],"FRSHTT":[0],"PRCP":[0],"SLP":[1017.2999],"SNDP":[0],"STP":[1043.9001],"TEMP":[11.7],"VISIB":[54.909996],"WDSP":[9.950001],"WNDDIR":[130.5],"time":[1549364856]}