{"CLDC":[97.329994,97.40001],"DEWP":[-13.45,-13.08],"FRSHTT":[1110000,1110000],"PRCP":[0.019999998,0.019999998],"SLP":[998.1,998.1],"SNDP":[4.2999997,4.2999997],"STP":[920,920],"TEMP":[-11.24,-11.240001],"VISIB":[22.619999,22.050001],"WDSP":[34.04,33.760002],"WNDDIR":[186.6,183.2],"time":[1549364859,1549364917]}