{"CLDC":[81,81.38],"DEWP":[2.8600001,2.94],"FRSHTT":[0,0],"PRCP":[0,0],"SLP":[993.3501,993.1501],"SNDP":[0,0],"STP":[1002.23,1001.39],"TEMP":[3.8,3.72],"VISIB":[11.04,10.669999],"WDSP":[24.579998,24.91],"WNDDIR":[348.4,348.8],"time":[1549364856,1549364915]}