{"CLDC":[81],"DEWP":[2.8600001],"FRSHTT":[0],"PRCP":[0],"SLP":[993.3501],"SNDP":[0],"STP":[1002.23],"TEMP":[3.8],"VISIB":[11.04],"WDSP":[24.579998],"WNDDIR":[348.4],"time":[1549364856]}