{"CLDC":[97.329994],"DEWP":[-13.45],"FRSHTT":[1110000],"PRCP":[0.019999998],"SLP":[998.1],"SNDP":[4.2999997],"STP":[920],"TEMP":[-11.24],"VISIB":[22.619999],"WDSP":[34.04],"WNDDIR":[186.6],"time":[1549364859]}