{"CLDC":[95.43001,95.58999],"DEWP":[-2.74,-3.22],"FRSHTT":[0,0],"PRCP":[0,0],"SLP":[1016.2999,1016.4],"SNDP":[0,0],"STP":[1011.8999,1011.52997],"TEMP":[5.65,5.6499996],"VISIB":[27.6,28.309998],"WDSP":[13.289999,12.960001],"WNDDIR":[303.4,305.4],"time":[1549364856,1549364916]}