{"CLDC":[79.74999],"DEWP":[9.999999],"FRSHTT":[0],"PRCP":[0],"SLP":[1011.5],"SNDP":[0],"STP":[1027.5199],"TEMP":[14.839999],"VISIB":[9.83],"WDSP":[8.1],"WNDDIR":[98.4],"time":[1549364856]}