{"CLDC":[50.130005],"DEWP":[-20.460001],"FRSHTT":[100000],"PRCP":[0.019999998],"SLP":[1013.37],"SNDP":[0],"STP":[993.36005],"TEMP":[3.0500002],"VISIB":[9.700001],"WDSP":[3.4599998],"WNDDIR":[26.7],"time":[1549364856]}