{"CLDC":[60.819996,60.97],"DEWP":[-6.1599994,-6.3999996],"FRSHTT":[0,0],"PRCP":[0,0],"SLP":[1025.5999,1025.5999],"SNDP":[0,0],"STP":[1013.55,1013.2101],"TEMP":[3.6200001,3.6200001],"VISIB":[13.589999,13.320002],"WDSP":[9.85,10.179998],"WNDDIR":[335.3,331.2],"time":[1549364855,1549364915]}