{"CLDC":[60.819996],"DEWP":[-6.1599994],"FRSHTT":[0],"PRCP":[0],"SLP":[1025.5999],"SNDP":[0],"STP":[1013.55],"TEMP":[3.6200001],"VISIB":[13.589999],"WDSP":[9.85],"WNDDIR":[335.3],"time":[1549364855]}