{"CLDC":[42.53,42.389996],"DEWP":[-5.35,-5.3500004],"FRSHTT":[0,0],"PRCP":[0,0],"SLP":[1016.6,1016.6],"SNDP":[0,0],"STP":[1015.2999,1015.24005],"TEMP":[4.18,4.21],"VISIB":[8.88,8.69],"WDSP":[13.7,13.820002],"WNDDIR":[61.1,63.1],"time":[1549364855,1549364915]}