{"CLDC":[95.87001,95.869995],"DEWP":[7.46,7.339999],"FRSHTT":[0,0],"PRCP":[0,0],"SLP":[1014.2999,1014.2999],"SNDP":[0,0],"STP":[998.9,998.97003],"TEMP":[13.2,13],"VISIB":[35.87,36.4],"WDSP":[22.140001,22.27],"WNDDIR":[140.5,135.2],"time":[1549364855,1549364915]}