{"CLDC":[22.050003],"DEWP":[-11.5],"FRSHTT":[0],"PRCP":[0],"SLP":[1025.7999],"SNDP":[0],"STP":[996.1],"TEMP":[2.2400002],"VISIB":[14.219999],"WDSP":[8.04],"WNDDIR":[100],"time":[1549364855]}