{"CLDC":[95.87001],"DEWP":[7.46],"FRSHTT":[0],"PRCP":[0],"SLP":[1014.2999],"SNDP":[0],"STP":[998.9],"TEMP":[13.2],"VISIB":[35.87],"WDSP":[22.140001],"WNDDIR":[140.5],"time":[1549364855]}