{"CLDC":[72.41,72.36],"DEWP":[-4.64,-4.04],"FRSHTT":[1000000,1000000],"PRCP":[0,0],"SLP":[1020.92004,1021.2001],"SNDP":[0,0],"STP":[1052.2499,1052.41],"TEMP":[-1.7999998,-1.8],"VISIB":[18.210001,17.46],"WDSP":[12.28,12.95],"WNDDIR":[40.3,39.9],"time":[1549364860,1549364918]}