{"CLDC":[63.889996,63.920002],"DEWP":[-1.7,-1.5],"FRSHTT":[0,0],"PRCP":[0,0],"SLP":[1014.4,1014.4],"SNDP":[0,0],"STP":[989.80994,989.82996],"TEMP":[3.4,3.3399997],"VISIB":[16.99,16.719997],"WDSP":[9.41,9.74],"WNDDIR":[148,145.9],"time":[1549364860,1549364918]}