{"CLDC":[94.81,95.21001],"DEWP":[-3.3600001,-3.25],"FRSHTT":[0,0],"PRCP":[0,0],"SLP":[1015.2001,1015.2001],"SNDP":[0,0],"STP":[990.67004,990.63007],"TEMP":[3.7400002,3.7],"VISIB":[20.2,20.45],"WDSP":[3,3],"WNDDIR":[355.6,356.1],"time":[1549364859,1549364917]}