{"CLDC":[50.090004,50.02],"DEWP":[-8.05,-8.190001],"FRSHTT":[1110000,1110000],"PRCP":[0.050000004,0.050000004],"SLP":[1002.2001,1002.2001],"SNDP":[0.10000001,0.10000001],"STP":[1004.15,1004.24005],"TEMP":[-5.4199996,-5.3],"VISIB":[31.780003,31.789999],"WDSP":[16.249998,17.41],"WNDDIR":[10,8.8],"time":[1549364859,1549364918]}