{"CLDC":[94.81],"DEWP":[-3.3600001],"FRSHTT":[0],"PRCP":[0],"SLP":[1015.2001],"SNDP":[0],"STP":[990.67004],"TEMP":[3.7400002],"VISIB":[20.2],"WDSP":[3],"WNDDIR":[355.6],"time":[1549364859]}