{"CLDC":[50.090004],"DEWP":[-8.05],"FRSHTT":[1110000],"PRCP":[0.050000004],"SLP":[1002.2001],"SNDP":[0.10000001],"STP":[1004.15],"TEMP":[-5.4199996],"VISIB":[31.780003],"WDSP":[16.249998],"WNDDIR":[10],"time":[1549364859]}