{"CLDC":[39.84,40.309998],"DEWP":[-6.5,-6.6400003],"FRSHTT":[0,0],"PRCP":[0,0],"SLP":[1017.2899,1017.2001],"SNDP":[0,0],"STP":[1013.1,1013.1],"TEMP":[0,0],"VISIB":[44.270004,44.909996],"WDSP":[13.210001,12.53],"WNDDIR":[328.9,326.4],"time":[1549364859,1549364917]}