{"CLDC":[61.160004,60.869995],"DEWP":[-7.1200004,-7.1200004],"FRSHTT":[0,0],"PRCP":[0,0],"SLP":[1014.16003,1013.75],"SNDP":[0,0],"STP":[1052.85,1052.6399],"TEMP":[2.1,2.1],"VISIB":[9.12,8.999999],"WDSP":[12.4800005,12.629999],"WNDDIR":[349.9,350.5],"time":[1549364859,1549364917]}