{"CLDC":[50.04,50.200005],"DEWP":[-7.4199996,-7.3],"FRSHTT":[1110000,1110000],"PRCP":[0.059999995,0.062],"SLP":[1003,1003.1],"SNDP":[0.5,0.5],"STP":[999.69006,1000.1],"TEMP":[-3.94,-3.9399998],"VISIB":[36.730003,37.300003],"WDSP":[17.77,17.11],"WNDDIR":[201.8,204.6],"time":[1549364859,1549364918]}