{"CLDC":[77.34999,77.09],"DEWP":[-6.6200004,-6.4799995],"FRSHTT":[1000000,1000000],"PRCP":[0,0],"SLP":[1027.03,1026.8099],"SNDP":[0,0],"STP":[1012.86993,1014.13995],"TEMP":[-3.45,-3.4699998],"VISIB":[29.36,28.64],"WDSP":[45.64,44.26],"WNDDIR":[63.8,64.5],"time":[1549364859,1549364918]}