{"CLDC":[74.850006,74.619995],"DEWP":[-5.1500006,-5.1500006],"FRSHTT":[0,0],"PRCP":[0,0],"SLP":[1019.16003,1019.5],"SNDP":[0,0],"STP":[1016,1018.25],"TEMP":[0.93,0.95],"VISIB":[9.01,9.07],"WDSP":[6.8599997,6.95],"WNDDIR":[136,137],"time":[1549364858,1549364916]}