{"CLDC":[48.640007],"DEWP":[-6.8],"FRSHTT":[0],"PRCP":[0],"SLP":[1014.2001],"SNDP":[0],"STP":[1017.75],"TEMP":[2.3600001],"VISIB":[18.570002],"WDSP":[6.9900002],"WNDDIR":[43.5],"time":[1549364858]}