{"CLDC":[49.35,49.21],"DEWP":[-3.98,-4.1499996],"FRSHTT":[0,0],"PRCP":[0,0],"SLP":[1013.02997,1013.1],"SNDP":[0,0],"STP":[1028.2899,1028.9601],"TEMP":[2.1,2.0499997],"VISIB":[19.779999,19.67],"WDSP":[11.65,11.51],"WNDDIR":[316.1,313.3],"time":[1549364857,1549364916]}