{"CLDC":[28.580002,28.439999],"DEWP":[-6.7599998,-6.88],"FRSHTT":[0,0],"PRCP":[0,0],"SLP":[1025.9001,1025.9001],"SNDP":[0,0],"STP":[1022.36,1022.2199],"TEMP":[0.62,0.56000006],"VISIB":[15.179998,14.910001],"WDSP":[4.44,4.14],"WNDDIR":[266,264.1],"time":[1549364857,1549364916]}