{"CLDC":[49.35],"DEWP":[-3.98],"FRSHTT":[0],"PRCP":[0],"SLP":[1013.02997],"SNDP":[0],"STP":[1028.2899],"TEMP":[2.1],"VISIB":[19.779999],"WDSP":[11.65],"WNDDIR":[316.1],"time":[1549364857]}