{"CLDC":[87.43001,87.34001],"DEWP":[-2.3999999,-2.52],"FRSHTT":[0,0],"PRCP":[0,0],"SLP":[1024.9299,1025],"SNDP":[0,0],"STP":[1004.7999,1004.9],"TEMP":[4.82,4.88],"VISIB":[11.58,11.85],"WDSP":[11.76,11.39],"WNDDIR":[231.6,231.9],"time":[1549364858,1549364916]}