{"CLDC":[33.329998,33.359993],"DEWP":[1.02,1.02],"FRSHTT":[0,0],"PRCP":[0,0],"SLP":[985.63007,987.95],"SNDP":[0,0],"STP":[988.66003,988.93994],"TEMP":[1.9399999,1.8799999],"VISIB":[2.3400002,1.8300002],"WDSP":[38.640003,38.279995],"WNDDIR":[249.9,251.9],"time":[1549364861,1549364919]}