{"CLDC":[43.56,43.620003],"DEWP":[-3.4,-3.5],"FRSHTT":[1000000,1000000],"PRCP":[0,0],"SLP":[1033.7999,1033.9001],"SNDP":[0,0],"STP":[1034.91,1034.9001],"TEMP":[-0.59999996,-0.59999996],"VISIB":[6.5399995,6.7399993],"WDSP":[4.55,5.27],"WNDDIR":[158.9,157.4],"time":[1549364861,1549364919]}