{"CLDC":[33.329998],"DEWP":[1.02],"FRSHTT":[0],"PRCP":[0],"SLP":[985.63007],"SNDP":[0],"STP":[988.66003],"TEMP":[1.9399999],"VISIB":[2.3400002],"WDSP":[38.640003],"WNDDIR":[249.9],"time":[1549364861]}