{"CLDC":[82.990005,82.55],"DEWP":[-9.6,-9.6],"FRSHTT":[1110000,1110000],"PRCP":[0.039999995,0.039999995],"SLP":[1024.22,1024.2999],"SNDP":[0.8000001,0.8000001],"STP":[834.6,834.6],"TEMP":[-4.92,-4.88],"VISIB":[10.25,10.17],"WDSP":[9.589999,10.380001],"WNDDIR":[37,37.9],"time":[1549364860,1549364918]}