{"CLDC":[82.990005],"DEWP":[-9.6],"FRSHTT":[1110000],"PRCP":[0.039999995],"SLP":[1024.22],"SNDP":[0.8000001],"STP":[834.6],"TEMP":[-4.92],"VISIB":[10.25],"WDSP":[9.589999],"WNDDIR":[37],"time":[1549364860]}