{"CLDC":[59,58.72],"DEWP":[0.7000001,0.5500001],"FRSHTT":[0,0],"PRCP":[0,0],"SLP":[1011.61,1011.68],"SNDP":[0,0],"STP":[1014.2999,1014.2999],"TEMP":[2.8,2.85],"VISIB":[12.059999,12.04],"WDSP":[7.3700004,7.04],"WNDDIR":[211.2,213.6],"time":[1549364860,1549364918]}