{"CLDC":[59],"DEWP":[0.7000001],"FRSHTT":[0],"PRCP":[0],"SLP":[1011.61],"SNDP":[0],"STP":[1014.2999],"TEMP":[2.8],"VISIB":[12.059999],"WDSP":[7.3700004],"WNDDIR":[211.2],"time":[1549364860]}