{"CLDC":[81.41001],"DEWP":[-2.06],"FRSHTT":[100000],"PRCP":[0.009999999],"SLP":[1008.04004],"SNDP":[0],"STP":[1012.7999],"TEMP":[1.74],"VISIB":[12.040001],"WDSP":[5.43],"WNDDIR":[116.4],"time":[1549364860]}