{"CLDC":[49.96],"DEWP":[-6.2799997],"FRSHTT":[0],"PRCP":[0],"SLP":[1016.2699],"SNDP":[0],"STP":[871],"TEMP":[0.44],"VISIB":[12.01],"WDSP":[10.370001],"WNDDIR":[268],"time":[1549364860]}