{"CLDC":[95.420006],"DEWP":[-7.72],"FRSHTT":[1000000],"PRCP":[0],"SLP":[1020.2999],"SNDP":[0],"STP":[1042.51],"TEMP":[-1.5],"VISIB":[28.050003],"WDSP":[9.84],"WNDDIR":[43.9],"time":[1549364860]}