{"CLDC":[48.55],"DEWP":[1.8400002],"FRSHTT":[0],"PRCP":[0],"SLP":[1016],"SNDP":[0],"STP":[1018.2001],"TEMP":[4.0800004],"VISIB":[11.169999],"WDSP":[6.9],"WNDDIR":[66.7],"time":[1549364860]}