{"CLDC":[95.420006,95.28],"DEWP":[-7.72,-7.4200006],"FRSHTT":[1000000,1000000],"PRCP":[0,0],"SLP":[1020.2999,1020.2999],"SNDP":[0,0],"STP":[1042.51,1042.42],"TEMP":[-1.5,-1.3800001],"VISIB":[28.050003,27.570002],"WDSP":[9.84,9.890001],"WNDDIR":[43.9,44.6],"time":[1549364860,1549364918]}