{"CLDC":[81.41001,81.46999],"DEWP":[-2.06,-1.82],"FRSHTT":[100000,100000],"PRCP":[0.009999999,0.009999999],"SLP":[1008.04004,1008.17004],"SNDP":[0,0],"STP":[1012.7999,1012.82],"TEMP":[1.74,1.76],"VISIB":[12.040001,11.360002],"WDSP":[5.43,5.8399997],"WNDDIR":[116.4,114.6],"time":[1549364860,1549364918]}