{"CLDC":[50.110004,50.260002],"DEWP":[-7.750001,-7.53],"FRSHTT":[1110000,1110000],"PRCP":[0.009999999,0.009999999],"SLP":[1007.07,1007.2001],"SNDP":[0.5,0.5],"STP":[942.6,942.68],"TEMP":[-2.6399999,-2.58],"VISIB":[11.219999,10.820002],"WDSP":[9.64,8.629999],"WNDDIR":[268.9,270.2],"time":[1549364859,1549364917]}