{"CLDC":[56.47,56.439995],"DEWP":[-4.95,-5.2299995],"FRSHTT":[100000,100000],"PRCP":[0.059999995,0.059999995],"SLP":[1018.6,1018.6],"SNDP":[0,0],"STP":[909.9,909.7999],"TEMP":[1.1600001,0.9900001],"VISIB":[10.52,11.059999],"WDSP":[18.75,18.68],"WNDDIR":[109.7,109.8],"time":[1549364859,1549364917]}