{"CLDC":[50.239998,50.07],"DEWP":[-4.05,-4.1200004],"FRSHTT":[10000,10000],"PRCP":[0,0],"SLP":[1015.7001,1015.7001],"SNDP":[2.3999999,2.3999999],"STP":[860.5,860.49005],"TEMP":[0.43,0.45000005],"VISIB":[9.530001,10.139999],"WDSP":[11.5199995,12.93],"WNDDIR":[145.6,141.2],"time":[1549364859,1549364917]}