{"CLDC":[22.249998],"DEWP":[-5.72],"FRSHTT":[0],"PRCP":[0],"SLP":[1012.99005],"SNDP":[0],"STP":[884.95996],"TEMP":[1.3199999],"VISIB":[12.569999],"WDSP":[5.69],"WNDDIR":[332.2],"time":[1549364860]}