{"CLDC":[50.02],"DEWP":[-8.080001],"FRSHTT":[100000],"PRCP":[0.07],"SLP":[1014.7001],"SNDP":[0],"STP":[919.24005],"TEMP":[0.45],"VISIB":[19.689999],"WDSP":[10.78],"WNDDIR":[261.4],"time":[1549364860]}