{"CLDC":[50.18],"DEWP":[-11.210001],"FRSHTT":[1100000],"PRCP":[0.029999997],"SLP":[1017.7999],"SNDP":[0],"STP":[868.2999],"TEMP":[-1.6400001],"VISIB":[10.03],"WDSP":[10.750001],"WNDDIR":[200.4],"time":[1549364859]}