{"CLDC":[50.299995],"DEWP":[-4.06],"FRSHTT":[100000],"PRCP":[0.26],"SLP":[1012.92004],"SNDP":[0],"STP":[851.62],"TEMP":[1.4000001],"VISIB":[11.780001],"WDSP":[12.73],"WNDDIR":[111.6],"time":[1549364859]}