{"CLDC":[44.670006,44.5],"DEWP":[-0.93999994,-1],"FRSHTT":[0,0],"PRCP":[0,0],"SLP":[988.1501,989.80994],"SNDP":[0,0],"STP":[991.24005,990.73],"TEMP":[1.6199999,1.7399998],"VISIB":[9.53,9.46],"WDSP":[4.8900003,4.52],"WNDDIR":[339,338.5],"time":[1549364859,1549364917]}