{"CLDC":[64.35001,64.46001],"DEWP":[-4.4999995,-4.5],"FRSHTT":[1000000,1000000],"PRCP":[0,0],"SLP":[982.57,982.75],"SNDP":[0,0],"STP":[958.48,958.52],"TEMP":[-0.6800001,-0.68000007],"VISIB":[10.03,11.01],"WDSP":[6.6800003,5.47],"WNDDIR":[259.4,256.8],"time":[1549364859,1549364917]}