{"CLDC":[75.89],"DEWP":[-12.259999],"FRSHTT":[1100000],"PRCP":[0.019999998],"SLP":[1024.2001],"SNDP":[0],"STP":[896.4],"TEMP":[-1.9399999],"VISIB":[12.169999],"WDSP":[11.2699995],"WNDDIR":[146.8],"time":[1549364856]}