{"CLDC":[90.89001],"DEWP":[-7.5600004],"FRSHTT":[1000000],"PRCP":[0],"SLP":[1014.6],"SNDP":[0],"STP":[849.7999],"TEMP":[0.060000002],"VISIB":[10],"WDSP":[8.57],"WNDDIR":[258.8],"time":[1549364855]}