{"CLDC":[47.859997],"DEWP":[-7.999999],"FRSHTT":[1000000],"PRCP":[0],"SLP":[970.88007],"SNDP":[0],"STP":[984.17004],"TEMP":[-2.8],"VISIB":[14.12],"WDSP":[16.09],"WNDDIR":[116.1],"time":[1549364855]}