{"CLDC":[96.06999,96.119995],"DEWP":[-9.14,-8.780001],"FRSHTT":[100000,100000],"PRCP":[0.07999999,0.07999999],"SLP":[1013.5,1013.5],"SNDP":[0,0],"STP":[825.1,825.1],"TEMP":[0.29999998,0.29999998],"VISIB":[9.59,9.129999],"WDSP":[10.780001,9.879999],"WNDDIR":[67.2,64.5],"time":[1549364861,1549364919]}