{"CLDC":[50.030003],"DEWP":[-8.9],"FRSHTT":[100000],"PRCP":[0.20000002],"SLP":[1013.9],"SNDP":[0],"STP":[865.9],"TEMP":[0.45],"VISIB":[10.69],"WDSP":[8.51],"WNDDIR":[317.4],"time":[1549364861]}