{"CLDC":[17.98],"DEWP":[-1.1399999],"FRSHTT":[0],"PRCP":[0],"SLP":[1016.1],"SNDP":[0],"STP":[871.6],"TEMP":[2.3500001],"VISIB":[10.179999],"WDSP":[0.44000006],"WNDDIR":[201.3],"time":[1549364860]}