{"CLDC":[87.89,87.50001],"DEWP":[-9.500001,-9.800001],"FRSHTT":[0,0],"PRCP":[0,0],"SLP":[1013.1,1013.1],"SNDP":[0,0],"STP":[863.7999,863.9],"TEMP":[4.3,4.3199997],"VISIB":[9.65,10.21],"WDSP":[19.32,18.48],"WNDDIR":[101.8,106.1],"time":[1549364860,1549364918]}