{"CLDC":[61.639996,61.95],"DEWP":[3.56,3.2399998],"FRSHTT":[0,0],"PRCP":[0,0],"SLP":[1015.2001,1015.2001],"SNDP":[0,0],"STP":[948.1,948.1],"TEMP":[13.060002,12.999998],"VISIB":[8.33,8.33],"WDSP":[11.93,12.25],"WNDDIR":[5.2,3.1],"time":[1549364859,1549364917]}