{"CLDC":[50.170006,50.170002],"DEWP":[-7.85,-7.8],"FRSHTT":[1010000,1010000],"PRCP":[0,0],"SLP":[1002.2601,1002.36],"SNDP":[1.3000001,1.3000001],"STP":[998.13,998.2001],"TEMP":[-5.34,-5.38],"VISIB":[30.51,30.279999],"WDSP":[15.289999,15.889999],"WNDDIR":[182.9,185.7],"time":[1549364860,1549364918]}