{"CLDC":[50.170006],"DEWP":[-7.85],"FRSHTT":[1010000],"PRCP":[0],"SLP":[1002.2601],"SNDP":[1.3000001],"STP":[998.13],"TEMP":[-5.34],"VISIB":[30.51],"WDSP":[15.289999],"WNDDIR":[182.9],"time":[1549364860]}