{"CLDC":[58.04,58.48],"DEWP":[-6.399999,-6.299999],"FRSHTT":[1100000,1100000],"PRCP":[0.10000001,0.10000001],"SLP":[1002.2001,1002.2999],"SNDP":[0,0],"STP":[1002.15,1002.41003],"TEMP":[-2.15,-2.15],"VISIB":[39.37,40.21],"WDSP":[22.560001,22.619999],"WNDDIR":[47.1,47.1],"time":[1549364860,1549364918]}