{"CLDC":[82.08999,81.58],"DEWP":[-5,-4.92],"FRSHTT":[0,0],"PRCP":[0,0],"SLP":[1021.3499,1021.2999],"SNDP":[0,0],"STP":[1019.27997,1019.23],"TEMP":[6.7200003,6.7200003],"VISIB":[10.689999,10.719999],"WDSP":[15.05,14.57],"WNDDIR":[19.3,12.5],"time":[1549364856,1549364915]}