{"CLDC":[40.21,40.489998],"DEWP":[-7.75,-7.45],"FRSHTT":[0,0],"PRCP":[0,0],"SLP":[890.92004,890.88],"SNDP":[0,0],"STP":[883,883.02],"TEMP":[3.1,3.1499999],"VISIB":[9.82,9.559999],"WDSP":[12.17,11.43],"WNDDIR":[59.8,59.3],"time":[1549364856,1549364916]}