{"CLDC":[88.69,88.54],"DEWP":[-2.1,-2.4199998],"FRSHTT":[0,0],"PRCP":[0,0],"SLP":[1013.2999,1013.2999],"SNDP":[0,0],"STP":[986.4,986.4],"TEMP":[9.67,9.6],"VISIB":[10.159998,9.29],"WDSP":[3.06,2.9199998],"WNDDIR":[11.1,13.7],"time":[1549364856,1549364916]}