{"CLDC":[14.05,13.67],"DEWP":[-7.2400002,-7.100001],"FRSHTT":[0,0],"PRCP":[0,0],"SLP":[866.4,866.52],"SNDP":[0,0],"STP":[868,868],"TEMP":[5.7000003,5.8200006],"VISIB":[9.500001,10.05],"WDSP":[12.51,13.110001],"WNDDIR":[262.4,259.3],"time":[1549364855,1549364915]}