{"CLDC":[14.05],"DEWP":[-7.2400002],"FRSHTT":[0],"PRCP":[0],"SLP":[866.4],"SNDP":[0],"STP":[868],"TEMP":[5.7000003],"VISIB":[9.500001],"WDSP":[12.51],"WNDDIR":[262.4],"time":[1549364855]}