{"CLDC":[4.5,4.1700006],"DEWP":[-2.16,-1.8800001],"FRSHTT":[0,0],"PRCP":[0,0],"SLP":[842.2799,842.56006],"SNDP":[0,0],"STP":[837.6,837.6],"TEMP":[5.5800004,5.6000004],"VISIB":[10.240001,9.890001],"WDSP":[11.469999,11.549999],"WNDDIR":[253.6,253.3],"time":[1549364858,1549364917]}