{"CLDC":[32.98],"DEWP":[-3.5600002],"FRSHTT":[0],"PRCP":[0],"SLP":[836.67004],"SNDP":[0],"STP":[834.91],"TEMP":[3.4499996],"VISIB":[10.250001],"WDSP":[14.2699995],"WNDDIR":[126],"time":[1549364858]}