{"CLDC":[32.98,32.65],"DEWP":[-3.5600002,-3.8],"FRSHTT":[0,0],"PRCP":[0,0],"SLP":[836.67004,836.7601],"SNDP":[0,0],"STP":[834.91,834.9],"TEMP":[3.4499996,3.6000004],"VISIB":[10.250001,10.129999],"WDSP":[14.2699995,14.750002],"WNDDIR":[126,122.2],"time":[1549364858,1549364917]}