{"CLDC":[37.85],"DEWP":[-8.34],"FRSHTT":[0],"PRCP":[0],"SLP":[906.6],"SNDP":[0],"STP":[907.4],"TEMP":[7.600001],"VISIB":[8.109999],"WDSP":[7.04],"WNDDIR":[2.1],"time":[1549364857]}