{"CLDC":[88.240005],"DEWP":[4.6],"FRSHTT":[0],"PRCP":[0],"SLP":[1018.4],"SNDP":[0],"STP":[1019.36993],"TEMP":[10.26],"VISIB":[16.59],"WDSP":[19.53],"WNDDIR":[346],"time":[1549364856]}