{"CLDC":[72.079994,71.83],"DEWP":[2.0700002,2.4300003],"FRSHTT":[0,0],"PRCP":[0,0],"SLP":[1018.58997,1018.5199],"SNDP":[0,0],"STP":[1020.1,1020],"TEMP":[9.050001,8.950001],"VISIB":[10.5199995,11.0599985],"WDSP":[15.709997,14.460001],"WNDDIR":[36.9,37.7],"time":[1549364855,1549364915]}