{"CLDC":[92.40001,91.920006],"DEWP":[-0.82,-1.0800002],"FRSHTT":[100000,100000],"PRCP":[0.009999999,0.009999999],"SLP":[1016.9,1016.9],"SNDP":[0,0],"STP":[1023.02997,1022.89],"TEMP":[5.75,5.7499995],"VISIB":[9.74,10.109999],"WDSP":[7.56,7.65],"WNDDIR":[297.7,299.4],"time":[1549364855,1549364915]}