{"CLDC":[50.200005],"DEWP":[2.3700001],"FRSHTT":[100000],"PRCP":[0.14],"SLP":[1017.5],"SNDP":[0],"STP":[1015.82],"TEMP":[9.32],"VISIB":[10.159999],"WDSP":[11.429999],"WNDDIR":[116.1],"time":[1549364861]}