{"CLDC":[30.590002],"DEWP":[1.3399999],"FRSHTT":[0],"PRCP":[0],"SLP":[992.85],"SNDP":[0],"STP":[1011.19006],"TEMP":[10.949999],"VISIB":[9.0199995],"WDSP":[15.410001],"WNDDIR":[5.3],"time":[1549364861]}