{"CLDC":[19.849998],"DEWP":[-2.9600003],"FRSHTT":[0],"PRCP":[0],"SLP":[1016.7999],"SNDP":[0],"STP":[1018.07996],"TEMP":[5.05],"VISIB":[10.32],"WDSP":[12.970001],"WNDDIR":[339.2],"time":[1549364861]}