{"CLDC":[30.590002,30.409998],"DEWP":[1.3399999,1.6899999],"FRSHTT":[0,0],"PRCP":[0,0],"SLP":[992.85,992.84],"SNDP":[0,0],"STP":[1011.19006,1009.52997],"TEMP":[10.949999,10.809999],"VISIB":[9.0199995,8.87],"WDSP":[15.410001,14.530001],"WNDDIR":[5.3,2.2],"time":[1549364861,1549364918]}