{"CLDC":[13.260002,13.209999],"DEWP":[-0.37,-0.15],"FRSHTT":[0,0],"PRCP":[0,0],"SLP":[1017.1,1017.1],"SNDP":[0,0],"STP":[1015.2001,1015.2001],"TEMP":[7.3900003,7.25],"VISIB":[9.900001,9.58],"WDSP":[13.969999,15.17],"WNDDIR":[97.8,97.3],"time":[1549364859,1549364917]}