{"CLDC":[77.439995,77.67],"DEWP":[-1.74,-1.86],"FRSHTT":[0,0],"PRCP":[0,0],"SLP":[1005.1,1005.1],"SNDP":[0,0],"STP":[988.0199,987.91003],"TEMP":[8.339999,8.4],"VISIB":[8.969999,9.129999],"WDSP":[15.450002,15.789999],"WNDDIR":[228.6,229.4],"time":[1549364859,1549364917]}