{"CLDC":[21.449997,21.250002],"DEWP":[1.15,1.06],"FRSHTT":[0,0],"PRCP":[0,0],"SLP":[1017,1017],"SNDP":[0,0],"STP":[1011.12,1011.37],"TEMP":[8.5199995,8.450001],"VISIB":[11,11.089998],"WDSP":[14.92,14.970001],"WNDDIR":[202.8,204.6],"time":[1549364859,1549364917]}