{"CLDC":[21.449997],"DEWP":[1.15],"FRSHTT":[0],"PRCP":[0],"SLP":[1017],"SNDP":[0],"STP":[1011.12],"TEMP":[8.5199995],"VISIB":[11],"WDSP":[14.92],"WNDDIR":[202.8],"time":[1549364859]}