{"CLDC":[57.54,57.47],"DEWP":[-12.7,-12.65],"FRSHTT":[0,0],"PRCP":[0,0],"SLP":[1024.5,1024.5],"SNDP":[0,0],"STP":[1020.7001,1020.6],"TEMP":[7.249999,7.399999],"VISIB":[8.169999,8.190001],"WDSP":[12.009999,12.41],"WNDDIR":[33.9,31.3],"time":[1549364858,1549364916]}