{"CLDC":[26.189999],"DEWP":[5.7700005],"FRSHTT":[0],"PRCP":[0],"SLP":[1016.2999],"SNDP":[0],"STP":[1025.2999],"TEMP":[9.999999],"VISIB":[10.380001],"WDSP":[8.340001],"WNDDIR":[76.2],"time":[1549364858]}