{"CLDC":[57.54],"DEWP":[-12.7],"FRSHTT":[0],"PRCP":[0],"SLP":[1024.5],"SNDP":[0],"STP":[1020.7001],"TEMP":[7.249999],"VISIB":[8.169999],"WDSP":[12.009999],"WNDDIR":[33.9],"time":[1549364858]}