{"CLDC":[11.370001,11.65],"DEWP":[-0.16999999,-0.16999999],"FRSHTT":[0,0],"PRCP":[0,0],"SLP":[1016.5,1016.5],"SNDP":[0,0],"STP":[1026.0999,1025.9001],"TEMP":[7.22,7.9899993],"VISIB":[10.21,10.14],"WDSP":[8.61,9.69],"WNDDIR":[44.1,47.9],"time":[1549364857,1549364916]}