{"CLDC":[11.370001],"DEWP":[-0.16999999],"FRSHTT":[0],"PRCP":[0],"SLP":[1016.5],"SNDP":[0],"STP":[1026.0999],"TEMP":[7.22],"VISIB":[10.21],"WDSP":[8.61],"WNDDIR":[44.1],"time":[1549364857]}