{"CLDC":[5.6800003,5.4300003],"DEWP":[-3.45,-3.56],"FRSHTT":[0,0],"PRCP":[0,0],"SLP":[792.2601,792.7999],"SNDP":[0,0],"STP":[806.10004,806.10004],"TEMP":[5.2399993,5.2599998],"VISIB":[11.089999,11.719999],"WDSP":[12.33,10.79],"WNDDIR":[156.3,155],"time":[1549364858,1549364917]}