{"CLDC":[40.920002],"DEWP":[1.0899999],"FRSHTT":[0],"PRCP":[0],"SLP":[987.7301],"SNDP":[0],"STP":[961.6],"TEMP":[7.1400003],"VISIB":[10.699999],"WDSP":[31.84],"WNDDIR":[146.2],"time":[1549364860]}