{"CLDC":[50.230003,50.299995],"DEWP":[-19.35,-19.16],"FRSHTT":[0,0],"PRCP":[0,0],"SLP":[790.87,790.32996],"SNDP":[0,0],"STP":[787.60004,787.60004],"TEMP":[1.6300001,1.7000002],"VISIB":[7.7699995,7.7400002],"WDSP":[6.95,5.87],"WNDDIR":[96.7,98],"time":[1549364855,1549364915]}