{"CLDC":[50.230003],"DEWP":[-19.35],"FRSHTT":[0],"PRCP":[0],"SLP":[790.87],"SNDP":[0],"STP":[787.60004],"TEMP":[1.6300001],"VISIB":[7.7699995],"WDSP":[6.95],"WNDDIR":[96.7],"time":[1549364855]}