{"CLDC":[23.750002,23.939999],"DEWP":[1.7,1.6999998],"FRSHTT":[0,0],"PRCP":[0,0],"SLP":[1014.38,1014.2999],"SNDP":[0,0],"STP":[1017.12,1016.77],"TEMP":[7.62,7.299999],"VISIB":[56.72,56.73],"WDSP":[20.810001,21.279999],"WNDDIR":[61.6,56.5],"time":[1549364860,1549364918]}