{"CLDC":[50.100002,50.889996],"DEWP":[3.5300002,3.39],"FRSHTT":[100000,100000],"PRCP":[0.59999996,0.59999996],"SLP":[1016.61,1016.7001],"SNDP":[0,0],"STP":[957.1,957],"TEMP":[5.569999,5.5800004],"VISIB":[3.02,2.3],"WDSP":[5.5199995,5.4900002],"WNDDIR":[59.1,58.9],"time":[1549364860,1549364918]}