{"CLDC":[29.7],"DEWP":[4.16],"FRSHTT":[0],"PRCP":[0],"SLP":[996.2999],"SNDP":[0],"STP":[1005.5],"TEMP":[10.849999],"VISIB":[3.6599998],"WDSP":[5.9899993],"WNDDIR":[90.8],"time":[1549364856]}