{"CLDC":[29.7,29.319998],"DEWP":[4.16,4.3199997],"FRSHTT":[0,0],"PRCP":[0,0],"SLP":[996.2999,996.2999],"SNDP":[0,0],"STP":[1005.5,1005.6],"TEMP":[10.849999,11.02],"VISIB":[3.6599998,4.0299997],"WDSP":[5.9899993,6.8],"WNDDIR":[90.8,89.2],"time":[1549364856,1549364916]}