{"CLDC":[12.81,13.55],"DEWP":[1.0500001,0.09999994],"FRSHTT":[0,0],"PRCP":[0,0],"SLP":[1011.2999,1011.2001],"SNDP":[0,0],"STP":[1007.6,1007.6],"TEMP":[10.0199995,10.04],"VISIB":[4.2400002,4.27],"WDSP":[7.0200005,6.6799994],"WNDDIR":[116.4,116.9],"time":[1549364857,1549364916]}