{"CLDC":[12.81],"DEWP":[1.0500001],"FRSHTT":[0],"PRCP":[0],"SLP":[1011.2999],"SNDP":[0],"STP":[1007.6],"TEMP":[10.0199995],"VISIB":[4.2400002],"WDSP":[7.0200005],"WNDDIR":[116.4],"time":[1549364857]}