{"CLDC":[62.85,63],"DEWP":[6.7,6.5],"FRSHTT":[0,0],"PRCP":[0,0],"SLP":[1012.2999,1012.2001],"SNDP":[0,0],"STP":[1013.36,1013.72003],"TEMP":[15.62,15.62],"VISIB":[8.569999,8.08],"WDSP":[12.559999,11.57],"WNDDIR":[327.1,323.2],"time":[1549364857,1549364916]}