{"CLDC":[41.16,41.08],"DEWP":[2.2500002,1.8],"FRSHTT":[0,0],"PRCP":[0,0],"SLP":[1013.7001,1013.7001],"SNDP":[0,0],"STP":[1003.75995,1003.70996],"TEMP":[13.56,13.539999],"VISIB":[7.3000007,7.3200006],"WDSP":[7.05,6.1899996],"WNDDIR":[292.2,294.4],"time":[1549364855,1549364915]}