{"CLDC":[41.16],"DEWP":[2.2500002],"FRSHTT":[0],"PRCP":[0],"SLP":[1013.7001],"SNDP":[0],"STP":[1003.75995],"TEMP":[13.56],"VISIB":[7.3000007],"WDSP":[7.05],"WNDDIR":[292.2],"time":[1549364855]}