{"CLDC":[84.89,84.44],"DEWP":[20.9,20.880001],"FRSHTT":[0,0],"PRCP":[0,0],"SLP":[1011.7999,1011.7999],"SNDP":[0,0],"STP":[1021.37,1021.52],"TEMP":[25.9,26.7],"VISIB":[5.3500004,5.6899996],"WDSP":[1.6000001,1.5200001],"WNDDIR":[261.4,262.9],"time":[1549364858,1549364916]}