{"CLDC":[32.28],"DEWP":[17.119999],"FRSHTT":[0],"PRCP":[0],"SLP":[1008.7001],"SNDP":[0],"STP":[1042.3301],"TEMP":[22.24],"VISIB":[28.6],"WDSP":[6.7799997],"WNDDIR":[29.8],"time":[1549364858]}