{"CLDC":[2.45,2.54],"DEWP":[19.560001,18.920002],"FRSHTT":[0,0],"PRCP":[0,0],"SLP":[1013.2999,1013.2999],"SNDP":[0,0],"STP":[1018.9899,1018.38],"TEMP":[26,26.220001],"VISIB":[10.340001,10.43],"WDSP":[3.9900002,3.6200001],"WNDDIR":[186.2,191.8],"time":[1549364861,1549364919]}