{"CLDC":[86.52999,86.380005],"DEWP":[17.4,17.22],"FRSHTT":[0,0],"PRCP":[0,0],"SLP":[1017.2999,1017.2999],"SNDP":[0,0],"STP":[997.85,995.93994],"TEMP":[26.579998,26.940002],"VISIB":[12.42,12.26],"WDSP":[3.4900002,3.52],"WNDDIR":[107.6,107.9],"time":[1549364859,1549364917]}