{"CLDC":[29.389996,29.480001],"DEWP":[-21.960001,-21.960001],"FRSHTT":[1000000,1000000],"PRCP":[0,0],"SLP":[997.2999,997.2999],"SNDP":[0,0],"STP":[992.2001,992.2001],"TEMP":[-19.64,-19.640001],"VISIB":[36.609997,36.39],"WDSP":[13.25,13.01],"WNDDIR":[174.9,175.5],"time":[1549364861,1549364918]}