{"CLDC":[29.389996],"DEWP":[-21.960001],"FRSHTT":[1000000],"PRCP":[0],"SLP":[997.2999],"SNDP":[0],"STP":[992.2001],"TEMP":[-19.64],"VISIB":[36.609997],"WDSP":[13.25],"WNDDIR":[174.9],"time":[1549364861]}