{"CLDC":[78.11,78.31],"DEWP":[-12.700002,-12.900002],"FRSHTT":[1000000,1000000],"PRCP":[0,0],"SLP":[1003.7,1004],"SNDP":[0,0],"STP":[1014.4,1013.84],"TEMP":[-11.62,-10.82],"VISIB":[10.55,10.139999],"WDSP":[7.1399994,6.589999],"WNDDIR":[74.5,75.9],"time":[1549364861,1549364918]}