{"CLDC":[78.11],"DEWP":[-12.700002],"FRSHTT":[1000000],"PRCP":[0],"SLP":[1003.7],"SNDP":[0],"STP":[1014.4],"TEMP":[-11.62],"VISIB":[10.55],"WDSP":[7.1399994],"WNDDIR":[74.5],"time":[1549364861]}