{"CLDC":[67.94],"DEWP":[-25.64],"FRSHTT":[1010000],"PRCP":[0],"SLP":[1011.1],"SNDP":[2.7999997],"STP":[1007.6],"TEMP":[-21.42],"VISIB":[14.38],"WDSP":[13.659999],"WNDDIR":[172.3],"time":[1549364861]}