{"CLDC":[23.610003],"DEWP":[-10.92],"FRSHTT":[1000000],"PRCP":[0],"SLP":[1015.55],"SNDP":[0],"STP":[1001.16003],"TEMP":[-7.499999],"VISIB":[6.7899995],"WDSP":[15.51],"WNDDIR":[285.8],"time":[1549364861]}