{"CLDC":[35.11],"DEWP":[5.2599998],"FRSHTT":[0],"PRCP":[0],"SLP":[1014.9],"SNDP":[0],"STP":[936.7999],"TEMP":[11.16],"VISIB":[2.7199998],"WDSP":[2.3699996],"WNDDIR":[14.3],"time":[1549364855]}