{"CLDC":[35.11,35.120003],"DEWP":[5.2599998,5.3599997],"FRSHTT":[0,0],"PRCP":[0,0],"SLP":[1014.9,1014.9],"SNDP":[0,0],"STP":[936.7999,936.7999],"TEMP":[11.16,11.139999],"VISIB":[2.7199998,3.4099998],"WDSP":[2.3699996,2.2000003],"WNDDIR":[14.3,17.4],"time":[1549364855,1549364915]}