{"CLDC":[50.300003,49.989998],"DEWP":[4.1400003,4.1400003],"FRSHTT":[0,0],"PRCP":[0,0],"SLP":[1015,1014.98],"SNDP":[0,0],"STP":[1027.5,1026.75],"TEMP":[6.79,6.6999993],"VISIB":[3.1200004,3.5600002],"WDSP":[3.5,3.6],"WNDDIR":[312.7,316.7],"time":[1549364861,1549364918]}