{"CLDC":[50.45,50.590004],"DEWP":[11.679998,11.750001],"FRSHTT":[100000,100000],"PRCP":[0.28,0.28],"SLP":[1011.6,1011.6],"SNDP":[0,0],"STP":[997.32,997.30994],"TEMP":[13.68,13.639999],"VISIB":[2.0099998,2.35],"WDSP":[5.27,5.1299996],"WNDDIR":[64.1,64.4],"time":[1549364860,1549364918]}