{"CLDC":[50.21,50.319996],"DEWP":[-13.839999,-13.9],"FRSHTT":[1100000,1100000],"PRCP":[0.050000004,0.050000004],"SLP":[1006.22003,1005.93005],"SNDP":[0,0],"STP":[1001.7999,1001.11],"TEMP":[-11.050001,-11.050001],"VISIB":[54.829998,54.29],"WDSP":[17.21,18.23],"WNDDIR":[181.2,181.7],"time":[1549364861,1549364919]}