{"CLDC":[51.6,51.770008],"DEWP":[2.5400002,2.64],"FRSHTT":[100000,100000],"PRCP":[0.009999999,0.009999999],"SLP":[1014.6,1014.6],"SNDP":[0,0],"STP":[1015.2101,1015.1501],"TEMP":[11.1,11.1],"VISIB":[11.03,9.980001],"WDSP":[8.67,8.41],"WNDDIR":[50.2,50.5],"time":[1549364860,1549364918]}