{"CLDC":[29.15],"DEWP":[-17.3],"FRSHTT":[1000000],"PRCP":[0],"SLP":[1008.0101],"SNDP":[0],"STP":[1003.7001],"TEMP":[-12.08],"VISIB":[19.630001],"WDSP":[19.949999],"WNDDIR":[358.3],"time":[1549364855]}