{"CLDC":[68.18001,68.35001],"DEWP":[-13.460001,-13.659999],"FRSHTT":[1110000,1110000],"PRCP":[0.009999999,0.009999999],"SLP":[1001.7001,1001.7001],"SNDP":[9.900001,9.900001],"STP":[999.59,998.83997],"TEMP":[-11.349999,-11.249999],"VISIB":[43.289997,43.160004],"WDSP":[7.2699995,7.3600006],"WNDDIR":[123.3,121.8],"time":[1549364855,1549364915]}