{"CLDC":[50.220005],"DEWP":[-15.400002],"FRSHTT":[1110000],"PRCP":[0.009999999],"SLP":[1009.1],"SNDP":[3],"STP":[1004.5],"TEMP":[-10.88],"VISIB":[24.960001],"WDSP":[12.679999],"WNDDIR":[183.3],"time":[1549364855]}