{"CLDC":[50.220005,50.120003],"DEWP":[-15.400002,-15.400002],"FRSHTT":[1110000,1110000],"PRCP":[0.009999999,0.009999999],"SLP":[1009.1,1009.1],"SNDP":[3,3],"STP":[1004.5,1004.5],"TEMP":[-10.88,-11.01],"VISIB":[24.960001,24.849997],"WDSP":[12.679999,12.589999],"WNDDIR":[183.3,186],"time":[1549364855,1549364915]}