{"CLDC":[61.43],"DEWP":[-2.2],"FRSHTT":[0],"PRCP":[0],"SLP":[1013.4],"SNDP":[0],"STP":[1049.7899],"TEMP":[6.5800004],"VISIB":[2.9299998],"WDSP":[8.0199995],"WNDDIR":[7.6],"time":[1549364857]}