{"CLDC":[61.43,61.629997],"DEWP":[-2.2,-2.06],"FRSHTT":[0,0],"PRCP":[0,0],"SLP":[1013.4,1013.4],"SNDP":[0,0],"STP":[1049.7899,1049.7999],"TEMP":[6.5800004,6.6200004],"VISIB":[2.9299998,3.7500005],"WDSP":[8.0199995,8.01],"WNDDIR":[7.6,4.8],"time":[1549364857,1549364916]}