{"CLDC":[48.809994,48.869995],"DEWP":[3.81,4.55],"FRSHTT":[0,0],"PRCP":[0,0],"SLP":[1011.6,1011.50995],"SNDP":[0,0],"STP":[992.4601,991.11],"TEMP":[12.799999,12.899999],"VISIB":[2.4099998,2.6200004],"WDSP":[2.2199998,2.49],"WNDDIR":[346.9,347.1],"time":[1549364858,1549364916]}