{"CLDC":[88.76,88.77],"DEWP":[-2.4599998,-2.7399998],"FRSHTT":[0,0],"PRCP":[0,0],"SLP":[1013.7001,1013.7001],"SNDP":[0,0],"STP":[1022.72003,1023.1701],"TEMP":[9.97,9.900001],"VISIB":[4.3100004,4.3599997],"WDSP":[6.71,6.7],"WNDDIR":[168.8,164.2],"time":[1549364856,1549364915]}