{"CLDC":[88.76],"DEWP":[-2.4599998],"FRSHTT":[0],"PRCP":[0],"SLP":[1013.7001],"SNDP":[0],"STP":[1022.72003],"TEMP":[9.97],"VISIB":[4.3100004],"WDSP":[6.71],"WNDDIR":[168.8],"time":[1549364856]}