{"CLDC":[0.55,0.30999997],"DEWP":[-32.46,-32.739998],"FRSHTT":[1000000,1000000],"PRCP":[0,0],"SLP":[1003.02997,1003.1],"SNDP":[0,0],"STP":[828.7999,829.07],"TEMP":[-30.699997,-31.199997],"VISIB":[5.9900002,7.54],"WDSP":[32.64,32.14],"WNDDIR":[74.5,76.3],"time":[1549364855,1549364915]}