{"CLDC":[81.66],"DEWP":[0.7200001],"FRSHTT":[0],"PRCP":[0],"SLP":[1015.5],"SNDP":[0],"STP":[1022.08997],"TEMP":[7.549999],"VISIB":[3.4],"WDSP":[7.3199997],"WNDDIR":[203.5],"time":[1549364855]}