{"CLDC":[81.66,81.729996],"DEWP":[0.7200001,1.1499999],"FRSHTT":[0,0],"PRCP":[0,0],"SLP":[1015.5,1015.5],"SNDP":[0,0],"STP":[1022.08997,1022],"TEMP":[7.549999,7.5799994],"VISIB":[3.4,3.2599998],"WDSP":[7.3199997,7.44],"WNDDIR":[203.5,201.6],"time":[1549364855,1549364915]}