{"CLDC":[54.6,54.409996],"DEWP":[12.95,13.44],"FRSHTT":[0,0],"PRCP":[0,0],"SLP":[1011,1011],"SNDP":[0,0],"STP":[995.12,994.88],"TEMP":[18.64,18.64],"VISIB":[5.36,5.5199995],"WDSP":[4.3700004,4.31],"WNDDIR":[274.6,270.2],"time":[1549364855,1549364915]}