{"CLDC":[11.2300005],"DEWP":[-1.8199999],"FRSHTT":[0],"PRCP":[0],"SLP":[1012.7999],"SNDP":[0],"STP":[1010.25995],"TEMP":[10.72],"VISIB":[3.7100003],"WDSP":[1.6000001],"WNDDIR":[102.1],"time":[1549364858]}