{"CLDC":[96.14,96.41001],"DEWP":[4.2599998,4.08],"FRSHTT":[0,0],"PRCP":[0,0],"SLP":[1010.2899,1010.2999],"SNDP":[0,0],"STP":[984.3799,984.14],"TEMP":[12.599999,12.599999],"VISIB":[4.3900003,4.79],"WDSP":[5.47,6.0399995],"WNDDIR":[61.3,62.5],"time":[1549364857,1549364916]}