{"CLDC":[96.14],"DEWP":[4.2599998],"FRSHTT":[0],"PRCP":[0],"SLP":[1010.2899],"SNDP":[0],"STP":[984.3799],"TEMP":[12.599999],"VISIB":[4.3900003],"WDSP":[5.47],"WNDDIR":[61.3],"time":[1549364857]}