{"CLDC":[51.96,51.909996],"DEWP":[2.72,3.04],"FRSHTT":[0,0],"PRCP":[0,0],"SLP":[1013,1013],"SNDP":[0,0],"STP":[1001.15,1003.55994],"TEMP":[11.549999,11.79],"VISIB":[4.33,4.29],"WDSP":[1.01,0.7199999],"WNDDIR":[335.3,334],"time":[1549364859,1549364917]}