{"CLDC":[63.660004],"DEWP":[7.1799994],"FRSHTT":[0],"PRCP":[0],"SLP":[1009.6],"SNDP":[0],"STP":[1005.4],"TEMP":[15.24],"VISIB":[129.37001],"WDSP":[9.93],"WNDDIR":[96.5],"time":[1549364857]}