{"CLDC":[51.140003,50.869995],"DEWP":[-9.18,-9.25],"FRSHTT":[1000000,1000000],"PRCP":[0,0],"SLP":[983,982.89],"SNDP":[0,0],"STP":[977.85,977.8999],"TEMP":[-8.02,-8.08],"VISIB":[11.69,11.85],"WDSP":[6.79,6.91],"WNDDIR":[221.4,220.1],"time":[1549364857,1549364916]}