{"CLDC":[84.68,85.21001],"DEWP":[1.0899999,1.6599998],"FRSHTT":[0,0],"PRCP":[0,0],"SLP":[1014.7999,1014.7999],"SNDP":[0,0],"STP":[1013.91003,1013.7799],"TEMP":[13.079999,13.140001],"VISIB":[4.77,4.43],"WDSP":[5.29,4.75],"WNDDIR":[63.2,64.1],"time":[1549364860,1549364918]}