{"CLDC":[84.68],"DEWP":[1.0899999],"FRSHTT":[0],"PRCP":[0],"SLP":[1014.7999],"SNDP":[0],"STP":[1013.91003],"TEMP":[13.079999],"VISIB":[4.77],"WDSP":[5.29],"WNDDIR":[63.2],"time":[1549364860]}