{"CLDC":[46.77,47.319996],"DEWP":[-1.9000002,-1.74],"FRSHTT":[0,0],"PRCP":[0,0],"SLP":[1013.4,1013.4],"SNDP":[0,0],"STP":[940.1,940.12],"TEMP":[7.5699997,7.56],"VISIB":[3.85,3.9499996],"WDSP":[3.28,3.5800004],"WNDDIR":[198.1,199.9],"time":[1549364856,1549364915]}