{"CLDC":[46.77],"DEWP":[-1.9000002],"FRSHTT":[0],"PRCP":[0],"SLP":[1013.4],"SNDP":[0],"STP":[940.1],"TEMP":[7.5699997],"VISIB":[3.85],"WDSP":[3.28],"WNDDIR":[198.1],"time":[1549364856]}