{"CLDC":[50.4],"DEWP":[-12.889999],"FRSHTT":[1110000],"PRCP":[0.10000001],"SLP":[997.2001],"SNDP":[12.099999],"STP":[986.74005],"TEMP":[-9.98],"VISIB":[24.869999],"WDSP":[23.689999],"WNDDIR":[165.8],"time":[1549364858]}