{"CLDC":[23.189999],"DEWP":[-0.02999999],"FRSHTT":[0],"PRCP":[0],"SLP":[1014.2999],"SNDP":[0],"STP":[1014.2999],"TEMP":[15.32],"VISIB":[6.16],"WDSP":[8.469999],"WNDDIR":[240.8],"time":[1549364855]}