{"CLDC":[92.96001],"DEWP":[-2.48],"FRSHTT":[0],"PRCP":[0],"SLP":[1014.2001],"SNDP":[0],"STP":[949.2001],"TEMP":[14],"VISIB":[4.0899997],"WDSP":[9.67],"WNDDIR":[210.1],"time":[1549364861]}