{"CLDC":[92.96001,92.54999],"DEWP":[-2.48,-1.6700001],"FRSHTT":[0,0],"PRCP":[0,0],"SLP":[1014.2001,1014.2001],"SNDP":[0,0],"STP":[949.2001,949.2001],"TEMP":[14,14.059999],"VISIB":[4.0899997,3.9299998],"WDSP":[9.67,9.43],"WNDDIR":[210.1,206.9],"time":[1549364861,1549364919]}