{"CLDC":[3.0700002,3.0700002],"DEWP":[-9.179998,-9.1],"FRSHTT":[1000000,1000000],"PRCP":[0,0],"SLP":[971.2999,971.27997],"SNDP":[0,0],"STP":[967.7001,967.7001],"TEMP":[-5.2200003,-5.3400006],"VISIB":[17.029999,16.61],"WDSP":[18.01,19.47],"WNDDIR":[97.9,95.4],"time":[1549364858,1549364916]}