{"CLDC":[3.0700002],"DEWP":[-9.179998],"FRSHTT":[1000000],"PRCP":[0],"SLP":[971.2999],"SNDP":[0],"STP":[967.7001],"TEMP":[-5.2200003],"VISIB":[17.029999],"WDSP":[18.01],"WNDDIR":[97.9],"time":[1549364858]}