{"CLDC":[52.409996,52.409996],"DEWP":[19.099998,19.569998],"FRSHTT":[100000,100000],"PRCP":[0.09000001,0.09000001],"SLP":[1013.4,1013.4],"SNDP":[0,0],"STP":[1013.55,1013.7001],"TEMP":[26,26],"VISIB":[3.85,4.0099998],"WDSP":[4.46,4.7],"WNDDIR":[233.5,234.9],"time":[1549364858,1549364917]}