{"CLDC":[38.45,38.660004],"DEWP":[2.3000002,1.7],"FRSHTT":[0,0],"PRCP":[0,0],"SLP":[1012.7001,1012.7999],"SNDP":[0,0],"STP":[1016.50995,1017.2],"TEMP":[15.82,15.85],"VISIB":[3.7099998,3.4299998],"WDSP":[1.9699999,2.05],"WNDDIR":[14.1,17.9],"time":[1549364856,1549364916]}