{"CLDC":[80.799995],"DEWP":[-5.9604646e-9],"FRSHTT":[0],"PRCP":[0],"SLP":[1016.2999],"SNDP":[0],"STP":[1025.84],"TEMP":[14.720001],"VISIB":[6.1399994],"WDSP":[7.8600006],"WNDDIR":[303.8],"time":[1549364855]}