{"CLDC":[65,64.770004],"DEWP":[12.85,12.799998],"FRSHTT":[0,0],"PRCP":[0,0],"SLP":[1012.83997,1012.7999],"SNDP":[0,0],"STP":[996.34,997.09],"TEMP":[19.49,19.55],"VISIB":[3.89,3.33],"WDSP":[1.75,1.6899999],"WNDDIR":[174.7,171.1],"time":[1549364861,1549364918]}