{"CLDC":[31.050003,30.850002],"DEWP":[19.45,19.429998],"FRSHTT":[0,0],"PRCP":[0,0],"SLP":[1013.6,1013.6],"SNDP":[0,0],"STP":[1017.5,1017.36],"TEMP":[26.1,26.7],"VISIB":[3.2300003,3.0300002],"WDSP":[3.89,4.36],"WNDDIR":[127,127],"time":[1549364860,1549364918]}