{"CLDC":[53.75,53.889996],"DEWP":[6.9800005,6.59],"FRSHTT":[0,0],"PRCP":[0,0],"SLP":[1014.2001,1014.2001],"SNDP":[0,0],"STP":[1011.92004,1012.05994],"TEMP":[15.35,15.2699995],"VISIB":[6.7200003,6.2099996],"WDSP":[11.34,11.589998],"WNDDIR":[297.3,298],"time":[1549364858,1549364917]}