{"CLDC":[53.75],"DEWP":[6.9800005],"FRSHTT":[0],"PRCP":[0],"SLP":[1014.2001],"SNDP":[0],"STP":[1011.92004],"TEMP":[15.35],"VISIB":[6.7200003],"WDSP":[11.34],"WNDDIR":[297.3],"time":[1549364858]}