{"CLDC":[25.409998,25.439999],"DEWP":[-5.65,-5.0600004],"FRSHTT":[0,0],"PRCP":[0,0],"SLP":[1013.6,1013.6],"SNDP":[0,0],"STP":[1016.23,1015.88],"TEMP":[7.339999,7.499999],"VISIB":[3.5400002,3.56],"WDSP":[3.25,3.27],"WNDDIR":[194.3,193],"time":[1549364858,1549364916]}