{"CLDC":[23.100002,23.030003],"DEWP":[13.15,13.45],"FRSHTT":[0,0],"PRCP":[0,0],"SLP":[1014,1014],"SNDP":[0,0],"STP":[1004.32996,1002.30994],"TEMP":[18.779999,18.859999],"VISIB":[7.410001,7.9900002],"WDSP":[7.2399993,7.1099997],"WNDDIR":[115.6,112.6],"time":[1549364858,1549364917]}