{"CLDC":[58.45,58.620003],"DEWP":[6.840001,6.56],"FRSHTT":[0,0],"PRCP":[0,0],"SLP":[1014.1,1014.1],"SNDP":[0,0],"STP":[1015.7101,1016.72003],"TEMP":[14.280001,14.220001],"VISIB":[3.7500005,3.5],"WDSP":[9.900001,10.25],"WNDDIR":[257.8,259.1],"time":[1549364856,1549364916]}