{"CLDC":[58.45],"DEWP":[6.840001],"FRSHTT":[0],"PRCP":[0],"SLP":[1014.1],"SNDP":[0],"STP":[1015.7101],"TEMP":[14.280001],"VISIB":[3.7500005],"WDSP":[9.900001],"WNDDIR":[257.8],"time":[1549364856]}