{"CLDC":[17.5,17.26],"DEWP":[7.600001,7.600001],"FRSHTT":[0,0],"PRCP":[0,0],"SLP":[1012.5,1012.5],"SNDP":[0,0],"STP":[1010.2899,1010.58997],"TEMP":[17.44,17.48],"VISIB":[3.7699997,3.8699996],"WDSP":[6.3,6.69],"WNDDIR":[84.9,80.6],"time":[1549364859,1549364917]}