{"CLDC":[17.5],"DEWP":[7.600001],"FRSHTT":[0],"PRCP":[0],"SLP":[1012.5],"SNDP":[0],"STP":[1010.2899],"TEMP":[17.44],"VISIB":[3.7699997],"WDSP":[6.3],"WNDDIR":[84.9],"time":[1549364859]}