{"CLDC":[56.140003,56.010002],"DEWP":[-5.7000003,-6.34],"FRSHTT":[0,0],"PRCP":[0,0],"SLP":[1012.58997,1012.55],"SNDP":[0,0],"STP":[1021.82996,1020.57],"TEMP":[11,11],"VISIB":[6.33,6.3],"WDSP":[6.589999,6.19],"WNDDIR":[10.4,10.6],"time":[1549364859,1549364917]}