{"CLDC":[60.410004,60.769997],"DEWP":[0.8999999,0.58000004],"FRSHTT":[0,0],"PRCP":[0,0],"SLP":[1012.4601,1012.5],"SNDP":[0,0],"STP":[1015.45996,1015.32996],"TEMP":[14.24,13.81],"VISIB":[7.2700005,6.97],"WDSP":[4.2200003,4.32],"WNDDIR":[260.6,262],"time":[1549364859,1549364917]}