{"CLDC":[60.410004],"DEWP":[0.8999999],"FRSHTT":[0],"PRCP":[0],"SLP":[1012.4601],"SNDP":[0],"STP":[1015.45996],"TEMP":[14.24],"VISIB":[7.2700005],"WDSP":[4.2200003],"WNDDIR":[260.6],"time":[1549364859]}