{"CLDC":[0.24999997],"DEWP":[9.339999],"FRSHTT":[0],"PRCP":[0],"SLP":[1013.1],"SNDP":[0],"STP":[1011],"TEMP":[18.670002],"VISIB":[9.7699995],"WDSP":[6.21],"WNDDIR":[138.5],"time":[1549364859]}