{"CLDC":[16.039999,15.659999],"DEWP":[3.3999996,3.3100002],"FRSHTT":[0,0],"PRCP":[0,0],"SLP":[1012.2001,1012.2001],"SNDP":[0,0],"STP":[961.54004,961.7001],"TEMP":[14.2,14.26],"VISIB":[6.3700004,6.0499997],"WDSP":[7.4900002,7.3599997],"WNDDIR":[87.7,84.4],"time":[1549364859,1549364918]}