{"CLDC":[79.43001],"DEWP":[11.359999],"FRSHTT":[100000],"PRCP":[0.029999997],"SLP":[1013.9],"SNDP":[0],"STP":[1009],"TEMP":[17.3],"VISIB":[4.58],"WDSP":[4.13],"WNDDIR":[312.5],"time":[1549364858]}