{"CLDC":[79.43001,79.43001],"DEWP":[11.359999,11.5],"FRSHTT":[100000,100000],"PRCP":[0.029999997,0.029999997],"SLP":[1013.9,1013.9],"SNDP":[0,0],"STP":[1009,1008.9],"TEMP":[17.3,17.2],"VISIB":[4.58,5.23],"WDSP":[4.13,3.9300003],"WNDDIR":[312.5,312.3],"time":[1549364858,1549364916]}