{"CLDC":[68.14,67.78999],"DEWP":[15.75,15.620001],"FRSHTT":[0,0],"PRCP":[0,0],"SLP":[1014.9,1014.9],"SNDP":[0,0],"STP":[1018.52997,1018.5499],"TEMP":[21.330002,21.300001],"VISIB":[6.8199997,6.8299994],"WDSP":[5.06,4.68],"WNDDIR":[355.2,356.3],"time":[1549364857,1549364916]}