{"CLDC":[0,0.32],"DEWP":[3.06,2.6999998],"FRSHTT":[0,0],"PRCP":[0,0],"SLP":[1011.64,1011.6],"SNDP":[0,0],"STP":[929.5,929.5],"TEMP":[14.85,14.56],"VISIB":[6.2200003,6.06],"WDSP":[6.13,4.41],"WNDDIR":[184.8,182],"time":[1549364856,1549364915]}