{"CLDC":[25.909998],"DEWP":[13.4],"FRSHTT":[0],"PRCP":[0],"SLP":[1011.2999],"SNDP":[0],"STP":[1007.62],"TEMP":[20.399998],"VISIB":[5.73],"WDSP":[7.03],"WNDDIR":[287.2],"time":[1549364856]}