{"CLDC":[50.130005],"DEWP":[-21.55],"FRSHTT":[1110000],"PRCP":[0.029999997],"SLP":[1012.9],"SNDP":[6.4000006],"STP":[1012.44006],"TEMP":[-17.890001],"VISIB":[37.71],"WDSP":[22.289999],"WNDDIR":[338.8],"time":[1549364860]}