{"CLDC":[50.130005,50.26],"DEWP":[-21.55,-21.41],"FRSHTT":[1110000,1110000],"PRCP":[0.029999997,0.029999997],"SLP":[1012.9,1012.9],"SNDP":[6.4000006,6.5],"STP":[1012.44006,1012.5],"TEMP":[-17.890001,-17.62],"VISIB":[37.71,37.409996],"WDSP":[22.289999,22.109999],"WNDDIR":[338.8,341.5],"time":[1549364860,1549364918]}