{"CLDC":[91.52,91.89001],"DEWP":[5.2799997,5.4400005],"FRSHTT":[0,0],"PRCP":[0,0],"SLP":[1010.2999,1010.2999],"SNDP":[0,0],"STP":[964.2001,964.2001],"TEMP":[17.61,17.45],"VISIB":[9.340001,9.62],"WDSP":[5.82,5.6099997],"WNDDIR":[58.8,58.5],"time":[1549364861,1549364918]}