{"CLDC":[73.759995,73.74],"DEWP":[6.9200006,7.339999],"FRSHTT":[0,0],"PRCP":[0,0],"SLP":[1011.7999,1011.7999],"SNDP":[0,0],"STP":[980.2999,980.2999],"TEMP":[17.039999,16.759998],"VISIB":[7.22,7.69],"WDSP":[2.0400002,2],"WNDDIR":[111.3,110.6],"time":[1549364861,1549364919]}