{"CLDC":[73.759995],"DEWP":[6.9200006],"FRSHTT":[0],"PRCP":[0],"SLP":[1011.7999],"SNDP":[0],"STP":[980.2999],"TEMP":[17.039999],"VISIB":[7.22],"WDSP":[2.0400002],"WNDDIR":[111.3],"time":[1549364861]}