{"CLDC":[52.789997,52.939995],"DEWP":[7.589999,8.039999],"FRSHTT":[0,0],"PRCP":[0,0],"SLP":[1011,1011],"SNDP":[0,0],"STP":[942.7001,942.7001],"TEMP":[19.849998,19.820002],"VISIB":[9.15,9.259999],"WDSP":[6.84,7.0199995],"WNDDIR":[52.6,54.5],"time":[1549364860,1549364918]}