{"CLDC":[99.28001],"DEWP":[8.820001],"FRSHTT":[0],"PRCP":[0],"SLP":[1011.5],"SNDP":[0],"STP":[984.95996],"TEMP":[19.86],"VISIB":[6.54],"WDSP":[7.96],"WNDDIR":[49],"time":[1549364860]}