{"CLDC":[52.789997],"DEWP":[7.589999],"FRSHTT":[0],"PRCP":[0],"SLP":[1011],"SNDP":[0],"STP":[942.7001],"TEMP":[19.849998],"VISIB":[9.15],"WDSP":[6.84],"WNDDIR":[52.6],"time":[1549364860]}