{"CLDC":[38.730003,38.710003],"DEWP":[10.030001,9.199999],"FRSHTT":[0,0],"PRCP":[0,0],"SLP":[1012.9,1012.9],"SNDP":[0,0],"STP":[1012.43,1012.27997],"TEMP":[15.280001,14.529999],"VISIB":[6.0199995,6.0399995],"WDSP":[7.1099997,7.7699995],"WNDDIR":[39.9,40.4],"time":[1549364859,1549364917]}