{"CLDC":[58.589996,58.51],"DEWP":[13.7,13.579999],"FRSHTT":[0,0],"PRCP":[0,0],"SLP":[1010.7999,1010.7999],"SNDP":[0,0],"STP":[1013.2999,1013.2999],"TEMP":[20.56,20.599998],"VISIB":[6.5200005,6.7],"WDSP":[9.93,9.69],"WNDDIR":[326.4,327.2],"time":[1549364858,1549364916]}