{"CLDC":[67.049995],"DEWP":[9.52],"FRSHTT":[0],"PRCP":[0],"SLP":[921.43],"SNDP":[0],"STP":[923.05],"TEMP":[18.319998],"VISIB":[7.160001],"WDSP":[5.83],"WNDDIR":[295.5],"time":[1549364858]}