{"CLDC":[67.049995,66.93001],"DEWP":[9.52,9.2300005],"FRSHTT":[0,0],"PRCP":[0,0],"SLP":[921.43,921.4],"SNDP":[0,0],"STP":[923.05,923],"TEMP":[18.319998,18.4],"VISIB":[7.160001,6.88],"WDSP":[5.83,5.9000006],"WNDDIR":[295.5,295.7],"time":[1549364858,1549364917]}