{"CLDC":[60.96,60.99],"DEWP":[-26.460001,-26.280003],"FRSHTT":[1000000,1000000],"PRCP":[0,0],"SLP":[1020.25995,1020.22003],"SNDP":[0,0],"STP":[1023.61005,1024.91],"TEMP":[-22.960001,-23.050001],"VISIB":[56.1,54.46],"WDSP":[20.170002,20.07],"WNDDIR":[69.6,66.9],"time":[1549364861,1549364918]}