{"CLDC":[25.65,25.21],"DEWP":[24.740002,24.98],"FRSHTT":[0,0],"PRCP":[0,0],"SLP":[1011.7999,1011.7999],"SNDP":[0,0],"STP":[998.07996,997.38995],"TEMP":[29.919998,29.86],"VISIB":[2.98,3.2300003],"WDSP":[4.54,4.44],"WNDDIR":[99.8,99.8],"time":[1549364861,1549364918]}