{"CLDC":[46.55,46.01],"DEWP":[9.45,9.360001],"FRSHTT":[0,0],"PRCP":[0,0],"SLP":[1013,1013],"SNDP":[0,0],"STP":[1003.00995,1003.54004],"TEMP":[16.01,15.42],"VISIB":[6.4900007,6.84],"WDSP":[13.159999,14.290001],"WNDDIR":[118.4,122.3],"time":[1549364861,1549364919]}