{"CLDC":[66.94,66.89],"DEWP":[15.520001,15.58],"FRSHTT":[0,0],"PRCP":[0,0],"SLP":[1009.2999,1009.2999],"SNDP":[0,0],"STP":[1009.43994,1009.8499],"TEMP":[20.8,20.48],"VISIB":[3.7399998,3.64],"WDSP":[18.63,17.61],"WNDDIR":[177,180.9],"time":[1549364860,1549364918]}