{"CLDC":[83.6,83.7],"DEWP":[19.6,19.560001],"FRSHTT":[0,0],"PRCP":[0,0],"SLP":[1011.7001,1011.7001],"SNDP":[0,0],"STP":[1018.74005,1018.7001],"TEMP":[23.41,23.41],"VISIB":[7.04,8.089999],"WDSP":[3.5,3.5099998],"WNDDIR":[67.6,66.7],"time":[1549364860,1549364918]}