{"CLDC":[50.21],"DEWP":[-22.99],"FRSHTT":[1110000],"PRCP":[0.009999999],"SLP":[1010.31995],"SNDP":[5.5999994],"STP":[1004.22003],"TEMP":[-17.849998],"VISIB":[42.06],"WDSP":[18.93],"WNDDIR":[190.5],"time":[1549364861]}