{"CLDC":[50.32],"DEWP":[-21.03],"FRSHTT":[1100000],"PRCP":[0.009999999],"SLP":[991.7001],"SNDP":[0],"STP":[1011.43],"TEMP":[-19.150002],"VISIB":[46.46],"WDSP":[14.880002],"WNDDIR":[185.5],"time":[1549364861]}