{"CLDC":[66.8],"DEWP":[11.48],"FRSHTT":[0],"PRCP":[0],"SLP":[1011.5],"SNDP":[0],"STP":[1002.66003],"TEMP":[18.300001],"VISIB":[11.69],"WDSP":[12.840001],"WNDDIR":[272.3],"time":[1549364856]}