{"CLDC":[50.239998],"DEWP":[17.109999],"FRSHTT":[100000],"PRCP":[0.009999999],"SLP":[1011.11],"SNDP":[0],"STP":[1009.83997],"TEMP":[22.560001],"VISIB":[11.880001],"WDSP":[10.83],"WNDDIR":[335.2],"time":[1549364855]}