{"CLDC":[50.239998,50.54],"DEWP":[17.109999,17.199999],"FRSHTT":[100000,100000],"PRCP":[0.009999999,0.009999999],"SLP":[1011.11,1010.9],"SNDP":[0,0],"STP":[1009.83997,1009.7999],"TEMP":[22.560001,22.560001],"VISIB":[11.880001,12.61],"WDSP":[10.83,10.709999],"WNDDIR":[335.2,334.2],"time":[1549364855,1549364915]}