{"CLDC":[78.17,77.84999],"DEWP":[22.02,21.850002],"FRSHTT":[100000,100000],"PRCP":[0.09000001,0.09000001],"SLP":[1013.4,1013.4],"SNDP":[0,0],"STP":[1034.02,1037.74],"TEMP":[24.500002,24.530003],"VISIB":[26.670002,26.909998],"WDSP":[14.07,14.05],"WNDDIR":[117.5,118.3],"time":[1549364861,1549364918]}