{"CLDC":[78.17],"DEWP":[22.02],"FRSHTT":[100000],"PRCP":[0.09000001],"SLP":[1013.4],"SNDP":[0],"STP":[1034.02],"TEMP":[24.500002],"VISIB":[26.670002],"WDSP":[14.07],"WNDDIR":[117.5],"time":[1549364861]}