{"CLDC":[50.100006,50.060005],"DEWP":[-15.079999,-14.68],"FRSHTT":[1110000,1110000],"PRCP":[0.050000004,0.050000004],"SLP":[1009.4,1009.6501],"SNDP":[4.5999994,4.5999994],"STP":[1002.7601,1002.6],"TEMP":[-11.12,-10.96],"VISIB":[46.26,46.329998],"WDSP":[10.129999,9.559999],"WNDDIR":[187.3,187.8],"time":[1549364855,1549364915]}