{"CLDC":[50.260002],"DEWP":[-8.539999],"FRSHTT":[1100000],"PRCP":[0.14],"SLP":[996.2001],"SNDP":[0],"STP":[987.39],"TEMP":[-5.8799996],"VISIB":[22.23],"WDSP":[32.019997],"WNDDIR":[87.7],"time":[1549364857]}