{"CLDC":[73.28],"DEWP":[-30.779999],"FRSHTT":[1010000],"PRCP":[0],"SLP":[1065.2001],"SNDP":[8.300001],"STP":[930.7999],"TEMP":[-27.98],"VISIB":[37.489998],"WDSP":[7.2],"WNDDIR":[219.9],"time":[1549364859]}