{"CLDC":[9.17],"DEWP":[-17.640001],"FRSHTT":[1000000],"PRCP":[0],"SLP":[1039.4401],"SNDP":[0],"STP":[866.2999],"TEMP":[-10.459999],"VISIB":[20.469997],"WDSP":[8.940001],"WNDDIR":[300.3],"time":[1549364858]}