{"CLDC":[50.269997],"DEWP":[-19.72],"FRSHTT":[1010000],"PRCP":[0],"SLP":[1052.6399],"SNDP":[0.5],"STP":[833.2001],"TEMP":[-15.660001],"VISIB":[10.050001],"WDSP":[0.20000002],"WNDDIR":[2.8],"time":[1549364859]}