{"CLDC":[50.130005],"DEWP":[-14.659999],"FRSHTT":[1010000],"PRCP":[0],"SLP":[1037.8601],"SNDP":[0.59999996],"STP":[853.2001],"TEMP":[-12.4],"VISIB":[49.63],"WDSP":[6.62],"WNDDIR":[277.2],"time":[1549364858]}