{"CLDC":[63.440002,63.569996],"DEWP":[-26.85,-26.85],"FRSHTT":[1000000,1000000],"PRCP":[0,0],"SLP":[1046,1046],"SNDP":[0,0],"STP":[1055.8201,1057.2],"TEMP":[-24.16,-24.15],"VISIB":[49.859997,49.329994],"WDSP":[2.6000001,2.8699996],"WNDDIR":[177.9,174.3],"time":[1549364858,1549364917]}