{"CLDC":[50.060005],"DEWP":[-18.059998],"FRSHTT":[1010000],"PRCP":[0],"SLP":[1030.7001],"SNDP":[1.3999999],"STP":[953],"TEMP":[-14.749998],"VISIB":[21.41],"WDSP":[12.910001],"WNDDIR":[150.4],"time":[1549364857]}