{"CLDC":[50.060005,50.299995],"DEWP":[-18.059998,-18.419998],"FRSHTT":[1010000,1010000],"PRCP":[0,0],"SLP":[1030.7001,1030.7001],"SNDP":[1.3999999,1.3999999],"STP":[953,953],"TEMP":[-14.749998,-14.720001],"VISIB":[21.41,21.61],"WDSP":[12.910001,12.969999],"WNDDIR":[150.4,150.3],"time":[1549364857,1549364916]}