{"CLDC":[59.6,59.450005],"DEWP":[-7.66,-6.62],"FRSHTT":[1110000,1110000],"PRCP":[1.9400003,1.949],"SLP":[1033.31,1033.41],"SNDP":[0.5,0.5],"STP":[1029.95,1029.16],"TEMP":[-0.49999994,-0.42000002],"VISIB":[50.359997,50.68],"WDSP":[5.0999994,5.2000003],"WNDDIR":[338.3,337.2],"time":[1549364856,1549364916]}