{"CLDC":[59.6],"DEWP":[-7.66],"FRSHTT":[1110000],"PRCP":[1.9400003],"SLP":[1033.31],"SNDP":[0.5],"STP":[1029.95],"TEMP":[-0.49999994],"VISIB":[50.359997],"WDSP":[5.0999994],"WNDDIR":[338.3],"time":[1549364856]}