{"CLDC":[84.12999],"DEWP":[-23.650002],"FRSHTT":[1110000],"PRCP":[0.059999995],"SLP":[1054.4501],"SNDP":[2.7999997],"STP":[787.39996],"TEMP":[-21.199999],"VISIB":[43.18],"WDSP":[4.93],"WNDDIR":[64.9],"time":[1549364855]}