{"CLDC":[71.78999,72.270004],"DEWP":[-18.3,-18.179998],"FRSHTT":[1110000,1110000],"PRCP":[0.059999995,0.059999995],"SLP":[1048.2001,1048.1399],"SNDP":[2.3999999,2.3999999],"STP":[816,816],"TEMP":[-15.7,-15.9],"VISIB":[43.68,43.22],"WDSP":[6.3600006,5.8100004],"WNDDIR":[115.3,111.4],"time":[1549364855,1549364915]}