{"CLDC":[71.78999],"DEWP":[-18.3],"FRSHTT":[1110000],"PRCP":[0.059999995],"SLP":[1048.2001],"SNDP":[2.3999999],"STP":[816],"TEMP":[-15.7],"VISIB":[43.68],"WDSP":[6.3600006],"WNDDIR":[115.3],"time":[1549364855]}