{"CLDC":[84.12999,84.21],"DEWP":[-23.650002,-23.650002],"FRSHTT":[1110000,1110000],"PRCP":[0.059999995,0.059999995],"SLP":[1054.4501,1054.32],"SNDP":[2.7999997,2.7999997],"STP":[787.39996,787.39996],"TEMP":[-21.199999,-21.199999],"VISIB":[43.18,42.420002],"WDSP":[4.93,4.68],"WNDDIR":[64.9,69.3],"time":[1549364855,1549364915]}