{"CLDC":[50.17],"DEWP":[-17.599998],"FRSHTT":[1110000],"PRCP":[0.050000004],"SLP":[1037.54],"SNDP":[0.5],"STP":[831.14],"TEMP":[-11.809999],"VISIB":[45.730003],"WDSP":[8.16],"WNDDIR":[354.6],"time":[1549364855]}