{"CLDC":[74.799995,74.880005],"DEWP":[-18.7,-18.820002],"FRSHTT":[1110000,1110000],"PRCP":[0.009999999,0.009999999],"SLP":[1039.7899,1039.7101],"SNDP":[2.8999999,2.8999999],"STP":[890.6,890.6],"TEMP":[-14.8,-14.76],"VISIB":[14.8,14.63],"WDSP":[6.6299996,7.45],"WNDDIR":[300.1,299.2],"time":[1549364855,1549364915]}