{"CLDC":[54.309998],"DEWP":[-18.399998],"FRSHTT":[1000000],"PRCP":[0],"SLP":[1030.4001],"SNDP":[0],"STP":[1016.4199],"TEMP":[-11.839999],"VISIB":[50.299995],"WDSP":[7.41],"WNDDIR":[237.2],"time":[1549364855]}