{"CLDC":[84.62999],"DEWP":[-20.44],"FRSHTT":[1010000],"PRCP":[0],"SLP":[1032],"SNDP":[1.3000001],"STP":[931.7999],"TEMP":[-16.560001],"VISIB":[19.71],"WDSP":[11.910001],"WNDDIR":[297.8],"time":[1549364859]}