{"CLDC":[63.160004,63.289997],"DEWP":[-14.280001,-14.5199995],"FRSHTT":[1000000,1000000],"PRCP":[0,0],"SLP":[1033.78,1033.8799],"SNDP":[0,0],"STP":[873.25,873.1],"TEMP":[-8.959999,-8.930001],"VISIB":[49.620003,49.35],"WDSP":[13.089999,13.469999],"WNDDIR":[65.8,64.4],"time":[1549364859,1549364917]}