{"CLDC":[63.160004],"DEWP":[-14.280001],"FRSHTT":[1000000],"PRCP":[0],"SLP":[1033.78],"SNDP":[0],"STP":[873.25],"TEMP":[-8.959999],"VISIB":[49.620003],"WDSP":[13.089999],"WNDDIR":[65.8],"time":[1549364859]}