{"CLDC":[79.380005,79.240005],"DEWP":[-18.82,-19.439999],"FRSHTT":[1000000,1000000],"PRCP":[0,0],"SLP":[1043.0999,1042.8201],"SNDP":[0,0],"STP":[1017.00995,1016.98],"TEMP":[-13.58,-13.609999],"VISIB":[50.04,50.26],"WDSP":[32.629997,31.019999],"WNDDIR":[99.8,100.9],"time":[1549364858,1549364916]}