{"CLDC":[44.720005],"DEWP":[-20.750002],"FRSHTT":[1000000],"PRCP":[0],"SLP":[1040.5],"SNDP":[0],"STP":[1050.97],"TEMP":[-15.7300005],"VISIB":[49.969997],"WDSP":[21.8],"WNDDIR":[39.9],"time":[1549364858]}