{"CLDC":[50.06,50.060005],"DEWP":[-15.839999,-16.060001],"FRSHTT":[1010000,1010000],"PRCP":[0,0],"SLP":[1040.51,1040.5],"SNDP":[0.5,0.5],"STP":[899.1,899.1],"TEMP":[-10.75,-10.760001],"VISIB":[50.35,50.54],"WDSP":[7.9300003,8.179999],"WNDDIR":[68.1,70.9],"time":[1549364857,1549364916]}