{"CLDC":[50.06],"DEWP":[-15.839999],"FRSHTT":[1010000],"PRCP":[0],"SLP":[1040.51],"SNDP":[0.5],"STP":[899.1],"TEMP":[-10.75],"VISIB":[50.35],"WDSP":[7.9300003],"WNDDIR":[68.1],"time":[1549364857]}