{"CLDC":[89.6,89.9],"DEWP":[7.4600005,7.63],"FRSHTT":[100000,100000],"PRCP":[0.09000001,0.09000001],"SLP":[1021.1,1021.08997],"SNDP":[0,0],"STP":[1013.04004,1013.08997],"TEMP":[13.2,12.680001],"VISIB":[13.33,13.719999],"WDSP":[9.089999,9.38],"WNDDIR":[119.7,121.2],"time":[1549364860,1549364918]}