{"CLDC":[86.52],"DEWP":[11.180001],"FRSHTT":[100000],"PRCP":[0.009999999],"SLP":[1018.87],"SNDP":[0],"STP":[1014],"TEMP":[14.750002],"VISIB":[11.370001],"WDSP":[13.37],"WNDDIR":[356.6],"time":[1549364860]}