{"CLDC":[50.100002,50.299995],"DEWP":[11.2,11.250001],"FRSHTT":[100000,100000],"PRCP":[0.050000004,0.050000004],"SLP":[1002.6,1002.5],"SNDP":[0,0],"STP":[1002.9,1002.9],"TEMP":[15.780001,15.51],"VISIB":[8.9800005,8.589999],"WDSP":[15.07,16.460001],"WNDDIR":[197.7,195.2],"time":[1549364860,1549364918]}