{"CLDC":[98.22],"DEWP":[11.599999],"FRSHTT":[100000],"PRCP":[0.039999995],"SLP":[1018.6],"SNDP":[0],"STP":[1019.2101],"TEMP":[14.490001],"VISIB":[8.649999],"WDSP":[14.830002],"WNDDIR":[358],"time":[1549364860]}