{"CLDC":[50.04],"DEWP":[4.4000006],"FRSHTT":[100000],"PRCP":[0.029999997],"SLP":[1022.4],"SNDP":[0],"STP":[1026.08],"TEMP":[7.38],"VISIB":[9.340001],"WDSP":[25.95],"WNDDIR":[120.8],"time":[1549364855]}