{"CLDC":[78.380005,78.33],"DEWP":[9.85,9.749999],"FRSHTT":[100000,100000],"PRCP":[0.07,0.07],"SLP":[1019.6,1019.6],"SNDP":[0,0],"STP":[1017.45,1017.1],"TEMP":[13.410001,12.79],"VISIB":[6.4900002,6.85],"WDSP":[10.49,10.38],"WNDDIR":[108.1,111],"time":[1549364855,1549364915]}