{"CLDC":[98.88001,98.64],"DEWP":[7.9900002,7.9],"FRSHTT":[100000,100000],"PRCP":[0.009999999,0.009999999],"SLP":[1019.2001,1019.2001],"SNDP":[0,0],"STP":[1016.30994,1015.9601],"TEMP":[10.059999,10.08],"VISIB":[7.31,6.72],"WDSP":[16.150002,15.950002],"WNDDIR":[296.2,300.3],"time":[1549364855,1549364915]}