{"CLDC":[61.96],"DEWP":[8.15],"FRSHTT":[100000],"PRCP":[0.14],"SLP":[1020],"SNDP":[0],"STP":[1015.7001],"TEMP":[11.940001],"VISIB":[13.15],"WDSP":[29.269999],"WNDDIR":[121.6],"time":[1549364855]}