{"CLDC":[50.04,50.369995],"DEWP":[11.469999,11.309999],"FRSHTT":[100000,100000],"PRCP":[0.07,0.07],"SLP":[1019.4,1019.4],"SNDP":[0,0],"STP":[1024.5,1024.5701],"TEMP":[15.83,16.060001],"VISIB":[15.68,15.759999],"WDSP":[8.26,8.03],"WNDDIR":[148.9,144.5],"time":[1549364855,1549364915]}