{"CLDC":[50.15,50.510002],"DEWP":[8.2,8.1],"FRSHTT":[100000,100000],"PRCP":[0.46999997,0.46999997],"SLP":[1020.1,1020.1],"SNDP":[0,0],"STP":[1019,1019],"TEMP":[10.839998,11.86],"VISIB":[8.129999,7.9000006],"WDSP":[11.9,12.39],"WNDDIR":[209.6,213.2],"time":[1549364855,1549364915]}