{"CLDC":[61.96,61.98],"DEWP":[8.15,8.150001],"FRSHTT":[100000,100000],"PRCP":[0.14,0.14],"SLP":[1020,1020],"SNDP":[0,0],"STP":[1015.7001,1015.7001],"TEMP":[11.940001,11.359999],"VISIB":[13.15,13.159999],"WDSP":[29.269999,29.929998],"WNDDIR":[121.6,124.9],"time":[1549364855,1549364915]}