{"CLDC":[50.13,50.010002],"DEWP":[8.08,7.9200006],"FRSHTT":[100000,100000],"PRCP":[0.029999997,0.029999997],"SLP":[1015.2001,1015.2001],"SNDP":[0,0],"STP":[1016.2001,1016.2001],"TEMP":[11.74,11.25],"VISIB":[7.0199995,7.3600006],"WDSP":[13.63,13.4],"WNDDIR":[258.7,256],"time":[1549364855,1549364915]}