{"CLDC":[50.110004,50.100002],"DEWP":[10.559999,10.62],"FRSHTT":[100000,100000],"PRCP":[0.14999999,0.14999999],"SLP":[1019.7999,1019.7999],"SNDP":[0,0],"STP":[1017.69006,1017.55],"TEMP":[14.159999,14.1],"VISIB":[12.910001,12.61],"WDSP":[9.81,10.45],"WNDDIR":[356.5,358.8],"time":[1549364859,1549364918]}