{"CLDC":[58.51],"DEWP":[8.699999],"FRSHTT":[0],"PRCP":[0],"SLP":[1018.86],"SNDP":[0],"STP":[1013.37],"TEMP":[12.599998],"VISIB":[9.929999],"WDSP":[22.189999],"WNDDIR":[238.2],"time":[1549364858]}