{"CLDC":[92.75,92.81],"DEWP":[12.379999,12.26],"FRSHTT":[100000,100000],"PRCP":[0.07999999,0.07999999],"SLP":[1018.7999,1018.7999],"SNDP":[0,0],"STP":[1010.1,1010.1],"TEMP":[14.929998,15.049998],"VISIB":[11.250002,10.54],"WDSP":[20.25,19.889997],"WNDDIR":[296,298.3],"time":[1549364858,1549364917]}