{"CLDC":[35.429996],"DEWP":[12.710001],"FRSHTT":[0],"PRCP":[0],"SLP":[1017.6],"SNDP":[0],"STP":[1011.50995],"TEMP":[17.66],"VISIB":[6.97],"WDSP":[9.279999],"WNDDIR":[67.9],"time":[1549364859]}