{"CLDC":[87.94001,87.659996],"DEWP":[11.85,11.299998],"FRSHTT":[0,0],"PRCP":[0,0],"SLP":[1017.2999,1017.2999],"SNDP":[0,0],"STP":[1013.7001,1013.74005],"TEMP":[15.149999,15.5],"VISIB":[8.380001,7.8700004],"WDSP":[15.87,16.289999],"WNDDIR":[249.3,253.4],"time":[1549364859,1549364917]}