{"CLDC":[87.94001],"DEWP":[11.85],"FRSHTT":[0],"PRCP":[0],"SLP":[1017.2999],"SNDP":[0],"STP":[1013.7001],"TEMP":[15.149999],"VISIB":[8.380001],"WDSP":[15.87],"WNDDIR":[249.3],"time":[1549364859]}