{"CLDC":[43.969997,43.630005],"DEWP":[13.359999,13.62],"FRSHTT":[0,0],"PRCP":[0,0],"SLP":[1017.2999,1017.2999],"SNDP":[0,0],"STP":[1024.3099,1024.28],"TEMP":[17.48,17.100002],"VISIB":[7.7,8.07],"WDSP":[12.609999,12.53],"WNDDIR":[154.3,152],"time":[1549364859,1549364917]}