{"CLDC":[50.140003,50.11001],"DEWP":[9.75,9.699999],"FRSHTT":[100000,100000],"PRCP":[0.61999995,0.61999995],"SLP":[1013.9,1013.80994],"SNDP":[0,0],"STP":[1010.4601,1010.83997],"TEMP":[14.329999,14.020001],"VISIB":[5.13,5],"WDSP":[10.950001,10.780001],"WNDDIR":[129.6,128.8],"time":[1549364859,1549364917]}