{"CLDC":[50.140003],"DEWP":[9.75],"FRSHTT":[100000],"PRCP":[0.61999995],"SLP":[1013.9],"SNDP":[0],"STP":[1010.4601],"TEMP":[14.329999],"VISIB":[5.13],"WDSP":[10.950001],"WNDDIR":[129.6],"time":[1549364859]}