{"CLDC":[50],"DEWP":[10.499998],"FRSHTT":[100000],"PRCP":[0.029999997],"SLP":[1017.7001],"SNDP":[0],"STP":[1013.9],"TEMP":[13.8],"VISIB":[5.3999996],"WDSP":[9.139999],"WNDDIR":[74.9],"time":[1549364858]}