{"CLDC":[31.11,31.070002],"DEWP":[13.720001,13.56],"FRSHTT":[0,0],"PRCP":[0,0],"SLP":[983.4,983.59],"SNDP":[0,0],"STP":[987.14,986.39],"TEMP":[14.5199995,14.679998],"VISIB":[10.07,10.589999],"WDSP":[26.99,26.810001],"WNDDIR":[167.8,167.5],"time":[1549364859,1549364917]}