{"CLDC":[50.080006,50.160004],"DEWP":[8.640001,8.26],"FRSHTT":[100000,100000],"PRCP":[0.039999995,0.039999995],"SLP":[1018.2001,1018.2001],"SNDP":[0,0],"STP":[1014.4,1014.15],"TEMP":[13.0199995,13.089999],"VISIB":[7.55,8.17],"WDSP":[5.49,5.6600003],"WNDDIR":[346.4,348.5],"time":[1549364858,1549364917]}