{"CLDC":[50.090004],"DEWP":[8.74],"FRSHTT":[100000],"PRCP":[0.050000004],"SLP":[1019.7001],"SNDP":[0],"STP":[1026.14],"TEMP":[11.76],"VISIB":[6.9800005],"WDSP":[23.710001],"WNDDIR":[262.4],"time":[1549364858]}