{"CLDC":[9.49,9.3],"DEWP":[-10.950001,-11.220001],"FRSHTT":[0,0],"PRCP":[0,0],"SLP":[1024.5,1025.66],"SNDP":[0,0],"STP":[994.74005,995.82996],"TEMP":[1.05,1.0799998],"VISIB":[50.47,50.96],"WDSP":[15.289999,15.7699995],"WNDDIR":[58.4,51.1],"time":[1549364858,1549364916]}