{"CLDC":[85.119995,85.08],"DEWP":[10.300001,10.02],"FRSHTT":[0,0],"PRCP":[0,0],"SLP":[1006.30994,1006.4],"SNDP":[0,0],"STP":[998.7999,998.7001],"TEMP":[14.389999,15.07],"VISIB":[8.5199995,8.11],"WDSP":[6.53,6.59],"WNDDIR":[93.1,95.7],"time":[1549364858,1549364916]}