{"CLDC":[52.52,52.760002],"DEWP":[10.1,9.84],"FRSHTT":[100000,100000],"PRCP":[0.19000001,0.19000001],"SLP":[1018.9,1018.9],"SNDP":[0,0],"STP":[1022.9601,1022.95996],"TEMP":[13.42,13.340001],"VISIB":[9.1,8.67],"WDSP":[9.8,9.750001],"WNDDIR":[287.8,289.8],"time":[1549364858,1549364916]}