{"CLDC":[9.49],"DEWP":[-10.950001],"FRSHTT":[0],"PRCP":[0],"SLP":[1024.5],"SNDP":[0],"STP":[994.74005],"TEMP":[1.05],"VISIB":[50.47],"WDSP":[15.289999],"WNDDIR":[58.4],"time":[1549364858]}