{"CLDC":[71.76,71.78],"DEWP":[8.52,8.38],"FRSHTT":[0,0],"PRCP":[0,0],"SLP":[1018.27997,1018.2999],"SNDP":[0,0],"STP":[1021.00995,1021.00995],"TEMP":[14.93,14.959999],"VISIB":[20.7,21.1],"WDSP":[10.320001,9.47],"WNDDIR":[199.9,200.7],"time":[1549364858,1549364916]}