{"CLDC":[32.399998,32.299995],"DEWP":[13.520001,12.94],"FRSHTT":[0,0],"PRCP":[0,0],"SLP":[1018.1,1018.1],"SNDP":[0,0],"STP":[1019.17004,1018.57],"TEMP":[18.3,17.64],"VISIB":[7.9600005,8.870001],"WDSP":[4.79,4.51],"WNDDIR":[266.3,268.7],"time":[1549364858,1549364916]}