{"CLDC":[50.07,50.170006],"DEWP":[12.42,12.16],"FRSHTT":[100000,100000],"PRCP":[0.009999999,0.009999999],"SLP":[1017.2999,1017.2999],"SNDP":[0,0],"STP":[1016.1,1016.1],"TEMP":[18,18.26],"VISIB":[19.47,19.769999],"WDSP":[12.599999,12.719999],"WNDDIR":[203.3,202.6],"time":[1549364858,1549364916]}