{"CLDC":[83.84999,83.549995],"DEWP":[2.48,2.05],"FRSHTT":[0,0],"PRCP":[0,0],"SLP":[1022.6,1022.38],"SNDP":[0,0],"STP":[993.55,993.25],"TEMP":[5.24,4.87],"VISIB":[22.75,22.37],"WDSP":[1.5,1.43],"WNDDIR":[67.5,69.2],"time":[1549364858,1549364916]}