{"CLDC":[86.80999],"DEWP":[9.379999],"FRSHTT":[0],"PRCP":[0],"SLP":[1017.9],"SNDP":[0],"STP":[1007.63995],"TEMP":[14.6],"VISIB":[9.84],"WDSP":[15.729999],"WNDDIR":[340.2],"time":[1549364858]}