{"CLDC":[50.07],"DEWP":[12.42],"FRSHTT":[100000],"PRCP":[0.009999999],"SLP":[1017.2999],"SNDP":[0],"STP":[1016.1],"TEMP":[18],"VISIB":[19.47],"WDSP":[12.599999],"WNDDIR":[203.3],"time":[1549364858]}