{"CLDC":[55.690002,55.839996],"DEWP":[7.9299994,8.05],"FRSHTT":[0,0],"PRCP":[0,0],"SLP":[1019.9,1019.9],"SNDP":[0,0],"STP":[1010,1010.16],"TEMP":[12.109999,11.639999],"VISIB":[8.92,8.870001],"WDSP":[12.23,12.7],"WNDDIR":[201.9,204.4],"time":[1549364858,1549364916]}