{"CLDC":[55.690002],"DEWP":[7.9299994],"FRSHTT":[0],"PRCP":[0],"SLP":[1019.9],"SNDP":[0],"STP":[1010],"TEMP":[12.109999],"VISIB":[8.92],"WDSP":[12.23],"WNDDIR":[201.9],"time":[1549364858]}