{"CLDC":[85.119995],"DEWP":[10.300001],"FRSHTT":[0],"PRCP":[0],"SLP":[1006.30994],"SNDP":[0],"STP":[998.7999],"TEMP":[14.389999],"VISIB":[8.5199995],"WDSP":[6.53],"WNDDIR":[93.1],"time":[1549364858]}