{"CLDC":[32.399998],"DEWP":[13.520001],"FRSHTT":[0],"PRCP":[0],"SLP":[1018.1],"SNDP":[0],"STP":[1019.17004],"TEMP":[18.3],"VISIB":[7.9600005],"WDSP":[4.79],"WNDDIR":[266.3],"time":[1549364858]}