{"CLDC":[23.550003],"DEWP":[11.309999],"FRSHTT":[0],"PRCP":[0],"SLP":[1020],"SNDP":[0],"STP":[1014.2101],"TEMP":[15.58],"VISIB":[9.150001],"WDSP":[9.91],"WNDDIR":[342.5],"time":[1549364858]}