{"CLDC":[36.170002],"DEWP":[9.14],"FRSHTT":[0],"PRCP":[0],"SLP":[1020.9],"SNDP":[0],"STP":[1021.81995],"TEMP":[12.339999],"VISIB":[6.7300005],"WDSP":[9.450001],"WNDDIR":[5],"time":[1549364858]}