{"CLDC":[18.409998,18.869999],"DEWP":[10.86,10.559999],"FRSHTT":[0,0],"PRCP":[0,0],"SLP":[1017.9,1017.9],"SNDP":[0,0],"STP":[1025,1024.8099],"TEMP":[16.039999,16.23],"VISIB":[17.59,18.699999],"WDSP":[8.349999,8.24],"WNDDIR":[138,134],"time":[1549364858,1549364917]}