{"CLDC":[50.269997,50.489998],"DEWP":[10.679999,10.7],"FRSHTT":[100000,100000],"PRCP":[0.14,0.14],"SLP":[1019.7999,1019.7999],"SNDP":[0,0],"STP":[1013.93005,1013.9],"TEMP":[15.75,15.85],"VISIB":[10.92,10.280001],"WDSP":[13.569998,12.39],"WNDDIR":[41.1,38.7],"time":[1549364858,1549364917]}