{"CLDC":[50],"DEWP":[13.100001],"FRSHTT":[100000],"PRCP":[0.050000004],"SLP":[1017.4],"SNDP":[0],"STP":[1006.61005],"TEMP":[15.320002],"VISIB":[16.210001],"WDSP":[28.789999],"WNDDIR":[3.3],"time":[1549364858]}