{"CLDC":[81.93001],"DEWP":[8.18],"FRSHTT":[0],"PRCP":[0],"SLP":[1018.9],"SNDP":[0],"STP":[990.1],"TEMP":[9.930001],"VISIB":[8.73],"WDSP":[9.66],"WNDDIR":[182.6],"time":[1549364858]}