{"CLDC":[50.269997],"DEWP":[10.679999],"FRSHTT":[100000],"PRCP":[0.14],"SLP":[1019.7999],"SNDP":[0],"STP":[1013.93005],"TEMP":[15.75],"VISIB":[10.92],"WDSP":[13.569998],"WNDDIR":[41.1],"time":[1549364858]}