{"CLDC":[55,55.230003],"DEWP":[9.44,9.379999],"FRSHTT":[100000,100000],"PRCP":[0.019999998,0.019999998],"SLP":[1018.7101,1018.7999],"SNDP":[0,0],"STP":[1015.80994,1016.97003],"TEMP":[13.88,14.1],"VISIB":[25.079998,26.170002],"WDSP":[13.4,13.62],"WNDDIR":[273.3,273.8],"time":[1549364858,1549364917]}