{"CLDC":[62.120003],"DEWP":[8.98],"FRSHTT":[100000],"PRCP":[0.07999999],"SLP":[1018.5],"SNDP":[0],"STP":[1010.75995],"TEMP":[13.379999],"VISIB":[10.609999],"WDSP":[24.170002],"WNDDIR":[27.7],"time":[1549364857]}