{"CLDC":[62.120003,62.069996],"DEWP":[8.98,8.51],"FRSHTT":[100000,100000],"PRCP":[0.07999999,0.07999999],"SLP":[1018.5,1018.5],"SNDP":[0,0],"STP":[1010.75995,1010.65],"TEMP":[13.379999,12.48],"VISIB":[10.609999,10.659999],"WDSP":[24.170002,24.26],"WNDDIR":[27.7,25.5],"time":[1549364857,1549364916]}