{"CLDC":[84.94,85.009995],"DEWP":[8.4800005,8.3],"FRSHTT":[0,0],"PRCP":[0,0],"SLP":[1015.2001,1015.2001],"SNDP":[0,0],"STP":[1009.63995,1009.4],"TEMP":[11.660001,11.8],"VISIB":[8.450001,7.5200005],"WDSP":[17.829998,17.07],"WNDDIR":[332.9,333.2],"time":[1549364857,1549364916]}