{"CLDC":[2.81,2.8899999],"DEWP":[9.33,9.110001],"FRSHTT":[0,0],"PRCP":[0,0],"SLP":[1016.7101,1016.7999],"SNDP":[0,0],"STP":[1016.48,1015.6],"TEMP":[10.34,10.629999],"VISIB":[9.81,9.6],"WDSP":[25.509998,25.210001],"WNDDIR":[293.5,294.5],"time":[1549364857,1549364916]}