{"CLDC":[40.35],"DEWP":[16.779999],"FRSHTT":[0],"PRCP":[0],"SLP":[1017.4],"SNDP":[0],"STP":[1012.86],"TEMP":[20.37],"VISIB":[10.390001],"WDSP":[21.21],"WNDDIR":[304.7],"time":[1549364860]}