{"CLDC":[40.35,40.65],"DEWP":[16.779999,16.880001],"FRSHTT":[0,0],"PRCP":[0,0],"SLP":[1017.4,1017.4],"SNDP":[0,0],"STP":[1012.86,1012.86],"TEMP":[20.37,20.7],"VISIB":[10.390001,10.159999],"WDSP":[21.21,20.45],"WNDDIR":[304.7,301.6],"time":[1549364860,1549364918]}