{"CLDC":[2.2900002,2.55],"DEWP":[-11.900002,-11.700002],"FRSHTT":[1000000,1000000],"PRCP":[0,0],"SLP":[1020.2999,1020.2999],"SNDP":[0,0],"STP":[1021.04004,1021.35],"TEMP":[-4.5500007,-4.57],"VISIB":[23.329998,23.16],"WDSP":[12.109999,11.900001],"WNDDIR":[215.8,217],"time":[1549364855,1549364915]}