{"CLDC":[2.2900002],"DEWP":[-11.900002],"FRSHTT":[1000000],"PRCP":[0],"SLP":[1020.2999],"SNDP":[0],"STP":[1021.04004],"TEMP":[-4.5500007],"VISIB":[23.329998],"WDSP":[12.109999],"WNDDIR":[215.8],"time":[1549364855]}