{"CLDC":[79.850006,79.990005],"DEWP":[-11.95,-12.2],"FRSHTT":[1110000,1110000],"PRCP":[0.009999999,0.009999999],"SLP":[897.38995,897.30994],"SNDP":[4.7999997,4.7999997],"STP":[898.4,898.44006],"TEMP":[-8.059999,-8.14],"VISIB":[23.680002,23.849998],"WDSP":[6.4199996,6.6299996],"WNDDIR":[179.7,180.5],"time":[1549364855,1549364915]}