{"CLDC":[97.47001],"DEWP":[-8.300001],"FRSHTT":[1100000],"PRCP":[0.45999998],"SLP":[1022],"SNDP":[0],"STP":[1015.2499],"TEMP":[-2.0300002],"VISIB":[11.370001],"WDSP":[5.4100003],"WNDDIR":[50.8],"time":[1549364855]}