{"CLDC":[50.329998],"DEWP":[-6.2200007],"FRSHTT":[1110000],"PRCP":[0.16999999],"SLP":[1021.00995],"SNDP":[0.10000001],"STP":[1019.61005],"TEMP":[-2.49],"VISIB":[12.51],"WDSP":[8.66],"WNDDIR":[229.5],"time":[1549364861]}