{"CLDC":[52.079998,52.26],"DEWP":[-17.01,-16.62],"FRSHTT":[1000000,1000000],"PRCP":[0,0],"SLP":[1028.7501,1028.48],"SNDP":[0,0],"STP":[1045.3801,1045.49],"TEMP":[-12.85,-12.879999],"VISIB":[9.83,9.059999],"WDSP":[5.33,4.9300003],"WNDDIR":[18.6,19.3],"time":[1549364861,1549364919]}