{"CLDC":[50.04,50.06],"DEWP":[-10.000001,-9.900001],"FRSHTT":[1010000,1010000],"PRCP":[0,0],"SLP":[1025.9001,1025.9001],"SNDP":[0.6999999,0.6999999],"STP":[1026.0901,1026.1299],"TEMP":[-3.2400002,-3.18],"VISIB":[14.12,14.6],"WDSP":[11.809999,11.36],"WNDDIR":[99.9,99.5],"time":[1549364861,1549364919]}