{"CLDC":[10.0199995,10.059999],"DEWP":[-18.5,-18.5],"FRSHTT":[1000000,1000000],"PRCP":[0,0],"SLP":[1016.1501,1017.55994],"SNDP":[0,0],"STP":[993.63007,994.13995],"TEMP":[-0.45999998,-0.21999998],"VISIB":[6.1499996,6.04],"WDSP":[8.990001,9.51],"WNDDIR":[346.3,347.2],"time":[1549364861,1549364919]}