{"CLDC":[10.0199995],"DEWP":[-18.5],"FRSHTT":[1000000],"PRCP":[0],"SLP":[1016.1501],"SNDP":[0],"STP":[993.63007],"TEMP":[-0.45999998],"VISIB":[6.1499996],"WDSP":[8.990001],"WNDDIR":[346.3],"time":[1549364861]}