{"CLDC":[50.269997],"DEWP":[-8.34],"FRSHTT":[1100000],"PRCP":[0.009999999],"SLP":[1022.1],"SNDP":[0],"STP":[1019.63995],"TEMP":[-3.65],"VISIB":[13.360001],"WDSP":[9.45],"WNDDIR":[225.9],"time":[1549364860]}