{"CLDC":[50.28,50.1],"DEWP":[-8.25,-8.249999],"FRSHTT":[1100000,1100000],"PRCP":[0.019999998,0.019999998],"SLP":[1019,1019],"SNDP":[0,0],"STP":[1020.22003,1020.16003],"TEMP":[-4.1500006,-4.2500005],"VISIB":[14.589999,14.55],"WDSP":[6.7400002,6.96],"WNDDIR":[216.8,215.1],"time":[1549364860,1549364918]}