{"CLDC":[50.269997],"DEWP":[-10.46],"FRSHTT":[1110000],"PRCP":[0.059999995],"SLP":[1022.2001],"SNDP":[0.59999996],"STP":[1017.84],"TEMP":[-2.1999998],"VISIB":[14.55],"WDSP":[8.29],"WNDDIR":[31.5],"time":[1549364860]}