{"CLDC":[34.379997,34.699997],"DEWP":[-1.45,-1.5399998],"FRSHTT":[0,0],"PRCP":[0,0],"SLP":[1005.9,1006],"SNDP":[0,0],"STP":[995.39,996.4899],"TEMP":[0.84000003,0.98],"VISIB":[10.309999,9.910001],"WDSP":[6.0699997,5.8100004],"WNDDIR":[157.7,154.2],"time":[1549364860,1549364918]}