{"CLDC":[50.269997,50.329998],"DEWP":[-10.46,-10.6],"FRSHTT":[1110000,1110000],"PRCP":[0.059999995,0.059999995],"SLP":[1022.2001,1022.2001],"SNDP":[0.59999996,0.59999996],"STP":[1017.84,1018.09],"TEMP":[-2.1999998,-2.16],"VISIB":[14.55,14.6],"WDSP":[8.29,8.57],"WNDDIR":[31.5,31.3],"time":[1549364860,1549364918]}