{"CLDC":[57.560005,57.440002],"DEWP":[-7.910001,-7.749999],"FRSHTT":[1000000,1000000],"PRCP":[0,0],"SLP":[1024.7999,1024.7999],"SNDP":[0,0],"STP":[1024.9001,1024.9001],"TEMP":[-2.8000002,-2.7900002],"VISIB":[11.119999,11.370001],"WDSP":[10.23,11.169999],"WNDDIR":[150.7,145.3],"time":[1549364859,1549364918]}