{"CLDC":[29.909998,30.010004],"DEWP":[-7.66,-7.66],"FRSHTT":[1000000,1000000],"PRCP":[0,0],"SLP":[1024.2401,1024.2899],"SNDP":[0,0],"STP":[1025.6199,1025.45],"TEMP":[-1.1200001,-1.09],"VISIB":[15.219998,15.409999],"WDSP":[10.95,11.76],"WNDDIR":[292.8,293.9],"time":[1549364859,1549364918]}