{"CLDC":[96.109985],"DEWP":[-7.5600004],"FRSHTT":[1000000],"PRCP":[0],"SLP":[1023.6],"SNDP":[0],"STP":[1027.3],"TEMP":[-2.48],"VISIB":[13.7699995],"WDSP":[13.039999],"WNDDIR":[61.3],"time":[1549364859]}