{"CLDC":[29.909998],"DEWP":[-7.66],"FRSHTT":[1000000],"PRCP":[0],"SLP":[1024.2401],"SNDP":[0],"STP":[1025.6199],"TEMP":[-1.1200001],"VISIB":[15.219998],"WDSP":[10.95],"WNDDIR":[292.8],"time":[1549364859]}