{"CLDC":[57.560005],"DEWP":[-7.910001],"FRSHTT":[1000000],"PRCP":[0],"SLP":[1024.7999],"SNDP":[0],"STP":[1024.9001],"TEMP":[-2.8000002],"VISIB":[11.119999],"WDSP":[10.23],"WNDDIR":[150.7],"time":[1549364859]}