{"CLDC":[40.63,40.56],"DEWP":[-16.600002,-17.000002],"FRSHTT":[1000000,1000000],"PRCP":[0,0],"SLP":[1029.07,1029.2001],"SNDP":[0,0],"STP":[1021.7001,1022.2501],"TEMP":[-8.699999,-8.699999],"VISIB":[19.74,19.2],"WDSP":[11.09,9.900001],"WNDDIR":[43.4,43.4],"time":[1549364859,1549364918]}