{"CLDC":[74.729996],"DEWP":[-7.62],"FRSHTT":[1110000],"PRCP":[0.029999997],"SLP":[1024.7999],"SNDP":[1.3999999],"STP":[1029.89],"TEMP":[-3.36],"VISIB":[26.74],"WDSP":[7.19],"WNDDIR":[272.1],"time":[1549364859]}