{"CLDC":[23.390001,23.280003],"DEWP":[-9.35,-9.350001],"FRSHTT":[1000000,1000000],"PRCP":[0,0],"SLP":[1024.39,1024.4001],"SNDP":[0,0],"STP":[1020.9801,1021.17004],"TEMP":[-2.9199996,-3.2599998],"VISIB":[16.349998,16.66],"WDSP":[8.78,8.030001],"WNDDIR":[298.9,298.8],"time":[1549364859,1549364917]}