{"CLDC":[64.5],"DEWP":[-16.18],"FRSHTT":[1000000],"PRCP":[0],"SLP":[987.95],"SNDP":[0],"STP":[984.82],"TEMP":[-1.0999999],"VISIB":[6.2599998],"WDSP":[15.63],"WNDDIR":[355.7],"time":[1549364859]}