{"CLDC":[52.559998,52.710003],"DEWP":[-8.12,-8.539999],"FRSHTT":[1000000,1000000],"PRCP":[0,0],"SLP":[1023.63995,1023.6],"SNDP":[0,0],"STP":[1008.9,1008.74005],"TEMP":[-1.8,-1.8400002],"VISIB":[15.05,15.139999],"WDSP":[5.7499995,5.17],"WNDDIR":[266.2,268.5],"time":[1549364859,1549364917]}