{"CLDC":[63.369995],"DEWP":[-9.82],"FRSHTT":[1110000],"PRCP":[0.029999997],"SLP":[1020.6],"SNDP":[1.5],"STP":[1021.17004],"TEMP":[-0.6],"VISIB":[22.310001],"WDSP":[11.45],"WNDDIR":[168.6],"time":[1549364859]}