{"CLDC":[45.899998,46.010002],"DEWP":[-11.040001,-11.650001],"FRSHTT":[1000000,1000000],"PRCP":[0,0],"SLP":[1024.3099,1024.47],"SNDP":[0,0],"STP":[1010.00995,1010],"TEMP":[-1.6800001,-1.8000002],"VISIB":[13.290001,12.77],"WDSP":[5.4000006,5.46],"WNDDIR":[81.1,79],"time":[1549364858,1549364917]}