{"CLDC":[72,72.020004],"DEWP":[-11.8,-11.5199995],"FRSHTT":[1000000,1000000],"PRCP":[0,0],"SLP":[1024.87,1024.89],"SNDP":[0,0],"STP":[1020.86993,1020.9699],"TEMP":[-2.76,-2.8400002],"VISIB":[13.639999,13.390001],"WDSP":[4.7999997,4.4200006],"WNDDIR":[92.9,93.6],"time":[1549364858,1549364917]}