{"CLDC":[64.5,64.42],"DEWP":[-16.18,-16.279999],"FRSHTT":[1000000,1000000],"PRCP":[0,0],"SLP":[987.95,988.30994],"SNDP":[0,0],"STP":[984.82,984.93994],"TEMP":[-1.0999999,-1.0000001],"VISIB":[6.2599998,6.4299994],"WDSP":[15.63,15.070002],"WNDDIR":[355.7,356.1],"time":[1549364859,1549364917]}