{"CLDC":[50.02,50.249996],"DEWP":[-9.050001,-9.070001],"FRSHTT":[1110000,1110000],"PRCP":[0.019999998,0.019999998],"SLP":[1023.16003,1023.24005],"SNDP":[0.59999996,0.60999995],"STP":[1017,1017.1701],"TEMP":[-0.64000005,-0.56000006],"VISIB":[11.990001,11.900001],"WDSP":[8.089999,8.29],"WNDDIR":[251.9,256.3],"time":[1549364857,1549364916]}