{"CLDC":[50.219994],"DEWP":[-14.210001],"FRSHTT":[1100000],"PRCP":[0.050000004],"SLP":[1011.1],"SNDP":[0],"STP":[1014.11],"TEMP":[-5.1899996],"VISIB":[11],"WDSP":[10.95],"WNDDIR":[221.8],"time":[1549364857]}