{"CLDC":[50.15,50.1],"DEWP":[-19.3,-18.759998],"FRSHTT":[1010000,1010000],"PRCP":[0,0],"SLP":[1034.3701,1036.89],"SNDP":[8.300001,8.400001],"STP":[1026.1699,1026],"TEMP":[-12.660001,-12.660002],"VISIB":[7.7599998,7.7899995],"WDSP":[5.3900003,5.33],"WNDDIR":[60.9,61.4],"time":[1549364857,1549364916]}