{"CLDC":[50.219994,50.24],"DEWP":[-14.210001,-13.95],"FRSHTT":[1100000,1100000],"PRCP":[0.050000004,0.050000004],"SLP":[1011.1,1011.1],"SNDP":[0,0],"STP":[1014.11,1018.25],"TEMP":[-5.1899996,-5.1899996],"VISIB":[11,11.059999],"WDSP":[10.95,8.93],"WNDDIR":[221.8,225.9],"time":[1549364857,1549364916]}