{"CLDC":[50.05],"DEWP":[-12.799999],"FRSHTT":[1110000],"PRCP":[0.10000001],"SLP":[1021.77997],"SNDP":[8.900001],"STP":[919.9],"TEMP":[-6.1600003],"VISIB":[14.24],"WDSP":[19.15],"WNDDIR":[13.5],"time":[1549364858]}