{"CLDC":[25.5],"DEWP":[-16.26],"FRSHTT":[1000000],"PRCP":[0],"SLP":[1024.23],"SNDP":[0],"STP":[1014.9],"TEMP":[-9.059999],"VISIB":[11.12],"WDSP":[7.0999994],"WNDDIR":[242.9],"time":[1549364858]}