{"CLDC":[46.65,47.170002],"DEWP":[-12.449999,-12.650002],"FRSHTT":[1000000,1000000],"PRCP":[0,0],"SLP":[996.65,996.92004],"SNDP":[0,0],"STP":[1014.9801,1015.07],"TEMP":[-1.3,-1.4200001],"VISIB":[11.5,11.47],"WDSP":[7.38,6.8200006],"WNDDIR":[81.2,80.1],"time":[1549364857,1549364916]}