{"CLDC":[72.67,72.33],"DEWP":[-10.22,-10.299999],"FRSHTT":[1110000,1110000],"PRCP":[0.039999995,0.039999995],"SLP":[1021.2999,1021.2999],"SNDP":[1,1],"STP":[1017.93,1018.07996],"TEMP":[-0.49999994,-0.44],"VISIB":[23.6,23.02],"WDSP":[13.149999,13.139999],"WNDDIR":[150.4,151],"time":[1549364857,1549364916]}