{"CLDC":[95.52],"DEWP":[-7.88],"FRSHTT":[1010000],"PRCP":[0],"SLP":[1014.82],"SNDP":[0.10000001],"STP":[1015.31995],"TEMP":[-1.1499999],"VISIB":[12.109999],"WDSP":[13.629999],"WNDDIR":[183],"time":[1549364857]}