{"CLDC":[82.79],"DEWP":[-10.059999],"FRSHTT":[0],"PRCP":[0],"SLP":[985.27997],"SNDP":[0],"STP":[999.67004],"TEMP":[1.55],"VISIB":[11],"WDSP":[19.59],"WNDDIR":[187.3],"time":[1549364857]}