{"CLDC":[77.71001],"DEWP":[-8.799999],"FRSHTT":[1010000],"PRCP":[0],"SLP":[1013.2001],"SNDP":[0.10000001],"STP":[1009.11],"TEMP":[-2.1],"VISIB":[8.360001],"WDSP":[7.6799994],"WNDDIR":[288],"time":[1549364857]}