{"CLDC":[98.97001,98.86],"DEWP":[-5.3499994,-5.3499994],"FRSHTT":[1010000,1010000],"PRCP":[0,0],"SLP":[1022.32,1022.41],"SNDP":[0.10000001,0.10000001],"STP":[1015.86993,1016.2899],"TEMP":[-1.59,-1.7000002],"VISIB":[11.599999,11.31],"WDSP":[19.61,20.47],"WNDDIR":[232.8,234.7],"time":[1549364858,1549364916]}