{"CLDC":[82.82,82.95],"DEWP":[-7.3599997,-7.549999],"FRSHTT":[1010000,1010000],"PRCP":[0,0],"SLP":[1023.4,1023.4],"SNDP":[0.10000001,0.10000001],"STP":[1019.6,1019.44006],"TEMP":[-0.85999995,-0.8999999],"VISIB":[11.09,10.85],"WDSP":[9.199999,9.400001],"WNDDIR":[345.1,347],"time":[1549364857,1549364916]}