{"CLDC":[26.720001],"DEWP":[-8.280001],"FRSHTT":[1000000],"PRCP":[0],"SLP":[1025.35],"SNDP":[0],"STP":[1005.4],"TEMP":[-1.3699999],"VISIB":[14.079999],"WDSP":[18.7],"WNDDIR":[126.5],"time":[1549364858]}