{"CLDC":[51.409996,51.57],"DEWP":[-7.140001,-7.7699995],"FRSHTT":[1010000,1010000],"PRCP":[0,0],"SLP":[1024.0999,1024.0999],"SNDP":[0.10000001,0.10000001],"STP":[1021.7001,1021.7799],"TEMP":[-1.01,-1.1000001],"VISIB":[14.129999,14.05],"WDSP":[6.5199995,6.6299996],"WNDDIR":[81.1,80.2],"time":[1549364856,1549364915]}