{"CLDC":[89.990005,90.579994],"DEWP":[-6.85,-6.7600007],"FRSHTT":[1000000,1000000],"PRCP":[0,0],"SLP":[1009.5,1009.68005],"SNDP":[0,0],"STP":[1007.44006,1007.2999],"TEMP":[-1.28,-1.22],"VISIB":[9.250001,9.119999],"WDSP":[8.8,8.73],"WNDDIR":[324.7,326.8],"time":[1549364856,1549364915]}