{"CLDC":[55.969994],"DEWP":[-8.280001],"FRSHTT":[1010000],"PRCP":[0],"SLP":[1023.5],"SNDP":[0.10000001],"STP":[1017.84],"TEMP":[-1.5000002],"VISIB":[15.490001],"WDSP":[13.860001],"WNDDIR":[227.4],"time":[1549364856]}