{"CLDC":[51.710003],"DEWP":[-12.72],"FRSHTT":[1000000],"PRCP":[0],"SLP":[1025.07],"SNDP":[0],"STP":[1022.30994],"TEMP":[-5.28],"VISIB":[14.24],"WDSP":[8.67],"WNDDIR":[325.8],"time":[1549364856]}