{"CLDC":[29.75],"DEWP":[-5.7300005],"FRSHTT":[1000000],"PRCP":[0],"SLP":[1004.67004],"SNDP":[0],"STP":[1006.47003],"TEMP":[-2.89],"VISIB":[8.46],"WDSP":[13.089999],"WNDDIR":[120.3],"time":[1549364856]}