{"CLDC":[50.010002],"DEWP":[-4.7200003],"FRSHTT":[110000],"PRCP":[0.07],"SLP":[1020.4],"SNDP":[3.1000001],"STP":[1001.54004],"TEMP":[0.5199999],"VISIB":[14.9800005],"WDSP":[12.799999],"WNDDIR":[41.4],"time":[1549364856]}