{"CLDC":[50.18,50.35],"DEWP":[-9.860001,-10.100001],"FRSHTT":[1100000,1100000],"PRCP":[0.029999997,0.029999997],"SLP":[1024.0999,1024.0999],"SNDP":[0,0],"STP":[1005.7001,1005.8299],"TEMP":[-2.55,-2.55],"VISIB":[14.83,15.17],"WDSP":[4.16,4.94],"WNDDIR":[268.7,268.7],"time":[1549364856,1549364915]}