{"CLDC":[51.409996],"DEWP":[-7.140001],"FRSHTT":[1010000],"PRCP":[0],"SLP":[1024.0999],"SNDP":[0.10000001],"STP":[1021.7001],"TEMP":[-1.01],"VISIB":[14.129999],"WDSP":[6.5199995],"WNDDIR":[81.1],"time":[1549364856]}