{"CLDC":[50.100006],"DEWP":[-9.7],"FRSHTT":[1010000],"PRCP":[0],"SLP":[1004.3299],"SNDP":[0.20000002],"STP":[1007.91003],"TEMP":[-4.0899997],"VISIB":[8.95],"WDSP":[7.4799995],"WNDDIR":[227.2],"time":[1549364856]}