{"CLDC":[75.61,76.04],"DEWP":[-6.38,-6.7399993],"FRSHTT":[1000000,1000000],"PRCP":[0,0],"SLP":[989.17004,989.66],"SNDP":[0,0],"STP":[1016.55,1016.59],"TEMP":[-1.02,-0.9000001],"VISIB":[10.99,11.159999],"WDSP":[4.7599998,4.51],"WNDDIR":[74.1,75.2],"time":[1549364856,1549364916]}