{"CLDC":[50.15],"DEWP":[-7.0399995],"FRSHTT":[1010000],"PRCP":[0],"SLP":[1008.11],"SNDP":[0.5],"STP":[1006.5],"TEMP":[-2.5499997],"VISIB":[10.689999],"WDSP":[8.800001],"WNDDIR":[225.1],"time":[1549364856]}