{"CLDC":[63.660004],"DEWP":[-10.6],"FRSHTT":[1110000],"PRCP":[0.039999995],"SLP":[1024.2001],"SNDP":[0.10000001],"STP":[993.7999],"TEMP":[-2.0500002],"VISIB":[14.57],"WDSP":[3.85],"WNDDIR":[114.6],"time":[1549364856]}