{"CLDC":[65.03,65.28],"DEWP":[-10.000001,-9.880001],"FRSHTT":[1010000,1010000],"PRCP":[0,0],"SLP":[1018.44006,1019.65],"SNDP":[3.2999997,3.2999997],"STP":[1016.22003,1016.75],"TEMP":[-4.0200005,-4.05],"VISIB":[11.410002,10.860001],"WDSP":[6.96,6.54],"WNDDIR":[190.2,189.8],"time":[1549364856,1549364916]}