{"CLDC":[50.03],"DEWP":[-6.4600005],"FRSHTT":[1010000],"PRCP":[0],"SLP":[1015.0801],"SNDP":[0.59999996],"STP":[1008.39],"TEMP":[-1.0600001],"VISIB":[8.74],"WDSP":[7.41],"WNDDIR":[8.2],"time":[1549364856]}