{"CLDC":[60.579998],"DEWP":[-8.719999],"FRSHTT":[1110000],"PRCP":[0.009999999],"SLP":[1016.7999],"SNDP":[0.59999996],"STP":[1018.9],"TEMP":[-3.0200002],"VISIB":[9.150001],"WDSP":[8.569999],"WNDDIR":[25.4],"time":[1549364856]}