{"CLDC":[56.389996,56.630005],"DEWP":[-9.6,-9.4],"FRSHTT":[1000000,1000000],"PRCP":[0,0],"SLP":[971.1699,971.09],"SNDP":[0,0],"STP":[982.6,982.7001],"TEMP":[-1.9399999,-2.02],"VISIB":[11.330001,11.599999],"WDSP":[6.25,7.03],"WNDDIR":[276.8,278.8],"time":[1549364856,1549364916]}