{"CLDC":[38.130005],"DEWP":[-10.650001],"FRSHTT":[1000000],"PRCP":[0],"SLP":[980.6],"SNDP":[0],"STP":[1014.88995],"TEMP":[-4.17],"VISIB":[10.47],"WDSP":[26.220001],"WNDDIR":[160.1],"time":[1549364856]}