{"CLDC":[50.379997],"DEWP":[-7.5600004],"FRSHTT":[1010000],"PRCP":[0],"SLP":[1024],"SNDP":[1.8],"STP":[1020.05994],"TEMP":[-2.3899999],"VISIB":[20.09],"WDSP":[8.690001],"WNDDIR":[67],"time":[1549364856]}