{"CLDC":[19.429998],"DEWP":[-12.449999],"FRSHTT":[1000000],"PRCP":[0],"SLP":[1025.0001],"SNDP":[0],"STP":[1003.7501],"TEMP":[-6.7299995],"VISIB":[11.199999],"WDSP":[6.5799994],"WNDDIR":[72.1],"time":[1549364855]}