{"CLDC":[50.269997],"DEWP":[-11.26],"FRSHTT":[1100000],"PRCP":[0.059999995],"SLP":[1024.83],"SNDP":[0],"STP":[1012.2999],"TEMP":[-1.18],"VISIB":[15.640001],"WDSP":[8.38],"WNDDIR":[183.2],"time":[1549364855]}