{"CLDC":[87.39001,87.28],"DEWP":[-8.860001,-8.75],"FRSHTT":[1110000,1110000],"PRCP":[0.019999998,0.019999998],"SLP":[1023.4,1023.4],"SNDP":[0.20000002,0.20000002],"STP":[1010.97003,1010.95],"TEMP":[-0.71999997,-1.05],"VISIB":[19.78,19.939999],"WDSP":[13.25,13.15],"WNDDIR":[237.5,238.3],"time":[1549364855,1549364915]}