{"CLDC":[50.110004],"DEWP":[-8.179999],"FRSHTT":[1110000],"PRCP":[0.009999999],"SLP":[1024.0999],"SNDP":[0.20000002],"STP":[1024.2999],"TEMP":[-1.9500002],"VISIB":[17.09],"WDSP":[6.26],"WNDDIR":[228.1],"time":[1549364855]}