{"CLDC":[65.84999,65.59999],"DEWP":[-9.1,-9.400001],"FRSHTT":[110000,110000],"PRCP":[0.009999999,0.009999999],"SLP":[1022,1022],"SNDP":[0.59999996,0.59999996],"STP":[1023.33997,1023.6],"TEMP":[0.98999995,0.8],"VISIB":[21.34,20.970001],"WDSP":[10.860001,11.97],"WNDDIR":[197.4,196.5],"time":[1549364855,1549364915]}