{"CLDC":[31.219997],"DEWP":[-9.71],"FRSHTT":[1000000],"PRCP":[0],"SLP":[1022.9],"SNDP":[0],"STP":[1011.6],"TEMP":[-1.4799998],"VISIB":[17.05],"WDSP":[6.589999],"WNDDIR":[180.5],"time":[1549364855]}