{"CLDC":[2.02],"DEWP":[-9.360001],"FRSHTT":[1000000],"PRCP":[0],"SLP":[1000.82],"SNDP":[0],"STP":[998],"TEMP":[-2.6499999],"VISIB":[10.58],"WDSP":[11.67],"WNDDIR":[191.3],"time":[1549364855]}