{"CLDC":[50.269997,50.269997],"DEWP":[-11.26,-10.950001],"FRSHTT":[1100000,1100000],"PRCP":[0.059999995,0.059999995],"SLP":[1024.83,1024.7999],"SNDP":[0,0],"STP":[1012.2999,1012.2999],"TEMP":[-1.18,-1.36],"VISIB":[15.640001,15.43],"WDSP":[8.38,8.28],"WNDDIR":[183.2,183.7],"time":[1549364855,1549364915]}