{"CLDC":[65.84999],"DEWP":[-9.1],"FRSHTT":[110000],"PRCP":[0.009999999],"SLP":[1022],"SNDP":[0.59999996],"STP":[1023.33997],"TEMP":[0.98999995],"VISIB":[21.34],"WDSP":[10.860001],"WNDDIR":[197.4],"time":[1549364855]}