{"CLDC":[50.010002,50.18],"DEWP":[-9.5,-9.389999],"FRSHTT":[1110000,1110000],"PRCP":[0.009999999,0.009999999],"SLP":[1020.6,1020.6],"SNDP":[1.7,1.7],"STP":[1018.11,1018.07996],"TEMP":[-0.29,-0.14999999],"VISIB":[23.359999,22.79],"WDSP":[15.7,15.75],"WNDDIR":[197.5,197.6],"time":[1549364855,1549364915]}