{"CLDC":[87.39001],"DEWP":[-8.860001],"FRSHTT":[1110000],"PRCP":[0.019999998],"SLP":[1023.4],"SNDP":[0.20000002],"STP":[1010.97003],"TEMP":[-0.71999997],"VISIB":[19.78],"WDSP":[13.25],"WNDDIR":[237.5],"time":[1549364855]}