{"CLDC":[39.22],"DEWP":[-11.329999],"FRSHTT":[1000000],"PRCP":[0],"SLP":[996.7899],"SNDP":[0],"STP":[1000.45996],"TEMP":[-0.52],"VISIB":[11.360002],"WDSP":[18.05],"WNDDIR":[147.1],"time":[1549364855]}