{"CLDC":[50],"DEWP":[-7.3199997],"FRSHTT":[1110000],"PRCP":[0.019999998],"SLP":[1024.0999],"SNDP":[0.10000001],"STP":[1021.09],"TEMP":[-0.79999995],"VISIB":[16.1],"WDSP":[6.36],"WNDDIR":[262.9],"time":[1549364855]}