{"CLDC":[50.110004,50.170002],"DEWP":[-8.179999,-8.3],"FRSHTT":[1110000,1110000],"PRCP":[0.009999999,0.009999999],"SLP":[1024.0999,1024.0999],"SNDP":[0.20000002,0.20000002],"STP":[1024.2999,1024.2999],"TEMP":[-1.9500002,-1.89],"VISIB":[17.09,16.539999],"WDSP":[6.26,6.47],"WNDDIR":[228.1,228.8],"time":[1549364855,1549364915]}