{"CLDC":[24.939999],"DEWP":[-5.38],"FRSHTT":[1000000],"PRCP":[0],"SLP":[1023.9],"SNDP":[0],"STP":[1020.4],"TEMP":[-0.39999995],"VISIB":[17.399998],"WDSP":[13.85],"WNDDIR":[48.3],"time":[1549364856]}