{"CLDC":[47.120003],"DEWP":[-9.42],"FRSHTT":[1000000],"PRCP":[0],"SLP":[1013.9],"SNDP":[0],"STP":[1015.7899],"TEMP":[-0.89000005],"VISIB":[10.199999],"WDSP":[9.31],"WNDDIR":[270.9],"time":[1549364855]}