{"CLDC":[24.939999,25.45],"DEWP":[-5.38,-5.38],"FRSHTT":[1000000,1000000],"PRCP":[0,0],"SLP":[1023.9,1023.9],"SNDP":[0,0],"STP":[1020.4,1020.49005],"TEMP":[-0.39999995,-0.34000003],"VISIB":[17.399998,17.2],"WDSP":[13.85,13.609999],"WNDDIR":[48.3,46.2],"time":[1549364856,1549364915]}