{"CLDC":[47.120003,47.15],"DEWP":[-9.42,-9.350001],"FRSHTT":[1000000,1000000],"PRCP":[0,0],"SLP":[1013.9,1013.9],"SNDP":[0,0],"STP":[1015.7899,1015.80994],"TEMP":[-0.89000005,-0.75],"VISIB":[10.199999,10.460001],"WDSP":[9.31,9.7],"WNDDIR":[270.9,272.6],"time":[1549364855,1549364915]}