{"CLDC":[97.579994,97.23],"DEWP":[-7.000001,-6.9300003],"FRSHTT":[1110000,1110000],"PRCP":[0.009999999,0.009999999],"SLP":[1024,1024],"SNDP":[0.10000001,0.10000001],"STP":[1023,1023],"TEMP":[-1.22,-1.18],"VISIB":[19.07,18.749996],"WDSP":[5.12,5.5099993],"WNDDIR":[113.9,115.5],"time":[1549364855,1549364915]}