{"CLDC":[30.84],"DEWP":[-9.620001],"FRSHTT":[0],"PRCP":[0],"SLP":[1021.2999],"SNDP":[0],"STP":[1018.2399],"TEMP":[0.88],"VISIB":[19.749998],"WDSP":[9.599999],"WNDDIR":[325.1],"time":[1549364861]}