{"CLDC":[19,19],"DEWP":[-12.820002,-12.530001],"FRSHTT":[1000000,1000000],"PRCP":[0,0],"SLP":[1007.25,1005.7599],"SNDP":[0,0],"STP":[979.43,979.5],"TEMP":[-2.15,-2.1000001],"VISIB":[11.210001,11.629999],"WDSP":[20.8,21.17],"WNDDIR":[314.5,315.2],"time":[1549364861,1549364919]}