{"CLDC":[92.54,92.78999],"DEWP":[-7.1800003,-7.0700006],"FRSHTT":[0,0],"PRCP":[0,0],"SLP":[1014.47003,1014.57996],"SNDP":[0,0],"STP":[1018.92004,1018.49005],"TEMP":[0.89000005,0.89],"VISIB":[10.569999,10.639998],"WDSP":[10.699999,10.55],"WNDDIR":[34.9,31.3],"time":[1549364861,1549364919]}