{"CLDC":[72.9],"DEWP":[-6.6],"FRSHTT":[0],"PRCP":[0],"SLP":[1009.58997],"SNDP":[0],"STP":[1002.9],"TEMP":[2.01],"VISIB":[10.549999],"WDSP":[8.639999],"WNDDIR":[284.9],"time":[1549364861]}