{"CLDC":[92.95,93.350006],"DEWP":[-5.3299994,-5.0599995],"FRSHTT":[1010000,1010000],"PRCP":[0,0],"SLP":[1009.27997,1009.15],"SNDP":[0.10000001,0.10000001],"STP":[1006.7501,1006.81995],"TEMP":[-1,-1.2699999],"VISIB":[9.880001,9.65],"WDSP":[9.64,10.129999],"WNDDIR":[67.8,72.7],"time":[1549364861,1549364918]}