{"CLDC":[80.350006],"DEWP":[-5.26],"FRSHTT":[1100000],"PRCP":[0.019999998],"SLP":[1023.2999],"SNDP":[0],"STP":[1020.5],"TEMP":[0.15],"VISIB":[18.730001],"WDSP":[8.120001],"WNDDIR":[281.1],"time":[1549364861]}