{"CLDC":[80.350006,80.49999],"DEWP":[-5.26,-5.500001],"FRSHTT":[1100000,1100000],"PRCP":[0.019999998,0.019999998],"SLP":[1023.2999,1023.2999],"SNDP":[0,0],"STP":[1020.5,1020.5],"TEMP":[0.15,-0.08],"VISIB":[18.730001,18.489998],"WDSP":[8.120001,8],"WNDDIR":[281.1,280.4],"time":[1549364861,1549364919]}