{"CLDC":[33.469997,33.54],"DEWP":[-3.0199997,-3.09],"FRSHTT":[0,0],"PRCP":[0,0],"SLP":[1025.0999,1025.0999],"SNDP":[0,0],"STP":[1014.5,1014.5],"TEMP":[1.6200001,1.68],"VISIB":[12.920001,13.179998],"WDSP":[22.570002,22.03],"WNDDIR":[158.1,159.5],"time":[1549364861,1549364919]}