{"CLDC":[37.090004],"DEWP":[-6.999999],"FRSHTT":[0],"PRCP":[0],"SLP":[1022.4],"SNDP":[0],"STP":[1021],"TEMP":[1.2999998],"VISIB":[21.460001],"WDSP":[8.7],"WNDDIR":[181.2],"time":[1549364861]}