{"CLDC":[50.07,50.04],"DEWP":[-9.62,-9.629999],"FRSHTT":[1100000,1100000],"PRCP":[0.019999998,0.019999998],"SLP":[995.77,995.6],"SNDP":[0,0],"STP":[991.49005,991.49005],"TEMP":[-2.4299998,-2.4999998],"VISIB":[10.69,10.76],"WDSP":[8.16,8.83],"WNDDIR":[323.4,320.5],"time":[1549364861,1549364919]}