{"CLDC":[84.47001,84.87001],"DEWP":[-3.9000003,-3.6000004],"FRSHTT":[110000,110000],"PRCP":[0.009999999,0.009999999],"SLP":[1023.9,1023.9],"SNDP":[0.10000001,0.10000001],"STP":[1022.94006,1022.68005],"TEMP":[1.2,1.19],"VISIB":[19.08,19.03],"WDSP":[17.33,18.710001],"WNDDIR":[264.6,268.4],"time":[1549364861,1549364919]}