{"CLDC":[73.81,73.65001],"DEWP":[-6.5099998,-6.5399995],"FRSHTT":[0,0],"PRCP":[0,0],"SLP":[1022.6,1022.6],"SNDP":[0,0],"STP":[1017.9,1017.9],"TEMP":[1.49,1.3],"VISIB":[23.22,24.26],"WDSP":[18.689999,19.03],"WNDDIR":[96,98.5],"time":[1549364861,1549364919]}