{"CLDC":[86.170006,86.09999],"DEWP":[-4.2599998,-4.0399995],"FRSHTT":[100000,100000],"PRCP":[0.009999999,0.009999999],"SLP":[1023.2999,1023.2999],"SNDP":[0,0],"STP":[1021.13007,1021.1],"TEMP":[2.0899997,1.9],"VISIB":[19.600002,19.85],"WDSP":[17.45,16.990002],"WNDDIR":[205.5,205.4],"time":[1549364861,1549364919]}