{"CLDC":[28.929998],"DEWP":[-3.6],"FRSHTT":[0],"PRCP":[0],"SLP":[1024.25],"SNDP":[0],"STP":[965.42004],"TEMP":[0.48000008],"VISIB":[12.88],"WDSP":[21.09],"WNDDIR":[47.4],"time":[1549364860]}