{"CLDC":[28.929998,28.990002],"DEWP":[-3.6,-3.3600001],"FRSHTT":[0,0],"PRCP":[0,0],"SLP":[1024.25,1024.2999],"SNDP":[0,0],"STP":[965.42004,965.5],"TEMP":[0.48000008,0.48000002],"VISIB":[12.88,13.44],"WDSP":[21.09,21.36],"WNDDIR":[47.4,45.3],"time":[1549364860,1549364918]}