{"CLDC":[86.170006],"DEWP":[-4.2599998],"FRSHTT":[100000],"PRCP":[0.009999999],"SLP":[1023.2999],"SNDP":[0],"STP":[1021.13007],"TEMP":[2.0899997],"VISIB":[19.600002],"WDSP":[17.45],"WNDDIR":[205.5],"time":[1549364861]}