{"CLDC":[50.269997],"DEWP":[-2.94],"FRSHTT":[100000],"PRCP":[0.019999998],"SLP":[1023.2999],"SNDP":[0],"STP":[1021.9601],"TEMP":[2.9900002],"VISIB":[21.070002],"WDSP":[15.880002],"WNDDIR":[302.4],"time":[1549364860]}