{"CLDC":[71.799995,71.72],"DEWP":[0,-0.050000004],"FRSHTT":[100000,100000],"PRCP":[0.029999997,0.029999997],"SLP":[1015.2999,1015.2999],"SNDP":[0,0],"STP":[1014.5,1014.5],"TEMP":[4.3599997,4.07],"VISIB":[14.179998,13.860001],"WDSP":[18.77,18.480001],"WNDDIR":[333.5,332.1],"time":[1549364860,1549364918]}