{"CLDC":[50.269997,50.309994],"DEWP":[-2.94,-3.2199998],"FRSHTT":[100000,100000],"PRCP":[0.019999998,0.019999998],"SLP":[1023.2999,1023.2999],"SNDP":[0,0],"STP":[1021.9601,1022.05994],"TEMP":[2.9900002,2.7100003],"VISIB":[21.070002,21.289999],"WDSP":[15.880002,14.400002],"WNDDIR":[302.4,297.6],"time":[1549364860,1549364918]}