{"CLDC":[97.549995,97.380005],"DEWP":[-7.29,-7.1],"FRSHTT":[1000000,1000000],"PRCP":[0,0],"SLP":[1022.4,1022.4],"SNDP":[0,0],"STP":[1018.67004,1018.88995],"TEMP":[0.53999996,0.3],"VISIB":[20.09,19.849998],"WDSP":[6.0799994,6.0100007],"WNDDIR":[132.5,130],"time":[1549364860,1549364918]}