{"CLDC":[71.57],"DEWP":[-6.1499996],"FRSHTT":[0],"PRCP":[0],"SLP":[1015.55994],"SNDP":[0],"STP":[1010.77997],"TEMP":[0.6],"VISIB":[11.61],"WDSP":[10.45],"WNDDIR":[268.7],"time":[1549364858]}