{"CLDC":[50.200005,50.65],"DEWP":[-13.0199995,-12.94],"FRSHTT":[1110000,1110000],"PRCP":[0.13,0.13],"SLP":[1014.72003,1014.77],"SNDP":[14.5,14.5],"STP":[1012.45,1012.4],"TEMP":[-9.319999,-9.479999],"VISIB":[16.140001,15.65],"WDSP":[19.23,18.670002],"WNDDIR":[215.9,216.1],"time":[1549364860,1549364918]}