{"CLDC":[89.47001],"DEWP":[-16.4],"FRSHTT":[1110000],"PRCP":[0.09000001],"SLP":[1014.38],"SNDP":[15.4],"STP":[1007],"TEMP":[-13.25],"VISIB":[7.9200006],"WDSP":[5.4300003],"WNDDIR":[139.8],"time":[1549364860]}