{"CLDC":[75.76,76.03],"DEWP":[-12.219999,-12.299999],"FRSHTT":[1100000,1100000],"PRCP":[0.16999999,0.16999999],"SLP":[1015.6,1015.6],"SNDP":[0,0],"STP":[1014.50995,1014.4],"TEMP":[-8.68,-8.6],"VISIB":[19.999998,19.34],"WDSP":[12.88,13.609999],"WNDDIR":[222.4,220.6],"time":[1549364860,1549364918]}