{"CLDC":[50.090004],"DEWP":[-13.640001],"FRSHTT":[1100000],"PRCP":[0.07],"SLP":[1012.7999],"SNDP":[0],"STP":[1011.75],"TEMP":[-10.16],"VISIB":[18.52],"WDSP":[11.15],"WNDDIR":[145.5],"time":[1549364860]}