{"CLDC":[75.76],"DEWP":[-12.219999],"FRSHTT":[1100000],"PRCP":[0.16999999],"SLP":[1015.6],"SNDP":[0],"STP":[1014.50995],"TEMP":[-8.68],"VISIB":[19.999998],"WDSP":[12.88],"WNDDIR":[222.4],"time":[1549364860]}