{"CLDC":[86.41001,86.14],"DEWP":[-11.450002,-11.550001],"FRSHTT":[1110000,1110000],"PRCP":[0.07,0.07],"SLP":[1013.88,1013.7999],"SNDP":[10.800001,10.900001],"STP":[1015.54004,1015.49005],"TEMP":[-7.4,-7.38],"VISIB":[15.2699995,15.559999],"WDSP":[15.699999,15.92],"WNDDIR":[22.5,23.1],"time":[1549364860,1549364918]}