{"CLDC":[77.93001],"DEWP":[-15],"FRSHTT":[1110000],"PRCP":[0.039999995],"SLP":[1013.7999],"SNDP":[7],"STP":[1006.6],"TEMP":[-10.92],"VISIB":[21.539999],"WDSP":[11.760001],"WNDDIR":[311.2],"time":[1549364860]}