{"CLDC":[50.250004,50.219997],"DEWP":[-19.449999,-19.449999],"FRSHTT":[1100000,1100000],"PRCP":[0.009999999,0.009999999],"SLP":[1016.6,1016.6],"SNDP":[0,0],"STP":[1011.25995,1011.2999],"TEMP":[-15.340001,-15.26],"VISIB":[9.749999,9.820001],"WDSP":[7.05,7.4300003],"WNDDIR":[315.7,313.8],"time":[1549364860,1549364918]}