{"CLDC":[75.69,75.86],"DEWP":[-8.06,-8.71],"FRSHTT":[1100000,1100000],"PRCP":[0.019999998,0.019999998],"SLP":[1014.7001,1014.7001],"SNDP":[0,0],"STP":[1008.2999,1008.2999],"TEMP":[-3.8000004,-3.7600002],"VISIB":[22.81,23.130001],"WDSP":[18.329998,18.649998],"WNDDIR":[324.3,323.7],"time":[1549364860,1549364918]}