{"CLDC":[50.03],"DEWP":[-16.52],"FRSHTT":[1110000],"PRCP":[0.019999998],"SLP":[1013.7001],"SNDP":[3.4],"STP":[1012.5],"TEMP":[-11.679999],"VISIB":[20.650002],"WDSP":[12.059999],"WNDDIR":[318],"time":[1549364860]}