{"CLDC":[73.11],"DEWP":[-12.379999],"FRSHTT":[1110000],"PRCP":[0.11],"SLP":[1013.7101],"SNDP":[11.4800005],"STP":[1010.73],"TEMP":[-7.4600005],"VISIB":[9.61],"WDSP":[7.6400003],"WNDDIR":[347.5],"time":[1549364860]}