{"CLDC":[50.140003,50.030003],"DEWP":[-10.900001,-10.549999],"FRSHTT":[1100000,1100000],"PRCP":[0.19000001,0.193],"SLP":[1015.4,1015.36],"SNDP":[0,0],"STP":[1012.07996,1011.99005],"TEMP":[-5.8899994,-6.0099993],"VISIB":[16.789999,17.08],"WDSP":[13.920001,13.910001],"WNDDIR":[126.3,127.5],"time":[1549364860,1549364918]}