{"CLDC":[50.18,50.489998],"DEWP":[-11.76,-11.6],"FRSHTT":[1110000,1110000],"PRCP":[0.009999999,0.009999999],"SLP":[1013.99005,1014],"SNDP":[1.3999999,1.3999999],"STP":[1011.2899,1011.32996],"TEMP":[-6.0600004,-6.0200005],"VISIB":[24.829998,24.81],"WDSP":[16.480001,16.01],"WNDDIR":[106.4,106.8],"time":[1549364859,1549364917]}