{"CLDC":[50.05,50.04],"DEWP":[-9.549999,-9.549999],"FRSHTT":[1110000,1110000],"PRCP":[0.10000001,0.10000001],"SLP":[1014.7699,1014.81995],"SNDP":[10.199999,10.300001],"STP":[1014.2101,1014.48],"TEMP":[-4.4199996,-4.38],"VISIB":[17.679998,18.25],"WDSP":[18.630001,18.469997],"WNDDIR":[263.7,259.1],"time":[1549364859,1549364917]}