{"CLDC":[50.05],"DEWP":[-9.549999],"FRSHTT":[1110000],"PRCP":[0.10000001],"SLP":[1014.7699],"SNDP":[10.199999],"STP":[1014.2101],"TEMP":[-4.4199996],"VISIB":[17.679998],"WDSP":[18.630001],"WNDDIR":[263.7],"time":[1549364859]}