{"CLDC":[50.24,50.18],"DEWP":[-13.179998,-13.099998],"FRSHTT":[1110000,1110000],"PRCP":[0.019999998,0.019999998],"SLP":[1013.32996,1013.4],"SNDP":[2.5,2.5],"STP":[1012.9,1012.7999],"TEMP":[-8.68,-8.52],"VISIB":[23.939999,24.210003],"WDSP":[15.0199995,15.87],"WNDDIR":[315.6,316.6],"time":[1549364859,1549364917]}