{"CLDC":[31.829998],"DEWP":[-16.899998],"FRSHTT":[1000000],"PRCP":[0],"SLP":[1015.4],"SNDP":[0],"STP":[1014.2999],"TEMP":[-12.25],"VISIB":[27.819998],"WDSP":[7.8100004],"WNDDIR":[108.4],"time":[1549364859]}