{"CLDC":[99.63,99.53999],"DEWP":[-8.320001,-8.2],"FRSHTT":[1100000,1100000],"PRCP":[0.14999999,0.14999999],"SLP":[1018.13,1018.2001],"SNDP":[0,0],"STP":[1014.4,1014.4],"TEMP":[-2.3999999,-2.3999999],"VISIB":[23.6,23.69],"WDSP":[29.45,27.189999],"WNDDIR":[231.9,231.2],"time":[1549364859,1549364917]}