{"CLDC":[57.920002],"DEWP":[-15.9800005],"FRSHTT":[1000000],"PRCP":[0],"SLP":[1003.05],"SNDP":[0],"STP":[1004.2999],"TEMP":[-11.579999],"VISIB":[10.55],"WDSP":[10.110001],"WNDDIR":[0],"time":[1549364859]}