{"CLDC":[60.390003],"DEWP":[-19.449999],"FRSHTT":[1100000],"PRCP":[0.21000001],"SLP":[1016],"SNDP":[0],"STP":[991.61005],"TEMP":[-16.9],"VISIB":[17.09],"WDSP":[7.4900002],"WNDDIR":[107.1],"time":[1549364860]}