{"CLDC":[60.390003,60.630005],"DEWP":[-19.449999,-19.149998],"FRSHTT":[1100000,1100000],"PRCP":[0.21000001,0.21000001],"SLP":[1016,1016],"SNDP":[0,0],"STP":[991.61005,991.7001],"TEMP":[-16.9,-16.8],"VISIB":[17.09,16.960001],"WDSP":[7.4900002,6.9700003],"WNDDIR":[107.1,106.1],"time":[1549364860,1549364918]}