{"CLDC":[50.06,50.030003],"DEWP":[-10.959999,-10.68],"FRSHTT":[1110000,1110000],"PRCP":[0.059999995,0.063],"SLP":[1014.2999,1014.2999],"SNDP":[5.0999994,5.2000003],"STP":[1013.6,1013.7001],"TEMP":[-6.35,-6.3700004],"VISIB":[12.099999,11.79],"WDSP":[10.93,12.200001],"WNDDIR":[355.1,349.4],"time":[1549364860,1549364918]}