{"CLDC":[50.06],"DEWP":[-10.959999],"FRSHTT":[1110000],"PRCP":[0.059999995],"SLP":[1014.2999],"SNDP":[5.0999994],"STP":[1013.6],"TEMP":[-6.35],"VISIB":[12.099999],"WDSP":[10.93],"WNDDIR":[355.1],"time":[1549364860]}