{"CLDC":[50.130005],"DEWP":[-15],"FRSHTT":[1100000],"PRCP":[0.019999998],"SLP":[1013.92004],"SNDP":[0],"STP":[1011.7001],"TEMP":[-10.519999],"VISIB":[31.070002],"WDSP":[9.099999],"WNDDIR":[282.2],"time":[1549364860]}