{"CLDC":[70.88,71.020004],"DEWP":[-13.649999,-13.539999],"FRSHTT":[1100000,1100000],"PRCP":[0.009999999,0.009999999],"SLP":[1015.4,1015.6],"SNDP":[0,0],"STP":[1011.2001,1011.25995],"TEMP":[-8.749999,-8.749999],"VISIB":[29.14,28.810001],"WDSP":[7.79,7.7300005],"WNDDIR":[280.6,279.9],"time":[1549364859,1549364917]}