{"CLDC":[70.88],"DEWP":[-13.649999],"FRSHTT":[1100000],"PRCP":[0.009999999],"SLP":[1015.4],"SNDP":[0],"STP":[1011.2001],"TEMP":[-8.749999],"VISIB":[29.14],"WDSP":[7.79],"WNDDIR":[280.6],"time":[1549364859]}