{"CLDC":[14.67,14.589999],"DEWP":[-10.76,-10.679999],"FRSHTT":[1000000,1000000],"PRCP":[0,0],"SLP":[998,997.99005],"SNDP":[0,0],"STP":[1000.2999,1000.13],"TEMP":[-7.4,-7.4799995],"VISIB":[7.71,8.39],"WDSP":[24.39,24.85],"WNDDIR":[140.7,136.5],"time":[1549364859,1549364917]}