{"CLDC":[61.469994,61.730003],"DEWP":[-13.440001,-13.440001],"FRSHTT":[1000000,1000000],"PRCP":[0,0],"SLP":[1005.18005,1005.6501],"SNDP":[0,0],"STP":[1002.33997,1002.32996],"TEMP":[-9.0199995,-8.79],"VISIB":[9.219999,9.33],"WDSP":[14.420001,14.31],"WNDDIR":[340.1,339.1],"time":[1549364858,1549364917]}