{"CLDC":[61.05,60.980003],"DEWP":[-14.909999,-14.909999],"FRSHTT":[1000000,1000000],"PRCP":[0,0],"SLP":[1007.12,1007.36],"SNDP":[0,0],"STP":[1002.36,1002.25995],"TEMP":[-11.52,-11.6],"VISIB":[9.87,10.38],"WDSP":[9.39,10.44],"WNDDIR":[266.6,265.2],"time":[1549364858,1549364917]}