{"CLDC":[49.57,49.379997],"DEWP":[-10.899999,-10.799998],"FRSHTT":[1000000,1000000],"PRCP":[0,0],"SLP":[997.93,998.23],"SNDP":[0,0],"STP":[1000.7999,1000.7999],"TEMP":[-5.419999,-5.4499993],"VISIB":[9.49,9.23],"WDSP":[13.959999,12.93],"WNDDIR":[73.6,73.9],"time":[1549364857,1549364916]}