{"CLDC":[66.079994],"DEWP":[-16.320002],"FRSHTT":[1000000],"PRCP":[0],"SLP":[1008.73],"SNDP":[0],"STP":[1002.95],"TEMP":[-9.559999],"VISIB":[10.15],"WDSP":[11.519999],"WNDDIR":[182.3],"time":[1549364857]}