{"CLDC":[49.57],"DEWP":[-10.899999],"FRSHTT":[1000000],"PRCP":[0],"SLP":[997.93],"SNDP":[0],"STP":[1000.7999],"TEMP":[-5.419999],"VISIB":[9.49],"WDSP":[13.959999],"WNDDIR":[73.6],"time":[1549364857]}