{"CLDC":[78.850006,78.55999],"DEWP":[-15.7300005,-15.55],"FRSHTT":[1000000,1000000],"PRCP":[0,0],"SLP":[996.7999,996.7999],"SNDP":[0,0],"STP":[999.4,999.50995],"TEMP":[-10.74,-10.620001],"VISIB":[10.209999,10.03],"WDSP":[10.1,10.08],"WNDDIR":[279.6,277.4],"time":[1549364857,1549364916]}