{"CLDC":[76.65,76.89001],"DEWP":[-14.26,-14.12],"FRSHTT":[1000000,1000000],"PRCP":[0,0],"SLP":[992.4899,992.5199],"SNDP":[0,0],"STP":[998.89,998.92004],"TEMP":[-7.41,-7.38],"VISIB":[10.890001,11.569999],"WDSP":[12.7,12.83],"WNDDIR":[265.6,263.9],"time":[1549364857,1549364916]}