{"CLDC":[90.02,90.03],"DEWP":[-19.54,-19.760002],"FRSHTT":[1000000,1000000],"PRCP":[0,0],"SLP":[999.75995,999.7001],"SNDP":[0,0],"STP":[997.6,997.57996],"TEMP":[-13.6,-13.7],"VISIB":[10.2699995,10.340002],"WDSP":[6.81,6.78],"WNDDIR":[254.7,254.8],"time":[1549364858,1549364916]}