{"CLDC":[65.86001],"DEWP":[-8.620001],"FRSHTT":[1000000],"PRCP":[0],"SLP":[993.9],"SNDP":[0],"STP":[998.7699],"TEMP":[-4.24],"VISIB":[9.460001],"WDSP":[15.030001],"WNDDIR":[194.2],"time":[1549364861]}