{"CLDC":[65.86001,65.799995],"DEWP":[-8.620001,-8.66],"FRSHTT":[1000000,1000000],"PRCP":[0,0],"SLP":[993.9,993.9],"SNDP":[0,0],"STP":[998.7699,998.95],"TEMP":[-4.24,-4.25],"VISIB":[9.460001,9.1],"WDSP":[15.030001,14.87],"WNDDIR":[194.2,198.4],"time":[1549364861,1549364918]}