{"CLDC":[78.53],"DEWP":[-10.64],"FRSHTT":[1000000],"PRCP":[0],"SLP":[1016.1],"SNDP":[0],"STP":[1011],"TEMP":[-3.4],"VISIB":[39.259995],"WDSP":[7.8599997],"WNDDIR":[90.4],"time":[1549364861]}