{"CLDC":[78.53,78.350006],"DEWP":[-10.64,-10.55],"FRSHTT":[1000000,1000000],"PRCP":[0,0],"SLP":[1016.1,1016.0399],"SNDP":[0,0],"STP":[1011,1010.9],"TEMP":[-3.4,-3.3799996],"VISIB":[39.259995,38.670002],"WDSP":[7.8599997,8.349999],"WNDDIR":[90.4,90.6],"time":[1549364861,1549364918]}