{"CLDC":[74.979996,75.09999],"DEWP":[-4.4999995,-4.4999995],"FRSHTT":[1000000,1000000],"PRCP":[0,0],"SLP":[999.16,998.72003],"SNDP":[0,0],"STP":[1001,1000.95],"TEMP":[-0.6399999,-0.65],"VISIB":[8.21,8.24],"WDSP":[16.23,16.17],"WNDDIR":[222.2,222.2],"time":[1549364860,1549364918]}