{"CLDC":[74.979996],"DEWP":[-4.4999995],"FRSHTT":[1000000],"PRCP":[0],"SLP":[999.16],"SNDP":[0],"STP":[1001],"TEMP":[-0.6399999],"VISIB":[8.21],"WDSP":[16.23],"WNDDIR":[222.2],"time":[1549364860]}