{"CLDC":[79.78,79.979996],"DEWP":[-8.16,-7.9199996],"FRSHTT":[1000000,1000000],"PRCP":[0,0],"SLP":[993.18994,993.56995],"SNDP":[0,0],"STP":[998.30994,998.5399],"TEMP":[-0.1,-0.1],"VISIB":[10.450001,9.53],"WDSP":[14.0199995,14.17],"WNDDIR":[1,0],"time":[1549364859,1549364917]}