{"CLDC":[21.5,22],"DEWP":[-5.9,-5.96],"FRSHTT":[1000000,1000000],"PRCP":[0,0],"SLP":[1004.66003,1005.11993],"SNDP":[0,0],"STP":[1001.4,1001.30994],"TEMP":[-2.14,-2.25],"VISIB":[7.089999,6.56],"WDSP":[8.09,8.51],"WNDDIR":[268.9,264.4],"time":[1549364859,1549364917]}