{"CLDC":[79.78],"DEWP":[-8.16],"FRSHTT":[1000000],"PRCP":[0],"SLP":[993.18994],"SNDP":[0],"STP":[998.30994],"TEMP":[-0.1],"VISIB":[10.450001],"WDSP":[14.0199995],"WNDDIR":[1],"time":[1549364859]}