{"CLDC":[21.5],"DEWP":[-5.9],"FRSHTT":[1000000],"PRCP":[0],"SLP":[1004.66003],"SNDP":[0],"STP":[1001.4],"TEMP":[-2.14],"VISIB":[7.089999],"WDSP":[8.09],"WNDDIR":[268.9],"time":[1549364859]}