{"CLDC":[26.300003,25.869999],"DEWP":[-8.15,-8.150001],"FRSHTT":[1000000,1000000],"PRCP":[0,0],"SLP":[1003.8499,1003.7999],"SNDP":[0,0],"STP":[1004.38995,1004.2999],"TEMP":[-1.3000001,-1.3000001],"VISIB":[10.94,11.03],"WDSP":[13.45,13.31],"WNDDIR":[247.8,247.9],"time":[1549364860,1549364918]}