{"CLDC":[50.110004,50],"DEWP":[-8.58,-8.65],"FRSHTT":[1100000,1100000],"PRCP":[0.050000004,0.050000004],"SLP":[1017.2999,1017.4],"SNDP":[0,0],"STP":[1016.7001,1016.7001],"TEMP":[-4.32,-4.29],"VISIB":[21.240002,21.459997],"WDSP":[7.29,7.5299997],"WNDDIR":[109.8,109.4],"time":[1549364859,1549364917]}