{"CLDC":[55.339996],"DEWP":[-8.39],"FRSHTT":[1100000],"PRCP":[0.050000004],"SLP":[1016.9],"SNDP":[0],"STP":[1008.08997],"TEMP":[-0.86],"VISIB":[28.530003],"WDSP":[14.26],"WNDDIR":[23.9],"time":[1549364859]}