{"CLDC":[50.04],"DEWP":[-7.96],"FRSHTT":[1110000],"PRCP":[0.22],"SLP":[1014.7001],"SNDP":[18.399998],"STP":[1019.2999],"TEMP":[-4.3399997],"VISIB":[13.890001],"WDSP":[11.440001],"WNDDIR":[98.4],"time":[1549364859]}