{"CLDC":[64.88],"DEWP":[-5.45],"FRSHTT":[1110000],"PRCP":[0.11999999],"SLP":[1017.1],"SNDP":[9.300001],"STP":[1006.84],"TEMP":[-2.14],"VISIB":[12.6],"WDSP":[6.9000006],"WNDDIR":[25.2],"time":[1549364859]}