{"CLDC":[50.04,50.429996],"DEWP":[-7.96,-7.72],"FRSHTT":[1110000,1110000],"PRCP":[0.22,0.22],"SLP":[1014.7001,1014.7001],"SNDP":[18.399998,18.399998],"STP":[1019.2999,1019.2999],"TEMP":[-4.3399997,-4.36],"VISIB":[13.890001,13.88],"WDSP":[11.440001,12.529999],"WNDDIR":[98.4,97.3],"time":[1549364859,1549364917]}