{"CLDC":[37.750004,37.829994],"DEWP":[-4.1600003,-4.28],"FRSHTT":[0,0],"PRCP":[0,0],"SLP":[1001.7001,1001.7001],"SNDP":[0,0],"STP":[1000.9,1000.9],"TEMP":[0.52000004,0.64],"VISIB":[9.219999,9.380001],"WDSP":[20.399998,20.43],"WNDDIR":[34.9,36.8],"time":[1549364859,1549364917]}