{"CLDC":[50.110004],"DEWP":[-8.58],"FRSHTT":[1100000],"PRCP":[0.050000004],"SLP":[1017.2999],"SNDP":[0],"STP":[1016.7001],"TEMP":[-4.32],"VISIB":[21.240002],"WDSP":[7.29],"WNDDIR":[109.8],"time":[1549364859]}