{"CLDC":[55.339996,54.899994],"DEWP":[-8.39,-8.51],"FRSHTT":[1100000,1100000],"PRCP":[0.050000004,0.050000004],"SLP":[1016.9,1016.9],"SNDP":[0,0],"STP":[1008.08997,1008.08997],"TEMP":[-0.86,-0.84000003],"VISIB":[28.530003,29.669998],"WDSP":[14.26,12.83],"WNDDIR":[23.9,25.3],"time":[1549364859,1549364917]}