{"CLDC":[64.88,64.770004],"DEWP":[-5.45,-5.4499993],"FRSHTT":[1110000,1110000],"PRCP":[0.11999999,0.11999999],"SLP":[1017.1,1017.1],"SNDP":[9.300001,9.300001],"STP":[1006.84,1006.58997],"TEMP":[-2.14,-2.26],"VISIB":[12.6,12.229999],"WDSP":[6.9000006,7.350001],"WNDDIR":[25.2,24.5],"time":[1549364859,1549364917]}