{"CLDC":[44.419994,44.48],"DEWP":[-5.2499995,-5.399999],"FRSHTT":[1000000,1000000],"PRCP":[0,0],"SLP":[1000.7999,1000.7899],"SNDP":[0,0],"STP":[1004.38995,1004.2999],"TEMP":[-1.5600002,-1.4999999],"VISIB":[7.9199996,7.6],"WDSP":[13.65,14.219999],"WNDDIR":[120.4,119.8],"time":[1549364859,1549364917]}