{"CLDC":[50.160004],"DEWP":[-10.950001],"FRSHTT":[1110000],"PRCP":[0.050000004],"SLP":[1015.0801],"SNDP":[1.3000001],"STP":[1009.6],"TEMP":[-3.8799999],"VISIB":[24.57],"WDSP":[8.42],"WNDDIR":[313.9],"time":[1549364859]}