{"CLDC":[87.16,86.76],"DEWP":[-6.1800003,-6.54],"FRSHTT":[1100000,1100000],"PRCP":[0.059999995,0.062],"SLP":[1020.08997,1020],"SNDP":[0,0],"STP":[1001,1001],"TEMP":[-3.28,-3.4900002],"VISIB":[8.66,9.03],"WDSP":[6.5200005,6.18],"WNDDIR":[310,308.2],"time":[1549364859,1549364917]}