{"CLDC":[50.050003],"DEWP":[-4.9500003],"FRSHTT":[1110000],"PRCP":[0.16999999],"SLP":[1017.4],"SNDP":[3.7999997],"STP":[1017.3299],"TEMP":[-0.41000003],"VISIB":[14.75],"WDSP":[20.539999],"WNDDIR":[168.5],"time":[1549364859]}