{"CLDC":[50.399998],"DEWP":[-8.26],"FRSHTT":[1010000],"PRCP":[0],"SLP":[1007.69006],"SNDP":[2],"STP":[1003.48],"TEMP":[-4.16],"VISIB":[12.2300005],"WDSP":[14.05],"WNDDIR":[119.1],"time":[1549364859]}