{"CLDC":[87.16],"DEWP":[-6.1800003],"FRSHTT":[1100000],"PRCP":[0.059999995],"SLP":[1020.08997],"SNDP":[0],"STP":[1001],"TEMP":[-3.28],"VISIB":[8.66],"WDSP":[6.5200005],"WNDDIR":[310],"time":[1549364859]}