{"CLDC":[50.050003,50.060005],"DEWP":[-4.9500003,-5.14],"FRSHTT":[1110000,1110000],"PRCP":[0.16999999,0.16999999],"SLP":[1017.4,1017.5],"SNDP":[3.7999997,3.7999997],"STP":[1017.3299,1017.32],"TEMP":[-0.41000003,-0.52],"VISIB":[14.75,15.460001],"WDSP":[20.539999,20.6],"WNDDIR":[168.5,175.6],"time":[1549364859,1549364917]}