{"CLDC":[60.76,61.299995],"DEWP":[-10.17,-10.26],"FRSHTT":[1110000,1110000],"PRCP":[0.019999998,0.019999998],"SLP":[1016.64,1016.6],"SNDP":[3.7999997,3.9],"STP":[1006.55994,1006.68],"TEMP":[-5.35,-5.32],"VISIB":[16.2,16.66],"WDSP":[9.6,9.209999],"WNDDIR":[27.5,28],"time":[1549364859,1549364917]}