{"CLDC":[39.670006],"DEWP":[-4.6800003],"FRSHTT":[0],"PRCP":[0],"SLP":[1004.93],"SNDP":[0],"STP":[998.55],"TEMP":[0.82],"VISIB":[9.12],"WDSP":[21.82],"WNDDIR":[281.8],"time":[1549364859]}