{"CLDC":[83.84001],"DEWP":[-7.9199996],"FRSHTT":[1010000],"PRCP":[0],"SLP":[1015.7999],"SNDP":[0.59999996],"STP":[1014.34],"TEMP":[-2.65],"VISIB":[18.98],"WDSP":[11.19],"WNDDIR":[306],"time":[1549364858]}