{"CLDC":[50.859997,50.98],"DEWP":[-4.6400003,-4.52],"FRSHTT":[110000,110000],"PRCP":[0.15999998,0.15999998],"SLP":[1017.2001,1017.2001],"SNDP":[1.1000001,1.1000001],"STP":[1015.91,1016],"TEMP":[0.54,0.58],"VISIB":[17.21,17.380001],"WDSP":[23.3,23.27],"WNDDIR":[135.9,138.8],"time":[1549364856,1549364915]}