{"CLDC":[50.299995],"DEWP":[-3.9499996],"FRSHTT":[1100000],"PRCP":[0.28],"SLP":[1021.4801],"SNDP":[0],"STP":[1019.7999],"TEMP":[-0.049999993],"VISIB":[12.569999],"WDSP":[7.910001],"WNDDIR":[62.4],"time":[1549364856]}