{"CLDC":[50.050003,50.04],"DEWP":[-4.02,-4.16],"FRSHTT":[1110000,1110000],"PRCP":[0.25,0.26],"SLP":[1018,1018],"SNDP":[4.7000003,4.7000003],"STP":[1015.39,1015.52997],"TEMP":[0.050000004,0.050000004],"VISIB":[15.15,14.320002],"WDSP":[12.28,11.58],"WNDDIR":[258.9,261.9],"time":[1549364856,1549364915]}