{"CLDC":[50.050003],"DEWP":[-4.02],"FRSHTT":[1110000],"PRCP":[0.25],"SLP":[1018],"SNDP":[4.7000003],"STP":[1015.39],"TEMP":[0.050000004],"VISIB":[15.15],"WDSP":[12.28],"WNDDIR":[258.9],"time":[1549364856]}