{"CLDC":[50.859997],"DEWP":[-4.6400003],"FRSHTT":[110000],"PRCP":[0.15999998],"SLP":[1017.2001],"SNDP":[1.1000001],"STP":[1015.91],"TEMP":[0.54],"VISIB":[17.21],"WDSP":[23.3],"WNDDIR":[135.9],"time":[1549364856]}