{"CLDC":[50.299995,50.640007],"DEWP":[-3.9499996,-4.0199995],"FRSHTT":[1100000,1100000],"PRCP":[0.28,0.28],"SLP":[1021.4801,1021.4],"SNDP":[0,0],"STP":[1019.7999,1019.7999],"TEMP":[-0.049999993,2.9802323e-9],"VISIB":[12.569999,12.779999],"WDSP":[7.910001,8.25],"WNDDIR":[62.4,59.8],"time":[1549364856,1549364915]}