{"CLDC":[86.020004],"DEWP":[-6.8600006],"FRSHTT":[1100000],"PRCP":[0.019999998],"SLP":[1018.4501],"SNDP":[0],"STP":[949.1701],"TEMP":[-3.85],"VISIB":[24.490002],"WDSP":[4.0600004],"WNDDIR":[352.2],"time":[1549364856]}