{"CLDC":[50.190006,50.070004],"DEWP":[-4.7400002,-4.58],"FRSHTT":[1110000,1110000],"PRCP":[0.42000002,0.42000002],"SLP":[1018.2001,1018.2001],"SNDP":[12.5,12.5],"STP":[1018.1,1018.1],"TEMP":[-0.19999999,-0.28000003],"VISIB":[15.290001,14.770001],"WDSP":[9.830001,9.66],"WNDDIR":[58.5,60],"time":[1549364856,1549364916]}