{"CLDC":[81.659996],"DEWP":[-9.5],"FRSHTT":[1110000],"PRCP":[0.009999999],"SLP":[1017.2999],"SNDP":[0.8000001],"STP":[969.74005],"TEMP":[-2.7800002],"VISIB":[14.93],"WDSP":[7.37],"WNDDIR":[295.2],"time":[1549364856]}