{"CLDC":[83.38001,83.46001],"DEWP":[-6.749999,-7.1400003],"FRSHTT":[1100000,1100000],"PRCP":[0.009999999,0.009999999],"SLP":[1019.4,1019.4],"SNDP":[0,0],"STP":[1015.5,1015.4],"TEMP":[-0.45999995,-0.57],"VISIB":[29.6,29.740002],"WDSP":[10.989999,11.12],"WNDDIR":[320.6,320.1],"time":[1549364855,1549364915]}