{"CLDC":[1.5800002,1.5600001],"DEWP":[-6.87,-6.5399995],"FRSHTT":[1000000,1000000],"PRCP":[0,0],"SLP":[1020.6,1020.6],"SNDP":[0,0],"STP":[928.2999,928.2999],"TEMP":[-1.22,-1.38],"VISIB":[26.13,25.03],"WDSP":[9.77,8.429999],"WNDDIR":[143.5,141.3],"time":[1549364855,1549364915]}