{"CLDC":[50.110004,50.180004],"DEWP":[-8.83,-9.16],"FRSHTT":[1100000,1100000],"PRCP":[0.019999998,0.019999998],"SLP":[1016.80994,1016.7999],"SNDP":[0,0],"STP":[1005.12,1005.2001],"TEMP":[-0.28,-0.2],"VISIB":[28,27.720001],"WDSP":[13.059999,13.19],"WNDDIR":[237.5,241.2],"time":[1549364855,1549364915]}