{"CLDC":[83.38001],"DEWP":[-6.749999],"FRSHTT":[1100000],"PRCP":[0.009999999],"SLP":[1019.4],"SNDP":[0],"STP":[1015.5],"TEMP":[-0.45999995],"VISIB":[29.6],"WDSP":[10.989999],"WNDDIR":[320.6],"time":[1549364855]}