{"CLDC":[50.110004],"DEWP":[-5.7700005],"FRSHTT":[1100000],"PRCP":[0.019999998],"SLP":[999.19006],"SNDP":[0],"STP":[1001.7999],"TEMP":[0.11999999],"VISIB":[10.43],"WDSP":[9.38],"WNDDIR":[154.5],"time":[1549364855]}