{"CLDC":[50],"DEWP":[-9.92],"FRSHTT":[1100000],"PRCP":[0.029999997],"SLP":[1017.11],"SNDP":[0],"STP":[993.9],"TEMP":[-0.6999999],"VISIB":[19.48],"WDSP":[8.24],"WNDDIR":[101],"time":[1549364855]}