{"CLDC":[50.100002,50],"DEWP":[-6.31,-6.26],"FRSHTT":[1100000,1100000],"PRCP":[0.039999995,0.039999995],"SLP":[1018.4,1018.4],"SNDP":[0,0],"STP":[1017.00995,1016.95],"TEMP":[0.53999996,0.28000003],"VISIB":[14.750002,15.12],"WDSP":[13.390001,13.8],"WNDDIR":[59.4,60.8],"time":[1549364855,1549364915]}