{"CLDC":[50.110004,50.620003],"DEWP":[-5.7700005,-5.86],"FRSHTT":[1100000,1100000],"PRCP":[0.019999998,0.019999998],"SLP":[999.19006,998.95],"SNDP":[0,0],"STP":[1001.7999,1001.7001],"TEMP":[0.11999999,0.120000005],"VISIB":[10.43,11.44],"WDSP":[9.38,9.3],"WNDDIR":[154.5,152.7],"time":[1549364855,1549364915]}