{"CLDC":[30.610004,30.590002],"DEWP":[-16.74,-16.679998],"FRSHTT":[1000000,1000000],"PRCP":[0,0],"SLP":[994.4,994.4],"SNDP":[0,0],"STP":[997.4299,997.86],"TEMP":[-9.7,-9.88],"VISIB":[45.570004,45.220005],"WDSP":[63.9,66.28999],"WNDDIR":[329.9,330.5],"time":[1549364855,1549364915]}