{"CLDC":[0.61,0.45],"DEWP":[-5.75,-5.66],"FRSHTT":[0,0],"PRCP":[0,0],"SLP":[1003.2601,1003.2001],"SNDP":[0,0],"STP":[1006,1006],"TEMP":[0.66,0.45],"VISIB":[10.73,10.679999],"WDSP":[11.410001,10.190001],"WNDDIR":[110.9,112.6],"time":[1549364855,1549364915]}