{"CLDC":[50,50.04],"DEWP":[-9.92,-10.109999],"FRSHTT":[1100000,1100000],"PRCP":[0.029999997,0.029999997],"SLP":[1017.11,1017.1],"SNDP":[0,0],"STP":[993.9,993.9],"TEMP":[-0.6999999,-0.85],"VISIB":[19.48,19.41],"WDSP":[8.24,8.15],"WNDDIR":[101,103.9],"time":[1549364855,1549364915]}