{"CLDC":[50.030003,50.530003],"DEWP":[-8.16,-8.299999],"FRSHTT":[1100000,1100000],"PRCP":[0.009999999,0.009999999],"SLP":[1020.4,1020.39],"SNDP":[0,0],"STP":[960.4,960.4],"TEMP":[-1.54,-1.4599999],"VISIB":[20.329998,20.03],"WDSP":[7.6,8.63],"WNDDIR":[294.9,298],"time":[1549364855,1549364915]}