{"CLDC":[50.1],"DEWP":[-4.46],"FRSHTT":[100000],"PRCP":[0.26],"SLP":[1021.2999],"SNDP":[0],"STP":[1020.7001],"TEMP":[0.89],"VISIB":[18.149998],"WDSP":[14.629999],"WNDDIR":[319.9],"time":[1549364855]}