{"CLDC":[30.610004],"DEWP":[-16.74],"FRSHTT":[1000000],"PRCP":[0],"SLP":[994.4],"SNDP":[0],"STP":[997.4299],"TEMP":[-9.7],"VISIB":[45.570004],"WDSP":[63.9],"WNDDIR":[329.9],"time":[1549364855]}