{"CLDC":[68.380005,68.009995],"DEWP":[-8.4,-8.44],"FRSHTT":[1000000,1000000],"PRCP":[0,0],"SLP":[1009.55,1009.4],"SNDP":[0,0],"STP":[1004.1,1004],"TEMP":[-0.53999996,-0.53999996],"VISIB":[12.679998,12.539999],"WDSP":[8.840001,9.15],"WNDDIR":[356.6,358.5],"time":[1549364861,1549364918]}