{"CLDC":[72.9,72.479996],"DEWP":[-7.9000006,-8.000001],"FRSHTT":[1000000,1000000],"PRCP":[0,0],"SLP":[1002.5,1002.45],"SNDP":[0,0],"STP":[1000.99005,1000.91003],"TEMP":[5.9604646e-9,-0.16],"VISIB":[11.910001,11.940001],"WDSP":[10.379999,9.309999],"WNDDIR":[5.7,6.5],"time":[1549364861,1549364918]}