{"CLDC":[5.7100005],"DEWP":[-8.55],"FRSHTT":[1000000],"PRCP":[0],"SLP":[1019.2999],"SNDP":[0],"STP":[990.2999],"TEMP":[-0.96999997],"VISIB":[22.09],"WDSP":[5.79],"WNDDIR":[31.1],"time":[1549364861]}