{"CLDC":[69.53],"DEWP":[-5.6],"FRSHTT":[1000000],"PRCP":[0],"SLP":[1021.5],"SNDP":[0],"STP":[1001.5],"TEMP":[0.17999999],"VISIB":[17.539999],"WDSP":[8.14],"WNDDIR":[104],"time":[1549364861]}