{"CLDC":[50.030003],"DEWP":[-5.2799997],"FRSHTT":[100000],"PRCP":[0.09000001],"SLP":[1015.9],"SNDP":[0],"STP":[1014.7001],"TEMP":[1.6800001],"VISIB":[24.180002],"WDSP":[18.69],"WNDDIR":[237.4],"time":[1549364861]}