{"CLDC":[5.7100005,5.2],"DEWP":[-8.55,-8.42],"FRSHTT":[1000000,1000000],"PRCP":[0,0],"SLP":[1019.2999,1019.2999],"SNDP":[0,0],"STP":[990.2999,990.2999],"TEMP":[-0.96999997,-1.33],"VISIB":[22.09,21.34],"WDSP":[5.79,5.8900003],"WNDDIR":[31.1,34.2],"time":[1549364861,1549364918]}