{"CLDC":[13.860001,13.709999],"DEWP":[-9.11,-9.109999],"FRSHTT":[1000000,1000000],"PRCP":[0,0],"SLP":[918.3499,916.9],"SNDP":[0,0],"STP":[912.36993,912.2301],"TEMP":[-3.5399997,-3.5399997],"VISIB":[24.46,24.609999],"WDSP":[5.4899993,5.6499996],"WNDDIR":[71.2,68.7],"time":[1549364861,1549364918]}