{"CLDC":[68.380005],"DEWP":[-8.4],"FRSHTT":[1000000],"PRCP":[0],"SLP":[1009.55],"SNDP":[0],"STP":[1004.1],"TEMP":[-0.53999996],"VISIB":[12.679998],"WDSP":[8.840001],"WNDDIR":[356.6],"time":[1549364861]}