{"CLDC":[50.030003,50.05],"DEWP":[-5.2799997,-5.2799997],"FRSHTT":[100000,100000],"PRCP":[0.09000001,0.09000001],"SLP":[1015.9,1015.7999],"SNDP":[0,0],"STP":[1014.7001,1014.7001],"TEMP":[1.6800001,1.75],"VISIB":[24.180002,23.939999],"WDSP":[18.69,18.89],"WNDDIR":[237.4,237.2],"time":[1549364861,1549364918]}