{"CLDC":[50.08],"DEWP":[-6.5],"FRSHTT":[1100000],"PRCP":[0.059999995],"SLP":[1019.6],"SNDP":[0],"STP":[1011],"TEMP":[0.5300001],"VISIB":[31.889996],"WDSP":[13.15],"WNDDIR":[109],"time":[1549364861]}