{"CLDC":[50.04,50.100002],"DEWP":[-6.8199997,-7.13],"FRSHTT":[100000,100000],"PRCP":[0.009999999,0.009999999],"SLP":[995.63007,995.27],"SNDP":[0,0],"STP":[1000.3,1000.32],"TEMP":[1.35,1.26],"VISIB":[10.360001,10.030001],"WDSP":[16.41,16.21],"WNDDIR":[215.8,214],"time":[1549364861,1549364919]}