{"CLDC":[67.9],"DEWP":[-6.919999],"FRSHTT":[100000],"PRCP":[0.09000001],"SLP":[1016.5],"SNDP":[0],"STP":[1014],"TEMP":[1.06],"VISIB":[24.41],"WDSP":[22.869999],"WNDDIR":[171.8],"time":[1549364861]}