{"CLDC":[35.789997],"DEWP":[-6.12],"FRSHTT":[0],"PRCP":[0],"SLP":[1015.25995],"SNDP":[0],"STP":[1011.38],"TEMP":[2.16],"VISIB":[33.09],"WDSP":[12.120001],"WNDDIR":[116.8],"time":[1549364861]}