{"CLDC":[35.789997,35.82],"DEWP":[-6.12,-6.3199997],"FRSHTT":[0,0],"PRCP":[0,0],"SLP":[1015.25995,1015.45],"SNDP":[0,0],"STP":[1011.38,1011.7999],"TEMP":[2.16,2.0500002],"VISIB":[33.09,33.4],"WDSP":[12.120001,12.070002],"WNDDIR":[116.8,118.9],"time":[1549364861,1549364919]}