{"CLDC":[92.759995,92.69],"DEWP":[-9.070001,-9.339998],"FRSHTT":[100000,100000],"PRCP":[0.07,0.07],"SLP":[1016.1,1016.1],"SNDP":[0,0],"STP":[1013.74005,1013.77997],"TEMP":[1.46,1.1200001],"VISIB":[15.9,15.95],"WDSP":[12.289999,12.549999],"WNDDIR":[292.8,293.7],"time":[1549364860,1549364918]}