{"CLDC":[92.759995],"DEWP":[-9.070001],"FRSHTT":[100000],"PRCP":[0.07],"SLP":[1016.1],"SNDP":[0],"STP":[1013.74005],"TEMP":[1.46],"VISIB":[15.9],"WDSP":[12.289999],"WNDDIR":[292.8],"time":[1549364860]}