{"CLDC":[30.210001],"DEWP":[-4.6400003],"FRSHTT":[0],"PRCP":[0],"SLP":[1014.87],"SNDP":[0],"STP":[1007.65],"TEMP":[3.06],"VISIB":[32.890003],"WDSP":[11.29],"WNDDIR":[247.8],"time":[1549364860]}