{"CLDC":[50.52,50.050003],"DEWP":[-6.7599998,-7.19],"FRSHTT":[100000,100000],"PRCP":[0.050000004,0.050000004],"SLP":[1018.2001,1018.2001],"SNDP":[0,0],"STP":[1013.16003,1012.91003],"TEMP":[1.1000001,1.1000001],"VISIB":[27.439997,27.100002],"WDSP":[6.94,5.6099997],"WNDDIR":[18.3,20.2],"time":[1549364860,1549364918]}