{"CLDC":[49.299995],"DEWP":[-3.0400002],"FRSHTT":[0],"PRCP":[0],"SLP":[980.7],"SNDP":[0],"STP":[996.64014],"TEMP":[0.05],"VISIB":[7.8],"WDSP":[8.699999],"WNDDIR":[152.5],"time":[1549364860]}