{"CLDC":[96.380005],"DEWP":[-7.6200004],"FRSHTT":[0],"PRCP":[0],"SLP":[1005.2],"SNDP":[0],"STP":[1005.25],"TEMP":[1.29],"VISIB":[10.109999],"WDSP":[17.150002],"WNDDIR":[326],"time":[1549364860]}