{"CLDC":[38.33],"DEWP":[-5.6499996],"FRSHTT":[0],"PRCP":[0],"SLP":[1015.06006],"SNDP":[0],"STP":[1013.85],"TEMP":[0.9],"VISIB":[29.590002],"WDSP":[6.8200006],"WNDDIR":[301.3],"time":[1549364860]}