{"CLDC":[65.02999,64.96999],"DEWP":[-8.76,-9.22],"FRSHTT":[0,0],"PRCP":[0,0],"SLP":[993.56006,993.61],"SNDP":[0,0],"STP":[997.7001,997.63995],"TEMP":[1.12,1.08],"VISIB":[9.83,9.190001],"WDSP":[12.29,12.39],"WNDDIR":[342.9,343.3],"time":[1549364860,1549364918]}