{"CLDC":[50.21,50.46],"DEWP":[-2.3400002,-2.2800002],"FRSHTT":[100000,100000],"PRCP":[0.14,0.14],"SLP":[1016.6,1016.6],"SNDP":[0,0],"STP":[1012.2001,1012.17004],"TEMP":[3.8200002,3.92],"VISIB":[30.12,29.930002],"WDSP":[29.939999,30.059998],"WNDDIR":[4,6.4],"time":[1549364860,1549364918]}