{"CLDC":[96.380005,96.48999],"DEWP":[-7.6200004,-7.4800005],"FRSHTT":[0,0],"PRCP":[0,0],"SLP":[1005.2,1005.54004],"SNDP":[0,0],"STP":[1005.25,1005.1],"TEMP":[1.29,1.1500001],"VISIB":[10.109999,9.679999],"WDSP":[17.150002,17.52],"WNDDIR":[326,326.5],"time":[1549364860,1549364918]}