{"CLDC":[65.02999],"DEWP":[-8.76],"FRSHTT":[0],"PRCP":[0],"SLP":[993.56006],"SNDP":[0],"STP":[997.7001],"TEMP":[1.12],"VISIB":[9.83],"WDSP":[12.29],"WNDDIR":[342.9],"time":[1549364860]}