{"CLDC":[50.21],"DEWP":[-2.3400002],"FRSHTT":[100000],"PRCP":[0.14],"SLP":[1016.6],"SNDP":[0],"STP":[1012.2001],"TEMP":[3.8200002],"VISIB":[30.12],"WDSP":[29.939999],"WNDDIR":[4],"time":[1549364860]}