{"CLDC":[50.399998],"DEWP":[-4.35],"FRSHTT":[100000],"PRCP":[0.14],"SLP":[1015.9],"SNDP":[0],"STP":[1004.7001],"TEMP":[2],"VISIB":[27.100002],"WDSP":[21.61],"WNDDIR":[5.1],"time":[1549364860]}