{"CLDC":[50.289997],"DEWP":[-2.92],"FRSHTT":[100000],"PRCP":[0.25],"SLP":[1015.9],"SNDP":[0],"STP":[1008.34],"TEMP":[3.0699997],"VISIB":[29.819998],"WDSP":[23.060001],"WNDDIR":[200.4],"time":[1549364860]}