{"CLDC":[67.2,67.240005],"DEWP":[-4.9,-4.74],"FRSHTT":[0,0],"PRCP":[0,0],"SLP":[1001,1000.74005],"SNDP":[0,0],"STP":[1002.2001,1002.06995],"TEMP":[2.9199996,3.1599998],"VISIB":[10.45,10.039999],"WDSP":[19.539999,19.17],"WNDDIR":[90.9,90.8],"time":[1549364859,1549364917]}