{"CLDC":[0.64],"DEWP":[-4.45],"FRSHTT":[0],"PRCP":[0],"SLP":[1021.1],"SNDP":[0],"STP":[1007.2999],"TEMP":[0.93999994],"VISIB":[13.35],"WDSP":[15.410001],"WNDDIR":[151],"time":[1549364859]}