{"CLDC":[78.2,77.93],"DEWP":[-8.940001,-9.1],"FRSHTT":[0,0],"PRCP":[0,0],"SLP":[994.61005,994.93],"SNDP":[0,0],"STP":[1003.2001,1003.2001],"TEMP":[2.8000002,2.92],"VISIB":[10.74,11.43],"WDSP":[14.25,14.15],"WNDDIR":[296.2,295.5],"time":[1549364859,1549364917]}