{"CLDC":[67.2],"DEWP":[-4.9],"FRSHTT":[0],"PRCP":[0],"SLP":[1001],"SNDP":[0],"STP":[1002.2001],"TEMP":[2.9199996],"VISIB":[10.45],"WDSP":[19.539999],"WNDDIR":[90.9],"time":[1549364859]}