{"CLDC":[78.2],"DEWP":[-8.940001],"FRSHTT":[0],"PRCP":[0],"SLP":[994.61005],"SNDP":[0],"STP":[1003.2001],"TEMP":[2.8000002],"VISIB":[10.74],"WDSP":[14.25],"WNDDIR":[296.2],"time":[1549364859]}