{"CLDC":[15.780001,15.719998],"DEWP":[-7.15,-7.3299994],"FRSHTT":[0,0],"PRCP":[0,0],"SLP":[999.39,999.82],"SNDP":[0,0],"STP":[999.7899,999.98],"TEMP":[1.1199999,1.05],"VISIB":[10.689999,10.5199995],"WDSP":[14.789999,14.390001],"WNDDIR":[302.7,299.8],"time":[1549364859,1549364917]}