{"CLDC":[90.670006],"DEWP":[-9.04],"FRSHTT":[1100000],"PRCP":[0.029999997],"SLP":[863.13007],"SNDP":[0],"STP":[867.2999],"TEMP":[-3.14],"VISIB":[28.899998],"WDSP":[13.33],"WNDDIR":[40],"time":[1549364860]}