{"CLDC":[67.54],"DEWP":[-3.6800003],"FRSHTT":[110000],"PRCP":[0.039999995],"SLP":[1002.14],"SNDP":[0.20000002],"STP":[1002.5],"TEMP":[0.74999994],"VISIB":[9.120001],"WDSP":[13.290001],"WNDDIR":[143],"time":[1549364857]}