{"CLDC":[6.16,6.3900003],"DEWP":[-3.9000003,-4],"FRSHTT":[0,0],"PRCP":[0,0],"SLP":[1010.5,1010.4],"SNDP":[0,0],"STP":[1003.7999,1003.7999],"TEMP":[0.85,0.7],"VISIB":[9.250001,9.76],"WDSP":[14.940001,14.889999],"WNDDIR":[339.4,338.3],"time":[1549364857,1549364916]}