{"CLDC":[25.52],"DEWP":[-9.75],"FRSHTT":[1000000],"PRCP":[0],"SLP":[998.50995],"SNDP":[0],"STP":[1002.27],"TEMP":[-1.45],"VISIB":[10.27],"WDSP":[11.0199995],"WNDDIR":[277],"time":[1549364857]}