{"CLDC":[31.170002],"DEWP":[-3.28],"FRSHTT":[0],"PRCP":[0],"SLP":[998.80994],"SNDP":[0],"STP":[997.30994],"TEMP":[1.15],"VISIB":[10.52],"WDSP":[9.58],"WNDDIR":[72.8],"time":[1549364858]}