{"CLDC":[31.170002,30.98],"DEWP":[-3.28,-3.31],"FRSHTT":[0,0],"PRCP":[0,0],"SLP":[998.80994,997.56995],"SNDP":[0,0],"STP":[997.30994,996.43994],"TEMP":[1.15,1.0600001],"VISIB":[10.52,10.669999],"WDSP":[9.58,9.940001],"WNDDIR":[72.8,74.8],"time":[1549364858,1549364917]}