{"CLDC":[27.280003,27.469997],"DEWP":[-8.030001,-7.94],"FRSHTT":[0,1000000],"PRCP":[0,0],"SLP":[1005.7001,1005.52],"SNDP":[0,0],"STP":[1001.6,1001.6],"TEMP":[0.4,0.35],"VISIB":[9.84,9.109999],"WDSP":[12.85,12.589999],"WNDDIR":[89,87],"time":[1549364857,1549364916]}