{"CLDC":[84.44],"DEWP":[-3.3600001],"FRSHTT":[0],"PRCP":[0],"SLP":[1000.07996],"SNDP":[0],"STP":[1000.00995],"TEMP":[5.1500006],"VISIB":[10.57],"WDSP":[16.51],"WNDDIR":[126.7],"time":[1549364856]}