{"CLDC":[97.509995],"DEWP":[-0.08],"FRSHTT":[0],"PRCP":[0],"SLP":[962.9699],"SNDP":[0],"STP":[980.9],"TEMP":[5.0000005],"VISIB":[10.629999],"WDSP":[12.51],"WNDDIR":[288.2],"time":[1549364856]}