{"CLDC":[97.509995,97.420006],"DEWP":[-0.08,-0.07999999],"FRSHTT":[0,0],"PRCP":[0,0],"SLP":[962.9699,962.95],"SNDP":[0,0],"STP":[980.9,981.22003],"TEMP":[5.0000005,5.1500006],"VISIB":[10.629999,10.440001],"WDSP":[12.51,13.08],"WNDDIR":[288.2,287.1],"time":[1549364856,1549364915]}