{"CLDC":[46.54,46.36999],"DEWP":[-1.09,-1.15],"FRSHTT":[0,0],"PRCP":[0,0],"SLP":[1005.05994,1005.18005],"SNDP":[0,0],"STP":[1003.59,1003.59],"TEMP":[5.8499994,5.9999995],"VISIB":[11.499999,11.410001],"WDSP":[22.33,22.55],"WNDDIR":[94.2,95.1],"time":[1549364856,1549364915]}