{"CLDC":[50.06,50.269997],"DEWP":[-3.1699998,-3.36],"FRSHTT":[100000,100000],"PRCP":[0.19000001,0.19000001],"SLP":[1020.52,1020.6],"SNDP":[0,0],"STP":[1019.7101,1019.55],"TEMP":[0.9,0.78000003],"VISIB":[22.32,22.240002],"WDSP":[14.1,14.129999],"WNDDIR":[153.5,153.3],"time":[1549364856,1549364916]}