{"CLDC":[87.87001,87.71001],"DEWP":[-3.4799995,-3.75],"FRSHTT":[0,0],"PRCP":[0,0],"SLP":[1005.05994,1004.91],"SNDP":[0,0],"STP":[1001.77997,1002.81006],"TEMP":[0.50000006,0.54],"VISIB":[8.289999,8.319999],"WDSP":[8.67,8.53],"WNDDIR":[101.7,101.6],"time":[1549364856,1549364916]}