{"CLDC":[50.06],"DEWP":[-3.1699998],"FRSHTT":[100000],"PRCP":[0.19000001],"SLP":[1020.52],"SNDP":[0],"STP":[1019.7101],"TEMP":[0.9],"VISIB":[22.32],"WDSP":[14.1],"WNDDIR":[153.5],"time":[1549364856]}