{"CLDC":[50.42,50.57],"DEWP":[-4.06,-3.98],"FRSHTT":[110000,110000],"PRCP":[0.13,0.13],"SLP":[1019.7999,1019.7999],"SNDP":[1,1],"STP":[1019.02997,1018.93],"TEMP":[1.3399999,1.1199999],"VISIB":[22.7,22.869999],"WDSP":[14.05,14.529999],"WNDDIR":[284.3,286.2],"time":[1549364856,1549364916]}