{"CLDC":[50.110004,50.010002],"DEWP":[-0.7,-0.78000003],"FRSHTT":[100000,100000],"PRCP":[0.59999996,0.59999996],"SLP":[1018.63995,1018.52997],"SNDP":[0,0],"STP":[1017.7101,1017.86],"TEMP":[0.7200001,0.64000005],"VISIB":[12.290001,12.75],"WDSP":[5.26,5.7],"WNDDIR":[357.2,353.2],"time":[1549364856,1549364916]}