{"CLDC":[50.190006],"DEWP":[-3.25],"FRSHTT":[110000],"PRCP":[0.16999999],"SLP":[1020.2899],"SNDP":[2.7000003],"STP":[1019.57],"TEMP":[0.6999999],"VISIB":[19.890001],"WDSP":[11.9800005],"WNDDIR":[167],"time":[1549364856]}