{"CLDC":[50.190006,50.110004],"DEWP":[-3.25,-3.0399997],"FRSHTT":[110000,110000],"PRCP":[0.16999999,0.16999999],"SLP":[1020.2899,1020.2999],"SNDP":[2.7000003,2.7000003],"STP":[1019.57,1019.59],"TEMP":[0.6999999,0.9000001],"VISIB":[19.890001,19.570002],"WDSP":[11.9800005,11.940001],"WNDDIR":[167,166.7],"time":[1549364856,1549364916]}