{"CLDC":[50.010002,50.57],"DEWP":[-3.2199998,-2.9799998],"FRSHTT":[110000,110000],"PRCP":[0.15999998,0.15999998],"SLP":[1019.9,1019.9],"SNDP":[1.3000001,1.3000001],"STP":[1016.14,1016.4],"TEMP":[0.35,0.55999994],"VISIB":[16.390001,17.05],"WDSP":[8.11,7.7700005],"WNDDIR":[322.3,322.4],"time":[1549364855,1549364915]}