{"CLDC":[85.509995,86.06999],"DEWP":[-2.9,-2.91],"FRSHTT":[100000,100000],"PRCP":[0.22,0.22],"SLP":[1022.02997,1022],"SNDP":[0,0],"STP":[1021.2999,1021.2999],"TEMP":[2.55,2.48],"VISIB":[13.969999,14.0199995],"WDSP":[10.059999,9.890001],"WNDDIR":[156.3,159.2],"time":[1549364855,1549364915]}