{"CLDC":[78.61999],"DEWP":[-4.4800005],"FRSHTT":[100000],"PRCP":[0.09000001],"SLP":[1021.7001],"SNDP":[0],"STP":[1014.7001],"TEMP":[0.95],"VISIB":[9.179999],"WDSP":[7.06],"WNDDIR":[327.2],"time":[1549364855]}