{"CLDC":[78.61999,78.62999],"DEWP":[-4.4800005,-4.3],"FRSHTT":[100000,100000],"PRCP":[0.09000001,0.09000001],"SLP":[1021.7001,1021.6],"SNDP":[0,0],"STP":[1014.7001,1014.7001],"TEMP":[0.95,0.82],"VISIB":[9.179999,8.62],"WDSP":[7.06,6.6],"WNDDIR":[327.2,325.4],"time":[1549364855,1549364915]}