{"CLDC":[70.61],"DEWP":[-3.3799999],"FRSHTT":[100000],"PRCP":[0.14999999],"SLP":[1020.6],"SNDP":[0],"STP":[1021],"TEMP":[2.7800002],"VISIB":[25.08],"WDSP":[16.76],"WNDDIR":[128.4],"time":[1549364855]}