{"CLDC":[70.61,70.24],"DEWP":[-3.3799999,-3.5800004],"FRSHTT":[100000,100000],"PRCP":[0.14999999,0.14999999],"SLP":[1020.6,1020.6],"SNDP":[0,0],"STP":[1021,1020.99005],"TEMP":[2.7800002,2.7400002],"VISIB":[25.08,25.539999],"WDSP":[16.76,16.849998],"WNDDIR":[128.4,131.9],"time":[1549364855,1549364915]}