{"CLDC":[9.99,9.810001],"DEWP":[-5.13,-5.1699996],"FRSHTT":[1000000,1000000],"PRCP":[0,0],"SLP":[1022.7001,1022.7001],"SNDP":[0,0],"STP":[1004.2999,1004.2999],"TEMP":[0.17999999,0.32],"VISIB":[16.49,15.93],"WDSP":[5.65,5.9800005],"WNDDIR":[267.1,267.8],"time":[1549364855,1549364915]}