{"CLDC":[82.490005],"DEWP":[-3.8400002],"FRSHTT":[100000],"PRCP":[0.14],"SLP":[1021.2001],"SNDP":[0],"STP":[1018.50995],"TEMP":[2.42],"VISIB":[15.05],"WDSP":[14.33],"WNDDIR":[222.3],"time":[1549364855]}