{"CLDC":[50.22],"DEWP":[-4.53],"FRSHTT":[100000],"PRCP":[0.050000004],"SLP":[1021.6],"SNDP":[0],"STP":[1017.7899],"TEMP":[1.5199999],"VISIB":[14.2300005],"WDSP":[11.599999],"WNDDIR":[157.3],"time":[1549364855]}