{"CLDC":[7.2],"DEWP":[-5.21],"FRSHTT":[0],"PRCP":[0],"SLP":[1018.4601],"SNDP":[0],"STP":[1013.61],"TEMP":[0.35999998],"VISIB":[19.960001],"WDSP":[8.800001],"WNDDIR":[179.2],"time":[1549364855]}