{"CLDC":[7.2,7.0199995],"DEWP":[-5.21,-5.2],"FRSHTT":[0,1000000],"PRCP":[0,0],"SLP":[1018.4601,1018.5],"SNDP":[0,0],"STP":[1013.61,1013.5399],"TEMP":[0.35999998,0.35999998],"VISIB":[19.960001,19.74],"WDSP":[8.800001,9.559999],"WNDDIR":[179.2,180.2],"time":[1549364855,1549364915]}