{"CLDC":[69.45,70.02],"DEWP":[-4.9100003,-4.9500003],"FRSHTT":[100000,100000],"PRCP":[0.10000001,0.10000001],"SLP":[1020.67004,1020.5],"SNDP":[0,0],"STP":[1013.93005,1014.04004],"TEMP":[1.9800001,1.9100001],"VISIB":[10.22,10.029999],"WDSP":[12.539999,11.55],"WNDDIR":[216.9,218.1],"time":[1549364861,1549364918]}