{"CLDC":[11.08,10.890001],"DEWP":[-6.04,-6.2200003],"FRSHTT":[0,0],"PRCP":[0,0],"SLP":[998.5,998.52997],"SNDP":[0,0],"STP":[1000.5,1000.55],"TEMP":[2.42,2.42],"VISIB":[10.209999,10.15],"WDSP":[12.559999,12.15],"WNDDIR":[177.5,174.5],"time":[1549364861,1549364918]}