{"CLDC":[32.44],"DEWP":[-3.4500003],"FRSHTT":[0],"PRCP":[0],"SLP":[1004.5],"SNDP":[0],"STP":[995],"TEMP":[2.9999995],"VISIB":[10.85],"WDSP":[17.23],"WNDDIR":[135.7],"time":[1549364861]}