{"CLDC":[26.330002],"DEWP":[-5.1600003],"FRSHTT":[0],"PRCP":[0],"SLP":[1001.7699],"SNDP":[0],"STP":[1001.83997],"TEMP":[1.1],"VISIB":[12.059999],"WDSP":[9.91],"WNDDIR":[89.1],"time":[1549364861]}