{"CLDC":[32.44,32.45],"DEWP":[-3.4500003,-3.6200001],"FRSHTT":[0,0],"PRCP":[0,0],"SLP":[1004.5,1005.18005],"SNDP":[0,0],"STP":[995,995],"TEMP":[2.9999995,3.06],"VISIB":[10.85,10.860001],"WDSP":[17.23,17.990002],"WNDDIR":[135.7,137],"time":[1549364861,1549364918]}