{"CLDC":[60.05,60.2],"DEWP":[-5.2799993,-5.25],"FRSHTT":[100000,100000],"PRCP":[0.059999995,0.059999995],"SLP":[1019.6,1019.6],"SNDP":[0,0],"STP":[1017.5,1017.5],"TEMP":[1.65,1.5800002],"VISIB":[15.63,16.439999],"WDSP":[10.67,10.969999],"WNDDIR":[39.8,40.4],"time":[1549364861,1549364918]}