{"CLDC":[78.78],"DEWP":[-3.8500004],"FRSHTT":[100000],"PRCP":[0.019999998],"SLP":[1018.00995],"SNDP":[0],"STP":[1003.7201],"TEMP":[1.2800001],"VISIB":[16.880001],"WDSP":[8.499999],"WNDDIR":[277.2],"time":[1549364861]}