{"CLDC":[50.130005],"DEWP":[-5.2200003],"FRSHTT":[100000],"PRCP":[0.13],"SLP":[1017.9],"SNDP":[0],"STP":[1015.74005],"TEMP":[2.98],"VISIB":[27.570002],"WDSP":[16.810001],"WNDDIR":[293],"time":[1549364861]}