{"CLDC":[73.87001,73.55],"DEWP":[-5.2500005,-5.3900003],"FRSHTT":[0,0],"PRCP":[0,0],"SLP":[990.86,990.47003],"SNDP":[0,0],"STP":[995.9801,996.11],"TEMP":[2.1200004,1.9100001],"VISIB":[9.820001,9.31],"WDSP":[9.800001,9.7300005],"WNDDIR":[134.3,133.7],"time":[1549364861,1549364919]}