{"CLDC":[44.969997],"DEWP":[-6.859999],"FRSHTT":[0],"PRCP":[0],"SLP":[1004.6],"SNDP":[0],"STP":[1000.02],"TEMP":[2.8400002],"VISIB":[10.559999],"WDSP":[17.65],"WNDDIR":[53.9],"time":[1549364861]}