{"CLDC":[26.580002,26.45],"DEWP":[-4.3999996,-4.4000006],"FRSHTT":[0,0],"PRCP":[0,0],"SLP":[1000.1,1000.02],"SNDP":[0,0],"STP":[1001.58997,1001.7001],"TEMP":[2.14,1.85],"VISIB":[10.29,10.26],"WDSP":[14.57,14.31],"WNDDIR":[235.9,235.9],"time":[1549364861,1549364919]}