{"CLDC":[73.87001],"DEWP":[-5.2500005],"FRSHTT":[0],"PRCP":[0],"SLP":[990.86],"SNDP":[0],"STP":[995.9801],"TEMP":[2.1200004],"VISIB":[9.820001],"WDSP":[9.800001],"WNDDIR":[134.3],"time":[1549364861]}