{"CLDC":[20.97],"DEWP":[-2.8000004],"FRSHTT":[0],"PRCP":[0],"SLP":[999.19006],"SNDP":[0],"STP":[998.5],"TEMP":[2.2099998],"VISIB":[10.53],"WDSP":[12.99],"WNDDIR":[102.4],"time":[1549364861]}