{"CLDC":[72.009995,72.42],"DEWP":[-3.06,-3.1299999],"FRSHTT":[0,0],"PRCP":[0,0],"SLP":[1002,1002.65],"SNDP":[0,0],"STP":[1000.38995,1000.6],"TEMP":[1.9100001,2.1599998],"VISIB":[10.860002,10.120001],"WDSP":[12.47,11.230001],"WNDDIR":[58.1,58.5],"time":[1549364861,1549364919]}