{"CLDC":[56.57,56.309998],"DEWP":[-3.9,-3.9],"FRSHTT":[0,0],"PRCP":[0,0],"SLP":[1002.2999,1002.1],"SNDP":[0,0],"STP":[1000.4,1000.43],"TEMP":[2.3,2.15],"VISIB":[10.300001,10.69],"WDSP":[19.27,16.89],"WNDDIR":[225.7,225.5],"time":[1549364860,1549364918]}