{"CLDC":[37.030003,37.000004],"DEWP":[-6.5699997,-6.46],"FRSHTT":[0,0],"PRCP":[0,0],"SLP":[996.2001,996.27],"SNDP":[0,0],"STP":[994.7001,994.7001],"TEMP":[2.38,2.48],"VISIB":[10.359999,9.69],"WDSP":[15.35,15.210001],"WNDDIR":[24,21.2],"time":[1549364860,1549364918]}