{"CLDC":[71.990005,71.65001],"DEWP":[-3.7599998,-3.7],"FRSHTT":[0,0],"PRCP":[0,0],"SLP":[999.05,998.73],"SNDP":[0,0],"STP":[999.36005,999.32996],"TEMP":[1.9200001,2.0500002],"VISIB":[9.790001,10.219999],"WDSP":[15.860001,16.81],"WNDDIR":[37.8,41.2],"time":[1549364860,1549364918]}