{"CLDC":[37.030003],"DEWP":[-6.5699997],"FRSHTT":[0],"PRCP":[0],"SLP":[996.2001],"SNDP":[0],"STP":[994.7001],"TEMP":[2.38],"VISIB":[10.359999],"WDSP":[15.35],"WNDDIR":[24],"time":[1549364860]}