{"CLDC":[51.739998,51.4],"DEWP":[-5.21,-5.3199997],"FRSHTT":[0,0],"PRCP":[0,0],"SLP":[992.7001,992.7001],"SNDP":[0,0],"STP":[997.45,997.44006],"TEMP":[1.06,1.1800001],"VISIB":[10.609999,10.440001],"WDSP":[12.55,12.309999],"WNDDIR":[153.1,151.5],"time":[1549364860,1549364918]}