{"CLDC":[10.52,10.15],"DEWP":[-2.6799998,-2.8000002],"FRSHTT":[0,0],"PRCP":[0,0],"SLP":[1004,1004.13995],"SNDP":[0,0],"STP":[1004.91,1005.09],"TEMP":[2.6599998,2.4999998],"VISIB":[10.669999,10.65],"WDSP":[16.93,16.130001],"WNDDIR":[279.3,285],"time":[1549364859,1549364917]}