{"CLDC":[80.74,80.93001],"DEWP":[-3.9500003,-4.0399995],"FRSHTT":[100000,100000],"PRCP":[0.11999999,0.11999999],"SLP":[1021,1021],"SNDP":[0,0],"STP":[1021.36,1021.05],"TEMP":[2.54,2.32],"VISIB":[22.579998,21.66],"WDSP":[13.129999,14],"WNDDIR":[85.3,82.9],"time":[1549364858,1549364917]}