{"CLDC":[50,50.04],"DEWP":[-3.55,-3.44],"FRSHTT":[100000,100000],"PRCP":[0.019999998,0.019999998],"SLP":[1022.5,1022.5],"SNDP":[0,0],"STP":[1017.7001,1017.7001],"TEMP":[1.6499999,1.74],"VISIB":[11.609999,11.969999],"WDSP":[6.71,6.8700004],"WNDDIR":[95.1,96.5],"time":[1549364859,1549364917]}