{"CLDC":[87.22001],"DEWP":[-1.9799999],"FRSHTT":[100000],"PRCP":[0.11],"SLP":[1020.9],"SNDP":[0],"STP":[1021.0301],"TEMP":[3.8199997],"VISIB":[16.91],"WDSP":[11.320001],"WNDDIR":[323.9],"time":[1549364859]}