{"CLDC":[80.74],"DEWP":[-3.9500003],"FRSHTT":[100000],"PRCP":[0.11999999],"SLP":[1021],"SNDP":[0],"STP":[1021.36],"TEMP":[2.54],"VISIB":[22.579998],"WDSP":[13.129999],"WNDDIR":[85.3],"time":[1549364858]}