{"CLDC":[50],"DEWP":[-3.55],"FRSHTT":[100000],"PRCP":[0.019999998],"SLP":[1022.5],"SNDP":[0],"STP":[1017.7001],"TEMP":[1.6499999],"VISIB":[11.609999],"WDSP":[6.71],"WNDDIR":[95.1],"time":[1549364859]}