{"CLDC":[10.52],"DEWP":[-2.6799998],"FRSHTT":[0],"PRCP":[0],"SLP":[1004],"SNDP":[0],"STP":[1004.91],"TEMP":[2.6599998],"VISIB":[10.669999],"WDSP":[16.93],"WNDDIR":[279.3],"time":[1549364859]}