{"CLDC":[91.27999],"DEWP":[-3.06],"FRSHTT":[0],"PRCP":[0],"SLP":[1009.80994],"SNDP":[0],"STP":[1009.5],"TEMP":[2.5500002],"VISIB":[11.81],"WDSP":[12.31],"WNDDIR":[73.9],"time":[1549364859]}