{"CLDC":[14.56,14.850001],"DEWP":[-3.78,-3.95],"FRSHTT":[0,0],"PRCP":[0,0],"SLP":[1022.2999,1022.22003],"SNDP":[0,0],"STP":[1015,1015],"TEMP":[3.3800004,3.25],"VISIB":[19.829998,20.23],"WDSP":[10.89,10.29],"WNDDIR":[6.5,10.2],"time":[1549364859,1549364917]}