{"CLDC":[14.56],"DEWP":[-3.78],"FRSHTT":[0],"PRCP":[0],"SLP":[1022.2999],"SNDP":[0],"STP":[1015],"TEMP":[3.3800004],"VISIB":[19.829998],"WDSP":[10.89],"WNDDIR":[6.5],"time":[1549364859]}