{"CLDC":[42.140007],"DEWP":[-2.58],"FRSHTT":[0],"PRCP":[0],"SLP":[1006.61],"SNDP":[0],"STP":[997.99005],"TEMP":[2.75],"VISIB":[10.33],"WDSP":[12.179999],"WNDDIR":[54.1],"time":[1549364859]}