{"CLDC":[65.1,64.97001],"DEWP":[-3.9999995,-4.1499996],"FRSHTT":[600000,1000000],"PRCP":[0,0],"SLP":[1020.75995,1020.77],"SNDP":[0,0],"STP":[938.4,938.4],"TEMP":[0.2,0.21],"VISIB":[18.51,18.59],"WDSP":[16.130001,15.790001],"WNDDIR":[328.2,329.3],"time":[1549364858,1549364917]}