{"CLDC":[50.030003],"DEWP":[-3.45],"FRSHTT":[100000],"PRCP":[0.13],"SLP":[1021.4],"SNDP":[0],"STP":[1016.45],"TEMP":[2.23],"VISIB":[15.730001],"WDSP":[6.8799996],"WNDDIR":[9.9],"time":[1549364858]}