{"CLDC":[83.93001,84.06999],"DEWP":[-3.8500004,-3.8999996],"FRSHTT":[100000,100000],"PRCP":[0.009999999,0.009999999],"SLP":[1022.7001,1022.7999],"SNDP":[0,0],"STP":[1012.2001,1012.2001],"TEMP":[1.43,1.1999999],"VISIB":[10.499999,10.400001],"WDSP":[4.5199995,4.42],"WNDDIR":[272.4,273.2],"time":[1549364858,1549364917]}