{"CLDC":[42.140007,41.98],"DEWP":[-2.58,-2.5000002],"FRSHTT":[0,0],"PRCP":[0,0],"SLP":[1006.61,1006.31995],"SNDP":[0,0],"STP":[997.99005,997.83997],"TEMP":[2.75,2.65],"VISIB":[10.33,9.81],"WDSP":[12.179999,12.090001],"WNDDIR":[54.1,55],"time":[1549364859,1549364917]}