{"CLDC":[50.329994,50.140003],"DEWP":[-3.25,-3.1799998],"FRSHTT":[100000,100000],"PRCP":[0.29999998,0.29999998],"SLP":[1018.38007,1018.38007],"SNDP":[0,0],"STP":[1015.2999,1015.41],"TEMP":[2.04,1.95],"VISIB":[17.119999,17.18],"WDSP":[19.73,19.610003],"WNDDIR":[228.3,224.7],"time":[1549364858,1549364917]}