{"CLDC":[50.06,50.110004],"DEWP":[-4,-3.8800004],"FRSHTT":[100000,100000],"PRCP":[0.059999995,0.059999995],"SLP":[1021.62,1021.6],"SNDP":[0,0],"STP":[1002.5,1002.5],"TEMP":[2.03,1.9300001],"VISIB":[10.700001,10.7300005],"WDSP":[3.9800003,4.2799997],"WNDDIR":[337,334.6],"time":[1549364858,1549364917]}