{"CLDC":[62.859997],"DEWP":[-5.38],"FRSHTT":[0],"PRCP":[0],"SLP":[1021.5],"SNDP":[0],"STP":[1018.9],"TEMP":[2.5999997],"VISIB":[18.6],"WDSP":[8.33],"WNDDIR":[334.2],"time":[1549364858]}