{"CLDC":[62.859997,63.059998],"DEWP":[-5.38,-4.9300003],"FRSHTT":[0,0],"PRCP":[0,0],"SLP":[1021.5,1021.5],"SNDP":[0,0],"STP":[1018.9,1018.9],"TEMP":[2.5999997,2.4999998],"VISIB":[18.6,18.67],"WDSP":[8.33,8.58],"WNDDIR":[334.2,332.4],"time":[1549364858,1549364916]}