{"CLDC":[58.410004],"DEWP":[-6.2400002],"FRSHTT":[1000000],"PRCP":[0],"SLP":[914.36],"SNDP":[0],"STP":[884.6],"TEMP":[-3.3600001],"VISIB":[11.259999],"WDSP":[14.9800005],"WNDDIR":[198.3],"time":[1549364858]}