{"CLDC":[59.01],"DEWP":[-3.25],"FRSHTT":[100000],"PRCP":[0.039999995],"SLP":[1022.4],"SNDP":[0],"STP":[1004.2001],"TEMP":[1.5000002],"VISIB":[10.81],"WDSP":[4.21],"WNDDIR":[316.3],"time":[1549364858]}