{"CLDC":[59.01,59.02],"DEWP":[-3.25,-3.42],"FRSHTT":[100000,100000],"PRCP":[0.039999995,0.039999995],"SLP":[1022.4,1022.45],"SNDP":[0,0],"STP":[1004.2001,1004.2001],"TEMP":[1.5000002,1.4],"VISIB":[10.81,10.609999],"WDSP":[4.21,4.2],"WNDDIR":[316.3,321],"time":[1549364858,1549364916]}