{"CLDC":[50.02],"DEWP":[-1.82],"FRSHTT":[100000],"PRCP":[0.050000004],"SLP":[1021.9],"SNDP":[0],"STP":[1016.4],"TEMP":[4.0600004],"VISIB":[14.93],"WDSP":[12.179999],"WNDDIR":[210.7],"time":[1549364858]}