{"CLDC":[66.51],"DEWP":[-1.9],"FRSHTT":[100000],"PRCP":[0.14999999],"SLP":[1019.92004],"SNDP":[0],"STP":[1019.1],"TEMP":[3.6000004],"VISIB":[22.98],"WDSP":[11.590001],"WNDDIR":[7.2],"time":[1549364858]}