{"CLDC":[87.670006],"DEWP":[-6.33],"FRSHTT":[0],"PRCP":[0],"SLP":[1018.2201],"SNDP":[0],"STP":[1016.4],"TEMP":[2.05],"VISIB":[18.61],"WDSP":[15.529999],"WNDDIR":[21.8],"time":[1549364858]}