{"CLDC":[78.420006],"DEWP":[-1.4200001],"FRSHTT":[100000],"PRCP":[0.38999996],"SLP":[1016.5],"SNDP":[0],"STP":[1011.39],"TEMP":[4.75],"VISIB":[19.73],"WDSP":[19.289999],"WNDDIR":[37],"time":[1549364858]}