{"CLDC":[67.89,68.21001],"DEWP":[-3.7699997,-3.55],"FRSHTT":[100000,100000],"PRCP":[0.14,0.14],"SLP":[1019.61,1019.69006],"SNDP":[0,0],"STP":[1018.41003,1018.25],"TEMP":[3.0900004,2.4300003],"VISIB":[26.519999,26.580002],"WDSP":[12.559999,11.62],"WNDDIR":[239.9,240.3],"time":[1549364858,1549364917]}