{"CLDC":[50.090004,50.070004],"DEWP":[1.1800001,1.2],"FRSHTT":[100000,100000],"PRCP":[0.11,0.11],"SLP":[1020.1,1020.1],"SNDP":[0,0],"STP":[1018.7999,1018.7999],"TEMP":[7.4,7.2200003],"VISIB":[28.399998,28.009998],"WDSP":[21.05,20.77],"WNDDIR":[357.1,358.9],"time":[1549364857,1549364916]}