{"CLDC":[87.670006,87.16],"DEWP":[-6.33,-6.6400003],"FRSHTT":[0,0],"PRCP":[0,0],"SLP":[1018.2201,1018.2001],"SNDP":[0,0],"STP":[1016.4,1016.5],"TEMP":[2.05,1.7299999],"VISIB":[18.61,19.130001],"WDSP":[15.529999,15.289999],"WNDDIR":[21.8,20.4],"time":[1549364858,1549364917]}