{"CLDC":[50.05],"DEWP":[-3.1399999],"FRSHTT":[100000],"PRCP":[0.16999999],"SLP":[1021.6],"SNDP":[0],"STP":[1015.19006],"TEMP":[2.98],"VISIB":[22.75],"WDSP":[13.719999],"WNDDIR":[343.3],"time":[1549364857]}