{"CLDC":[23.459997],"DEWP":[-1.4200001],"FRSHTT":[0],"PRCP":[0],"SLP":[995.81995],"SNDP":[0],"STP":[998.08997],"TEMP":[4.46],"VISIB":[10.930001],"WDSP":[15.5],"WNDDIR":[325.9],"time":[1549364857]}