{"CLDC":[77.69001],"DEWP":[-5.1400003],"FRSHTT":[0],"PRCP":[0],"SLP":[1008.61],"SNDP":[0],"STP":[1000.5],"TEMP":[2.6999998],"VISIB":[10.88],"WDSP":[17.349998],"WNDDIR":[282.8],"time":[1549364857]}