{"CLDC":[86.270004,85.73],"DEWP":[-4.3499994,-4.4500003],"FRSHTT":[0,0],"PRCP":[0,0],"SLP":[995.7699,995.58997],"SNDP":[0,0],"STP":[1000.9,1001],"TEMP":[1.99,1.74],"VISIB":[10.17,9.99],"WDSP":[14.850001,14.329999],"WNDDIR":[341.4,340],"time":[1549364857,1549364916]}