{"CLDC":[80.81999,80.8],"DEWP":[-3.3199997,-3.5400002],"FRSHTT":[0,0],"PRCP":[0,0],"SLP":[995.07,995.07996],"SNDP":[0,0],"STP":[997.16003,997.52997],"TEMP":[2.3999999,2.1699998],"VISIB":[10.370001,10.21],"WDSP":[14.43,13.13],"WNDDIR":[100.6,104.9],"time":[1549364857,1549364916]}