{"CLDC":[70.31999,69.89001],"DEWP":[-3.1800003,-3.08],"FRSHTT":[0,0],"PRCP":[0,0],"SLP":[1004.99005,1004.80994],"SNDP":[0,0],"STP":[1003.37,1003.05],"TEMP":[2.4899998,2.5899997],"VISIB":[10.21,10.02],"WDSP":[8.58,8.6],"WNDDIR":[321.2,320.3],"time":[1549364857,1549364916]}