{"CLDC":[7.9800005],"DEWP":[-3.6800003],"FRSHTT":[0],"PRCP":[0],"SLP":[1003.12],"SNDP":[0],"STP":[999.81995],"TEMP":[4.64],"VISIB":[10.969999],"WDSP":[15.659999],"WNDDIR":[25],"time":[1549364857]}