{"CLDC":[70.31999],"DEWP":[-3.1800003],"FRSHTT":[0],"PRCP":[0],"SLP":[1004.99005],"SNDP":[0],"STP":[1003.37],"TEMP":[2.4899998],"VISIB":[10.21],"WDSP":[8.58],"WNDDIR":[321.2],"time":[1549364857]}