{"CLDC":[51.74,51.530006],"DEWP":[-2.7599998,-2.4199998],"FRSHTT":[0,0],"PRCP":[0,0],"SLP":[999.4499,999.27997],"SNDP":[0,0],"STP":[1000.5,1000.50995],"TEMP":[3.18,3.1599998],"VISIB":[10.669999,10.400001],"WDSP":[16.17,17.990002],"WNDDIR":[125.5,124.4],"time":[1549364857,1549364916]}