{"CLDC":[51.74],"DEWP":[-2.7599998],"FRSHTT":[0],"PRCP":[0],"SLP":[999.4499],"SNDP":[0],"STP":[1000.5],"TEMP":[3.18],"VISIB":[10.669999],"WDSP":[16.17],"WNDDIR":[125.5],"time":[1549364857]}