{"CLDC":[99.86,99.799995],"DEWP":[-4.7,-4.9199996],"FRSHTT":[0,0],"PRCP":[0,0],"SLP":[1000.9,1000.9],"SNDP":[0,0],"STP":[999.27997,999.2001],"TEMP":[1.78,1.7800001],"VISIB":[10.66,10.089999],"WDSP":[11.949999,11.92],"WNDDIR":[241.8,239.9],"time":[1549364857,1549364916]}