{"CLDC":[56.560005,57.24],"DEWP":[0.71999997,0.84],"FRSHTT":[0,0],"PRCP":[0,0],"SLP":[998.7001,998.57996],"SNDP":[0,0],"STP":[996.7001,996.7001],"TEMP":[7.2599998,7.1400003],"VISIB":[10.95,11.639999],"WDSP":[18.68,19.810001],"WNDDIR":[266.1,268],"time":[1549364856,1549364916]}