{"CLDC":[56.560005],"DEWP":[0.71999997],"FRSHTT":[0],"PRCP":[0],"SLP":[998.7001],"SNDP":[0],"STP":[996.7001],"TEMP":[7.2599998],"VISIB":[10.95],"WDSP":[18.68],"WNDDIR":[266.1],"time":[1549364856]}