{"CLDC":[67.66],"DEWP":[-0.19999999],"FRSHTT":[0],"PRCP":[0],"SLP":[994.9],"SNDP":[0],"STP":[998.2501],"TEMP":[7.35],"VISIB":[11.139999],"WDSP":[16.130001],"WNDDIR":[153.4],"time":[1549364856]}