{"CLDC":[20.749998],"DEWP":[-7.9000006],"FRSHTT":[0],"PRCP":[0],"SLP":[999.77997],"SNDP":[0],"STP":[997.74005],"TEMP":[1.68],"VISIB":[11.17],"WDSP":[15.089999],"WNDDIR":[242.6],"time":[1549364855]}