{"CLDC":[93.97001,93.75001],"DEWP":[-4.7400002,-4.6400003],"FRSHTT":[0,0],"PRCP":[0,0],"SLP":[997.38995,997],"SNDP":[0,0],"STP":[995.65,995.65],"TEMP":[2.48,2.28],"VISIB":[11.529999,11.750001],"WDSP":[18.810001,19.39],"WNDDIR":[20,18.8],"time":[1549364855,1549364915]}