{"CLDC":[25.62],"DEWP":[-4.9399996],"FRSHTT":[0],"PRCP":[0],"SLP":[997.92004],"SNDP":[0],"STP":[997.2001],"TEMP":[1.8099998],"VISIB":[10.679999],"WDSP":[22.000002],"WNDDIR":[306],"time":[1549364855]}