{"CLDC":[50.080006],"DEWP":[-4.54],"FRSHTT":[100000],"PRCP":[0.07],"SLP":[1020.4],"SNDP":[0],"STP":[1016.4],"TEMP":[1.95],"VISIB":[17.910002],"WDSP":[8.180001],"WNDDIR":[259],"time":[1549364855]}