{"CLDC":[2.2099998,2.5600002],"DEWP":[-4.96,-4.68],"FRSHTT":[0,0],"PRCP":[0,0],"SLP":[999.32996,999.5],"SNDP":[0,0],"STP":[1000.2001,1000.2001],"TEMP":[1.5800002,1.5400001],"VISIB":[9.870001,10.309999],"WDSP":[13.33,13.2300005],"WNDDIR":[116.9,118.1],"time":[1549364855,1549364915]}