{"CLDC":[0.52000004,0.49],"DEWP":[-5.0799994,-5.1400003],"FRSHTT":[0,0],"PRCP":[0,0],"SLP":[999.72003,998.97003],"SNDP":[0,0],"STP":[998.4199,998.88],"TEMP":[2.22,2.3600001],"VISIB":[9.710001,9.93],"WDSP":[16.09,16.210001],"WNDDIR":[344,343.9],"time":[1549364855,1549364915]}