{"CLDC":[20.749998,20.580002],"DEWP":[-7.9000006,-7.95],"FRSHTT":[0,0],"PRCP":[0,0],"SLP":[999.77997,999.7101],"SNDP":[0,0],"STP":[997.74005,997.7999],"TEMP":[1.68,1.75],"VISIB":[11.17,11.420001],"WDSP":[15.089999,14.63],"WNDDIR":[242.6,248.1],"time":[1549364855,1549364915]}