{"CLDC":[29.670004],"DEWP":[-5.6000004],"FRSHTT":[0],"PRCP":[0],"SLP":[1019.1],"SNDP":[0],"STP":[1017.2899],"TEMP":[1.85],"VISIB":[12.729999],"WDSP":[11.82],"WNDDIR":[258],"time":[1549364855]}