{"CLDC":[29.670004,29.929998],"DEWP":[-5.6000004,-5.829999],"FRSHTT":[0,0],"PRCP":[0,0],"SLP":[1019.1,1019.2001],"SNDP":[0,0],"STP":[1017.2899,1017.2999],"TEMP":[1.85,1.7599999],"VISIB":[12.729999,12.909999],"WDSP":[11.82,11.66],"WNDDIR":[258,259],"time":[1549364855,1549364915]}