{"CLDC":[50.100002,50.47],"DEWP":[-5.089999,-4.88],"FRSHTT":[100000,100000],"PRCP":[0.029999997,0.029999997],"SLP":[1021.9,1021.9],"SNDP":[0,0],"STP":[1021.27,1021.2999],"TEMP":[2.19,2.19],"VISIB":[15.969999,15.889999],"WDSP":[8.05,7.71],"WNDDIR":[177,174.7],"time":[1549364855,1549364915]}