{"CLDC":[50.100002],"DEWP":[-5.089999],"FRSHTT":[100000],"PRCP":[0.029999997],"SLP":[1021.9],"SNDP":[0],"STP":[1021.27],"TEMP":[2.19],"VISIB":[15.969999],"WDSP":[8.05],"WNDDIR":[177],"time":[1549364855]}