{"CLDC":[73.59,74.06],"DEWP":[-4.2200003,-4.46],"FRSHTT":[100000,100000],"PRCP":[0.14,0.14],"SLP":[1018.9,1018.9],"SNDP":[0,0],"STP":[1017.12,1017.00995],"TEMP":[3.8600001,4.04],"VISIB":[29.539999,29.470001],"WDSP":[13.57,14.490001],"WNDDIR":[215,211.6],"time":[1549364855,1549364915]}