{"CLDC":[87.97,87.509995],"DEWP":[-4.06,-4.3],"FRSHTT":[100000,100000],"PRCP":[0.009999999,0.009999999],"SLP":[1022.82,1022.83997],"SNDP":[0,0],"STP":[1022.4,1022.36005],"TEMP":[1.74,1.6999998],"VISIB":[19.460001,19.65],"WDSP":[13.49,12.179998],"WNDDIR":[196.1,192.9],"time":[1549364855,1549364915]}