{"CLDC":[50.07],"DEWP":[-4.3300004],"FRSHTT":[100000],"PRCP":[0.10000001],"SLP":[1018.4],"SNDP":[0],"STP":[1003.4],"TEMP":[3.1499996],"VISIB":[31.689999],"WDSP":[27.48],"WNDDIR":[173.9],"time":[1549364855]}