{"CLDC":[61.97,61.93],"DEWP":[-4.25,-4.6600003],"FRSHTT":[100000,100000],"PRCP":[0.14999999,0.14999999],"SLP":[1020.54004,1020.45996],"SNDP":[0,0],"STP":[1020.6,1020.7001],"TEMP":[1.8399999,1.7999998],"VISIB":[21.039999,20.34],"WDSP":[6.75,6.29],"WNDDIR":[304.4,307],"time":[1549364855,1549364915]}