{"CLDC":[61.97],"DEWP":[-4.25],"FRSHTT":[100000],"PRCP":[0.14999999],"SLP":[1020.54004],"SNDP":[0],"STP":[1020.6],"TEMP":[1.8399999],"VISIB":[21.039999],"WDSP":[6.75],"WNDDIR":[304.4],"time":[1549364855]}