{"CLDC":[93.37,93.37001],"DEWP":[1.1700001,1.4],"FRSHTT":[100000,100000],"PRCP":[0.21000001,0.21000001],"SLP":[1019.6,1019.58997],"SNDP":[0,0],"STP":[1018.32996,1018.36005],"TEMP":[7.1399994,7.1800003],"VISIB":[23.1,22.89],"WDSP":[11.8,11.66],"WNDDIR":[324.2,321.3],"time":[1549364859,1549364917]}