{"CLDC":[50.100002,50.010002],"DEWP":[3.16,3.09],"FRSHTT":[100000,100000],"PRCP":[0.050000004,0.050000004],"SLP":[1025.5999,1025.51],"SNDP":[0,0],"STP":[1024.4001,1024.2999],"TEMP":[11.400001,11.42],"VISIB":[23.039997,23.34],"WDSP":[17.03,16.97],"WNDDIR":[276.3,277.6],"time":[1549364860,1549364918]}