{"CLDC":[50.329994,50.550003],"DEWP":[7.85,7.6500006],"FRSHTT":[100000,100000],"PRCP":[0.25,0.25],"SLP":[1019.4,1019.4],"SNDP":[0,0],"STP":[1019.1,1018.9],"TEMP":[13.08,12.85],"VISIB":[14.859999,15.059999],"WDSP":[16.810001,17.550001],"WNDDIR":[28.5,30.7],"time":[1549364860,1549364918]}