{"CLDC":[50.329994],"DEWP":[7.85],"FRSHTT":[100000],"PRCP":[0.25],"SLP":[1019.4],"SNDP":[0],"STP":[1019.1],"TEMP":[13.08],"VISIB":[14.859999],"WDSP":[16.810001],"WNDDIR":[28.5],"time":[1549364860]}