{"CLDC":[43.339996,43.07],"DEWP":[2.9499998,2.94],"FRSHTT":[0,0],"PRCP":[0,0],"SLP":[999.04004,999.38],"SNDP":[0,0],"STP":[1001.7101,1002.62],"TEMP":[9.900001,9.9],"VISIB":[10.910001,10.910002],"WDSP":[22.259998,21.880001],"WNDDIR":[180,177.9],"time":[1549364860,1549364918]}