{"CLDC":[94.91001],"DEWP":[1.95],"FRSHTT":[0],"PRCP":[0],"SLP":[990.4499],"SNDP":[0],"STP":[989.43],"TEMP":[8.84],"VISIB":[10.33],"WDSP":[30.030003],"WNDDIR":[195.5],"time":[1549364860]}