{"CLDC":[94.91001,94.81999],"DEWP":[1.95,1.8299999],"FRSHTT":[0,0],"PRCP":[0,0],"SLP":[990.4499,989.25995],"SNDP":[0,0],"STP":[989.43,990.23],"TEMP":[8.84,9.1],"VISIB":[10.33,10.83],"WDSP":[30.030003,29.689999],"WNDDIR":[195.5,199.6],"time":[1549364860,1549364918]}