{"CLDC":[50.08],"DEWP":[9.1],"FRSHTT":[100000],"PRCP":[0.14],"SLP":[1019.6],"SNDP":[0],"STP":[1018.7001],"TEMP":[14.4800005],"VISIB":[15.289999],"WDSP":[17.130001],"WNDDIR":[46.3],"time":[1549364859]}