{"CLDC":[47.08,46.799995],"DEWP":[7.72,7.6200004],"FRSHTT":[0,0],"PRCP":[0,0],"SLP":[998.77997,998.89],"SNDP":[0,0],"STP":[997.58997,997.62],"TEMP":[13.55,13.339999],"VISIB":[10.42,10.99],"WDSP":[26.869999,27.170002],"WNDDIR":[256.7,257.9],"time":[1549364859,1549364917]}