{"CLDC":[50.08,50.140007],"DEWP":[9.1,9.1],"FRSHTT":[100000,100000],"PRCP":[0.14,0.14],"SLP":[1019.6,1019.6],"SNDP":[0,0],"STP":[1018.7001,1018.7001],"TEMP":[14.4800005,14.35],"VISIB":[15.289999,15.350001],"WDSP":[17.130001,16.17],"WNDDIR":[46.3,45.4],"time":[1549364859,1549364917]}