{"CLDC":[54.090004,54.07],"DEWP":[5.5400004,5.2899995],"FRSHTT":[100000,100000],"PRCP":[0.23999998,0.23999998],"SLP":[1019.9,1019.9],"SNDP":[0,0],"STP":[1012.7899,1012.69006],"TEMP":[11.200001,11.200002],"VISIB":[24.600002,24.470001],"WDSP":[17.67,17.96],"WNDDIR":[300.8,298.2],"time":[1549364859,1549364917]}