{"CLDC":[50.210003],"DEWP":[3.9000003],"FRSHTT":[100000],"PRCP":[0.19000001],"SLP":[1020.2001],"SNDP":[0],"STP":[1008.6],"TEMP":[9.839999],"VISIB":[11.250002],"WDSP":[13.089999],"WNDDIR":[195.6],"time":[1549364858]}