{"CLDC":[54.090004],"DEWP":[5.5400004],"FRSHTT":[100000],"PRCP":[0.23999998],"SLP":[1019.9],"SNDP":[0],"STP":[1012.7899],"TEMP":[11.200001],"VISIB":[24.600002],"WDSP":[17.67],"WNDDIR":[300.8],"time":[1549364859]}