{"CLDC":[97.05999,97.02998],"DEWP":[3.25,3.1200001],"FRSHTT":[0,0],"PRCP":[0,0],"SLP":[1003.9,1003.7999],"SNDP":[0,0],"STP":[1005.62,1005.6],"TEMP":[9.219999,9.120001],"VISIB":[13.719999,13.780001],"WDSP":[19.49,20.140001],"WNDDIR":[355.8,358.3],"time":[1549364858,1549364917]}