{"CLDC":[50.060005],"DEWP":[2.74],"FRSHTT":[100000],"PRCP":[0.050000004],"SLP":[1012.1],"SNDP":[0],"STP":[1013.2001],"TEMP":[7.97],"VISIB":[15.63],"WDSP":[14.969998],"WNDDIR":[257.4],"time":[1549364858]}