{"CLDC":[50.11,50.439995],"DEWP":[4.46,4.3500004],"FRSHTT":[100000,100000],"PRCP":[0.65000004,0.65000004],"SLP":[1015.4,1015.4],"SNDP":[0,0],"STP":[1014.5,1014.5],"TEMP":[7.6800003,7.5799994],"VISIB":[11.7,10.49],"WDSP":[19.9,19.61],"WNDDIR":[127.6,129.2],"time":[1549364859,1549364917]}