{"CLDC":[50.090004],"DEWP":[2.8200002],"FRSHTT":[100000],"PRCP":[0.09000001],"SLP":[1018.9],"SNDP":[0],"STP":[1015.05],"TEMP":[8.929998],"VISIB":[18.97],"WDSP":[14.49],"WNDDIR":[73.2],"time":[1549364859]}