{"CLDC":[59.629997,59.71],"DEWP":[-1.7,-1.7],"FRSHTT":[100000,100000],"PRCP":[0.050000004,0.050000004],"SLP":[1017.1,1017.1],"SNDP":[0,0],"STP":[1013.19006,1013.2899],"TEMP":[5,4.8599997],"VISIB":[30.249996,30.689999],"WDSP":[11.719999,11.970001],"WNDDIR":[232,231.9],"time":[1549364857,1549364916]}