{"CLDC":[95.09],"DEWP":[0.94000006],"FRSHTT":[0],"PRCP":[0],"SLP":[1011.4],"SNDP":[0],"STP":[1004.1],"TEMP":[7.4800005],"VISIB":[27.439999],"WDSP":[20.369999],"WNDDIR":[300.4],"time":[1549364857]}