{"CLDC":[82.98,82.93],"DEWP":[12.75,12.75],"FRSHTT":[0,0],"PRCP":[0,0],"SLP":[1016.1,1016.1],"SNDP":[0,0],"STP":[1004.06006,1004.61005],"TEMP":[20.2,20.2],"VISIB":[24.77,24.38],"WDSP":[17.19,16.81],"WNDDIR":[358,355.8],"time":[1549364856,1549364915]}