{"CLDC":[53.309998,53.090004],"DEWP":[23.799997,23.400002],"FRSHTT":[0,0],"PRCP":[0,0],"SLP":[1013.2999,1013.2999],"SNDP":[0,0],"STP":[1008.5,1008.85],"TEMP":[31.119999,30.55],"VISIB":[7.4200006,6.8300004],"WDSP":[5.7799997,6.129999],"WNDDIR":[29,27.6],"time":[1549364856,1549364915]}