{"CLDC":[53.309998],"DEWP":[23.799997],"FRSHTT":[0],"PRCP":[0],"SLP":[1013.2999],"SNDP":[0],"STP":[1008.5],"TEMP":[31.119999],"VISIB":[7.4200006],"WDSP":[5.7799997],"WNDDIR":[29],"time":[1549364856]}