{"CLDC":[58.329998,58.52],"DEWP":[19.7,19.960001],"FRSHTT":[0,0],"PRCP":[0,0],"SLP":[1011.97003,1012],"SNDP":[0,0],"STP":[1004.57996,1004.7501],"TEMP":[31.000004,31.800003],"VISIB":[7.950001,7.69],"WDSP":[10.58,9.97],"WNDDIR":[275.2,273.4],"time":[1549364856,1549364915]}