{"CLDC":[94.60999,95.08],"DEWP":[2.7100003,2.84],"FRSHTT":[0,0],"PRCP":[0,0],"SLP":[1013.2001,1013.2001],"SNDP":[0,0],"STP":[981.2001,981.2001],"TEMP":[11.65,11.539999],"VISIB":[8.5199995,8.92],"WDSP":[2.0900002,2.13],"WNDDIR":[119.1,121.8],"time":[1549364857,1549364916]}