{"CLDC":[75.88,75.99],"DEWP":[23.199999,23.3],"FRSHTT":[0,0],"PRCP":[0,0],"SLP":[1008.27997,1006.02],"SNDP":[0,0],"STP":[1016.95,1015.73],"TEMP":[30.16,29.679998],"VISIB":[5.42,5.6299996],"WDSP":[3.7400002,4.2400002],"WNDDIR":[355.3,354.3],"time":[1549364857,1549364916]}