{"CLDC":[89.08,89],"DEWP":[15.859999,17.080002],"FRSHTT":[0,0],"PRCP":[0,0],"SLP":[1008.1,1008.19006],"SNDP":[0,0],"STP":[1029.76,1028.09],"TEMP":[29.76,29.400003],"VISIB":[4.79,4.8400006],"WDSP":[3.0900002,3.77],"WNDDIR":[243.6,243.4],"time":[1549364856,1549364916]}