{"CLDC":[69.509995,69.83],"DEWP":[19.26,19.16],"FRSHTT":[0,0],"PRCP":[0,0],"SLP":[1005.7001,1005.7001],"SNDP":[0,0],"STP":[993.66003,991.9],"TEMP":[30.5,30.25],"VISIB":[8.440001,9.36],"WDSP":[6.2400002,6.1800003],"WNDDIR":[269.6,269.3],"time":[1549364861,1549364918]}