{"CLDC":[93.10999],"DEWP":[19.350002],"FRSHTT":[0],"PRCP":[0],"SLP":[1011],"SNDP":[0],"STP":[994.07],"TEMP":[27.2],"VISIB":[8.039999],"WDSP":[5.08],"WNDDIR":[102.5],"time":[1549364861]}