{"CLDC":[95.579994],"DEWP":[15.740001],"FRSHTT":[0],"PRCP":[0],"SLP":[1004.25],"SNDP":[0],"STP":[994.2999],"TEMP":[23.9],"VISIB":[12.49],"WDSP":[7.4299994],"WNDDIR":[221.3],"time":[1549364861]}