{"CLDC":[12.24,12.360001],"DEWP":[-15.8,-15.8],"FRSHTT":[0,0],"PRCP":[0,0],"SLP":[1009.2001,1009.2001],"SNDP":[0,0],"STP":[1032.3499,1032.15],"TEMP":[30.380005,30.039999],"VISIB":[7.65,7.149999],"WDSP":[8.059999,8.049999],"WNDDIR":[318.7,317.4],"time":[1549364861,1549364919]}