{"CLDC":[50.329994],"DEWP":[20.179998],"FRSHTT":[100000],"PRCP":[0.019999998],"SLP":[1012.7999],"SNDP":[0],"STP":[999.07],"TEMP":[28.060001],"VISIB":[5.1299996],"WDSP":[4.06],"WNDDIR":[342.2],"time":[1549364861]}