{"CLDC":[93.10999,93.11],"DEWP":[19.350002,19.580002],"FRSHTT":[0,0],"PRCP":[0,0],"SLP":[1011,1011],"SNDP":[0,0],"STP":[994.07,993.72003],"TEMP":[27.2,26.9],"VISIB":[8.039999,8.12],"WDSP":[5.08,5.58],"WNDDIR":[102.5,106.4],"time":[1549364861,1549364919]}