{"CLDC":[12.24],"DEWP":[-15.8],"FRSHTT":[0],"PRCP":[0],"SLP":[1009.2001],"SNDP":[0],"STP":[1032.3499],"TEMP":[30.380005],"VISIB":[7.65],"WDSP":[8.059999],"WNDDIR":[318.7],"time":[1549364861]}