{"CLDC":[40.379997,40.329994],"DEWP":[23.959997,23.849998],"FRSHTT":[0,0],"PRCP":[0,0],"SLP":[1012.5,1012.5],"SNDP":[0,0],"STP":[992.4,992.4],"TEMP":[28.2,27.680002],"VISIB":[8.370001,8.940001],"WDSP":[2.6100001,2.5800002],"WNDDIR":[47.5,41.6],"time":[1549364861,1549364919]}