{"CLDC":[95.579994,95.58999],"DEWP":[15.740001,16.080002],"FRSHTT":[0,0],"PRCP":[0,0],"SLP":[1004.25,1004.5101],"SNDP":[0,0],"STP":[994.2999,994.2999],"TEMP":[23.9,23.619997],"VISIB":[12.49,12.54],"WDSP":[7.4299994,7.6399994],"WNDDIR":[221.3,214.3],"time":[1549364861,1549364918]}