{"CLDC":[3.6100001],"DEWP":[23.079998],"FRSHTT":[0],"PRCP":[0],"SLP":[1013.1],"SNDP":[0],"STP":[1008.04004],"TEMP":[31.579998],"VISIB":[3.6599998],"WDSP":[0.82000005],"WNDDIR":[90.9],"time":[1549364860]}