{"CLDC":[91.979996,91.68],"DEWP":[22.039997,21.4],"FRSHTT":[0,0],"PRCP":[0,0],"SLP":[1010.5,1010.5],"SNDP":[0,0],"STP":[1009.72003,1009.7001],"TEMP":[30.779999,29.580002],"VISIB":[6.0699997,5.6899996],"WDSP":[3.89,4.1200004],"WNDDIR":[64.8,65.3],"time":[1549364860,1549364918]}