{"CLDC":[3.6100001,3.47],"DEWP":[23.079998,23.25],"FRSHTT":[0,0],"PRCP":[0,0],"SLP":[1013.1,1013.1],"SNDP":[0,0],"STP":[1008.04004,1013.56995],"TEMP":[31.579998,32.59],"VISIB":[3.6599998,4.01],"WDSP":[0.82000005,0.8000001],"WNDDIR":[90.9,90],"time":[1549364860,1549364918]}