{"CLDC":[18.409998,18.43],"DEWP":[14.300001,14.3],"FRSHTT":[0,0],"PRCP":[0,0],"SLP":[1011,1011],"SNDP":[0,0],"STP":[989.9899,991.77997],"TEMP":[32.600002,32.190002],"VISIB":[11.01,11.5],"WDSP":[10.09,10.05],"WNDDIR":[17.7,16.6],"time":[1549364860,1549364918]}