{"CLDC":[18.409998],"DEWP":[14.300001],"FRSHTT":[0],"PRCP":[0],"SLP":[1011],"SNDP":[0],"STP":[989.9899],"TEMP":[32.600002],"VISIB":[11.01],"WDSP":[10.09],"WNDDIR":[17.7],"time":[1549364860]}