{"CLDC":[59.969994,60.22],"DEWP":[17.009998,16.91],"FRSHTT":[0,0],"PRCP":[0,0],"SLP":[1015.5,1015.41003],"SNDP":[0,0],"STP":[1038.7999,1038.6699],"TEMP":[25.48,25.420002],"VISIB":[9.460001,9.219999],"WDSP":[1.8899997,1.9399999],"WNDDIR":[94.9,93],"time":[1549364861,1549364918]}