{"CLDC":[50.11],"DEWP":[19.289999],"FRSHTT":[100000],"PRCP":[0.009999999],"SLP":[1013.7999],"SNDP":[0],"STP":[996],"TEMP":[28.329998],"VISIB":[7.8199997],"WDSP":[6.8199997],"WNDDIR":[103.5],"time":[1549364860]}