{"CLDC":[77.8],"DEWP":[22.679996],"FRSHTT":[0],"PRCP":[0],"SLP":[1011.6],"SNDP":[0],"STP":[995.5],"TEMP":[28.619999],"VISIB":[7.910001],"WDSP":[4.54],"WNDDIR":[153.8],"time":[1549364860]}