{"CLDC":[33.43,33.52],"DEWP":[20.95,20.72],"FRSHTT":[0,0],"PRCP":[0,0],"SLP":[1006.7999,1006.7999],"SNDP":[0,0],"STP":[996.63007,996.41],"TEMP":[31.240002,30.95],"VISIB":[9.820002,10.240001],"WDSP":[6.2400002,6.2599998],"WNDDIR":[11.2,9],"time":[1549364858,1549364916]}