{"CLDC":[86.18,86.19],"DEWP":[15.399999,15.099998],"FRSHTT":[0,0],"PRCP":[0,0],"SLP":[1022.89,1021.13007],"SNDP":[0,0],"STP":[1011.27,1011.2001],"TEMP":[27.8,27.75],"VISIB":[11.11,10.230001],"WDSP":[14.25,14.2300005],"WNDDIR":[167.5,164.5],"time":[1549364858,1549364916]}