{"CLDC":[58.299995],"DEWP":[20.119999],"FRSHTT":[0],"PRCP":[0],"SLP":[1011.94006],"SNDP":[0],"STP":[1013.38995],"TEMP":[28.51],"VISIB":[6.32],"WDSP":[3.97],"WNDDIR":[158.3],"time":[1549364858]}