{"CLDC":[65.990005],"DEWP":[18.9],"FRSHTT":[0],"PRCP":[0],"SLP":[1011.52],"SNDP":[0],"STP":[1007.4499],"TEMP":[30.140003],"VISIB":[5.5299997],"WDSP":[4.25],"WNDDIR":[178],"time":[1549364858]}