{"CLDC":[65.02],"DEWP":[14.740001],"FRSHTT":[0],"PRCP":[0],"SLP":[1018.2999],"SNDP":[0],"STP":[1014.7999],"TEMP":[27.280003],"VISIB":[10.250001],"WDSP":[21.759998],"WNDDIR":[229.2],"time":[1549364858]}