{"CLDC":[17.710001],"DEWP":[13.75],"FRSHTT":[0],"PRCP":[0],"SLP":[969.68005],"SNDP":[0],"STP":[983.38995],"TEMP":[27.710001],"VISIB":[2.3399997],"WDSP":[5.8900003],"WNDDIR":[32.2],"time":[1549364858]}