{"CLDC":[58.299995,58.019997],"DEWP":[20.119999,20.960003],"FRSHTT":[0,0],"PRCP":[0,0],"SLP":[1011.94006,1011.91],"SNDP":[0,0],"STP":[1013.38995,1013.95],"TEMP":[28.51,29.09],"VISIB":[6.32,6.06],"WDSP":[3.97,4.14],"WNDDIR":[158.3,157.4],"time":[1549364858,1549364916]}