{"CLDC":[17.710001,17.86],"DEWP":[13.75,13.65],"FRSHTT":[0,0],"PRCP":[0,0],"SLP":[969.68005,967.91],"SNDP":[0,0],"STP":[983.38995,983.5],"TEMP":[27.710001,27.859997],"VISIB":[2.3399997,1.9799999],"WDSP":[5.8900003,5.7700005],"WNDDIR":[32.2,33.5],"time":[1549364858,1549364916]}