{"CLDC":[10.950001],"DEWP":[23.259998],"FRSHTT":[0],"PRCP":[0],"SLP":[1012.7999],"SNDP":[0],"STP":[1010.7501],"TEMP":[30.3],"VISIB":[6.000001],"WDSP":[3.83],"WNDDIR":[279.2],"time":[1549364857]}