{"CLDC":[10.950001,11.079999],"DEWP":[23.259998,23.449997],"FRSHTT":[0,0],"PRCP":[0,0],"SLP":[1012.7999,1012.7999],"SNDP":[0,0],"STP":[1010.7501,1010.74005],"TEMP":[30.3,30.45],"VISIB":[6.000001,5.79],"WDSP":[3.83,4.2599998],"WNDDIR":[279.2,280.9],"time":[1549364857,1549364916]}