{"CLDC":[37.510002],"DEWP":[25.320004],"FRSHTT":[0],"PRCP":[0],"SLP":[1014.58997],"SNDP":[0],"STP":[1021.25995],"TEMP":[32.55],"VISIB":[5.9899993],"WDSP":[2.81],"WNDDIR":[271],"time":[1549364857]}