{"CLDC":[53.93],"DEWP":[20.79],"FRSHTT":[0],"PRCP":[0],"SLP":[1012.2999],"SNDP":[0],"STP":[1004.9],"TEMP":[29.55],"VISIB":[6.850001],"WDSP":[4.5499997],"WNDDIR":[188],"time":[1549364858]}