{"CLDC":[50.140003,50.02],"DEWP":[26.41,25.77],"FRSHTT":[100000,100000],"PRCP":[0.009999999,0.009999999],"SLP":[1011,1011],"SNDP":[0,0],"STP":[1010.2001,1010.2101],"TEMP":[29.239996,29.390003],"VISIB":[8.120001,8.059999],"WDSP":[1.1899999,1.0500001],"WNDDIR":[83.4,80.3],"time":[1549364858,1549364916]}