{"CLDC":[21.189999],"DEWP":[21.419998],"FRSHTT":[0],"PRCP":[0],"SLP":[1019.32996],"SNDP":[0],"STP":[999.57],"TEMP":[31.569998],"VISIB":[9.89],"WDSP":[5.6599994],"WNDDIR":[75.5],"time":[1549364858]}