{"CLDC":[53.93,54.05],"DEWP":[20.79,20.289999],"FRSHTT":[0,0],"PRCP":[0,0],"SLP":[1012.2999,1012.2999],"SNDP":[0,0],"STP":[1004.9,1004.27],"TEMP":[29.55,29.529999],"VISIB":[6.850001,7.0299997],"WDSP":[4.5499997,4.7],"WNDDIR":[188,184.2],"time":[1549364858,1549364916]}