{"CLDC":[47.050003],"DEWP":[24.849998],"FRSHTT":[0],"PRCP":[0],"SLP":[1010.4],"SNDP":[0],"STP":[1012.2799],"TEMP":[31.16],"VISIB":[9.0199995],"WDSP":[9.890001],"WNDDIR":[165.2],"time":[1549364856]}