{"CLDC":[65.37],"DEWP":[24.85],"FRSHTT":[100000],"PRCP":[0.039999995],"SLP":[1011.5],"SNDP":[0],"STP":[1011.74005],"TEMP":[30.509998],"VISIB":[8.089999],"WDSP":[9.34],"WNDDIR":[215.2],"time":[1549364856]}