{"CLDC":[21.82,21.810001],"DEWP":[25.790003,25.65],"FRSHTT":[0,0],"PRCP":[0,0],"SLP":[1009.2999,1009.4],"SNDP":[0,0],"STP":[1010.70996,1010.2899],"TEMP":[34,34],"VISIB":[8.320001,7.75],"WDSP":[4.6299996,4.7200003],"WNDDIR":[146.8,152.2],"time":[1549364856,1549364916]}