{"CLDC":[21.82],"DEWP":[25.790003],"FRSHTT":[0],"PRCP":[0],"SLP":[1009.2999],"SNDP":[0],"STP":[1010.70996],"TEMP":[34],"VISIB":[8.320001],"WDSP":[4.6299996],"WNDDIR":[146.8],"time":[1549364856]}