{"CLDC":[49.76,49.75],"DEWP":[23.320004,22.98],"FRSHTT":[0,0],"PRCP":[0,0],"SLP":[1012,1012],"SNDP":[0,0],"STP":[1020.8299,1021.2899],"TEMP":[30.440002,30.63],"VISIB":[6.2200003,6.7799997],"WDSP":[5.48,5.39],"WNDDIR":[276,277.2],"time":[1549364855,1549364915]}