{"CLDC":[62.440002,62.769997],"DEWP":[25.039997,24.849998],"FRSHTT":[100000,100000],"PRCP":[0.059999995,0.059999995],"SLP":[1011.9,1011.91003],"SNDP":[0,0],"STP":[1004.9,1004.9],"TEMP":[31.030003,30.190002],"VISIB":[7.4800005,7.3600006],"WDSP":[6.8200006,6.5699997],"WNDDIR":[356.8,354.4],"time":[1549364855,1549364915]}