{"CLDC":[62.440002],"DEWP":[25.039997],"FRSHTT":[100000],"PRCP":[0.059999995],"SLP":[1011.9],"SNDP":[0],"STP":[1004.9],"TEMP":[31.030003],"VISIB":[7.4800005],"WDSP":[6.8200006],"WNDDIR":[356.8],"time":[1549364855]}