{"CLDC":[53.879997],"DEWP":[23.699997],"FRSHTT":[100000],"PRCP":[0.009999999],"SLP":[1012],"SNDP":[0],"STP":[1011.89],"TEMP":[30.329998],"VISIB":[6.75],"WDSP":[8.24],"WNDDIR":[31.6],"time":[1549364855]}