{"CLDC":[98.240005,97.95],"DEWP":[24.7,24.199997],"FRSHTT":[100000,100000],"PRCP":[0.039999995,0.039999995],"SLP":[1012.2001,1012.2001],"SNDP":[0,0],"STP":[1011.6501,1011.7999],"TEMP":[31.14,30.38],"VISIB":[6.53,6.3399997],"WDSP":[8.4,7.4799995],"WNDDIR":[27.6,25.5],"time":[1549364855,1549364915]}