{"CLDC":[50.07],"DEWP":[24],"FRSHTT":[100000],"PRCP":[0.14999999],"SLP":[1011.7999],"SNDP":[0],"STP":[1011.4],"TEMP":[28.659998],"VISIB":[7.45],"WDSP":[7.8600006],"WNDDIR":[227.4],"time":[1549364860]}