{"CLDC":[50.07,50.210003],"DEWP":[24,23.9],"FRSHTT":[100000,100000],"PRCP":[0.14999999,0.14999999],"SLP":[1011.7999,1011.7999],"SNDP":[0,0],"STP":[1011.4,1011.4],"TEMP":[28.659998,28.34],"VISIB":[7.45,7.7300005],"WDSP":[7.8600006,7.7699995],"WNDDIR":[227.4,228.6],"time":[1549364860,1549364918]}