{"CLDC":[89.28999],"DEWP":[24.970001],"FRSHTT":[100000],"PRCP":[0.28],"SLP":[1010.6],"SNDP":[0],"STP":[1010.2001],"TEMP":[29.959997],"VISIB":[6.0000005],"WDSP":[2.8799996],"WNDDIR":[230.4],"time":[1549364860]}