{"CLDC":[82.44],"DEWP":[24.210003],"FRSHTT":[0],"PRCP":[0],"SLP":[1009.6],"SNDP":[0],"STP":[1008.7001],"TEMP":[32.449997],"VISIB":[9.62],"WDSP":[6.3300004],"WNDDIR":[44.5],"time":[1549364858]}