{"CLDC":[18.310001,18.449999],"DEWP":[21.37,21.35],"FRSHTT":[0,0],"PRCP":[0,0],"SLP":[1010.57996,1010.5],"SNDP":[0,0],"STP":[1009.07996,1009.02997],"TEMP":[31.759998,32.079998],"VISIB":[7.7200003,6.94],"WDSP":[14.07,14.5199995],"WNDDIR":[46.2,42.9],"time":[1549364857,1549364916]}