{"CLDC":[35.16,35.289997],"DEWP":[23.92,23.919998],"FRSHTT":[0,0],"PRCP":[0,0],"SLP":[1009,1008.9],"SNDP":[0,0],"STP":[1015.3,1017.7501],"TEMP":[28.279999,28],"VISIB":[6.7799997,6.02],"WDSP":[3.9599998,3.7199998],"WNDDIR":[289.3,291.5],"time":[1549364857,1549364916]}