{"CLDC":[35.16],"DEWP":[23.92],"FRSHTT":[0],"PRCP":[0],"SLP":[1009],"SNDP":[0],"STP":[1015.3],"TEMP":[28.279999],"VISIB":[6.7799997],"WDSP":[3.9599998],"WNDDIR":[289.3],"time":[1549364857]}