{"CLDC":[69.32],"DEWP":[23.510002],"FRSHTT":[0],"PRCP":[0],"SLP":[993.17004],"SNDP":[0],"STP":[985.2699],"TEMP":[29.019999],"VISIB":[7.72],"WDSP":[22.939999],"WNDDIR":[223.6],"time":[1549364857]}