{"CLDC":[62.859997],"DEWP":[25.6],"FRSHTT":[100000],"PRCP":[0.009999999],"SLP":[1011.1],"SNDP":[0],"STP":[1008.9],"TEMP":[31.110004],"VISIB":[9.58],"WDSP":[8.35],"WNDDIR":[187.1],"time":[1549364857]}