{"CLDC":[79.810005],"DEWP":[25.399998],"FRSHTT":[0],"PRCP":[0],"SLP":[1010.6],"SNDP":[0],"STP":[1020.61005],"TEMP":[30.820002],"VISIB":[10.03],"WDSP":[4.1499996],"WNDDIR":[131.4],"time":[1549364858]}