{"CLDC":[82.89,83.2],"DEWP":[25.73,25.599997],"FRSHTT":[100000,100000],"PRCP":[0.07999999,0.07999999],"SLP":[1009.7001,1009.7001],"SNDP":[0,0],"STP":[1010.38,1010.2999],"TEMP":[32.050003,31.8],"VISIB":[10.19,10.190001],"WDSP":[9.9,9.69],"WNDDIR":[104.6,106.5],"time":[1549364858,1549364916]}