{"CLDC":[82.45,81.98],"DEWP":[24.560001,24.280003],"FRSHTT":[0,0],"PRCP":[0,0],"SLP":[1009,1009],"SNDP":[0,0],"STP":[1007.2001,1007.2001],"TEMP":[31.480001,31.460001],"VISIB":[10.320001,10.61],"WDSP":[12.81,12.910001],"WNDDIR":[52,50],"time":[1549364857,1549364916]}