{"CLDC":[6.749999],"DEWP":[26.119999],"FRSHTT":[0],"PRCP":[0],"SLP":[1005.1],"SNDP":[0],"STP":[974.5],"TEMP":[30.670002],"VISIB":[10.25],"WDSP":[3.86],"WNDDIR":[76.9],"time":[1549364858]}