{"CLDC":[82.45],"DEWP":[24.560001],"FRSHTT":[0],"PRCP":[0],"SLP":[1009],"SNDP":[0],"STP":[1007.2001],"TEMP":[31.480001],"VISIB":[10.320001],"WDSP":[12.81],"WNDDIR":[52],"time":[1549364857]}