{"CLDC":[6.749999,6.7200003],"DEWP":[26.119999,25.919998],"FRSHTT":[0,0],"PRCP":[0,0],"SLP":[1005.1,1005],"SNDP":[0,0],"STP":[974.5,974.5],"TEMP":[30.670002,31],"VISIB":[10.25,10.690001],"WDSP":[3.86,4.15],"WNDDIR":[76.9,75.1],"time":[1549364858,1549364916]}