{"CLDC":[7.65,7.6700006],"DEWP":[23.47,23.439999],"FRSHTT":[0,0],"PRCP":[0,0],"SLP":[1010.2999,1010.4],"SNDP":[0,0],"STP":[1009.69006,1009.69006],"TEMP":[27.84,28.000004],"VISIB":[9.68,9.43],"WDSP":[10.15,10.19],"WNDDIR":[112.5,115.9],"time":[1549364856,1549364916]}