{"CLDC":[42.359997],"DEWP":[25.300003],"FRSHTT":[0],"PRCP":[0],"SLP":[1011.9],"SNDP":[0],"STP":[1036.17],"TEMP":[30.840002],"VISIB":[9.870001],"WDSP":[9.910002],"WNDDIR":[96.4],"time":[1549364856]}