{"CLDC":[42.359997,42.4],"DEWP":[25.300003,25.550001],"FRSHTT":[0,0],"PRCP":[0,0],"SLP":[1011.9,1011.9601],"SNDP":[0,0],"STP":[1036.17,1037.4001],"TEMP":[30.840002,31.319998],"VISIB":[9.870001,9.770001],"WDSP":[9.910002,9.37],"WNDDIR":[96.4,97],"time":[1549364856,1549364916]}