{"CLDC":[24.150002,24.12],"DEWP":[22.710001,22.92],"FRSHTT":[0,0],"PRCP":[0,0],"SLP":[985.3201,986.73],"SNDP":[0,0],"STP":[1002.31995,1000.9199],"TEMP":[31.319998,31.5],"VISIB":[11.370001,11.910001],"WDSP":[13.469999,13.25],"WNDDIR":[141.5,142.2],"time":[1549364860,1549364918]}