{"CLDC":[50.230003],"DEWP":[25.53],"FRSHTT":[100000],"PRCP":[0.13],"SLP":[1008.6],"SNDP":[0],"STP":[1013.2301],"TEMP":[30.779999],"VISIB":[13.55],"WDSP":[8.740001],"WNDDIR":[160.8],"time":[1549364860]}