{"CLDC":[37.339996,37.42],"DEWP":[24.699999,24.499998],"FRSHTT":[0,0],"PRCP":[0,0],"SLP":[986.09,985.85],"SNDP":[0,0],"STP":[1004.35,1004.35],"TEMP":[31.240002,31.45],"VISIB":[11.400001,11.069999],"WDSP":[10.07,10.270001],"WNDDIR":[140.3,138.1],"time":[1549364860,1549364918]}