{"CLDC":[37.339996],"DEWP":[24.699999],"FRSHTT":[0],"PRCP":[0],"SLP":[986.09],"SNDP":[0],"STP":[1004.35],"TEMP":[31.240002],"VISIB":[11.400001],"WDSP":[10.07],"WNDDIR":[140.3],"time":[1549364860]}