{"CLDC":[24.150002],"DEWP":[22.710001],"FRSHTT":[0],"PRCP":[0],"SLP":[985.3201],"SNDP":[0],"STP":[1002.31995],"TEMP":[31.319998],"VISIB":[11.370001],"WDSP":[13.469999],"WNDDIR":[141.5],"time":[1549364860]}