{"CLDC":[75.09999],"DEWP":[28.36],"FRSHTT":[0],"PRCP":[0],"SLP":[1001.38007],"SNDP":[0],"STP":[1016.5399],"TEMP":[32.489998],"VISIB":[10.410001],"WDSP":[6.4900002],"WNDDIR":[143.2],"time":[1549364860]}