{"CLDC":[13.920001],"DEWP":[24.44],"FRSHTT":[0],"PRCP":[0],"SLP":[1011.7001],"SNDP":[0],"STP":[1024.7499],"TEMP":[32.360004],"VISIB":[36.719997],"WDSP":[9.77],"WNDDIR":[99.1],"time":[1549364860]}