{"CLDC":[50.230003,50.15],"DEWP":[25.53,25.299997],"FRSHTT":[100000,100000],"PRCP":[0.13,0.13],"SLP":[1008.6,1008.6],"SNDP":[0,0],"STP":[1013.2301,1013.2001],"TEMP":[30.779999,30.09],"VISIB":[13.55,13.410001],"WDSP":[8.740001,9.49],"WNDDIR":[160.8,162.5],"time":[1549364860,1549364918]}