{"CLDC":[18.61,19.01],"DEWP":[27.3,27.4],"FRSHTT":[0,0],"PRCP":[0,0],"SLP":[1008.6,1008.5],"SNDP":[0,0],"STP":[992.39,992.24005],"TEMP":[32.500004,32.46],"VISIB":[11.360001,11.7300005],"WDSP":[9.74,10.34],"WNDDIR":[307.2,304],"time":[1549364860,1549364918]}