{"CLDC":[84.89],"DEWP":[23.3],"FRSHTT":[0],"PRCP":[0],"SLP":[1015.68994],"SNDP":[0],"STP":[996.24005],"TEMP":[27],"VISIB":[11.320002],"WDSP":[8.37],"WNDDIR":[146.6],"time":[1549364860]}