{"CLDC":[89.91001],"DEWP":[24.060001],"FRSHTT":[100000],"PRCP":[0.009999999],"SLP":[1012],"SNDP":[0],"STP":[1008.7999],"TEMP":[27.540003],"VISIB":[18.79],"WDSP":[11.029999],"WNDDIR":[101.6],"time":[1549364860]}