{"CLDC":[71.65999,71.619995],"DEWP":[23.459997,23.460001],"FRSHTT":[100000,100000],"PRCP":[0.9799999,0.9799999],"SLP":[1011.7999,1011.7999],"SNDP":[0,0],"STP":[1018.25995,1018.18005],"TEMP":[25.969997,26.9],"VISIB":[25.320002,24.9],"WDSP":[12.94,12.35],"WNDDIR":[210.7,216.2],"time":[1549364860,1549364918]}