{"CLDC":[50.22,50.359993],"DEWP":[26.859997,26.669994],"FRSHTT":[100000,100000],"PRCP":[0.19000001,0.19000001],"SLP":[1010.5,1010.5],"SNDP":[0,0],"STP":[1008.05,1008.00995],"TEMP":[30.16,30.300003],"VISIB":[18.949999,18.78],"WDSP":[4.29,4.1600003],"WNDDIR":[176.4,175.5],"time":[1549364859,1549364917]}