{"CLDC":[73.87001,73.920006],"DEWP":[24.87,25.26],"FRSHTT":[100000,100000],"PRCP":[0.019999998,0.019999998],"SLP":[1011.2001,1011.2001],"SNDP":[0,0],"STP":[1029.22,1030.3699],"TEMP":[31,30.519999],"VISIB":[32.090004,31.89],"WDSP":[7.5199995,7.5099998],"WNDDIR":[111.8,110.7],"time":[1549364859,1549364917]}