{"CLDC":[78.65999],"DEWP":[26.820002],"FRSHTT":[0],"PRCP":[0],"SLP":[980.05],"SNDP":[0],"STP":[995.19006],"TEMP":[30.320002],"VISIB":[10.280001],"WDSP":[4.44],"WNDDIR":[117.7],"time":[1549364859]}