{"CLDC":[73.33,73.50001],"DEWP":[26.600002,26.500004],"FRSHTT":[100000,100000],"PRCP":[0.27,0.27],"SLP":[1010.5,1010.5],"SNDP":[0,0],"STP":[1006.59,1006.5],"TEMP":[31.12,30.390003],"VISIB":[13,13],"WDSP":[4.5699997,5.5699997],"WNDDIR":[32.7,34.7],"time":[1549364859,1549364917]}