{"CLDC":[78.65999,78.64999],"DEWP":[26.820002,26.920002],"FRSHTT":[0,0],"PRCP":[0,0],"SLP":[980.05,979.98],"SNDP":[0,0],"STP":[995.19006,995.24005],"TEMP":[30.320002,30.800003],"VISIB":[10.280001,10.750002],"WDSP":[4.44,4.55],"WNDDIR":[117.7,115.9],"time":[1549364859,1549364917]}