{"CLDC":[94.35],"DEWP":[27.3],"FRSHTT":[0],"PRCP":[0],"SLP":[1017.7101],"SNDP":[0],"STP":[1009.94006],"TEMP":[31.179998],"VISIB":[11.179999],"WDSP":[7.3700004],"WNDDIR":[342.7],"time":[1549364859]}