{"CLDC":[50.22,50.359997],"DEWP":[24.729998,24.74],"FRSHTT":[100000,100000],"PRCP":[0.09000001,0.09000001],"SLP":[1011.7001,1011.7001],"SNDP":[0,0],"STP":[1011.2301,1011.2001],"TEMP":[28.210001,28.419998],"VISIB":[16.66,17.07],"WDSP":[9.580001,9.32],"WNDDIR":[217.5,217.8],"time":[1549364859,1549364917]}