{"CLDC":[94.35,94.25],"DEWP":[27.3,27.3],"FRSHTT":[0,0],"PRCP":[0,0],"SLP":[1017.7101,1017.86],"SNDP":[0,0],"STP":[1009.94006,1010],"TEMP":[31.179998,32.030003],"VISIB":[11.179999,11.45],"WDSP":[7.3700004,7.9200006],"WNDDIR":[342.7,338.8],"time":[1549364859,1549364917]}