{"CLDC":[77.69,78.27999],"DEWP":[23.95,23.87],"FRSHTT":[100000,100000],"PRCP":[0.32999998,0.32999998],"SLP":[1012.1,1012.19006],"SNDP":[0,0],"STP":[1010,1009.95996],"TEMP":[25.060001,24.619999],"VISIB":[20.2,19.16],"WDSP":[14.779999,15.579999],"WNDDIR":[15.1,16.9],"time":[1549364858,1549364917]}