{"CLDC":[77.69],"DEWP":[23.95],"FRSHTT":[100000],"PRCP":[0.32999998],"SLP":[1012.1],"SNDP":[0],"STP":[1010],"TEMP":[25.060001],"VISIB":[20.2],"WDSP":[14.779999],"WNDDIR":[15.1],"time":[1549364858]}