{"CLDC":[50.010002],"DEWP":[25.66],"FRSHTT":[100000],"PRCP":[0.11],"SLP":[1007.11005],"SNDP":[0],"STP":[1003.4],"TEMP":[28.6],"VISIB":[14.94],"WDSP":[9.559999],"WNDDIR":[156.2],"time":[1549364858]}