{"CLDC":[66.649994,66.770004],"DEWP":[25.779999,25.85],"FRSHTT":[100000,100000],"PRCP":[0.050000004,0.050000004],"SLP":[1008.6,1008.6],"SNDP":[0,0],"STP":[1009.2899,1009.4],"TEMP":[29.299997,28.999996],"VISIB":[11.270001,11.719999],"WDSP":[11.43,12.459999],"WNDDIR":[202.8,203.7],"time":[1549364858,1549364916]}