{"CLDC":[66.649994],"DEWP":[25.779999],"FRSHTT":[100000],"PRCP":[0.050000004],"SLP":[1008.6],"SNDP":[0],"STP":[1009.2899],"TEMP":[29.299997],"VISIB":[11.270001],"WDSP":[11.43],"WNDDIR":[202.8],"time":[1549364858]}