{"CLDC":[61.359997],"DEWP":[24.4],"FRSHTT":[0],"PRCP":[0],"SLP":[1019.6],"SNDP":[0],"STP":[1008.48],"TEMP":[28.37],"VISIB":[11.330001],"WDSP":[16.35],"WNDDIR":[168.2],"time":[1549364858]}