{"CLDC":[61.359997,60.890003],"DEWP":[24.4,24.220001],"FRSHTT":[0,0],"PRCP":[0,0],"SLP":[1019.6,1017.1],"SNDP":[0,0],"STP":[1008.48,1007.88007],"TEMP":[28.37,27.8],"VISIB":[11.330001,10.969999],"WDSP":[16.35,15.110001],"WNDDIR":[168.2,168],"time":[1549364858,1549364916]}