{"CLDC":[72.13,72.509995],"DEWP":[21.75,21.409998],"FRSHTT":[0,0],"PRCP":[0,0],"SLP":[1011.6,1011.50995],"SNDP":[0,0],"STP":[935.4,935.2999],"TEMP":[28.419998,28.560001],"VISIB":[17.83,18.22],"WDSP":[5.51,5.08],"WNDDIR":[295.5,294.7],"time":[1549364857,1549364916]}