{"CLDC":[4.04,3.9900002],"DEWP":[17.6,17.48],"FRSHTT":[0,0],"PRCP":[0,0],"SLP":[1017.1,1017.06995],"SNDP":[0,0],"STP":[1004.7001,1005.06006],"TEMP":[19.25,19.2],"VISIB":[8.099999,7.9800005],"WDSP":[3.6,3.5800004],"WNDDIR":[256.5,258.8],"time":[1549364856,1549364915]}