{"CLDC":[84.40001,84.35],"DEWP":[13,12.950002],"FRSHTT":[100000,100000],"PRCP":[0.019999998,0.019999998],"SLP":[1018.9,1019],"SNDP":[0,0],"STP":[999.0399,998.69006],"TEMP":[15.899999,15.67],"VISIB":[16.32,15.62],"WDSP":[5.77,5.5],"WNDDIR":[274.7,274.2],"time":[1549364856,1549364916]}