{"CLDC":[97.420006],"DEWP":[14.860001],"FRSHTT":[0],"PRCP":[0],"SLP":[1023.27997],"SNDP":[0],"STP":[1039.47],"TEMP":[18.559998],"VISIB":[16.45],"WDSP":[5.5],"WNDDIR":[138.2],"time":[1549364856]}