{"CLDC":[50.04],"DEWP":[13.449999],"FRSHTT":[100000],"PRCP":[0.019999998],"SLP":[1018.7499],"SNDP":[0],"STP":[1020.3],"TEMP":[16.82],"VISIB":[7.2299995],"WDSP":[8.460001],"WNDDIR":[273.4],"time":[1549364855]}