{"CLDC":[50,50.160004],"DEWP":[14.85,14.639999],"FRSHTT":[100000,100000],"PRCP":[0.050000004,0.050000004],"SLP":[1017.94006,1018],"SNDP":[0,0],"STP":[1004.05994,1003.86993],"TEMP":[17.76,17.400002],"VISIB":[7.05,7.8299994],"WDSP":[6.2200003,6.05],"WNDDIR":[120.7,121.1],"time":[1549364855,1549364915]}