{"CLDC":[50.04,50.590004],"DEWP":[13.449999,13.499998],"FRSHTT":[100000,100000],"PRCP":[0.019999998,0.019999998],"SLP":[1018.7499,1018.9],"SNDP":[0,0],"STP":[1020.3,1020.12],"TEMP":[16.82,16.81],"VISIB":[7.2299995,6.1799994],"WDSP":[8.460001,8.19],"WNDDIR":[273.4,272.7],"time":[1549364855,1549364915]}