{"CLDC":[98.049995],"DEWP":[13.2],"FRSHTT":[100000],"PRCP":[0.07999999],"SLP":[1018.9],"SNDP":[0],"STP":[1018.6],"TEMP":[16.100002],"VISIB":[9.059999],"WDSP":[6.4],"WNDDIR":[241.1],"time":[1549364855]}