{"CLDC":[22.310001,22.630003],"DEWP":[8.0199995,8.179999],"FRSHTT":[0,0],"PRCP":[0,0],"SLP":[1024.42,1024.3401],"SNDP":[0,0],"STP":[992.69006,992.9],"TEMP":[13.94,14.509999],"VISIB":[19.859997,20.18],"WDSP":[3.6800003,3.65],"WNDDIR":[201.6,199.8],"time":[1549364855,1549364915]}