{"CLDC":[22.310001],"DEWP":[8.0199995],"FRSHTT":[0],"PRCP":[0],"SLP":[1024.42],"SNDP":[0],"STP":[992.69006],"TEMP":[13.94],"VISIB":[19.859997],"WDSP":[3.6800003],"WNDDIR":[201.6],"time":[1549364855]}