{"CLDC":[50.419994,50.180004],"DEWP":[16.74,16.619999],"FRSHTT":[100000,100000],"PRCP":[0.07999999,0.07999999],"SLP":[1017.2001,1017.14],"SNDP":[0,0],"STP":[1017.50995,1018.00995],"TEMP":[19.13,18.759998],"VISIB":[17.150002,17.220001],"WDSP":[9.15,9.159999],"WNDDIR":[277.6,272.4],"time":[1549364861,1549364918]}