{"CLDC":[15.4,14.83],"DEWP":[16.240002,16.279999],"FRSHTT":[0,0],"PRCP":[0,0],"SLP":[1017.05,1017.1],"SNDP":[0,0],"STP":[1014,1013.7999],"TEMP":[19.7,19.990002],"VISIB":[13.839999,13.749998],"WDSP":[9.42,7.9900002],"WNDDIR":[173.1,168.9],"time":[1549364861,1549364918]}