{"CLDC":[51.200005,51.21],"DEWP":[10.650001,10.750001],"FRSHTT":[0,0],"PRCP":[0,0],"SLP":[1021.13,1021.2001],"SNDP":[0,0],"STP":[1015.75,1016.43005],"TEMP":[14.15,14.2],"VISIB":[9.950001,9.089999],"WDSP":[4.38,4.54],"WNDDIR":[343,340.7],"time":[1549364861,1549364918]}