{"CLDC":[37.690002],"DEWP":[18.320004],"FRSHTT":[0],"PRCP":[0],"SLP":[1020.7999],"SNDP":[0],"STP":[1020],"TEMP":[22.66],"VISIB":[19.829998],"WDSP":[2.05],"WNDDIR":[290.7],"time":[1549364861]}