{"CLDC":[50.02],"DEWP":[14.540001],"FRSHTT":[100000],"PRCP":[0.07],"SLP":[1019],"SNDP":[0],"STP":[1022.1],"TEMP":[17.750002],"VISIB":[14.620001],"WDSP":[5.2],"WNDDIR":[26.6],"time":[1549364861]}