{"CLDC":[50.419994],"DEWP":[16.74],"FRSHTT":[100000],"PRCP":[0.07999999],"SLP":[1017.2001],"SNDP":[0],"STP":[1017.50995],"TEMP":[19.13],"VISIB":[17.150002],"WDSP":[9.15],"WNDDIR":[277.6],"time":[1549364861]}