{"CLDC":[65.31999,65.59999],"DEWP":[19.060001,18.719997],"FRSHTT":[0,0],"PRCP":[0,0],"SLP":[1019.4,1019.4],"SNDP":[0,0],"STP":[1018.4,1018.4],"TEMP":[22.52,22.679998],"VISIB":[11.539999,11.91],"WDSP":[13.7300005,13.68],"WNDDIR":[224.5,219.3],"time":[1549364861,1549364919]}