{"CLDC":[57.28],"DEWP":[20.46],"FRSHTT":[0],"PRCP":[0],"SLP":[1028.1499],"SNDP":[0],"STP":[1016.4],"TEMP":[23.500004],"VISIB":[9.970001],"WDSP":[12.65],"WNDDIR":[268.9],"time":[1549364861]}