{"CLDC":[50.240005,50.170006],"DEWP":[19.16,19.060001],"FRSHTT":[100000,100000],"PRCP":[0.039999995,0.039999995],"SLP":[1015,1015],"SNDP":[0,0],"STP":[1013.4,1013.4],"TEMP":[22.28,22.14],"VISIB":[10.45,9.819999],"WDSP":[7.1399994,7.1799994],"WNDDIR":[289.3,289.3],"time":[1549364861,1549364919]}