{"CLDC":[80.670006,80.619995],"DEWP":[18.26,18.26],"FRSHTT":[100000,100000],"PRCP":[0.18000002,0.18000002],"SLP":[1018.7999,1018.7999],"SNDP":[0,0],"STP":[1015.4,1015.5],"TEMP":[19.62,19.84],"VISIB":[11.300001,10.559999],"WDSP":[7.1799994,7.3200006],"WNDDIR":[124.2,124.2],"time":[1549364861,1549364919]}