{"CLDC":[65.31999],"DEWP":[19.060001],"FRSHTT":[0],"PRCP":[0],"SLP":[1019.4],"SNDP":[0],"STP":[1018.4],"TEMP":[22.52],"VISIB":[11.539999],"WDSP":[13.7300005],"WNDDIR":[224.5],"time":[1549364861]}