{"CLDC":[50.240005],"DEWP":[19.16],"FRSHTT":[100000],"PRCP":[0.039999995],"SLP":[1015],"SNDP":[0],"STP":[1013.4],"TEMP":[22.28],"VISIB":[10.45],"WDSP":[7.1399994],"WNDDIR":[289.3],"time":[1549364861]}