{"CLDC":[62.700005],"DEWP":[19.3],"FRSHTT":[0],"PRCP":[0],"SLP":[1017.47003],"SNDP":[0],"STP":[1016.2001],"TEMP":[22.779999],"VISIB":[11.109999],"WDSP":[11.320002],"WNDDIR":[66.4],"time":[1549364861]}