{"CLDC":[45.54],"DEWP":[17.92],"FRSHTT":[0],"PRCP":[0],"SLP":[1043.98],"SNDP":[0],"STP":[1016.7001],"TEMP":[21.580002],"VISIB":[10.300001],"WDSP":[10.190001],"WNDDIR":[159],"time":[1549364860]}