{"CLDC":[84.85],"DEWP":[18.360003],"FRSHTT":[0],"PRCP":[0],"SLP":[1016.9699],"SNDP":[0],"STP":[1015.7999],"TEMP":[21.019999],"VISIB":[10.17],"WDSP":[10.47],"WNDDIR":[318.5],"time":[1549364860]}