{"CLDC":[1.15,1.0800002],"DEWP":[14.5199995,14.020001],"FRSHTT":[0,0],"PRCP":[0,0],"SLP":[962.07996,962.11],"SNDP":[0,0],"STP":[956.6,956.5],"TEMP":[24.36,24.400002],"VISIB":[11.639999,11.15],"WDSP":[19.869999,19.509998],"WNDDIR":[87.3,89.7],"time":[1549364860,1549364918]}