{"CLDC":[45.54,45.03],"DEWP":[17.92,17.94],"FRSHTT":[0,0],"PRCP":[0,0],"SLP":[1043.98,1043.86],"SNDP":[0,0],"STP":[1016.7001,1016.7001],"TEMP":[21.580002,21.659998],"VISIB":[10.300001,10.38],"WDSP":[10.190001,9.71],"WNDDIR":[159,157.6],"time":[1549364860,1549364918]}