{"CLDC":[33.120003],"DEWP":[17.119999],"FRSHTT":[0],"PRCP":[0],"SLP":[1024.9299],"SNDP":[0],"STP":[1014.7999],"TEMP":[22.47],"VISIB":[11.03],"WDSP":[12.11],"WNDDIR":[59],"time":[1549364860]}