{"CLDC":[84.85,85.229996],"DEWP":[18.360003,18.3],"FRSHTT":[0,0],"PRCP":[0,0],"SLP":[1016.9699,1017],"SNDP":[0,0],"STP":[1015.7999,1015.7999],"TEMP":[21.019999,20.979998],"VISIB":[10.17,10.059999],"WDSP":[10.47,10.929999],"WNDDIR":[318.5,320.3],"time":[1549364860,1549364918]}