{"CLDC":[97.23,97.060005],"DEWP":[17.61,17.16],"FRSHTT":[0,0],"PRCP":[0,0],"SLP":[984.1,984.7799],"SNDP":[0,0],"STP":[934.2001,934.1],"TEMP":[23.68,23.78],"VISIB":[17.97,17.96],"WDSP":[12.53,13.089999],"WNDDIR":[73.8,78],"time":[1549364860,1549364918]}