{"CLDC":[83.53999],"DEWP":[19.119999],"FRSHTT":[0],"PRCP":[0],"SLP":[1013.80994],"SNDP":[0],"STP":[1013.2999],"TEMP":[23.879997],"VISIB":[17.429998],"WDSP":[10.780001],"WNDDIR":[33.4],"time":[1549364860]}