{"CLDC":[8.15,8.589999],"DEWP":[21.499996,21.399998],"FRSHTT":[0,0],"PRCP":[0,0],"SLP":[1012.2001,1012.2001],"SNDP":[0,0],"STP":[951.18005,951.2001],"TEMP":[24.740002,24.650002],"VISIB":[13.340001,13.109999],"WDSP":[20.429996,20.960001],"WNDDIR":[349,347.6],"time":[1549364860,1549364918]}