{"CLDC":[7.3700004,7.6699996],"DEWP":[19.500002,19.460003],"FRSHTT":[0,0],"PRCP":[0,0],"SLP":[1016.88,1016.7],"SNDP":[0,0],"STP":[1013.7001,1013.7001],"TEMP":[23.799997,23.300001],"VISIB":[14.159999,14.43],"WDSP":[15.329999,15.31],"WNDDIR":[121.5,122.3],"time":[1549364860,1549364918]}