{"CLDC":[8.15],"DEWP":[21.499996],"FRSHTT":[0],"PRCP":[0],"SLP":[1012.2001],"SNDP":[0],"STP":[951.18005],"TEMP":[24.740002],"VISIB":[13.340001],"WDSP":[20.429996],"WNDDIR":[349],"time":[1549364860]}