{"CLDC":[7.3700004],"DEWP":[19.500002],"FRSHTT":[0],"PRCP":[0],"SLP":[1016.88],"SNDP":[0],"STP":[1013.7001],"TEMP":[23.799997],"VISIB":[14.159999],"WDSP":[15.329999],"WNDDIR":[121.5],"time":[1549364860]}