{"CLDC":[33.56,33.690002],"DEWP":[20.59,20.490002],"FRSHTT":[0,0],"PRCP":[0,0],"SLP":[952,952],"SNDP":[0,0],"STP":[918.7001,918.7001],"TEMP":[25.599998,25.6],"VISIB":[7.6099997,7.8300004],"WDSP":[3.3999996,3.2699997],"WNDDIR":[79.1,79.6],"time":[1549364859,1549364917]}