{"CLDC":[25.66,25.550001],"DEWP":[13.780002,13.76],"FRSHTT":[0,0],"PRCP":[0,0],"SLP":[853.38995,853.67004],"SNDP":[0,0],"STP":[851.2999,851.2999],"TEMP":[20.919998,20.560001],"VISIB":[10.840001,11.07],"WDSP":[18.41,19.070002],"WNDDIR":[324.2,320],"time":[1549364859,1549364917]}