{"CLDC":[14.530001],"DEWP":[16.759998],"FRSHTT":[0],"PRCP":[0],"SLP":[1001.82996],"SNDP":[0],"STP":[1009.95996],"TEMP":[26.5],"VISIB":[16.27],"WDSP":[19.149998],"WNDDIR":[357.3],"time":[1549364859]}