{"CLDC":[81.55,81.67],"DEWP":[20.920002,20.82],"FRSHTT":[0,0],"PRCP":[0,0],"SLP":[1012.2999,1012.2999],"SNDP":[0,0],"STP":[1011.7001,1011.7001],"TEMP":[25.840002,25.74],"VISIB":[20.189999,20.28],"WDSP":[13.82,13.38],"WNDDIR":[100.5,100.7],"time":[1549364859,1549364917]}