{"CLDC":[63.130005,62.940002],"DEWP":[20.490002,20.79],"FRSHTT":[0,0],"PRCP":[0,0],"SLP":[1011.5,1011.4],"SNDP":[0,0],"STP":[1011.1,1011.1],"TEMP":[29.14,28.599997],"VISIB":[18.73,19.16],"WDSP":[6.4800005,6.6699996],"WNDDIR":[271,270.5],"time":[1549364860,1549364918]}