{"CLDC":[25.09,24.73],"DEWP":[21.299997,21.050001],"FRSHTT":[0,0],"PRCP":[0,0],"SLP":[999.7101,999.20996],"SNDP":[0,0],"STP":[1008.9,1008.9],"TEMP":[29.439999,30.420002],"VISIB":[10.940001,10.81],"WDSP":[7.15,7.3700004],"WNDDIR":[221.9,221.3],"time":[1549364860,1549364918]}