{"CLDC":[25.09],"DEWP":[21.299997],"FRSHTT":[0],"PRCP":[0],"SLP":[999.7101],"SNDP":[0],"STP":[1008.9],"TEMP":[29.439999],"VISIB":[10.940001],"WDSP":[7.15],"WNDDIR":[221.9],"time":[1549364860]}