{"CLDC":[63.130005],"DEWP":[20.490002],"FRSHTT":[0],"PRCP":[0],"SLP":[1011.5],"SNDP":[0],"STP":[1011.1],"TEMP":[29.14],"VISIB":[18.73],"WDSP":[6.4800005],"WNDDIR":[271],"time":[1549364860]}