{"CLDC":[84.729996],"DEWP":[22.660002],"FRSHTT":[0],"PRCP":[0],"SLP":[1012.4],"SNDP":[0],"STP":[1009.18994],"TEMP":[28.36],"VISIB":[19.189999],"WDSP":[8.01],"WNDDIR":[72.3],"time":[1549364860]}