{"CLDC":[80.46001],"DEWP":[21.34],"FRSHTT":[0],"PRCP":[0],"SLP":[1024.51],"SNDP":[0],"STP":[1009.2101],"TEMP":[29.080002],"VISIB":[10.739999],"WDSP":[7.0799994],"WNDDIR":[316],"time":[1549364860]}