{"CLDC":[46.670006,46.180004],"DEWP":[23.88,23.64],"FRSHTT":[0,0],"PRCP":[0,0],"SLP":[996.7999,996.72003],"SNDP":[0,0],"STP":[1011.9,1011.9],"TEMP":[29.99,30.14],"VISIB":[11.539999,11.73],"WDSP":[11.440001,10.61],"WNDDIR":[247.9,244.6],"time":[1549364860,1549364918]}