{"CLDC":[90.37001,90.729996],"DEWP":[19.08,18.98],"FRSHTT":[0,0],"PRCP":[0,0],"SLP":[1015.3001,1017.2501],"SNDP":[0,0],"STP":[1009.2001,1009.2999],"TEMP":[29.719997,29.63],"VISIB":[10.709999,10.280001],"WDSP":[7.6699996,7.7300005],"WNDDIR":[250.5,249.9],"time":[1549364858,1549364917]}