{"CLDC":[89.60999],"DEWP":[20.86],"FRSHTT":[0],"PRCP":[0],"SLP":[1012.50995],"SNDP":[0],"STP":[1011.2999],"TEMP":[26.279999],"VISIB":[19.24],"WDSP":[18.829998],"WNDDIR":[122.5],"time":[1549364857]}