{"CLDC":[90.37001],"DEWP":[19.08],"FRSHTT":[0],"PRCP":[0],"SLP":[1015.3001],"SNDP":[0],"STP":[1009.2001],"TEMP":[29.719997],"VISIB":[10.709999],"WDSP":[7.6699996],"WNDDIR":[250.5],"time":[1549364858]}