{"CLDC":[96.810005],"DEWP":[23.999996],"FRSHTT":[0],"PRCP":[0],"SLP":[1010.7999],"SNDP":[0],"STP":[1010.82996],"TEMP":[28.679998],"VISIB":[22.51],"WDSP":[11.960001],"WNDDIR":[252.5],"time":[1549364857]}