{"CLDC":[55.55],"DEWP":[22.749996],"FRSHTT":[0],"PRCP":[0],"SLP":[1020.27],"SNDP":[0],"STP":[997.1],"TEMP":[28.500004],"VISIB":[10.969999],"WDSP":[7.29],"WNDDIR":[96.1],"time":[1549364858]}