{"CLDC":[28.869999,28.929998],"DEWP":[21.060001,21.41],"FRSHTT":[0,0],"PRCP":[0,0],"SLP":[1023.86993,1024.24],"SNDP":[0,0],"STP":[1007.2999,1007.2999],"TEMP":[29.34,29.080002],"VISIB":[11.730001,12.190001],"WDSP":[4.73,4.97],"WNDDIR":[149.9,147.9],"time":[1549364858,1549364917]}