{"CLDC":[96.98],"DEWP":[22.780003],"FRSHTT":[0],"PRCP":[0],"SLP":[1011.66003],"SNDP":[0],"STP":[1011.2001],"TEMP":[27.390003],"VISIB":[11.169999],"WDSP":[10.08],"WNDDIR":[286.2],"time":[1549364857]}