{"CLDC":[45.220005],"DEWP":[22.400002],"FRSHTT":[0],"PRCP":[0],"SLP":[1033.5602],"SNDP":[0],"STP":[1012.30994],"TEMP":[29.399998],"VISIB":[11.000001],"WDSP":[6.36],"WNDDIR":[126],"time":[1549364857]}