{"CLDC":[96.98,96.97001],"DEWP":[22.780003,22.700003],"FRSHTT":[0,0],"PRCP":[0,0],"SLP":[1011.66003,1011.54004],"SNDP":[0,0],"STP":[1011.2001,1011.2001],"TEMP":[27.390003,27.200003],"VISIB":[11.169999,11.159999],"WDSP":[10.08,9.65],"WNDDIR":[286.2,289],"time":[1549364857,1549364916]}