{"CLDC":[28.88,28.810001],"DEWP":[22.019999,21.979998],"FRSHTT":[0,0],"PRCP":[0,0],"SLP":[1011.7001,1011.7001],"SNDP":[0,0],"STP":[1015.4,1015.4],"TEMP":[26,26.14],"VISIB":[20.9,20.990002],"WDSP":[14.65,15.340001],"WNDDIR":[55.8,53.9],"time":[1549364858,1549364916]}