{"CLDC":[45.220005,45.160004],"DEWP":[22.400002,22.070002],"FRSHTT":[0,0],"PRCP":[0,0],"SLP":[1033.5602,1033.21],"SNDP":[0,0],"STP":[1012.30994,1012.4],"TEMP":[29.399998,29.349997],"VISIB":[11.000001,10.310001],"WDSP":[6.36,6.78],"WNDDIR":[126,129.9],"time":[1549364857,1549364916]}