{"CLDC":[74.78999],"DEWP":[25.279999],"FRSHTT":[0],"PRCP":[0],"SLP":[1007.5],"SNDP":[0],"STP":[1007.57996],"TEMP":[27.2],"VISIB":[20.279999],"WDSP":[24.72],"WNDDIR":[18.5],"time":[1549364857]}