{"CLDC":[74.78999,74.7],"DEWP":[25.279999,25.15],"FRSHTT":[0,0],"PRCP":[0,0],"SLP":[1007.5,1007.5],"SNDP":[0,0],"STP":[1007.57996,1007.6],"TEMP":[27.2,27.580002],"VISIB":[20.279999,20.289999],"WDSP":[24.72,24.369999],"WNDDIR":[18.5,19.4],"time":[1549364857,1549364916]}