{"CLDC":[25.470001],"DEWP":[22.490002],"FRSHTT":[0],"PRCP":[0],"SLP":[1010.7001],"SNDP":[0],"STP":[976.2001],"TEMP":[28.86],"VISIB":[9.659999],"WDSP":[3.4099998],"WNDDIR":[324.9],"time":[1549364856]}