{"CLDC":[77.549995,77.29],"DEWP":[19.08,19.02],"FRSHTT":[100000,100000],"PRCP":[0.009999999,0.009999999],"SLP":[1011.6501,1011.7001],"SNDP":[0,0],"STP":[1006.5,1006.6],"TEMP":[26.76,26.26],"VISIB":[7.6699996,8.16],"WDSP":[4.6299996,4.36],"WNDDIR":[264.7,263.6],"time":[1549364856,1549364916]}