{"CLDC":[95.68001,95.68001],"DEWP":[19.3,19.65],"FRSHTT":[0,0],"PRCP":[0,0],"SLP":[1020.1,1020.12],"SNDP":[0,0],"STP":[1023.17004,1023.11005],"TEMP":[25.579998,25.75],"VISIB":[13.539999,13.24],"WDSP":[13.469999,14.44],"WNDDIR":[289.2,288.9],"time":[1549364856,1549364916]}