{"CLDC":[68.79],"DEWP":[20.22],"FRSHTT":[0],"PRCP":[0],"SLP":[1011.9],"SNDP":[0],"STP":[1005.55],"TEMP":[27.790003],"VISIB":[23.84],"WDSP":[6.5299997],"WNDDIR":[129],"time":[1549364855]}