{"CLDC":[68.79,68.87001],"DEWP":[20.22,19.82],"FRSHTT":[0,0],"PRCP":[0,0],"SLP":[1011.9,1011.9],"SNDP":[0,0],"STP":[1005.55,1005.82996],"TEMP":[27.790003,27.960001],"VISIB":[23.84,23.740002],"WDSP":[6.5299997,6.27],"WNDDIR":[129,127.2],"time":[1549364855,1549364915]}