{"CLDC":[74.619995,74.65999],"DEWP":[20.74,20.64],"FRSHTT":[0,0],"PRCP":[0,0],"SLP":[1018.9499,1017.95996],"SNDP":[0,0],"STP":[1001.95,1002.15],"TEMP":[29.969997,30.63],"VISIB":[9.609999,9.66],"WDSP":[5.9800005,5.4900002],"WNDDIR":[6,7.6],"time":[1549364855,1549364915]}