{"CLDC":[88.33,88.30999],"DEWP":[21.169998,21.429998],"FRSHTT":[0,0],"PRCP":[0,0],"SLP":[987.75995,987.7001],"SNDP":[0,0],"STP":[990.9,990.9],"TEMP":[28.02,27.7],"VISIB":[9.19,8.49],"WDSP":[11.480001,11.679999],"WNDDIR":[119.9,116.5],"time":[1549364860,1549364918]}