{"CLDC":[8.39],"DEWP":[-19.350002],"FRSHTT":[1000000],"PRCP":[0],"SLP":[1029.5],"SNDP":[0],"STP":[970.2999],"TEMP":[-14.12],"VISIB":[18.699999],"WDSP":[3.9900002],"WNDDIR":[303.9],"time":[1549364857]}