{"CLDC":[8.39,8.219999],"DEWP":[-19.350002,-19.350002],"FRSHTT":[1000000,1000000],"PRCP":[0,0],"SLP":[1029.5,1029.5],"SNDP":[0,0],"STP":[970.2999,970.2999],"TEMP":[-14.12,-14.210001],"VISIB":[18.699999,19.429998],"WDSP":[3.9900002,4.18],"WNDDIR":[303.9,305.1],"time":[1549364857,1549364916]}