{"CLDC":[16.05,16.02],"DEWP":[-13.68,-13.839999],"FRSHTT":[1000000,1000000],"PRCP":[0,0],"SLP":[1023.5,1023.5],"SNDP":[0,0],"STP":[999.6,999.6],"TEMP":[-6.46,-6.4799995],"VISIB":[18.630001,18.409998],"WDSP":[3.56,3.61],"WNDDIR":[187.1,184.6],"time":[1549364858,1549364917]}