{"CLDC":[84.84999,84.85],"DEWP":[-13.85,-13.909999],"FRSHTT":[1100000,1100000],"PRCP":[0.009999999,0.009999999],"SLP":[1031.5999,1031.5999],"SNDP":[0,0],"STP":[992.2001,992.2001],"TEMP":[-11.049999,-10.880001],"VISIB":[17.580002,17.259998],"WDSP":[7.72,7.9300003],"WNDDIR":[115.4,114.3],"time":[1549364855,1549364915]}