{"CLDC":[34.349995,34.58],"DEWP":[-17.500002,-17.23],"FRSHTT":[1000000,1000000],"PRCP":[0,0],"SLP":[1030.7001,1030.7001],"SNDP":[0,0],"STP":[988.2999,988.2999],"TEMP":[-13.340001,-13.280001],"VISIB":[30.869999,31.25],"WDSP":[9.819999,9.259999],"WNDDIR":[279.2,277.7],"time":[1549364858,1549364916]}