{"CLDC":[34.349995],"DEWP":[-17.500002],"FRSHTT":[1000000],"PRCP":[0],"SLP":[1030.7001],"SNDP":[0],"STP":[988.2999],"TEMP":[-13.340001],"VISIB":[30.869999],"WDSP":[9.819999],"WNDDIR":[279.2],"time":[1549364858]}