{"CLDC":[51.670002,51.85],"DEWP":[-16.31,-16.7],"FRSHTT":[1100000,1100000],"PRCP":[0.009999999,0.009999999],"SLP":[1027.7001,1027.7999],"SNDP":[0,0],"STP":[987.86,987.72003],"TEMP":[-11.51,-11.360002],"VISIB":[27.600002,27.89],"WDSP":[10.74,9.940001],"WNDDIR":[358.7,356.1],"time":[1549364857,1549364916]}