{"CLDC":[51.670002],"DEWP":[-16.31],"FRSHTT":[1100000],"PRCP":[0.009999999],"SLP":[1027.7001],"SNDP":[0],"STP":[987.86],"TEMP":[-11.51],"VISIB":[27.600002],"WDSP":[10.74],"WNDDIR":[358.7],"time":[1549364857]}