{"CLDC":[41.989998,41.799995],"DEWP":[-24.05,-23.879997],"FRSHTT":[1000000,1000000],"PRCP":[0,0],"SLP":[1008.11005,1008.66003],"SNDP":[0,0],"STP":[1022.27997,1022.24005],"TEMP":[-18.720001,-18.58],"VISIB":[18.95,19.099998],"WDSP":[9.14,9.120001],"WNDDIR":[345.4,344.1],"time":[1549364856,1549364916]}