{"CLDC":[52.629997],"DEWP":[-14.219999],"FRSHTT":[1100000],"PRCP":[0.009999999],"SLP":[1024],"SNDP":[0],"STP":[1023.2999],"TEMP":[-10.22],"VISIB":[13.250002],"WDSP":[7.16],"WNDDIR":[151.3],"time":[1549364855]}