{"CLDC":[50.010002],"DEWP":[-17.6],"FRSHTT":[1100000],"PRCP":[0.019999998],"SLP":[1033.9001],"SNDP":[0],"STP":[914],"TEMP":[-14.639999],"VISIB":[27.2],"WDSP":[5.8],"WNDDIR":[249.4],"time":[1549364858]}