{"CLDC":[50.010002,50.120003],"DEWP":[-17.6,-17.6],"FRSHTT":[1100000,1100000],"PRCP":[0.019999998,0.019999998],"SLP":[1033.9001,1033.9001],"SNDP":[0,0],"STP":[914,914],"TEMP":[-14.639999,-14.62],"VISIB":[27.2,25.929998],"WDSP":[5.8,6.21],"WNDDIR":[249.4,253.7],"time":[1549364858,1549364916]}