{"CLDC":[36.53],"DEWP":[-16.25],"FRSHTT":[1000000],"PRCP":[0],"SLP":[1025.5],"SNDP":[0],"STP":[1017.7999],"TEMP":[-10.870001],"VISIB":[11.589999],"WDSP":[9.229999],"WNDDIR":[358.1],"time":[1549364858]}