{"CLDC":[65.2,65.08],"DEWP":[-16.080002,-15.62],"FRSHTT":[1000000,1000000],"PRCP":[0,0],"SLP":[1025.4001,1025.4001],"SNDP":[0,0],"STP":[1014.05,1014.3],"TEMP":[-12.5199995,-12.440001],"VISIB":[11.620001,11.53],"WDSP":[7.3200006,7.9],"WNDDIR":[283.8,280.3],"time":[1549364857,1549364916]}