{"CLDC":[19.320002,19.369999],"DEWP":[-15.76,-15.219999],"FRSHTT":[1000000,1000000],"PRCP":[0,0],"SLP":[1024.5999,1024.5999],"SNDP":[0,0],"STP":[1013,1013],"TEMP":[-10.3,-10.279999],"VISIB":[8.950001,9.340002],"WDSP":[5.71,5.9400005],"WNDDIR":[336.5,337.9],"time":[1549364856,1549364916]}