{"CLDC":[27.650003,27.95],"DEWP":[-19.390001,-19.820004],"FRSHTT":[1000000,1000000],"PRCP":[0,0],"SLP":[1024.9001,1024.9001],"SNDP":[0,0],"STP":[1025.74,1025.8401],"TEMP":[-12.500001,-12.550001],"VISIB":[15.079999,14.640001],"WDSP":[11.709998,12.03],"WNDDIR":[210.1,211.5],"time":[1549364859,1549364917]}