{"CLDC":[97.76,97.770004],"DEWP":[-13.44,-13.3],"FRSHTT":[1000000,1000000],"PRCP":[0,0],"SLP":[1025.0999,1025.0999],"SNDP":[0,0],"STP":[1023.62,1023.7899],"TEMP":[-8.5199995,-8.52],"VISIB":[16.36,16.55],"WDSP":[10.51,10.440001],"WNDDIR":[176.9,180.5],"time":[1549364858,1549364917]}