{"CLDC":[50.15],"DEWP":[-17.8],"FRSHTT":[1100000],"PRCP":[0.059999995],"SLP":[1023.5],"SNDP":[0],"STP":[1033.85],"TEMP":[-14.08],"VISIB":[7.21],"WDSP":[8.269999],"WNDDIR":[64.5],"time":[1549364858]}