{"CLDC":[94.72],"DEWP":[-19.22],"FRSHTT":[1100000],"PRCP":[0.07999999],"SLP":[1009.1],"SNDP":[0],"STP":[1008.50995],"TEMP":[-17.48],"VISIB":[11.04],"WDSP":[11.460001],"WNDDIR":[294.4],"time":[1549364858]}