{"CLDC":[95.89,95.26],"DEWP":[-18.249998,-18.249998],"FRSHTT":[1100000,1100000],"PRCP":[0.009999999,0.009999999],"SLP":[1031.88,1031.9001],"SNDP":[0,0],"STP":[943.77997,943.64],"TEMP":[-13.69,-13.68],"VISIB":[29.310001,28.560001],"WDSP":[8.610001,9.320001],"WNDDIR":[266.2,266.3],"time":[1549364860,1549364918]}