{"CLDC":[28.409998],"DEWP":[-19.1],"FRSHTT":[1000000],"PRCP":[0],"SLP":[1008.7301],"SNDP":[0],"STP":[1025.01],"TEMP":[-9.9],"VISIB":[20.390001],"WDSP":[19.35],"WNDDIR":[260.6],"time":[1549364860]}