{"CLDC":[67.03,66.89],"DEWP":[-12.100001,-12.309999],"FRSHTT":[1000000,1000000],"PRCP":[0,0],"SLP":[1025.5999,1025.5999],"SNDP":[0,0],"STP":[1019.88,1019.9801],"TEMP":[-6.4199996,-6.3500004],"VISIB":[12.950002,13.12],"WDSP":[7.910001,8.49],"WNDDIR":[330.9,328.2],"time":[1549364859,1549364917]}