{"CLDC":[50.210003],"DEWP":[-15.8],"FRSHTT":[1100000],"PRCP":[0.009999999],"SLP":[1025.5],"SNDP":[0],"STP":[1016.75],"TEMP":[-11.779999],"VISIB":[10.529999],"WDSP":[10.01],"WNDDIR":[28.6],"time":[1549364859]}