{"CLDC":[14.250002],"DEWP":[-15.449999],"FRSHTT":[1000000],"PRCP":[0],"SLP":[1025],"SNDP":[0],"STP":[1019],"TEMP":[-11.950001],"VISIB":[12.310001],"WDSP":[15.13],"WNDDIR":[109.1],"time":[1549364859]}