{"CLDC":[14.250002,14.520001],"DEWP":[-15.449999,-15.299998],"FRSHTT":[1000000,1000000],"PRCP":[0,0],"SLP":[1025,1025],"SNDP":[0,0],"STP":[1019,1019.05],"TEMP":[-11.950001,-11.960001],"VISIB":[12.310001,12.23],"WDSP":[15.13,14.8],"WNDDIR":[109.1,110.5],"time":[1549364859,1549364917]}