{"CLDC":[50.42,50.640007],"DEWP":[-14.75,-14.579999],"FRSHTT":[1100000,1100000],"PRCP":[0.009999999,0.009999999],"SLP":[1025.2001,1025.2001],"SNDP":[0,0],"STP":[1025.99,1026.0999],"TEMP":[-10.629999,-10.65],"VISIB":[14.0199995,14.81],"WDSP":[10.910001,10.950001],"WNDDIR":[82,86.7],"time":[1549364859,1549364917]}