{"CLDC":[51.97,51.579998],"DEWP":[-19.380001,-18.990002],"FRSHTT":[1000000,1000000],"PRCP":[0,0],"SLP":[1023.4,1023.4],"SNDP":[0,0],"STP":[1012.1,1012.1],"TEMP":[-12.9800005,-13.05],"VISIB":[23.849998,23.599998],"WDSP":[12.360001,13.85],"WNDDIR":[327.7,323.8],"time":[1549364859,1549364917]}