{"CLDC":[59.109997],"DEWP":[-15.320002],"FRSHTT":[1000000],"PRCP":[0],"SLP":[1021.6],"SNDP":[0],"STP":[1018.2999],"TEMP":[-10.07],"VISIB":[16.55],"WDSP":[9.890001],"WNDDIR":[196.9],"time":[1549364858]}