{"CLDC":[84.93001,85.09999],"DEWP":[-14.76,-14.68],"FRSHTT":[1100000,1100000],"PRCP":[0.009999999,0.009999999],"SLP":[1034.9001,1034.7999],"SNDP":[0,0],"STP":[1024.9401,1024.7001],"TEMP":[-10.85,-10.830001],"VISIB":[26.65,26.469997],"WDSP":[16.240002,16.390001],"WNDDIR":[82.9,79.1],"time":[1549364859,1549364917]}