{"CLDC":[2.17],"DEWP":[-15.58],"FRSHTT":[1000000],"PRCP":[0],"SLP":[1044.91],"SNDP":[0],"STP":[936.7001],"TEMP":[-12.099999],"VISIB":[29.919998],"WDSP":[2.46],"WNDDIR":[274],"time":[1549364858]}