{"CLDC":[68.31],"DEWP":[-9.940001],"FRSHTT":[1100000],"PRCP":[0.009999999],"SLP":[1031.7001],"SNDP":[0],"STP":[990.2999],"TEMP":[-4.79],"VISIB":[30.080002],"WDSP":[7.2400002],"WNDDIR":[250.4],"time":[1549364861]}