{"CLDC":[58.359997],"DEWP":[-12.75],"FRSHTT":[1000000],"PRCP":[0],"SLP":[1036],"SNDP":[0],"STP":[1041.3601],"TEMP":[-8.909999],"VISIB":[18.04],"WDSP":[14.08],"WNDDIR":[47.8],"time":[1549364855]}