{"CLDC":[98.29],"DEWP":[-9.349999],"FRSHTT":[1000000],"PRCP":[0],"SLP":[1025.2999],"SNDP":[0],"STP":[1038.8],"TEMP":[-6.6399994],"VISIB":[51.090004],"WDSP":[8.69],"WNDDIR":[217],"time":[1549364856]}