{"CLDC":[39.859997,39.809998],"DEWP":[-5.8,-6.1000004],"FRSHTT":[1000000,1000000],"PRCP":[0,0],"SLP":[1022.5,1022.5],"SNDP":[0,0],"STP":[1012.11005,1013.9],"TEMP":[-3.25,-3.2300003],"VISIB":[32.280003,33.280006],"WDSP":[7.7400002,8.88],"WNDDIR":[198.4,199.9],"time":[1549364856,1549364915]}