{"CLDC":[80.32,80.81],"DEWP":[-11.88,-12.04],"FRSHTT":[1100000,1100000],"PRCP":[0.009999999,0.009999999],"SLP":[1036,1036],"SNDP":[0,0],"STP":[1022.7101,1022.80994],"TEMP":[-8.900001,-8.900001],"VISIB":[23.380001,23.76],"WDSP":[7.94,7.6],"WNDDIR":[144.8,146.7],"time":[1549364855,1549364915]}