{"CLDC":[80.32],"DEWP":[-11.88],"FRSHTT":[1100000],"PRCP":[0.009999999],"SLP":[1036],"SNDP":[0],"STP":[1022.7101],"TEMP":[-8.900001],"VISIB":[23.380001],"WDSP":[7.94],"WNDDIR":[144.8],"time":[1549364855]}