{"CLDC":[50.030003,50.04],"DEWP":[-5.1,-4.8199997],"FRSHTT":[1100000,1100000],"PRCP":[0.050000004,0.050000004],"SLP":[1029.41,1029.53],"SNDP":[0,0],"STP":[984.9,984.7999],"TEMP":[-1.6200001,-1.6],"VISIB":[29.51,29.220001],"WDSP":[4.79,4.9700003],"WNDDIR":[134.5,133.7],"time":[1549364858,1549364917]}