{"CLDC":[50.030003],"DEWP":[-5.1],"FRSHTT":[1100000],"PRCP":[0.050000004],"SLP":[1029.41],"SNDP":[0],"STP":[984.9],"TEMP":[-1.6200001],"VISIB":[29.51],"WDSP":[4.79],"WNDDIR":[134.5],"time":[1549364858]}