{"CLDC":[0.65999997,0.29000002],"DEWP":[-12.82,-12.690001],"FRSHTT":[1000000,1000000],"PRCP":[0,0],"SLP":[826.42004,826.4],"SNDP":[0,0],"STP":[829.7999,829.86],"TEMP":[-1.0400002,-0.98],"VISIB":[27.869999,27.63],"WDSP":[8.11,7.75],"WNDDIR":[292.7,295.6],"time":[1549364857,1549364916]}