{"CLDC":[50.319996,50.150005],"DEWP":[-10.6,-10.400001],"FRSHTT":[1100000,1100000],"PRCP":[0.019999998,0.019999998],"SLP":[1033.4001,1033.4001],"SNDP":[0,0],"STP":[944.4,944.67004],"TEMP":[-7,-7],"VISIB":[14.9,14.790001],"WDSP":[5.97,5.8300004],"WNDDIR":[88.2,92.5],"time":[1549364857,1549364916]}