{"CLDC":[69.32,69.43],"DEWP":[-9.299999,-9.219999],"FRSHTT":[1000000,1000000],"PRCP":[0,0],"SLP":[995.86993,995.86],"SNDP":[0,0],"STP":[999.98,999.86],"TEMP":[-7.54,-7.46],"VISIB":[3.45,3.42],"WDSP":[3.8,3.5400002],"WNDDIR":[199,201.8],"time":[1549364857,1549364916]}