{"CLDC":[92.579994],"DEWP":[-12.75],"FRSHTT":[1000000],"PRCP":[0],"SLP":[1033.0999],"SNDP":[0],"STP":[994.1],"TEMP":[-1.1800001],"VISIB":[34.84],"WDSP":[13.390001],"WNDDIR":[78.1],"time":[1549364855]}