{"CLDC":[98.12999],"DEWP":[-1.4],"FRSHTT":[0],"PRCP":[0],"SLP":[1026.7001],"SNDP":[0],"STP":[997.9],"TEMP":[3.1200001],"VISIB":[20.09],"WDSP":[7.72],"WNDDIR":[307.9],"time":[1549364858]}