{"CLDC":[98.12999,98.16],"DEWP":[-1.4,-1.5999998],"FRSHTT":[0,0],"PRCP":[0,0],"SLP":[1026.7001,1026.7001],"SNDP":[0,0],"STP":[997.9,997.7999],"TEMP":[3.1200001,3.05],"VISIB":[20.09,21.27],"WDSP":[7.72,7.84],"WNDDIR":[307.9,309.5],"time":[1549364858,1549364917]}