{"CLDC":[19.919998],"DEWP":[-10.950001],"FRSHTT":[1000000],"PRCP":[0],"SLP":[1031.7499],"SNDP":[0],"STP":[1036.66],"TEMP":[-0.91999996],"VISIB":[19.720001],"WDSP":[3.4099998],"WNDDIR":[260.6],"time":[1549364858]}