{"CLDC":[49.45,49.24],"DEWP":[-3.8799999,-3.4],"FRSHTT":[0,0],"PRCP":[0,0],"SLP":[1025.49,1025.27],"SNDP":[0,0],"STP":[992.36005,992.2501],"TEMP":[2.0799997,2.2599998],"VISIB":[28.45,28.569998],"WDSP":[5.2999997,5.6800003],"WNDDIR":[292,292.2],"time":[1549364861,1549364918]}