{"CLDC":[49.45],"DEWP":[-3.8799999],"FRSHTT":[0],"PRCP":[0],"SLP":[1025.49],"SNDP":[0],"STP":[992.36005],"TEMP":[2.0799997],"VISIB":[28.45],"WDSP":[5.2999997],"WNDDIR":[292],"time":[1549364861]}