{"CLDC":[76.59],"DEWP":[-6.4800005],"FRSHTT":[0],"PRCP":[0],"SLP":[1030.7999],"SNDP":[0],"STP":[927.5],"TEMP":[0.96000004],"VISIB":[23.740002],"WDSP":[6.8300004],"WNDDIR":[322.1],"time":[1549364860]}