{"CLDC":[94.71001],"DEWP":[-6.859999],"FRSHTT":[0],"PRCP":[0],"SLP":[1027],"SNDP":[0],"STP":[911.1],"TEMP":[0.73],"VISIB":[21.25],"WDSP":[4.3500004],"WNDDIR":[67.2],"time":[1549364856]}