{"CLDC":[94.71001,94.28999],"DEWP":[-6.859999,-7.2],"FRSHTT":[0,0],"PRCP":[0,0],"SLP":[1027,1027],"SNDP":[0,0],"STP":[911.1,911.1],"TEMP":[0.73,1.0000001],"VISIB":[21.25,21.899998],"WDSP":[4.3500004,4.07],"WNDDIR":[67.2,64.5],"time":[1549364856,1549364915]}