{"CLDC":[61.6,61.960003],"DEWP":[-8.88,-9.38],"FRSHTT":[1000000,1000000],"PRCP":[0,0],"SLP":[799.46,799.55005],"SNDP":[0,0],"STP":[801.5,801.5],"TEMP":[-1.1,-0.88],"VISIB":[27.25,27.320002],"WDSP":[9.66,10.51],"WNDDIR":[199.2,202.4],"time":[1549364856,1549364915]}