{"CLDC":[26.369999,26.26],"DEWP":[-5.5799994,-5.9],"FRSHTT":[0,0],"PRCP":[0,0],"SLP":[1028.5999,1028.5999],"SNDP":[0,0],"STP":[983.7999,983.7999],"TEMP":[2.3,2.2],"VISIB":[19.39,19.550001],"WDSP":[4.16,4.3299994],"WNDDIR":[76.1,76.5],"time":[1549364855,1549364915]}