{"CLDC":[24.65,24.3],"DEWP":[-12.26,-11.900001],"FRSHTT":[1000000,1000000],"PRCP":[0,0],"SLP":[1034.23,1034.2001],"SNDP":[0,0],"STP":[898,898],"TEMP":[-2.3,-2.38],"VISIB":[19.349998,19.710001],"WDSP":[3.58,3.7299995],"WNDDIR":[214,214.5],"time":[1549364861,1549364919]}