{"CLDC":[26.859997],"DEWP":[-7.8599997],"FRSHTT":[0],"PRCP":[0],"SLP":[1030.5],"SNDP":[0],"STP":[939.5],"TEMP":[1.8],"VISIB":[29.59],"WDSP":[4.45],"WNDDIR":[312.9],"time":[1549364860]}