{"CLDC":[26.859997,26.519999],"DEWP":[-7.8599997,-7.3199997],"FRSHTT":[0,0],"PRCP":[0,0],"SLP":[1030.5,1030.5],"SNDP":[0,0],"STP":[939.5,939.5],"TEMP":[1.8,1.7],"VISIB":[29.59,29.640003],"WDSP":[4.45,4.2400007],"WNDDIR":[312.9,314.2],"time":[1549364860,1549364918]}