{"CLDC":[89.68001,90.009995],"DEWP":[-8.62,-8.49],"FRSHTT":[0,0],"PRCP":[0,0],"SLP":[1029.2001,1029.2001],"SNDP":[0,0],"STP":[939.9,939.81995],"TEMP":[2.1,2.1],"VISIB":[24.040003,24.590002],"WDSP":[7.3300004,7.6],"WNDDIR":[29.5,29.2],"time":[1549364860,1549364918]}