{"CLDC":[50.08],"DEWP":[-25.820002],"FRSHTT":[1100000],"PRCP":[0.019999998],"SLP":[969.2001],"SNDP":[0],"STP":[995.5399],"TEMP":[-20.759998],"VISIB":[46.010002],"WDSP":[3.7899997],"WNDDIR":[159.8],"time":[1549364857]}