{"CLDC":[50.08,50.110004],"DEWP":[-25.820002,-25.580002],"FRSHTT":[1100000,1100000],"PRCP":[0.019999998,0.019999998],"SLP":[969.2001,968.79004],"SNDP":[0,0],"STP":[995.5399,995.7001],"TEMP":[-20.759998,-20.279999],"VISIB":[46.010002,45.799995],"WDSP":[3.7899997,3.97],"WNDDIR":[159.8,165],"time":[1549364857,1549364916]}