{"CLDC":[97.03999],"DEWP":[-7.9200006],"FRSHTT":[1000000],"PRCP":[0],"SLP":[1027.53],"SNDP":[0],"STP":[920.4],"TEMP":[-0.28],"VISIB":[13.6],"WDSP":[4.7],"WNDDIR":[254.6],"time":[1549364857]}