{"CLDC":[97.03999,96.91001],"DEWP":[-7.9200006,-8.05],"FRSHTT":[1000000,1000000],"PRCP":[0,0],"SLP":[1027.53,1027.5999],"SNDP":[0,0],"STP":[920.4,920.33997],"TEMP":[-0.28,-0.23999998],"VISIB":[13.6,13.55],"WDSP":[4.7,4.9800005],"WNDDIR":[254.6,255.9],"time":[1549364857,1549364916]}