{"CLDC":[49.899998,49.81],"DEWP":[-9.38,-8.889999],"FRSHTT":[0,0],"PRCP":[0,0],"SLP":[1027.2001,1027.23],"SNDP":[0,0],"STP":[972.4,972.36],"TEMP":[1.1999999,1.7],"VISIB":[17.14,17.16],"WDSP":[4.58,4.82],"WNDDIR":[263.3,266.2],"time":[1549364857,1549364916]}