{"CLDC":[85.56999],"DEWP":[-9.84],"FRSHTT":[0],"PRCP":[0],"SLP":[1026.5],"SNDP":[0],"STP":[898.1],"TEMP":[0.79999995],"VISIB":[10.709999],"WDSP":[5.96],"WNDDIR":[190.5],"time":[1549364856]}