{"CLDC":[34.799995,34.44],"DEWP":[-8.4800005,-8.65],"FRSHTT":[0,0],"PRCP":[0,0],"SLP":[1028.5,1028.5],"SNDP":[0,0],"STP":[920.12,920.13007],"TEMP":[2.91,3],"VISIB":[19.279999,18.939999],"WDSP":[5.6299996,5.3499994],"WNDDIR":[43.4,45.9],"time":[1549364856,1549364915]}