{"CLDC":[57.55],"DEWP":[-9.32],"FRSHTT":[1100000],"PRCP":[0.029999997],"SLP":[1025.5],"SNDP":[0],"STP":[931.7001],"TEMP":[-0.9500001],"VISIB":[19.51],"WDSP":[6.81],"WNDDIR":[234.4],"time":[1549364856]}