{"CLDC":[53.01],"DEWP":[-18.650002],"FRSHTT":[1000000],"PRCP":[0],"SLP":[701.7001],"SNDP":[0],"STP":[702.10004],"TEMP":[-3.65],"VISIB":[27.8],"WDSP":[12.290001],"WNDDIR":[352.1],"time":[1549364861]}