{"CLDC":[7.7300005],"DEWP":[-30.710001],"FRSHTT":[1000000],"PRCP":[0],"SLP":[922.6],"SNDP":[0],"STP":[913.2999],"TEMP":[-21.95],"VISIB":[32.23],"WDSP":[7.9300003],"WNDDIR":[61.7],"time":[1549364860]}