{"CLDC":[83.55,83.65],"DEWP":[-10.06,-9.630001],"FRSHTT":[1100000,1100000],"PRCP":[0.009999999,0.009999999],"SLP":[1027.2001,1027.2001],"SNDP":[0,0],"STP":[921.6,921.6],"TEMP":[0.099999994,0.3],"VISIB":[23.7,24.119999],"WDSP":[5.4300003,5.0499997],"WNDDIR":[136.4,135.7],"time":[1549364858,1549364916]}