{"CLDC":[83.55],"DEWP":[-10.06],"FRSHTT":[1100000],"PRCP":[0.009999999],"SLP":[1027.2001],"SNDP":[0],"STP":[921.6],"TEMP":[0.099999994],"VISIB":[23.7],"WDSP":[5.4300003],"WNDDIR":[136.4],"time":[1549364858]}