{"CLDC":[50.29,50.759995],"DEWP":[-15.820002,-16.340002],"FRSHTT":[1100000,1100000],"PRCP":[0.019999998,0.019999998],"SLP":[827.24005,827.25995],"SNDP":[0,0],"STP":[827.2999,827.2999],"TEMP":[-4.9700003,-4.9700003],"VISIB":[31.919998,31.969997],"WDSP":[9.780001,10.39],"WNDDIR":[117.3,119.7],"time":[1549364859,1549364917]}