{"CLDC":[34.87],"DEWP":[-12.549999],"FRSHTT":[1000000],"PRCP":[0],"SLP":[1034.9001],"SNDP":[0],"STP":[1031.74],"TEMP":[-4.8500004],"VISIB":[26.719997],"WDSP":[8.51],"WNDDIR":[220.6],"time":[1549364859]}