{"CLDC":[50.29],"DEWP":[-15.820002],"FRSHTT":[1100000],"PRCP":[0.019999998],"SLP":[827.24005],"SNDP":[0],"STP":[827.2999],"TEMP":[-4.9700003],"VISIB":[31.919998],"WDSP":[9.780001],"WNDDIR":[117.3],"time":[1549364859]}