{"CLDC":[34.87,34.71],"DEWP":[-12.549999,-12.29],"FRSHTT":[1000000,1000000],"PRCP":[0,0],"SLP":[1034.9001,1035],"SNDP":[0,0],"STP":[1031.74,1031.8298],"TEMP":[-4.8500004,-4.87],"VISIB":[26.719997,27.3],"WDSP":[8.51,8.460001],"WNDDIR":[220.6,216.3],"time":[1549364859,1549364917]}