{"CLDC":[93.74999],"DEWP":[-10.349999],"FRSHTT":[1100000],"PRCP":[0.009999999],"SLP":[1030.7001],"SNDP":[0],"STP":[993.02997],"TEMP":[-1.65],"VISIB":[36.72],"WDSP":[6.450001],"WNDDIR":[307.8],"time":[1549364861]}