{"CLDC":[93.74999,93.82001],"DEWP":[-10.349999,-9.749999],"FRSHTT":[1100000,1100000],"PRCP":[0.009999999,0.009999999],"SLP":[1030.7001,1030.7999],"SNDP":[0,0],"STP":[993.02997,993],"TEMP":[-1.65,-1.75],"VISIB":[36.72,36.329998],"WDSP":[6.450001,6.8],"WNDDIR":[307.8,310.3],"time":[1549364861,1549364918]}