{"CLDC":[53.309998,53.690002],"DEWP":[-14.88,-15.35],"FRSHTT":[1000000,1000000],"PRCP":[0,0],"SLP":[1032.83,1032.8099],"SNDP":[0,0],"STP":[930.9,931],"TEMP":[-2.1,-2.15],"VISIB":[29.34,29],"WDSP":[9.339999,8.460001],"WNDDIR":[314.1,311.9],"time":[1549364859,1549364917]}