{"CLDC":[53.309998],"DEWP":[-14.88],"FRSHTT":[1000000],"PRCP":[0],"SLP":[1032.83],"SNDP":[0],"STP":[930.9],"TEMP":[-2.1],"VISIB":[29.34],"WDSP":[9.339999],"WNDDIR":[314.1],"time":[1549364859]}