{"CLDC":[17.220001],"DEWP":[-10.16],"FRSHTT":[1000000],"PRCP":[0],"SLP":[933.13],"SNDP":[0],"STP":[917.5],"TEMP":[-2.6],"VISIB":[27.2],"WDSP":[7.7299995],"WNDDIR":[344.3],"time":[1549364855]}