{"CLDC":[23.01],"DEWP":[-14.379999],"FRSHTT":[1000000],"PRCP":[0],"SLP":[815.69006],"SNDP":[0],"STP":[818.7999],"TEMP":[-4],"VISIB":[32.69],"WDSP":[12.749999],"WNDDIR":[291.1],"time":[1549364861]}