{"CLDC":[52.03,51.799995],"DEWP":[-16.050001,-16.2],"FRSHTT":[1000000,1000000],"PRCP":[0,0],"SLP":[1009.92004,1010.1],"SNDP":[0,0],"STP":[983.12,983.1],"TEMP":[-2.65,-2.78],"VISIB":[30.26,30.95],"WDSP":[13.83,15.039999],"WNDDIR":[166.1,165.1],"time":[1549364859,1549364917]}