{"CLDC":[52.03],"DEWP":[-16.050001],"FRSHTT":[1000000],"PRCP":[0],"SLP":[1009.92004],"SNDP":[0],"STP":[983.12],"TEMP":[-2.65],"VISIB":[30.26],"WDSP":[13.83],"WNDDIR":[166.1],"time":[1549364859]}