{"CLDC":[91.90001],"DEWP":[-17.66],"FRSHTT":[1100000],"PRCP":[0.019999998],"SLP":[1032.32],"SNDP":[0],"STP":[1001.1],"TEMP":[-10.48],"VISIB":[14.470001],"WDSP":[25.189999],"WNDDIR":[111.3],"time":[1549364859]}