{"CLDC":[27.090002,27.240002],"DEWP":[-11.399999,-11.08],"FRSHTT":[0,0],"PRCP":[0,0],"SLP":[1029.5,1029.5],"SNDP":[0,0],"STP":[918.72003,918.7899],"TEMP":[0.34,0.49999994],"VISIB":[29.529999,29.230001],"WDSP":[7.4300003,7.66],"WNDDIR":[302.1,299.7],"time":[1549364856,1549364916]}