{"CLDC":[20.54,20.51],"DEWP":[-13.2,-12.92],"FRSHTT":[1000000,1000000],"PRCP":[0,0],"SLP":[1030.2999,1030.2999],"SNDP":[0,0],"STP":[863.7999,863.7999],"TEMP":[-2.1200001,-2.1200001],"VISIB":[30.05,29.74],"WDSP":[14.009999,13.88],"WNDDIR":[1.5,0.9],"time":[1549364855,1549364915]}