{"CLDC":[71.01],"DEWP":[-17.350002],"FRSHTT":[1000000],"PRCP":[0],"SLP":[850.6],"SNDP":[0],"STP":[844.2001],"TEMP":[-5.2200003],"VISIB":[49.630005],"WDSP":[11.119999],"WNDDIR":[330.8],"time":[1549364855]}