{"CLDC":[76.31,76.270004],"DEWP":[-13.460001,-13.6],"FRSHTT":[1000000,1000000],"PRCP":[0,0],"SLP":[1032.0999,1032.2001],"SNDP":[0,0],"STP":[939.2999,939.22003],"TEMP":[-2.3700001,-2.38],"VISIB":[39.9,40.600002],"WDSP":[12.450001,11.890001],"WNDDIR":[156.5,152.9],"time":[1549364855,1549364915]}