{"CLDC":[76.31],"DEWP":[-13.460001],"FRSHTT":[1000000],"PRCP":[0],"SLP":[1032.0999],"SNDP":[0],"STP":[939.2999],"TEMP":[-2.3700001],"VISIB":[39.9],"WDSP":[12.450001],"WNDDIR":[156.5],"time":[1549364855]}