{"CLDC":[95.509995],"DEWP":[-15.160001],"FRSHTT":[1000000],"PRCP":[0],"SLP":[1032.7001],"SNDP":[0],"STP":[904.2001],"TEMP":[-3.7199998],"VISIB":[27.669998],"WDSP":[10.82],"WNDDIR":[203.9],"time":[1549364860]}