{"CLDC":[95.509995,95.509995],"DEWP":[-15.160001,-15.05],"FRSHTT":[1000000,1000000],"PRCP":[0,0],"SLP":[1032.7001,1032.7001],"SNDP":[0,0],"STP":[904.2001,904.06006],"TEMP":[-3.7199998,-4.05],"VISIB":[27.669998,27.9],"WDSP":[10.82,10.219999],"WNDDIR":[203.9,201.9],"time":[1549364860,1549364918]}