{"CLDC":[61.02],"DEWP":[-12.839999],"FRSHTT":[1000000],"PRCP":[0],"SLP":[1000.39],"SNDP":[0],"STP":[983.4699],"TEMP":[-9.05],"VISIB":[5.82],"WDSP":[7.8700004],"WNDDIR":[75.2],"time":[1549364857]}