{"CLDC":[56.180004,56.269997],"DEWP":[-18.08,-17.36],"FRSHTT":[1000000,1000000],"PRCP":[0,0],"SLP":[725.63007,725.94995],"SNDP":[0,0],"STP":[725.7999,725.7399],"TEMP":[-3.0500002,-3.1],"VISIB":[27.26,27.819998],"WDSP":[12.709999,12.87],"WNDDIR":[217.5,220.3],"time":[1549364859,1549364918]}