{"CLDC":[50.07],"DEWP":[-19.58],"FRSHTT":[1100000],"PRCP":[0.009999999],"SLP":[1002.79004],"SNDP":[0],"STP":[996.15],"TEMP":[-7.85],"VISIB":[30.260004],"WDSP":[4.73],"WNDDIR":[157],"time":[1549364858]}