{"CLDC":[9.76,9.880001],"DEWP":[-11.440001,-11.860001],"FRSHTT":[1000000,1000000],"PRCP":[0,0],"SLP":[1031.2999,1031.2999],"SNDP":[0,0],"STP":[880.7999,880.7001],"TEMP":[-1.2800001,-1.3],"VISIB":[26.040003,26.27],"WDSP":[6.33,7.0699997],"WNDDIR":[354.2,357.4],"time":[1549364857,1549364916]}