{"CLDC":[28.429998],"DEWP":[-10.539999],"FRSHTT":[0],"PRCP":[0],"SLP":[925.12],"SNDP":[0],"STP":[921.7999],"TEMP":[6.0799994],"VISIB":[65.97],"WDSP":[7.1700006],"WNDDIR":[83.8],"time":[1549364857]}