{"CLDC":[72.72],"DEWP":[-31.899998],"FRSHTT":[1000000],"PRCP":[0],"SLP":[1019.7999],"SNDP":[0],"STP":[945.4],"TEMP":[-12.200002],"VISIB":[51.710003],"WDSP":[6.1],"WNDDIR":[81.7],"time":[1549364856]}