{"CLDC":[77.9,77.74],"DEWP":[-14.660001,-14.9],"FRSHTT":[1000000,1000000],"PRCP":[0,0],"SLP":[800.6601,800.36993],"SNDP":[0,0],"STP":[802,802.10004],"TEMP":[-5.35,-5.34],"VISIB":[26.070002,25.76],"WDSP":[10.51,10.33],"WNDDIR":[283.2,284.8],"time":[1549364856,1549364916]}