{"CLDC":[77.9],"DEWP":[-14.660001],"FRSHTT":[1000000],"PRCP":[0],"SLP":[800.6601],"SNDP":[0],"STP":[802],"TEMP":[-5.35],"VISIB":[26.070002],"WDSP":[10.51],"WNDDIR":[283.2],"time":[1549364856]}