{"CLDC":[72.72,72.619995],"DEWP":[-31.899998,-31.899998],"FRSHTT":[1000000,1000000],"PRCP":[0,0],"SLP":[1019.7999,1019.7999],"SNDP":[0,0],"STP":[945.4,945.4],"TEMP":[-12.200002,-12.050001],"VISIB":[51.710003,52.310005],"WDSP":[6.1,6.14],"WNDDIR":[81.7,82.2],"time":[1549364856,1549364916]}