{"CLDC":[7.29,8.039999],"DEWP":[-18.499998,-18.679998],"FRSHTT":[1000000,1000000],"PRCP":[0,0],"SLP":[719.2201,719.7599],"SNDP":[0,0],"STP":[723.97003,723.98],"TEMP":[-1.15,-1.0899999],"VISIB":[24.670002,24.88],"WDSP":[12.9800005,14.49],"WNDDIR":[29.6,26.6],"time":[1549364860,1549364918]}