{"CLDC":[50.120003],"DEWP":[-16.14],"FRSHTT":[1100000],"PRCP":[0.009999999],"SLP":[727.92993],"SNDP":[0],"STP":[725.42],"TEMP":[-2.9600003],"VISIB":[26.220001],"WDSP":[6.6899996],"WNDDIR":[13.5],"time":[1549364859]}