{"CLDC":[59.28,59.65],"DEWP":[-16.649998,-16.649998],"FRSHTT":[1000000,1000000],"PRCP":[0,0],"SLP":[676.2999,676.2001],"SNDP":[0,0],"STP":[676.60004,676.60004],"TEMP":[-5.6499996,-5.6799994],"VISIB":[24.76,24.409998],"WDSP":[12.17,12.719999],"WNDDIR":[240.7,241.2],"time":[1549364859,1549364917]}