{"CLDC":[59.28],"DEWP":[-16.649998],"FRSHTT":[1000000],"PRCP":[0],"SLP":[676.2999],"SNDP":[0],"STP":[676.60004],"TEMP":[-5.6499996],"VISIB":[24.76],"WDSP":[12.17],"WNDDIR":[240.7],"time":[1549364859]}