{"CLDC":[20.01,19.859999],"DEWP":[-16.03,-15.65],"FRSHTT":[1000000,1000000],"PRCP":[0,0],"SLP":[714.69006,714.80994],"SNDP":[0,0],"STP":[717,717.10004],"TEMP":[-4.8500004,-4.82],"VISIB":[20.369999,20.69],"WDSP":[6.0099993,5.8900003],"WNDDIR":[285.3,287.1],"time":[1549364858,1549364917]}