{"CLDC":[20.01],"DEWP":[-16.03],"FRSHTT":[1000000],"PRCP":[0],"SLP":[714.69006],"SNDP":[0],"STP":[717],"TEMP":[-4.8500004],"VISIB":[20.369999],"WDSP":[6.0099993],"WNDDIR":[285.3],"time":[1549364858]}