{"CLDC":[73.23,73.16],"DEWP":[-21.460003,-21.580002],"FRSHTT":[1100000,1100000],"PRCP":[0.009999999,0.009999999],"SLP":[745.67004,745.6401],"SNDP":[0,0],"STP":[745.89996,745.89996],"TEMP":[-12.720001,-12.480001],"VISIB":[25.919998,26.070002],"WDSP":[17.66,17.53],"WNDDIR":[300.1,298.2],"time":[1549364857,1549364916]}