{"CLDC":[73.23],"DEWP":[-21.460003],"FRSHTT":[1100000],"PRCP":[0.009999999],"SLP":[745.67004],"SNDP":[0],"STP":[745.89996],"TEMP":[-12.720001],"VISIB":[25.919998],"WDSP":[17.66],"WNDDIR":[300.1],"time":[1549364857]}