{"CLDC":[54.57],"DEWP":[-15.7],"FRSHTT":[1000000],"PRCP":[0],"SLP":[755.60004],"SNDP":[0],"STP":[753.5],"TEMP":[-0.39000002],"VISIB":[27.090002],"WDSP":[7.46],"WNDDIR":[38.4],"time":[1549364861]}