{"CLDC":[83.72001],"DEWP":[-18.420002],"FRSHTT":[1000000],"PRCP":[0],"SLP":[694.83997],"SNDP":[0],"STP":[697.98],"TEMP":[-4.0800004],"VISIB":[19.34],"WDSP":[9.51],"WNDDIR":[317.1],"time":[1549364860]}