{"CLDC":[63.99,63.879997],"DEWP":[-13.42,-13.08],"FRSHTT":[1000000,1000000],"PRCP":[0,0],"SLP":[765.7301,765.46],"SNDP":[0,0],"STP":[767,767.10004],"TEMP":[-1.1999999,-1.1200001],"VISIB":[25.23,25.060001],"WDSP":[5.67,6.1400003],"WNDDIR":[46.4,46.9],"time":[1549364860,1549364918]}