{"CLDC":[87.48,87.14],"DEWP":[-11.419999,-11],"FRSHTT":[0,0],"PRCP":[0,0],"SLP":[780.60004,780.60004],"SNDP":[0,0],"STP":[772.5,772.5],"TEMP":[0.68000007,0.56000006],"VISIB":[16.4,16.18],"WDSP":[5.0400004,4.9799995],"WNDDIR":[112.7,113.4],"time":[1549364859,1549364918]}