{"CLDC":[87.48],"DEWP":[-11.419999],"FRSHTT":[0],"PRCP":[0],"SLP":[780.60004],"SNDP":[0],"STP":[772.5],"TEMP":[0.68000007],"VISIB":[16.4],"WDSP":[5.0400004],"WNDDIR":[112.7],"time":[1549364859]}