{"CLDC":[18.780003],"DEWP":[-18.66],"FRSHTT":[1000000],"PRCP":[0],"SLP":[996.49005],"SNDP":[0],"STP":[1000.4],"TEMP":[-9.249999],"VISIB":[27.429998],"WDSP":[20.18],"WNDDIR":[305.8],"time":[1549364856]}