{"CLDC":[50.170002],"DEWP":[-14.8],"FRSHTT":[1100000],"PRCP":[0.009999999],"SLP":[729.2899],"SNDP":[0],"STP":[724.60004],"TEMP":[-2.3799999],"VISIB":[27.460001],"WDSP":[10.719999],"WNDDIR":[89.2],"time":[1549364861]}