{"CLDC":[78.28],"DEWP":[-11.9],"FRSHTT":[1000000],"PRCP":[0],"SLP":[788.93],"SNDP":[0],"STP":[811.7999],"TEMP":[-6.6399994],"VISIB":[17.930002],"WDSP":[6.3900003],"WNDDIR":[29.2],"time":[1549364859]}