{"CLDC":[89.62,89.56999],"DEWP":[-10.120001,-10.280001],"FRSHTT":[1100000,1100000],"PRCP":[0.009999999,0.009999999],"SLP":[778.60004,778.60004],"SNDP":[0,0],"STP":[778.10004,778],"TEMP":[-3.7599998,-3.7499995],"VISIB":[16.98,16.530003],"WDSP":[13.2300005,13.15],"WNDDIR":[122.8,125.9],"time":[1549364859,1549364917]}