{"CLDC":[6.96],"DEWP":[-17.45],"FRSHTT":[1000000],"PRCP":[0],"SLP":[1034.2999],"SNDP":[0],"STP":[966.39],"TEMP":[-13.460001],"VISIB":[29.76],"WDSP":[10.420001],"WNDDIR":[345.5],"time":[1549364860]}