{"CLDC":[6.96,6.750001],"DEWP":[-17.45,-16.930002],"FRSHTT":[1000000,1000000],"PRCP":[0,0],"SLP":[1034.2999,1034.2999],"SNDP":[0,0],"STP":[966.39,966.5],"TEMP":[-13.460001,-13.460001],"VISIB":[29.76,29.76],"WDSP":[10.420001,10.900002],"WNDDIR":[345.5,342.4],"time":[1549364860,1549364918]}