{"CLDC":[48.52,48.289997],"DEWP":[-16.990002,-17.419998],"FRSHTT":[1000000,1000000],"PRCP":[0,0],"SLP":[1032.5,1032.5],"SNDP":[0,0],"STP":[904.91,904.8499],"TEMP":[-8.660001,-8.6],"VISIB":[29.570002,29.590002],"WDSP":[16.66,17.189999],"WNDDIR":[217.4,217.3],"time":[1549364855,1549364915]}