{"CLDC":[67.31999,67.45],"DEWP":[-18.490002,-17.98],"FRSHTT":[1100000,1100000],"PRCP":[0.009999999,0.009999999],"SLP":[1035.9001,1035.99],"SNDP":[0,0],"STP":[919.93,919.9],"TEMP":[-14.309999,-14.280001],"VISIB":[30.38,29.75],"WDSP":[8.79,8.889999],"WNDDIR":[41.8,45.1],"time":[1549364860,1549364918]}