{"CLDC":[50.05,50.010002],"DEWP":[-16.34,-16.140001],"FRSHTT":[1010000,1010000],"PRCP":[0,0],"SLP":[849.50995,849.7601],"SNDP":[2.1000001,2.1000001],"STP":[851,851],"TEMP":[-6.65,-6.72],"VISIB":[28.61,28.680002],"WDSP":[17.939999,17.439999],"WNDDIR":[330.4,333.6],"time":[1549364858,1549364916]}