{"CLDC":[50.05],"DEWP":[-16.34],"FRSHTT":[1010000],"PRCP":[0],"SLP":[849.50995],"SNDP":[2.1000001],"STP":[851],"TEMP":[-6.65],"VISIB":[28.61],"WDSP":[17.939999],"WNDDIR":[330.4],"time":[1549364858]}