{"CLDC":[44.809994],"DEWP":[-16.820002],"FRSHTT":[1000000],"PRCP":[0],"SLP":[1032.2999],"SNDP":[0],"STP":[919.6],"TEMP":[-9.220001],"VISIB":[28.779999],"WDSP":[19.570002],"WNDDIR":[324.1],"time":[1549364856]}