{"CLDC":[80.31],"DEWP":[-16.060001],"FRSHTT":[1000000],"PRCP":[0],"SLP":[1032.2001],"SNDP":[0],"STP":[911.05],"TEMP":[-7.1],"VISIB":[27.419998],"WDSP":[10.689999],"WNDDIR":[111.1],"time":[1549364859]}