{"CLDC":[97.94],"DEWP":[-14.460001],"FRSHTT":[1100000],"PRCP":[0.009999999],"SLP":[1033.6799],"SNDP":[0],"STP":[963.7001],"TEMP":[-5.9700003],"VISIB":[29.24],"WDSP":[11.169999],"WNDDIR":[307.5],"time":[1549364858]}