{"CLDC":[97.94,97.77],"DEWP":[-14.460001,-14.4],"FRSHTT":[1100000,1100000],"PRCP":[0.009999999,0.009999999],"SLP":[1033.6799,1033.5999],"SNDP":[0,0],"STP":[963.7001,963.7001],"TEMP":[-5.9700003,-5.9400005],"VISIB":[29.24,28.52],"WDSP":[11.169999,10.7699995],"WNDDIR":[307.5,308.5],"time":[1549364858,1549364917]}