{"CLDC":[3.95],"DEWP":[-15.359999],"FRSHTT":[1000000],"PRCP":[0],"SLP":[1028.4001],"SNDP":[0],"STP":[885.25],"TEMP":[-9.5199995],"VISIB":[30.230001],"WDSP":[15.25],"WNDDIR":[164.8],"time":[1549364857]}