{"CLDC":[3.95,4.25],"DEWP":[-15.359999,-15.359999],"FRSHTT":[1000000,1000000],"PRCP":[0,0],"SLP":[1028.4001,1028.41],"SNDP":[0,0],"STP":[885.25,885.2999],"TEMP":[-9.5199995,-9.609999],"VISIB":[30.230001,30.869999],"WDSP":[15.25,16.23],"WNDDIR":[164.8,165.6],"time":[1549364857,1549364916]}