{"CLDC":[91.90001,92.200005],"DEWP":[-10.76,-10.339999],"FRSHTT":[0,0],"PRCP":[0,0],"SLP":[1017.4,1017.4],"SNDP":[0,0],"STP":[992.99005,992.9],"TEMP":[3.22,3.1799998],"VISIB":[9.46,9.249999],"WDSP":[10.01,10.48],"WNDDIR":[16.5,17.5],"time":[1549364859,1549364917]}