{"CLDC":[91.90001],"DEWP":[-10.76],"FRSHTT":[0],"PRCP":[0],"SLP":[1017.4],"SNDP":[0],"STP":[992.99005],"TEMP":[3.22],"VISIB":[9.46],"WDSP":[10.01],"WNDDIR":[16.5],"time":[1549364859]}