{"CLDC":[51.859997,51.690002],"DEWP":[-16.939999,-17.09],"FRSHTT":[1000000,1000000],"PRCP":[0,0],"SLP":[1030.7999,1030.9001],"SNDP":[0,0],"STP":[975.6,975.7899],"TEMP":[-5.4199996,-5.46],"VISIB":[14.410001,13.93],"WDSP":[10.539999,11.139999],"WNDDIR":[90.8,93.5],"time":[1549364858,1549364917]}