{"CLDC":[51.859997],"DEWP":[-16.939999],"FRSHTT":[1000000],"PRCP":[0],"SLP":[1030.7999],"SNDP":[0],"STP":[975.6],"TEMP":[-5.4199996],"VISIB":[14.410001],"WDSP":[10.539999],"WNDDIR":[90.8],"time":[1549364858]}