{"CLDC":[63.839996,64.06999],"DEWP":[-14.8,-14.7],"FRSHTT":[1000000,1000000],"PRCP":[0,0],"SLP":[1032.2001,1032.2001],"SNDP":[0,0],"STP":[981.30994,981.42004],"TEMP":[-1.9900001,-2.1000001],"VISIB":[23.26,23.590002],"WDSP":[9.910001,9.360001],"WNDDIR":[358.3,356.9],"time":[1549364855,1549364915]}