{"CLDC":[73.23,73.3],"DEWP":[-14.55,-14.85],"FRSHTT":[1100000,1100000],"PRCP":[0.009999999,0.009999999],"SLP":[1031.7999,1031.83],"SNDP":[0,0],"STP":[895.5,895.5],"TEMP":[-2.81,-2.75],"VISIB":[26.689999,26.289999],"WDSP":[9.370001,8.82],"WNDDIR":[53.8,50.5],"time":[1549364861,1549364919]}