{"CLDC":[77.920006],"DEWP":[-20.919998],"FRSHTT":[1000000],"PRCP":[0],"SLP":[1029.97],"SNDP":[0],"STP":[970.2001],"TEMP":[-12.080001],"VISIB":[27.45],"WDSP":[11.72],"WNDDIR":[192],"time":[1549364860]}