{"CLDC":[4.0299997],"DEWP":[-14.7300005],"FRSHTT":[1000000],"PRCP":[0],"SLP":[1032.5],"SNDP":[0],"STP":[937.1],"TEMP":[-3.3],"VISIB":[17.77],"WDSP":[2.68],"WNDDIR":[286.6],"time":[1549364860]}