{"CLDC":[4.0299997,4.1099997],"DEWP":[-14.7300005,-14.7300005],"FRSHTT":[1000000,1000000],"PRCP":[0,0],"SLP":[1032.5,1032.5],"SNDP":[0,0],"STP":[937.1,937.22003],"TEMP":[-3.3,-3.35],"VISIB":[17.77,17.08],"WDSP":[2.68,2.6700003],"WNDDIR":[286.6,287.4],"time":[1549364860,1549364918]}