{"CLDC":[0.41000003],"DEWP":[-16.060001],"FRSHTT":[1000000],"PRCP":[0],"SLP":[1030.49],"SNDP":[0],"STP":[982.2999],"TEMP":[-4.9800005],"VISIB":[23.259998],"WDSP":[6.04],"WNDDIR":[54],"time":[1549364859]}