{"CLDC":[95.45,95.310005],"DEWP":[-11.659999,-12.039999],"FRSHTT":[1000000,1000000],"PRCP":[0,0],"SLP":[1030.3099,1030.2999],"SNDP":[0,0],"STP":[930.7999,930.75],"TEMP":[-0.7,-0.59000003],"VISIB":[22.679998,22.86],"WDSP":[6.9600005,7.0399995],"WNDDIR":[204,207.5],"time":[1549364856,1549364916]}