{"CLDC":[95.45],"DEWP":[-11.659999],"FRSHTT":[1000000],"PRCP":[0],"SLP":[1030.3099],"SNDP":[0],"STP":[930.7999],"TEMP":[-0.7],"VISIB":[22.679998],"WDSP":[6.9600005],"WNDDIR":[204],"time":[1549364856]}