{"CLDC":[50.180004],"DEWP":[-13.429998],"FRSHTT":[1100000],"PRCP":[0.009999999],"SLP":[1028.7999],"SNDP":[0],"STP":[975.4],"TEMP":[-2.06],"VISIB":[17.94],"WDSP":[8.83],"WNDDIR":[133.1],"time":[1549364860]}