{"CLDC":[50.180004,50.339996],"DEWP":[-13.429998,-13.0199995],"FRSHTT":[1100000,1100000],"PRCP":[0.009999999,0.009999999],"SLP":[1028.7999,1028.8301],"SNDP":[0,0],"STP":[975.4,975.4],"TEMP":[-2.06,-1.6600001],"VISIB":[17.94,17.97],"WDSP":[8.83,8.360001],"WNDDIR":[133.1,132.9],"time":[1549364860,1549364918]}