{"CLDC":[50.060005,50.210003],"DEWP":[-10.089999,-9.429998],"FRSHTT":[100000,100000],"PRCP":[0.019999998,0.019999998],"SLP":[1027.2999,1027.2999],"SNDP":[0,0],"STP":[1024.1901,1024.2499],"TEMP":[1.9,1.86],"VISIB":[11.950001,12.079999],"WDSP":[6.1099997,5.5899997],"WNDDIR":[258.2,262.8],"time":[1549364860,1549364918]}