{"CLDC":[50.060005],"DEWP":[-10.089999],"FRSHTT":[100000],"PRCP":[0.019999998],"SLP":[1027.2999],"SNDP":[0],"STP":[1024.1901],"TEMP":[1.9],"VISIB":[11.950001],"WDSP":[6.1099997],"WNDDIR":[258.2],"time":[1549364860]}