{"CLDC":[20.48,20.580002],"DEWP":[-11.92,-12.06],"FRSHTT":[1000000,1000000],"PRCP":[0,0],"SLP":[1029.46,1029.5999],"SNDP":[0,0],"STP":[973.38,973.3499],"TEMP":[0.16,0.16],"VISIB":[19.74,19.15],"WDSP":[10.870001,10.46],"WNDDIR":[8.2,10.8],"time":[1549364858,1549364917]}