{"CLDC":[19.54],"DEWP":[-13.55],"FRSHTT":[1000000],"PRCP":[0],"SLP":[1030],"SNDP":[0],"STP":[910],"TEMP":[-1.7299999],"VISIB":[21.76],"WDSP":[7.8200006],"WNDDIR":[41.2],"time":[1549364858]}