{"CLDC":[50.09,50.04],"DEWP":[-11.22,-11.7699995],"FRSHTT":[100000,100000],"PRCP":[0.009999999,0.009999999],"SLP":[1028.95,1028.9001],"SNDP":[0,0],"STP":[876.2001,876.2999],"TEMP":[0.3,0.3],"VISIB":[18.329998,17.78],"WDSP":[4.8199997,5.1299996],"WNDDIR":[48.6,48],"time":[1549364857,1549364916]}