{"CLDC":[50.09],"DEWP":[-11.22],"FRSHTT":[100000],"PRCP":[0.009999999],"SLP":[1028.95],"SNDP":[0],"STP":[876.2001],"TEMP":[0.3],"VISIB":[18.329998],"WDSP":[4.8199997],"WNDDIR":[48.6],"time":[1549364857]}