{"CLDC":[98.59999,98.54],"DEWP":[-10.62,-10.659999],"FRSHTT":[1000000,1000000],"PRCP":[0,0],"SLP":[1030,1030.09],"SNDP":[0,0],"STP":[974.9801,974.7999],"TEMP":[-0.9,-0.9599999],"VISIB":[19.65,19.97],"WDSP":[7.44,6.7799997],"WNDDIR":[134.5,137],"time":[1549364855,1549364915]}