{"CLDC":[62.530006,62.559998],"DEWP":[-11.16,-11.440001],"FRSHTT":[1100000,1100000],"PRCP":[0.009999999,0.009999999],"SLP":[1028.7001,1028.7001],"SNDP":[0,0],"STP":[987.2001,987.2999],"TEMP":[-0.020000005,-0.26000002],"VISIB":[11.29,10.549999],"WDSP":[8.39,8.200001],"WNDDIR":[299,300],"time":[1549364855,1549364915]}