{"CLDC":[62.530006],"DEWP":[-11.16],"FRSHTT":[1100000],"PRCP":[0.009999999],"SLP":[1028.7001],"SNDP":[0],"STP":[987.2001],"TEMP":[-0.020000005],"VISIB":[11.29],"WDSP":[8.39],"WNDDIR":[299],"time":[1549364855]}