{"CLDC":[75.95,75.90001],"DEWP":[-14.300001,-13.8],"FRSHTT":[1100000,1100000],"PRCP":[0.009999999,0.009999999],"SLP":[1028.0999,1028.0199],"SNDP":[0,0],"STP":[974.62,974.35],"TEMP":[-1.2800001,-1.2199999],"VISIB":[22.66,23.38],"WDSP":[5.78,5.9100003],"WNDDIR":[245.3,242.1],"time":[1549364861,1549364919]}