{"CLDC":[11.940001],"DEWP":[-9.71],"FRSHTT":[0],"PRCP":[0],"SLP":[1029.5],"SNDP":[0],"STP":[936.5],"TEMP":[0.65],"VISIB":[13.059999],"WDSP":[7.81],"WNDDIR":[53.3],"time":[1549364858]}