{"CLDC":[59.1],"DEWP":[-10.12],"FRSHTT":[100000],"PRCP":[0.009999999],"SLP":[1028.5],"SNDP":[0],"STP":[1018],"TEMP":[0.87999994],"VISIB":[13.030001],"WDSP":[8.8],"WNDDIR":[309.1],"time":[1549364857]}