{"CLDC":[59.1,59.200005],"DEWP":[-10.12,-10.16],"FRSHTT":[100000,100000],"PRCP":[0.009999999,0.009999999],"SLP":[1028.5,1028.4001],"SNDP":[0,0],"STP":[1018,1018],"TEMP":[0.87999994,0.74000007],"VISIB":[13.030001,13.229999],"WDSP":[8.8,8.88],"WNDDIR":[309.1,307.6],"time":[1549364857,1549364916]}