{"CLDC":[18.22],"DEWP":[-14.88],"FRSHTT":[0],"PRCP":[0],"SLP":[1017.95996],"SNDP":[0],"STP":[993.82996],"TEMP":[6.1000004],"VISIB":[16.61],"WDSP":[9.320001],"WNDDIR":[100.5],"time":[1549364856]}