{"CLDC":[50.22,50.24],"DEWP":[-6.7300005,-7.0600004],"FRSHTT":[100000,100000],"PRCP":[0.019999998,0.019999998],"SLP":[1027,1027],"SNDP":[0,0],"STP":[1031,1031],"TEMP":[2.8500001,2.7400002],"VISIB":[13.17,13.039999],"WDSP":[9.08,9.47],"WNDDIR":[223,225.6],"time":[1549364855,1549364915]}