{"CLDC":[50.13,50.359997],"DEWP":[-8.48,-8.48],"FRSHTT":[100000,100000],"PRCP":[0.009999999,0.009999999],"SLP":[1027.9001,1027.9001],"SNDP":[0,0],"STP":[907.2999,907.36993],"TEMP":[1.1499999,1.0999999],"VISIB":[21.78,20.53],"WDSP":[6.12,6.06],"WNDDIR":[302.6,299.8],"time":[1549364860,1549364918]}