{"CLDC":[50.13],"DEWP":[-8.48],"FRSHTT":[100000],"PRCP":[0.009999999],"SLP":[1027.9001],"SNDP":[0],"STP":[907.2999],"TEMP":[1.1499999],"VISIB":[21.78],"WDSP":[6.12],"WNDDIR":[302.6],"time":[1549364860]}