{"CLDC":[50.02,50.090004],"DEWP":[-9.570002,-10.11],"FRSHTT":[1100000,1100000],"PRCP":[0.009999999,0.009999999],"SLP":[1027.5999,1027.5999],"SNDP":[0,0],"STP":[959.54004,959.5199],"TEMP":[0.020000001,0.08],"VISIB":[21.949999,21.439999],"WDSP":[7.6299996,7.04],"WNDDIR":[339.7,342.6],"time":[1549364860,1549364918]}