{"CLDC":[50.160004],"DEWP":[-6.97],"FRSHTT":[100000],"PRCP":[0.019999998],"SLP":[1027.51],"SNDP":[0],"STP":[953.9],"TEMP":[1.72],"VISIB":[13.629999],"WDSP":[8.19],"WNDDIR":[125.8],"time":[1549364859]}