{"CLDC":[89.01],"DEWP":[-8.64],"FRSHTT":[100000],"PRCP":[0.009999999],"SLP":[1026.7999],"SNDP":[0],"STP":[1021.4],"TEMP":[2.5400002],"VISIB":[15.259999],"WDSP":[6.62],"WNDDIR":[23.8],"time":[1549364858]}