{"CLDC":[57.150005,57.650005],"DEWP":[-15.349998,-15.92],"FRSHTT":[1000000,1000000],"PRCP":[0,0],"SLP":[1015.6,1015.57996],"SNDP":[0,0],"STP":[1032.31,1030.6399],"TEMP":[-2.7599998,-2.7500002],"VISIB":[14.330002,14.7699995],"WDSP":[9.83,9.41],"WNDDIR":[204.5,206.7],"time":[1549364857,1549364916]}