{"CLDC":[57.150005],"DEWP":[-15.349998],"FRSHTT":[1000000],"PRCP":[0],"SLP":[1015.6],"SNDP":[0],"STP":[1032.31],"TEMP":[-2.7599998],"VISIB":[14.330002],"WDSP":[9.83],"WNDDIR":[204.5],"time":[1549364857]}