{"CLDC":[77.78001],"DEWP":[-18.419998],"FRSHTT":[1000000],"PRCP":[0],"SLP":[1026.7999],"SNDP":[0],"STP":[1015.2001],"TEMP":[-7.12],"VISIB":[25.829998],"WDSP":[11.49],"WNDDIR":[301.9],"time":[1549364860]}