{"CLDC":[50.29],"DEWP":[-16.350002],"FRSHTT":[1100000],"PRCP":[0.009999999],"SLP":[1028.2999],"SNDP":[0],"STP":[997.80994],"TEMP":[-5.62],"VISIB":[29.73],"WDSP":[9.1],"WNDDIR":[65.1],"time":[1549364860]}