{"CLDC":[50.29,50.140003],"DEWP":[-16.350002,-16.350002],"FRSHTT":[1100000,1100000],"PRCP":[0.009999999,0.009999999],"SLP":[1028.2999,1028.27],"SNDP":[0,0],"STP":[997.80994,997.73],"TEMP":[-5.62,-5.63],"VISIB":[29.73,29.75],"WDSP":[9.1,8.51],"WNDDIR":[65.1,65.4],"time":[1549364860,1549364918]}