{"CLDC":[35.120003,35.080006],"DEWP":[-16.039999,-15.8],"FRSHTT":[1000000,1000000],"PRCP":[0,0],"SLP":[1023.5,1023.6],"SNDP":[0,0],"STP":[1026.5199,1026.52],"TEMP":[-9.73,-9.74],"VISIB":[18.869999,18.68],"WDSP":[13.6,13.390001],"WNDDIR":[123.2,123.8],"time":[1549364857,1549364916]}