{"CLDC":[50.180004,50.100002],"DEWP":[-16.949999,-17.2],"FRSHTT":[1100000,1100000],"PRCP":[0.009999999,0.009999999],"SLP":[1024.5,1024.5],"SNDP":[0,0],"STP":[1009.7499,1009.36993],"TEMP":[-11.839999,-11.799999],"VISIB":[8.1,7.44],"WDSP":[7.16,7.3700004],"WNDDIR":[214.5,211.6],"time":[1549364857,1549364916]}