{"CLDC":[63.379997],"DEWP":[-16.400002],"FRSHTT":[1100000],"PRCP":[0.009999999],"SLP":[1032.9801],"SNDP":[0],"STP":[935],"TEMP":[-12.08],"VISIB":[27.85],"WDSP":[11.49],"WNDDIR":[308.5],"time":[1549364855]}