{"CLDC":[98.76,98.5],"DEWP":[-19.119999,-18.76],"FRSHTT":[1000000,1000000],"PRCP":[0,0],"SLP":[1029.9001,1029.7999],"SNDP":[0,0],"STP":[976,976],"TEMP":[-9.38,-9.500001],"VISIB":[24.12,24.51],"WDSP":[10.360001,10.51],"WNDDIR":[316.8,317.8],"time":[1549364861,1549364919]}