{"CLDC":[84.05,84.66],"DEWP":[-18.879997,-18.88],"FRSHTT":[1000000,1000000],"PRCP":[0,0],"SLP":[1026.9001,1027],"SNDP":[0,0],"STP":[1020.4699,1020.4],"TEMP":[-9.25,-9.2],"VISIB":[24.369999,23.75],"WDSP":[12.85,12.429999],"WNDDIR":[136.4,142.2],"time":[1549364860,1549364918]}