{"CLDC":[50.150005,50.1],"DEWP":[-14.6,-14.4800005],"FRSHTT":[1100000,1100000],"PRCP":[0.009999999,0.009999999],"SLP":[1026.2999,1026.2999],"SNDP":[0,0],"STP":[1014.1,1014.1],"TEMP":[-9.139999,-9.059999],"VISIB":[11.320001,11.219999],"WDSP":[11.159999,11.289999],"WNDDIR":[90.2,91.1],"time":[1549364859,1549364918]}