{"CLDC":[88.11999],"DEWP":[-14.950002],"FRSHTT":[1000000],"PRCP":[0],"SLP":[1011.88995],"SNDP":[0],"STP":[988.02],"TEMP":[-6.0800004],"VISIB":[27.37],"WDSP":[24.52],"WNDDIR":[266.9],"time":[1549364859]}