{"CLDC":[88.11999,87.95],"DEWP":[-14.950002,-15.160001],"FRSHTT":[1000000,1000000],"PRCP":[0,0],"SLP":[1011.88995,1012.1],"SNDP":[0,0],"STP":[988.02,986.18994],"TEMP":[-6.0800004,-6.0200005],"VISIB":[27.37,27.85],"WDSP":[24.52,23.52],"WNDDIR":[266.9,268.4],"time":[1549364859,1549364917]}