{"CLDC":[1.57,1.8399999],"DEWP":[-13.05,-13.5],"FRSHTT":[1000000,1000000],"PRCP":[0,0],"SLP":[1032.5999,1032.5999],"SNDP":[0,0],"STP":[913.7999,913.7999],"TEMP":[-7.8,-7.7799997],"VISIB":[30.99,30.66],"WDSP":[12.469999,12.030001],"WNDDIR":[288,285.5],"time":[1549364856,1549364915]}