{"CLDC":[73.340004,73.46001],"DEWP":[-17.8,-17.75],"FRSHTT":[1000000,1000000],"PRCP":[0,0],"SLP":[1029.09,1029.0999],"SNDP":[0,0],"STP":[994.7201,994.57],"TEMP":[-5.4999995,-5.5600004],"VISIB":[20.12,20.14],"WDSP":[8.19,8.250001],"WNDDIR":[87.1,87.2],"time":[1549364855,1549364915]}