{"CLDC":[66.56,66.47],"DEWP":[-17.78,-17.7],"FRSHTT":[1000000,1000000],"PRCP":[0,0],"SLP":[1026.7999,1026.7999],"SNDP":[0,0],"STP":[1019.9,1019.9],"TEMP":[-8.449999,-8.379999],"VISIB":[19.749998,19.630001],"WDSP":[10.92,10.35],"WNDDIR":[121.2,123],"time":[1549364855,1549364915]}