{"CLDC":[12.55,12.589998],"DEWP":[-10.4,-10.17],"FRSHTT":[1000000,1000000],"PRCP":[0,0],"SLP":[1033.7999,1033.7999],"SNDP":[0,0],"STP":[1017.31995,1017.13995],"TEMP":[-5.82,-5.82],"VISIB":[10.67,10.800001],"WDSP":[9.209999,9.089999],"WNDDIR":[253,254.2],"time":[1549364855,1549364915]}