{"CLDC":[50.010002,50.25],"DEWP":[-12.64,-13.529999],"FRSHTT":[1100000,1100000],"PRCP":[0.009999999,0.009999999],"SLP":[1027.7001,1027.6299],"SNDP":[0,0],"STP":[1029.1901,1029.1499],"TEMP":[-7.62,-7.7100005],"VISIB":[14.17,14.280001],"WDSP":[5.9700003,6.13],"WNDDIR":[244,244.2],"time":[1549364861,1549364918]}