{"CLDC":[50.010002],"DEWP":[-12.64],"FRSHTT":[1100000],"PRCP":[0.009999999],"SLP":[1027.7001],"SNDP":[0],"STP":[1029.1901],"TEMP":[-7.62],"VISIB":[14.17],"WDSP":[5.9700003],"WNDDIR":[244],"time":[1549364861]}