{"CLDC":[34.49,34.43],"DEWP":[-20.55,-20.359999],"FRSHTT":[1000000,1000000],"PRCP":[0,0],"SLP":[1012.2999,1012.58997],"SNDP":[0,0],"STP":[1011.4699,1012.18994],"TEMP":[-13.649999,-13.74],"VISIB":[20.679998,21.48],"WDSP":[26.670002,27.52],"WNDDIR":[139.2,143.8],"time":[1549364860,1549364918]}