{"CLDC":[3.5899997,3.3199997],"DEWP":[-19.25,-18.95],"FRSHTT":[1000000,1000000],"PRCP":[0,0],"SLP":[1025,1025],"SNDP":[0,0],"STP":[1004.44006,1004.42004],"TEMP":[-10.49,-10.58],"VISIB":[19.01,18.72],"WDSP":[8.129999,9.16],"WNDDIR":[26.8,26.4],"time":[1549364859,1549364917]}