{"CLDC":[13.45,13.43],"DEWP":[-16.66,-16.5],"FRSHTT":[1000000,1000000],"PRCP":[0,0],"SLP":[1029.3099,1029.4001],"SNDP":[0,0],"STP":[1021.7699,1021.94006],"TEMP":[-3.52,-3.48],"VISIB":[28.219997,27.929998],"WDSP":[6.5699997,6.7899995],"WNDDIR":[342.4,346.3],"time":[1549364857,1549364916]}