{"CLDC":[81.5,81.90001],"DEWP":[-18.419998,-18.740002],"FRSHTT":[1000000,1000000],"PRCP":[0,0],"SLP":[1029.7999,1029.7999],"SNDP":[0,0],"STP":[978.05,977.9],"TEMP":[-8.26,-8.320001],"VISIB":[26.709997,26.909998],"WDSP":[8.290001,8.280001],"WNDDIR":[89,87.6],"time":[1549364857,1549364916]}