{"CLDC":[69.52,69.41],"DEWP":[-14.31,-14.570002],"FRSHTT":[1000000,1000000],"PRCP":[0,0],"SLP":[1027.2999,1027.2999],"SNDP":[0,0],"STP":[1021.2999,1021.2999],"TEMP":[-4.1400003,-4.2000003],"VISIB":[12.240001,12.599999],"WDSP":[12.48,12.870001],"WNDDIR":[95.7,101.4],"time":[1549364856,1549364915]}