{"CLDC":[84.520004,84.62],"DEWP":[-13.479999,-13.640001],"FRSHTT":[1000000,1000000],"PRCP":[0,0],"SLP":[1026,1026],"SNDP":[0,0],"STP":[1021.85,1022.02],"TEMP":[-6.95,-6.9],"VISIB":[12.75,12.679999],"WDSP":[8.229999,8.589999],"WNDDIR":[323.4,320.1],"time":[1549364856,1549364915]}