{"CLDC":[84.520004],"DEWP":[-13.479999],"FRSHTT":[1000000],"PRCP":[0],"SLP":[1026],"SNDP":[0],"STP":[1021.85],"TEMP":[-6.95],"VISIB":[12.75],"WDSP":[8.229999],"WNDDIR":[323.4],"time":[1549364856]}