{"CLDC":[1.0899999,1.1899999],"DEWP":[-11.459999,-11.849999],"FRSHTT":[1000000,1000000],"PRCP":[0,0],"SLP":[1002.15,1002.6501],"SNDP":[0,0],"STP":[1001.88007,1001.93],"TEMP":[-5.05,-5.04],"VISIB":[7.5699997,7.4600005],"WDSP":[10.61,9.860001],"WNDDIR":[130.5,135.4],"time":[1549364856,1549364915]}