{"CLDC":[53.889996,53.700005],"DEWP":[-12.349999,-11.860001],"FRSHTT":[1100000,1100000],"PRCP":[0.009999999,0.009999999],"SLP":[1027.2001,1027.2001],"SNDP":[0,0],"STP":[1027.24,1027.5399],"TEMP":[-6.8899994,-6.9199996],"VISIB":[14.229999,14.85],"WDSP":[4.71,4.55],"WNDDIR":[239.9,236.6],"time":[1549364861,1549364919]}