{"CLDC":[50.05],"DEWP":[-10.62],"FRSHTT":[1100000],"PRCP":[0.009999999],"SLP":[1028.0999],"SNDP":[0],"STP":[1007.36005],"TEMP":[-5.7999997],"VISIB":[13.740001],"WDSP":[3.5700002],"WNDDIR":[131.9],"time":[1549364861]}