{"CLDC":[50.05,50.46],"DEWP":[-10.62,-10.46],"FRSHTT":[1100000,1100000],"PRCP":[0.009999999,0.009999999],"SLP":[1028.0999,1028.0999],"SNDP":[0,0],"STP":[1007.36005,1007.72003],"TEMP":[-5.7999997,-5.7999997],"VISIB":[13.740001,12.8],"WDSP":[3.5700002,3.7000003],"WNDDIR":[131.9,128.5],"time":[1549364861,1549364919]}