{"CLDC":[53.889996],"DEWP":[-12.349999],"FRSHTT":[1100000],"PRCP":[0.009999999],"SLP":[1027.2001],"SNDP":[0],"STP":[1027.24],"TEMP":[-6.8899994],"VISIB":[14.229999],"WDSP":[4.71],"WNDDIR":[239.9],"time":[1549364861]}