{"CLDC":[40.030003,40.080006],"DEWP":[-15.58,-15.320002],"FRSHTT":[1000000,1000000],"PRCP":[0,0],"SLP":[1029.5999,1029.5999],"SNDP":[0,0],"STP":[1018.85,1018.67004],"TEMP":[-2.7499998,-2.5499997],"VISIB":[20.9,20.84],"WDSP":[12.609999,12.129999],"WNDDIR":[120.2,120],"time":[1549364858,1549364917]}