{"CLDC":[87.37001],"DEWP":[-14.0199995],"FRSHTT":[1000000],"PRCP":[0],"SLP":[1029.5999],"SNDP":[0],"STP":[986.5],"TEMP":[-1.85],"VISIB":[18.809998],"WDSP":[10.03],"WNDDIR":[19.5],"time":[1549364859]}