{"CLDC":[48.379997,48.409996],"DEWP":[-16.850002,-16.9],"FRSHTT":[1000000,1000000],"PRCP":[0,0],"SLP":[1029,1029],"SNDP":[0,0],"STP":[979,979],"TEMP":[-2.6999998,-2.68],"VISIB":[26.319998,26.050003],"WDSP":[5.2999997,5.9399996],"WNDDIR":[296.7,298],"time":[1549364858,1549364916]}