{"CLDC":[96.90001],"DEWP":[-15.13],"FRSHTT":[1000000],"PRCP":[0],"SLP":[1028.2999],"SNDP":[0],"STP":[1022.59],"TEMP":[-3.56],"VISIB":[28.48],"WDSP":[5.4800005],"WNDDIR":[273.1],"time":[1549364857]}