{"CLDC":[7.21,7.1],"DEWP":[-8.629999,-7.87],"FRSHTT":[0,0],"PRCP":[0,0],"SLP":[1013.7999,1014.00995],"SNDP":[0,0],"STP":[985.24005,985.68],"TEMP":[3.3400002,3.0699997],"VISIB":[17.36,18.36],"WDSP":[22.39,24.41],"WNDDIR":[272.3,274.1],"time":[1549364857,1549364916]}