{"CLDC":[7.21],"DEWP":[-8.629999],"FRSHTT":[0],"PRCP":[0],"SLP":[1013.7999],"SNDP":[0],"STP":[985.24005],"TEMP":[3.3400002],"VISIB":[17.36],"WDSP":[22.39],"WNDDIR":[272.3],"time":[1549364857]}