{"CLDC":[26.73,26.8],"DEWP":[-12.130001,-12.460001],"FRSHTT":[1000000,1000000],"PRCP":[0,0],"SLP":[1027,1027],"SNDP":[0,0],"STP":[1026.5999,1026.6399],"TEMP":[-5.12,-5.2],"VISIB":[11.749999,11.74],"WDSP":[13.8,13.659999],"WNDDIR":[212.9,212.3],"time":[1549364856,1549364915]}