{"CLDC":[16.03],"DEWP":[-15.649999],"FRSHTT":[1000000],"PRCP":[0],"SLP":[1028.5999],"SNDP":[0],"STP":[1023.34],"TEMP":[-8.88],"VISIB":[20.560001],"WDSP":[5.66],"WNDDIR":[0.4],"time":[1549364855]}