{"CLDC":[84.58999],"DEWP":[-12.000002],"FRSHTT":[1100000],"PRCP":[0.009999999],"SLP":[1025.2999],"SNDP":[0],"STP":[1026.0999],"TEMP":[-3.3200002],"VISIB":[14.01],"WDSP":[13.0199995],"WNDDIR":[191.2],"time":[1549364855]}