{"CLDC":[64.39001,64.44],"DEWP":[-12.8,-13.1],"FRSHTT":[1100000,1100000],"PRCP":[0.009999999,0.009999999],"SLP":[1027.2899,1027.2101],"SNDP":[0,0],"STP":[1027.2301,1027.2599],"TEMP":[-0.56000006,-0.76],"VISIB":[12.360002,12.05],"WDSP":[10.780001,10.74],"WNDDIR":[358.5,359],"time":[1549364859,1549364917]}