{"CLDC":[50.13],"DEWP":[-10.800001],"FRSHTT":[1100000],"PRCP":[0.019999998],"SLP":[1027.5],"SNDP":[0],"STP":[1029.6699],"TEMP":[-0.31],"VISIB":[10.460001],"WDSP":[9.690001],"WNDDIR":[7.2],"time":[1549364859]}