{"CLDC":[74.17999,74.06999],"DEWP":[-9.45,-9.6],"FRSHTT":[1000000,1000000],"PRCP":[0,0],"SLP":[1004.5301,1004.7],"SNDP":[0,0],"STP":[1000.7001,1000.7999],"TEMP":[0.19999999,0.040000003],"VISIB":[7.619999,7.880001],"WDSP":[12.229999,12.160001],"WNDDIR":[226,225.4],"time":[1549364859,1549364917]}