{"CLDC":[74.17999],"DEWP":[-9.45],"FRSHTT":[1000000],"PRCP":[0],"SLP":[1004.5301],"SNDP":[0],"STP":[1000.7001],"TEMP":[0.19999999],"VISIB":[7.619999],"WDSP":[12.229999],"WNDDIR":[226],"time":[1549364859]}