{"CLDC":[7.69,8.19],"DEWP":[-12.059999,-12.179998],"FRSHTT":[1000000,1000000],"PRCP":[0,0],"SLP":[1027.7999,1027.7999],"SNDP":[0,0],"STP":[1023.52,1023.45996],"TEMP":[-2.7400002,-2.98],"VISIB":[18.7,18.16],"WDSP":[10.089999,10.11],"WNDDIR":[280.5,278.6],"time":[1549364858,1549364917]}