{"CLDC":[35.389996],"DEWP":[-10.45],"FRSHTT":[1000000],"PRCP":[0],"SLP":[1016.6],"SNDP":[0],"STP":[1025.63],"TEMP":[-7.600001],"VISIB":[22.339998],"WDSP":[10.93],"WNDDIR":[23.5],"time":[1549364857]}