{"CLDC":[50.510002],"DEWP":[-9.759999],"FRSHTT":[100000],"PRCP":[0.019999998],"SLP":[1027.2001],"SNDP":[0],"STP":[1031.2899],"TEMP":[0.45999998],"VISIB":[10.43],"WDSP":[5.86],"WNDDIR":[239.5],"time":[1549364861]}