{"CLDC":[36.799995],"DEWP":[-9.300001],"FRSHTT":[1000000],"PRCP":[0],"SLP":[1027.3099],"SNDP":[0],"STP":[1025.9701],"TEMP":[0.1],"VISIB":[13.01],"WDSP":[10.27],"WNDDIR":[316.3],"time":[1549364860]}