{"CLDC":[57.18,57.230003],"DEWP":[-9.33,-9.599999],"FRSHTT":[100000,100000],"PRCP":[0.009999999,0.009999999],"SLP":[1026.7001,1026.7001],"SNDP":[0,0],"STP":[1024.7001,1024.7401],"TEMP":[0.78000003,0.48000002],"VISIB":[10.74,10.66],"WDSP":[8.460001,8.48],"WNDDIR":[311.2,313.5],"time":[1549364860,1549364918]}