{"CLDC":[50.030003],"DEWP":[-7.5],"FRSHTT":[1100000],"PRCP":[0.009999999],"SLP":[1026.8501],"SNDP":[0],"STP":[1022.9],"TEMP":[-1.75],"VISIB":[19.030003],"WDSP":[26.24],"WNDDIR":[358.9],"time":[1549364859]}