{"CLDC":[11.450001],"DEWP":[-8.85],"FRSHTT":[1000000],"PRCP":[0],"SLP":[1026.2999],"SNDP":[0],"STP":[1017.50995],"TEMP":[-1.5400002],"VISIB":[13.2699995],"WDSP":[16.689999],"WNDDIR":[180],"time":[1549364859]}