{"CLDC":[72.78999,72.68001],"DEWP":[-3.7199998,-3.9],"FRSHTT":[1100000,1100000],"PRCP":[0.14,0.14],"SLP":[1030.4001,1030.4001],"SNDP":[0,0],"STP":[1048.11,1047.78],"TEMP":[-2.1000001,-2.1400003],"VISIB":[6.7400002,6.8300004],"WDSP":[10.400001,10.139999],"WNDDIR":[322.3,321.7],"time":[1549364855,1549364915]}