{"CLDC":[72.78999],"DEWP":[-3.7199998],"FRSHTT":[1100000],"PRCP":[0.14],"SLP":[1030.4001],"SNDP":[0],"STP":[1048.11],"TEMP":[-2.1000001],"VISIB":[6.7400002],"WDSP":[10.400001],"WNDDIR":[322.3],"time":[1549364855]}