{"CLDC":[98.88001],"DEWP":[-9.05],"FRSHTT":[1100000],"PRCP":[0.019999998],"SLP":[1027.4001],"SNDP":[0],"STP":[1027.5999],"TEMP":[-0.080000006],"VISIB":[16.77],"WDSP":[10.330001],"WNDDIR":[282.2],"time":[1549364855]}