{"CLDC":[50.060005],"DEWP":[-7.28],"FRSHTT":[100000],"PRCP":[0.009999999],"SLP":[1026.7001],"SNDP":[0],"STP":[1025.3099],"TEMP":[1.7199999],"VISIB":[16.34],"WDSP":[8.589999],"WNDDIR":[60.8],"time":[1549364855]}