{"CLDC":[98.88001,98.689995],"DEWP":[-9.05,-9.039999],"FRSHTT":[1100000,1100000],"PRCP":[0.019999998,0.019999998],"SLP":[1027.4001,1027.4001],"SNDP":[0,0],"STP":[1027.5999,1027.7999],"TEMP":[-0.080000006,0.15],"VISIB":[16.77,16.42],"WDSP":[10.330001,10.219999],"WNDDIR":[282.2,286.5],"time":[1549364855,1549364915]}