{"CLDC":[54.700005,54.49],"DEWP":[-8.160001,-8.58],"FRSHTT":[100000,100000],"PRCP":[0.009999999,0.009999999],"SLP":[1027,1027],"SNDP":[0,0],"STP":[1026.2001,1026.3401],"TEMP":[0.8,0.75],"VISIB":[12.9800005,13.05],"WDSP":[11.2,11.2699995],"WNDDIR":[168.2,164.8],"time":[1549364861,1549364919]}