{"CLDC":[66.83,66.73],"DEWP":[-7.63,-7.46],"FRSHTT":[1100000,1100000],"PRCP":[0.009999999,0.009999999],"SLP":[1026.9001,1026.7999],"SNDP":[0,0],"STP":[1025.8,1026],"TEMP":[-0.65,-0.76],"VISIB":[14.83,14.770001],"WDSP":[12.94,12.230001],"WNDDIR":[300.1,301.9],"time":[1549364860,1549364918]}