{"CLDC":[64.4],"DEWP":[-16.600002],"FRSHTT":[0],"PRCP":[0],"SLP":[1016.7101],"SNDP":[0],"STP":[997.41],"TEMP":[0],"VISIB":[18.849998],"WDSP":[20.429998],"WNDDIR":[32.1],"time":[1549364860]}