{"CLDC":[64.4,64.54],"DEWP":[-16.600002,-16.500002],"FRSHTT":[0,0],"PRCP":[0,0],"SLP":[1016.7101,1016.7601],"SNDP":[0,0],"STP":[997.41,997.2799],"TEMP":[0,0],"VISIB":[18.849998,19.34],"WDSP":[20.429998,19.179998],"WNDDIR":[32.1,33.1],"time":[1549364860,1549364918]}