{"CLDC":[94.229996],"DEWP":[-6.660001],"FRSHTT":[1100000],"PRCP":[0.009999999],"SLP":[1025.89],"SNDP":[0],"STP":[1021.2001],"TEMP":[-0.39999998],"VISIB":[19.08],"WDSP":[23.8],"WNDDIR":[295.3],"time":[1549364859]}