{"CLDC":[76,75.38],"DEWP":[-8.16,-8.26],"FRSHTT":[100000,100000],"PRCP":[0.019999998,0.019999998],"SLP":[1026.73,1026.7999],"SNDP":[0,0],"STP":[1021.6,1021.2301],"TEMP":[2.04,2.1599998],"VISIB":[10.460001,10.969999],"WDSP":[11.910001,12.48],"WNDDIR":[194.1,195.1],"time":[1549364856,1549364915]}