{"CLDC":[58.01],"DEWP":[-13.01],"FRSHTT":[1100000],"PRCP":[0.039999995],"SLP":[878.11005],"SNDP":[0],"STP":[871.6],"TEMP":[-3.15],"VISIB":[26.180002],"WDSP":[26.019999],"WNDDIR":[157.5],"time":[1549364856]}