{"CLDC":[50.04],"DEWP":[-9.700001],"FRSHTT":[1100000],"PRCP":[0.029999997],"SLP":[1028.0999],"SNDP":[0],"STP":[1031.11],"TEMP":[-0.5],"VISIB":[14.2],"WDSP":[7.4300003],"WNDDIR":[211.1],"time":[1549364855]}