{"CLDC":[50.269997],"DEWP":[-7.0799994],"FRSHTT":[100000],"PRCP":[0.019999998],"SLP":[1026.9001],"SNDP":[0],"STP":[1026.4001],"TEMP":[0.56000006],"VISIB":[15.120001],"WDSP":[13.089999],"WNDDIR":[330.9],"time":[1549364855]}