{"CLDC":[50.269997,50.35],"DEWP":[-7.0799994,-7.25],"FRSHTT":[100000,100000],"PRCP":[0.019999998,0.019999998],"SLP":[1026.9001,1026.9001],"SNDP":[0,0],"STP":[1026.4001,1026.1099],"TEMP":[0.56000006,0.52000004],"VISIB":[15.120001,14.789999],"WDSP":[13.089999,11.93],"WNDDIR":[330.9,330.1],"time":[1549364855,1549364915]}