{"CLDC":[85.609985,85.39001],"DEWP":[-2.6,-2.6],"FRSHTT":[0,0],"PRCP":[0,0],"SLP":[1017.69006,1017.63007],"SNDP":[0,0],"STP":[987.88,987.7999],"TEMP":[1.1000001,1.1000001],"VISIB":[15.74,15.609999],"WDSP":[26.009998,26.95],"WNDDIR":[358.3,356.2],"time":[1549364860,1549364918]}