{"CLDC":[85.609985],"DEWP":[-2.6],"FRSHTT":[0],"PRCP":[0],"SLP":[1017.69006],"SNDP":[0],"STP":[987.88],"TEMP":[1.1000001],"VISIB":[15.74],"WDSP":[26.009998],"WNDDIR":[358.3],"time":[1549364860]}