{"CLDC":[58.3,58.6],"DEWP":[-5.499999,-5.7599998],"FRSHTT":[100000,100000],"PRCP":[0.050000004,0.050000004],"SLP":[1027.2001,1027.2001],"SNDP":[0,0],"STP":[1020.6,1020.5],"TEMP":[2.52,2.45],"VISIB":[15.43,15.33],"WDSP":[11.03,10.4800005],"WNDDIR":[52.8,52],"time":[1549364858,1549364917]}