{"CLDC":[73.13],"DEWP":[-4.45],"FRSHTT":[100000],"PRCP":[0.009999999],"SLP":[1026.5],"SNDP":[0],"STP":[1022.13],"TEMP":[2.7599998],"VISIB":[14.81],"WDSP":[10.199999],"WNDDIR":[292.1],"time":[1549364858]}