{"CLDC":[58.3],"DEWP":[-5.499999],"FRSHTT":[100000],"PRCP":[0.050000004],"SLP":[1027.2001],"SNDP":[0],"STP":[1020.6],"TEMP":[2.52],"VISIB":[15.43],"WDSP":[11.03],"WNDDIR":[52.8],"time":[1549364858]}