{"CLDC":[73.13,73.229996],"DEWP":[-4.45,-4.5],"FRSHTT":[100000,100000],"PRCP":[0.009999999,0.009999999],"SLP":[1026.5,1026.49],"SNDP":[0,0],"STP":[1022.13,1022.98],"TEMP":[2.7599998,2.6599998],"VISIB":[14.81,15.009999],"WDSP":[10.199999,10.2],"WNDDIR":[292.1,290.3],"time":[1549364858,1549364917]}