{"CLDC":[50.090004],"DEWP":[-6.6700006],"FRSHTT":[100000],"PRCP":[0.009999999],"SLP":[1026.5999],"SNDP":[0],"STP":[1028.7599],"TEMP":[1.65],"VISIB":[12.35],"WDSP":[8.95],"WNDDIR":[315.9],"time":[1549364858]}