{"CLDC":[50.279995,50.180004],"DEWP":[-6.9,-6.7400002],"FRSHTT":[100000,100000],"PRCP":[0.019999998,0.019999998],"SLP":[1027.59,1027.6901],"SNDP":[0,0],"STP":[1031.05,1031.0999],"TEMP":[1.28,1.1800001],"VISIB":[13.219999,13.840001],"WDSP":[9.960001,9.089999],"WNDDIR":[167.1,167.7],"time":[1549364857,1549364916]}