{"CLDC":[50.010002],"DEWP":[-6.3500004],"FRSHTT":[100000],"PRCP":[0.029999997],"SLP":[1027],"SNDP":[0],"STP":[1031.4001],"TEMP":[1.2],"VISIB":[15.649999],"WDSP":[11.45],"WNDDIR":[251.2],"time":[1549364856]}