{"CLDC":[98.08999,98.02],"DEWP":[-20.09,-19.820002],"FRSHTT":[1000000,1000000],"PRCP":[0,0],"SLP":[608.7999,608.7999],"SNDP":[0,0],"STP":[604,603.89996],"TEMP":[-3.7800002,-4.08],"VISIB":[29.700003,29.98],"WDSP":[10.15,10.830001],"WNDDIR":[5.5,7.4],"time":[1549364860,1549364918]}