{"CLDC":[52.27],"DEWP":[-19.36],"FRSHTT":[1000000],"PRCP":[0],"SLP":[993.36993],"SNDP":[0],"STP":[994.95996],"TEMP":[-4.56],"VISIB":[27.75],"WDSP":[15.33],"WNDDIR":[200.9],"time":[1549364860]}