{"CLDC":[75.270004],"DEWP":[-13.600001],"FRSHTT":[0],"PRCP":[0],"SLP":[634.38],"SNDP":[0],"STP":[634.60004],"TEMP":[5.16],"VISIB":[29.070002],"WDSP":[6.8],"WNDDIR":[42.3],"time":[1549364861]}