{"CLDC":[96.840004,96.53001],"DEWP":[-18.73,-18.73],"FRSHTT":[0,0],"PRCP":[0,0],"SLP":[602.2499,602.28],"SNDP":[0,0],"STP":[602.7999,602.7999],"TEMP":[1,1.1600001],"VISIB":[29.419998,29.15],"WDSP":[8.7300005,8.87],"WNDDIR":[116.9,117.3],"time":[1549364856,1549364916]}