{"CLDC":[60.03],"DEWP":[-10.559999],"FRSHTT":[1100000],"PRCP":[0.009999999],"SLP":[623.21],"SNDP":[0],"STP":[620.60004],"TEMP":[-2.11],"VISIB":[18.48],"WDSP":[12.35],"WNDDIR":[162.7],"time":[1549364858]}