{"CLDC":[60.03,59.889996],"DEWP":[-10.559999,-10.08],"FRSHTT":[1100000,1100000],"PRCP":[0.009999999,0.009999999],"SLP":[623.21,623.2001],"SNDP":[0,0],"STP":[620.60004,620.60004],"TEMP":[-2.11,-2.25],"VISIB":[18.48,18.09],"WDSP":[12.35,14.07],"WNDDIR":[162.7,160.7],"time":[1549364858,1549364916]}