{"CLDC":[16.170002],"DEWP":[-18.150002],"FRSHTT":[1000000],"PRCP":[0],"SLP":[1000.7301],"SNDP":[0],"STP":[1001.2899],"TEMP":[-7.41],"VISIB":[30.090002],"WDSP":[17.109999],"WNDDIR":[314.4],"time":[1549364855]}