{"CLDC":[66.58,66.69001],"DEWP":[-12.600001,-13.200002],"FRSHTT":[1100000,1100000],"PRCP":[0.019999998,0.019999998],"SLP":[629,628.89996],"SNDP":[0,0],"STP":[626.39996,626.43],"TEMP":[-3.3399997,-3.3700001],"VISIB":[26,26.12],"WDSP":[7.8900003,8.200001],"WNDDIR":[88.5,89.5],"time":[1549364855,1549364915]}