{"CLDC":[50.06],"DEWP":[-13.019999],"FRSHTT":[100000],"PRCP":[0.009999999],"SLP":[644.19006],"SNDP":[0],"STP":[645.62006],"TEMP":[1.35],"VISIB":[30.580002],"WDSP":[5.2799997],"WNDDIR":[70.4],"time":[1549364861]}