{"CLDC":[50.299995],"DEWP":[-16.880001],"FRSHTT":[1100000],"PRCP":[0.009999999],"SLP":[616.41],"SNDP":[0],"STP":[617],"TEMP":[-5.5499997],"VISIB":[28.389996],"WDSP":[9.700001],"WNDDIR":[146.8],"time":[1549364861]}