{"CLDC":[50.299995,50.54],"DEWP":[-16.880001,-17.219997],"FRSHTT":[1100000,1100000],"PRCP":[0.009999999,0.009999999],"SLP":[616.41,616.15],"SNDP":[0,0],"STP":[617,617],"TEMP":[-5.5499997,-5.6499996],"VISIB":[28.389996,28.329998],"WDSP":[9.700001,10.089999],"WNDDIR":[146.8,146.9],"time":[1549364861,1549364919]}