{"CLDC":[52.71],"DEWP":[-13.410001],"FRSHTT":[1100000],"PRCP":[0.019999998],"SLP":[671.71],"SNDP":[0],"STP":[670.61],"TEMP":[-4.05],"VISIB":[25.87],"WDSP":[7.8200006],"WNDDIR":[297.7],"time":[1549364860]}