{"CLDC":[98.28,98.139984],"DEWP":[-25.329998,-25.329998],"FRSHTT":[1100000,1100000],"PRCP":[0.009999999,0.009999999],"SLP":[661.60004,661.54],"SNDP":[0,0],"STP":[660.61,660.60004],"TEMP":[-14.95,-14.76],"VISIB":[26.16,26.080002],"WDSP":[9.369999,9.360002],"WNDDIR":[161.8,156.2],"time":[1549364859,1549364918]}