{"CLDC":[41.780006,41.46],"DEWP":[-8.55,-8.76],"FRSHTT":[0,0],"PRCP":[0,0],"SLP":[653.4,653.3],"SNDP":[0,0],"STP":[652.91,652.93],"TEMP":[1.1,0.9500001],"VISIB":[22.1,21.869999],"WDSP":[9.7300005,8.559999],"WNDDIR":[279.3,280.1],"time":[1549364859,1549364918]}