{"CLDC":[98.28],"DEWP":[-25.329998],"FRSHTT":[1100000],"PRCP":[0.009999999],"SLP":[661.60004],"SNDP":[0],"STP":[660.61],"TEMP":[-14.95],"VISIB":[26.16],"WDSP":[9.369999],"WNDDIR":[161.8],"time":[1549364859]}