{"CLDC":[69.630005],"DEWP":[-10.040001],"FRSHTT":[1100000],"PRCP":[0.009999999],"SLP":[668.19006],"SNDP":[0],"STP":[665.2699],"TEMP":[-0.73999995],"VISIB":[31.02],"WDSP":[7.9800005],"WNDDIR":[340.6],"time":[1549364859]}