{"CLDC":[78.09999],"DEWP":[-4.9000006],"FRSHTT":[0],"PRCP":[0],"SLP":[997.88007],"SNDP":[0],"STP":[1008.65],"TEMP":[7.4],"VISIB":[23.49],"WDSP":[7.21],"WNDDIR":[95.2],"time":[1549364859]}