{"CLDC":[50.04],"DEWP":[-13.9],"FRSHTT":[1100000],"PRCP":[0.029999997],"SLP":[620.60004],"SNDP":[0],"STP":[618.31995],"TEMP":[-0.68],"VISIB":[27.810001],"WDSP":[7.65],"WNDDIR":[223.6],"time":[1549364857]}