{"CLDC":[45.050003,45.190006],"DEWP":[-11.219999,-11.219999],"FRSHTT":[0,0],"PRCP":[0,0],"SLP":[680.07,679.82996],"SNDP":[0,0],"STP":[682.7101,682.7001],"TEMP":[1.3500001,1.2500001],"VISIB":[26.27,25.670002],"WDSP":[6.410001,6.850001],"WNDDIR":[92.4,96.1],"time":[1549364856,1549364916]}