{"CLDC":[45.050003],"DEWP":[-11.219999],"FRSHTT":[0],"PRCP":[0],"SLP":[680.07],"SNDP":[0],"STP":[682.7101],"TEMP":[1.3500001],"VISIB":[26.27],"WDSP":[6.410001],"WNDDIR":[92.4],"time":[1549364856]}