{"CLDC":[68.36],"DEWP":[-10.500001],"FRSHTT":[0],"PRCP":[0],"SLP":[714.56006],"SNDP":[0],"STP":[715.10004],"TEMP":[6.7400002],"VISIB":[25.689999],"WDSP":[4.97],"WNDDIR":[65.6],"time":[1549364855]}