{"CLDC":[87.740005],"DEWP":[-11.58],"FRSHTT":[0],"PRCP":[0],"SLP":[678.93994],"SNDP":[0],"STP":[682],"TEMP":[5.9000006],"VISIB":[36.34],"WDSP":[5.71],"WNDDIR":[217],"time":[1549364855]}