{"CLDC":[79.28999,79.43001],"DEWP":[-9.66,-9.179999],"FRSHTT":[100000,100000],"PRCP":[0.019999998,0.019999998],"SLP":[679.18005,678.87994],"SNDP":[0,0],"STP":[680.2001,680.2599],"TEMP":[4.07,4.07],"VISIB":[31.299997,31.13],"WDSP":[7.9300003,8.559999],"WNDDIR":[267.2,268.5],"time":[1549364855,1549364915]}