{"CLDC":[79.28999],"DEWP":[-9.66],"FRSHTT":[100000],"PRCP":[0.019999998],"SLP":[679.18005],"SNDP":[0],"STP":[680.2001],"TEMP":[4.07],"VISIB":[31.299997],"WDSP":[7.9300003],"WNDDIR":[267.2],"time":[1549364855]}