{"CLDC":[91.63999],"DEWP":[-8.93],"FRSHTT":[1100000],"PRCP":[0.009999999],"SLP":[659.07],"SNDP":[0],"STP":[661.80994],"TEMP":[-0.64],"VISIB":[32.4],"WDSP":[8.68],"WNDDIR":[100.6],"time":[1549364861]}