{"CLDC":[42.339996,42.48],"DEWP":[-7.63,-7.3],"FRSHTT":[0,0],"PRCP":[0,0],"SLP":[704.49,704.57],"SNDP":[0,0],"STP":[706.94,706.96],"TEMP":[6.9499993,7.0799994],"VISIB":[29.919998,30.310001],"WDSP":[4.49,4.5999994],"WNDDIR":[13.2,11.8],"time":[1549364861,1549364918]}