{"CLDC":[42.339996],"DEWP":[-7.63],"FRSHTT":[0],"PRCP":[0],"SLP":[704.49],"SNDP":[0],"STP":[706.94],"TEMP":[6.9499993],"VISIB":[29.919998],"WDSP":[4.49],"WNDDIR":[13.2],"time":[1549364861]}