{"CLDC":[86.28999,85.95001],"DEWP":[-10.2,-10.05],"FRSHTT":[1000000,1000000],"PRCP":[0,0],"SLP":[667.39996,667.39996],"SNDP":[0,0],"STP":[660.7001,660.7999],"TEMP":[-1.35,-1.2299999],"VISIB":[29.730001,30.38],"WDSP":[6.87,6.4800005],"WNDDIR":[180,180],"time":[1549364860,1549364918]}