{"CLDC":[93.14999,93.08],"DEWP":[-7.5399995,-7.4299994],"FRSHTT":[0,0],"PRCP":[0,0],"SLP":[994.1,994.1],"SNDP":[0,0],"STP":[967.1901,967.48],"TEMP":[10.42,9.93],"VISIB":[39.100002,39.09],"WDSP":[1.4399999,1.2299999],"WNDDIR":[166,164],"time":[1549364860,1549364918]}