{"CLDC":[5.6499996],"DEWP":[-4.6600003],"FRSHTT":[0],"PRCP":[0],"SLP":[779.30994],"SNDP":[0],"STP":[778.10004],"TEMP":[9.35],"VISIB":[34.86],"WDSP":[4.4200006],"WNDDIR":[185.6],"time":[1549364860]}