{"CLDC":[86.28999],"DEWP":[-10.2],"FRSHTT":[1000000],"PRCP":[0],"SLP":[667.39996],"SNDP":[0],"STP":[660.7001],"TEMP":[-1.35],"VISIB":[29.730001],"WDSP":[6.87],"WNDDIR":[180],"time":[1549364860]}