{"CLDC":[52.819996,52.93],"DEWP":[0.65,0.48000002],"FRSHTT":[0,0],"PRCP":[0,0],"SLP":[1026.5999,1026.49],"SNDP":[0,0],"STP":[960.61,960.50995],"TEMP":[7.25,7.3199997],"VISIB":[8.4,8.7],"WDSP":[3.2100003,3.0300002],"WNDDIR":[340,340],"time":[1549364860,1549364918]}