{"CLDC":[13.639999],"DEWP":[-7.22],"FRSHTT":[0],"PRCP":[0],"SLP":[813.89996],"SNDP":[0],"STP":[777.60004],"TEMP":[3.81],"VISIB":[29.140003],"WDSP":[3.8499997],"WNDDIR":[47.9],"time":[1549364860]}