{"CLDC":[64.049995],"DEWP":[2.0100002],"FRSHTT":[0],"PRCP":[0],"SLP":[1016.7101],"SNDP":[0],"STP":[980.2999],"TEMP":[6.1500006],"VISIB":[9.759999],"WDSP":[1.8999999],"WNDDIR":[38.4],"time":[1549364860]}