{"CLDC":[61.299995,61.65],"DEWP":[4.7200003,4.5600004],"FRSHTT":[100000,100000],"PRCP":[0.009999999,0.009999999],"SLP":[1022.5,1022.5],"SNDP":[0,0],"STP":[1015.22003,1014.8999],"TEMP":[9.38,9.4],"VISIB":[9.74,9.839999],"WDSP":[4.2400002,4],"WNDDIR":[57.2,60.6],"time":[1549364859,1549364918]}