{"CLDC":[61.299995],"DEWP":[4.7200003],"FRSHTT":[100000],"PRCP":[0.009999999],"SLP":[1022.5],"SNDP":[0],"STP":[1015.22003],"TEMP":[9.38],"VISIB":[9.74],"WDSP":[4.2400002],"WNDDIR":[57.2],"time":[1549364859]}