{"CLDC":[35.58,35.8],"DEWP":[-11.650001,-12.02],"FRSHTT":[0,0],"PRCP":[0,0],"SLP":[685.31,685.36993],"SNDP":[0,0],"STP":[685.13007,685.2999],"TEMP":[1.5400001,1.5400002],"VISIB":[37.55,37.74],"WDSP":[8.289999,8.05],"WNDDIR":[70.2,66.1],"time":[1549364856,1549364916]}