{"CLDC":[50.090004,50.010002],"DEWP":[5.46,5.52],"FRSHTT":[100000,100000],"PRCP":[0.029999997,0.029999997],"SLP":[1022.7001,1022.7001],"SNDP":[0,0],"STP":[1017.00995,1017],"TEMP":[9.320001,9.4],"VISIB":[13.65,13.65],"WDSP":[4.4700003,4.29],"WNDDIR":[161,157.2],"time":[1549364861,1549364919]}