{"CLDC":[50.02,50.190006],"DEWP":[5.6400003,5.7200003],"FRSHTT":[100000,100000],"PRCP":[0.009999999,0.009999999],"SLP":[1017.5,1017.5],"SNDP":[0,0],"STP":[991.2999,991.2001],"TEMP":[9.660001,9.44],"VISIB":[5.8099995,6.4800005],"WDSP":[4.2499995,4.3900003],"WNDDIR":[178.4,178.4],"time":[1549364861,1549364918]}