{"CLDC":[11.639999,11.460001],"DEWP":[-1.8,-1.4599999],"FRSHTT":[0,0],"PRCP":[0,0],"SLP":[717.5,717.56],"SNDP":[0,0],"STP":[717.7999,717.7999],"TEMP":[7.16,7.160001],"VISIB":[27.640003,27.76],"WDSP":[7.29,7.15],"WNDDIR":[102.6,105.6],"time":[1549364859,1549364917]}