{"CLDC":[85.229996],"DEWP":[-11.74],"FRSHTT":[0],"PRCP":[0],"SLP":[646.60004],"SNDP":[0],"STP":[642.89996],"TEMP":[2.84],"VISIB":[31.749996],"WDSP":[8.65],"WNDDIR":[22.9],"time":[1549364858]}