{"CLDC":[50.090004,50.04],"DEWP":[-6.04,-5.86],"FRSHTT":[1100000,1100000],"PRCP":[0.029999997,0.029999997],"SLP":[746.54004,746.52997],"SNDP":[0,0],"STP":[746.7001,746.7001],"TEMP":[-1.0699999,-1.04],"VISIB":[17.080002,16.94],"WDSP":[12.33,12.31],"WNDDIR":[185.5,183.6],"time":[1549364856,1549364915]}