{"CLDC":[88.87999,88.99],"DEWP":[-4.649999,-4.8299994],"FRSHTT":[100000,100000],"PRCP":[0.050000004,0.050000004],"SLP":[735.2901,735.42],"SNDP":[0,0],"STP":[734.10004,734.10004],"TEMP":[1.95,1.95],"VISIB":[23.39,22.89],"WDSP":[9.64,9.719999],"WNDDIR":[264.3,265.6],"time":[1549364859,1549364917]}