{"CLDC":[74.240005,73.73],"DEWP":[-5.1400003,-5.2300005],"FRSHTT":[110000,110000],"PRCP":[0.019999998,0.019999998],"SLP":[755.7001,755.60004],"SNDP":[2.7000003,2.7000003],"STP":[757.60004,757.60004],"TEMP":[9.34,9.719999],"VISIB":[34.500004,35.170002],"WDSP":[8.9,7.9899993],"WNDDIR":[311.7,314.1],"time":[1549364858,1549364917]}