{"CLDC":[77.64],"DEWP":[6.9],"FRSHTT":[0],"PRCP":[0],"SLP":[1020.2999],"SNDP":[0],"STP":[1001.55],"TEMP":[10.140001],"VISIB":[8.679999],"WDSP":[3.7599998],"WNDDIR":[39.1],"time":[1549364857]}