{"CLDC":[56.829994,56.96],"DEWP":[2.4800003,2.8500001],"FRSHTT":[0,0],"PRCP":[0,0],"SLP":[838.4,838.4],"SNDP":[0,0],"STP":[836.2999,836.36993],"TEMP":[16.2,15.999998],"VISIB":[31.12,31.560001],"WDSP":[7.95,8.35],"WNDDIR":[277,276.3],"time":[1549364859,1549364917]}