{"CLDC":[92.55999],"DEWP":[0.96000004],"FRSHTT":[0],"PRCP":[0],"SLP":[850.97003],"SNDP":[0],"STP":[832.98],"TEMP":[8.900001],"VISIB":[17.2],"WDSP":[9.290001],"WNDDIR":[110.8],"time":[1549364859]}