{"CLDC":[64.78,64.83],"DEWP":[-1.05,-1.1800001],"FRSHTT":[100000,100000],"PRCP":[0.009999999,0.009999999],"SLP":[794.5,794.51],"SNDP":[0,0],"STP":[798.7001,798.67004],"TEMP":[11.820002,11.539999],"VISIB":[33.439995,33.629997],"WDSP":[16.71,16.91],"WNDDIR":[357.5,355.9],"time":[1549364861,1549364918]}