{"CLDC":[19.070002,19.039999],"DEWP":[1.2000002,1.1],"FRSHTT":[0,0],"PRCP":[0,0],"SLP":[789.39996,789.2999],"SNDP":[0,0],"STP":[787.60004,787.60004],"TEMP":[10.67,10.45],"VISIB":[25.560001,25.769999],"WDSP":[13.209999,12.780001],"WNDDIR":[61.7,66],"time":[1549364860,1549364918]}