{"CLDC":[50.52],"DEWP":[0.81000006],"FRSHTT":[100000],"PRCP":[0.009999999],"SLP":[775.97003],"SNDP":[0],"STP":[776.1401],"TEMP":[6.96],"VISIB":[17.32],"WDSP":[11.790001],"WNDDIR":[327.7],"time":[1549364859]}