{"CLDC":[89.91001,89.46001],"DEWP":[8.449999,8.259999],"FRSHTT":[100000,100000],"PRCP":[0.07,0.07],"SLP":[838.2999,838.38],"SNDP":[0,0],"STP":[841.1,841.1],"TEMP":[14.749998,14.7],"VISIB":[27.149998,27.209997],"WDSP":[5.4800005,5.39],"WNDDIR":[309.7,312.5],"time":[1549364856,1549364915]}