{"CLDC":[89.91001],"DEWP":[8.449999],"FRSHTT":[100000],"PRCP":[0.07],"SLP":[838.2999],"SNDP":[0],"STP":[841.1],"TEMP":[14.749998],"VISIB":[27.149998],"WDSP":[5.4800005],"WNDDIR":[309.7],"time":[1549364856]}