{"CLDC":[50.219994],"DEWP":[8.1],"FRSHTT":[100000],"PRCP":[0.009999999],"SLP":[850.17004],"SNDP":[0],"STP":[842.9],"TEMP":[15.2],"VISIB":[27.420002],"WDSP":[8.54],"WNDDIR":[259.7],"time":[1549364855]}