{"CLDC":[50.219994,50.080006],"DEWP":[8.1,7.95],"FRSHTT":[100000,100000],"PRCP":[0.009999999,0.009999999],"SLP":[850.17004,850.14],"SNDP":[0,0],"STP":[842.9,842.9],"TEMP":[15.2,15.5],"VISIB":[27.420002,27.090002],"WDSP":[8.54,8.339999],"WNDDIR":[259.7,260.5],"time":[1549364855,1549364915]}