{"CLDC":[75.740005],"DEWP":[3.3199997],"FRSHTT":[100000],"PRCP":[0.050000004],"SLP":[800.89996],"SNDP":[0],"STP":[800.60004],"TEMP":[14.12],"VISIB":[30.499996],"WDSP":[13.7300005],"WNDDIR":[343.2],"time":[1549364855]}