{"CLDC":[1.6599998,1.3299998],"DEWP":[6.8199997,6.5],"FRSHTT":[0,0],"PRCP":[0,0],"SLP":[1011.4,1011.4],"SNDP":[0,0],"STP":[1010.79004,1011.1501],"TEMP":[21.5,21.480001],"VISIB":[32.480003,32.969997],"WDSP":[8.960001,9.179999],"WNDDIR":[207.4,209.7],"time":[1549364855,1549364915]}