{"CLDC":[1.6599998],"DEWP":[6.8199997],"FRSHTT":[0],"PRCP":[0],"SLP":[1011.4],"SNDP":[0],"STP":[1010.79004],"TEMP":[21.5],"VISIB":[32.480003],"WDSP":[8.960001],"WNDDIR":[207.4],"time":[1549364855]}