{"CLDC":[50.289993,50.6],"DEWP":[4.7400002,4.35],"FRSHTT":[100000,100000],"PRCP":[0.029999997,0.029999997],"SLP":[825.6,825.49005],"SNDP":[0,0],"STP":[824.97003,825],"TEMP":[13.18,12.79],"VISIB":[21.26,21.06],"WDSP":[13.15,12.15],"WNDDIR":[40.1,39.6],"time":[1549364861,1549364919]}