{"CLDC":[50.06],"DEWP":[7.1800003],"FRSHTT":[100000],"PRCP":[0.009999999],"SLP":[826.6],"SNDP":[0],"STP":[829.1],"TEMP":[12.76],"VISIB":[22.11],"WDSP":[11.910001],"WNDDIR":[128.7],"time":[1549364855]}