{"CLDC":[74.52999,74.200005],"DEWP":[18.900002,18.300001],"FRSHTT":[0,0],"PRCP":[0,0],"SLP":[1014.2001,1014.2001],"SNDP":[0,0],"STP":[954.9,954.9],"TEMP":[25.75,25.460001],"VISIB":[29.75,28.810001],"WDSP":[4.3700004,4.27],"WNDDIR":[251.7,259],"time":[1549364858,1549364917]}