{"CLDC":[36.749996,36.749996],"DEWP":[17.12,16.73],"FRSHTT":[0,0],"PRCP":[0,0],"SLP":[1013.5,1013.5],"SNDP":[0,0],"STP":[1014.72003,1014.88995],"TEMP":[25.279999,24.560001],"VISIB":[18.8,18.5],"WDSP":[4.6699996,4.25],"WNDDIR":[73.2,69.3],"time":[1549364858,1549364916]}