{"CLDC":[50.090004,50.15],"DEWP":[19.470001,19.12],"FRSHTT":[100000,100000],"PRCP":[0.009999999,0.009999999],"SLP":[1014.6,1014.6],"SNDP":[0,0],"STP":[993.92004,993.91003],"TEMP":[24.08,24.239998],"VISIB":[15.38,15.0199995],"WDSP":[3.15,2.6100001],"WNDDIR":[33,31.6],"time":[1549364857,1549364916]}