{"CLDC":[58.630005,58.230003],"DEWP":[13.18,12.699999],"FRSHTT":[100000,100000],"PRCP":[0.029999997,0.029999997],"SLP":[1015.39,1015.4],"SNDP":[0,0],"STP":[912.25,912.2699],"TEMP":[18.72,18.499998],"VISIB":[23.180002,23.05],"WDSP":[4.0400004,4.13],"WNDDIR":[124.8,126.1],"time":[1549364857,1549364916]}