{"CLDC":[50.010002],"DEWP":[14.45],"FRSHTT":[100000],"PRCP":[0.029999997],"SLP":[1015.2999],"SNDP":[0],"STP":[987.57],"TEMP":[18.88],"VISIB":[25.810001],"WDSP":[4.5799994],"WNDDIR":[319.2],"time":[1549364857]}