{"CLDC":[64.369995,64.200005],"DEWP":[12.93,13.2699995],"FRSHTT":[100000,100000],"PRCP":[0.019999998,0.019999998],"SLP":[1017.41003,1017.52997],"SNDP":[0,0],"STP":[1019.7899,1020.09],"TEMP":[13.660001,14.240001],"VISIB":[6.31,6.9300003],"WDSP":[7.4300003,7.28],"WNDDIR":[105.2,107.6],"time":[1549364856,1549364916]}