{"CLDC":[6.6299996,6.53],"DEWP":[-5.2,-5.500001],"FRSHTT":[0,0],"PRCP":[0,0],"SLP":[1026.45,1026.55],"SNDP":[0,0],"STP":[952.61005,953],"TEMP":[3.2899997,2.9399998],"VISIB":[11.370001,10.800001],"WDSP":[4.6099997,5.2599993],"WNDDIR":[43,44.6],"time":[1549364860,1549364918]}