{"CLDC":[6.6299996],"DEWP":[-5.2],"FRSHTT":[0],"PRCP":[0],"SLP":[1026.45],"SNDP":[0],"STP":[952.61005],"TEMP":[3.2899997],"VISIB":[11.370001],"WDSP":[4.6099997],"WNDDIR":[43],"time":[1549364860]}