{"CLDC":[96.45],"DEWP":[-11.019999],"FRSHTT":[1000000],"PRCP":[0],"SLP":[1032.11],"SNDP":[0],"STP":[1031.33],"TEMP":[-2.5200002],"VISIB":[20.69],"WDSP":[6.4900002],"WNDDIR":[311.5],"time":[1549364859]}