{"CLDC":[50.289993,50.080006],"DEWP":[-4.2,-4.2999997],"FRSHTT":[100000,100000],"PRCP":[0.009999999,0.009999999],"SLP":[1027.7001,1027.7001],"SNDP":[0,0],"STP":[1010.1,1010.1],"TEMP":[4.94,4.81],"VISIB":[9.57,10.15],"WDSP":[5.16,5.68],"WNDDIR":[127.7,131.4],"time":[1549364859,1549364918]}