{"CLDC":[50.289993],"DEWP":[-4.2],"FRSHTT":[100000],"PRCP":[0.009999999],"SLP":[1027.7001],"SNDP":[0],"STP":[1010.1],"TEMP":[4.94],"VISIB":[9.57],"WDSP":[5.16],"WNDDIR":[127.7],"time":[1549364859]}