{"CLDC":[86.96],"DEWP":[-12.6],"FRSHTT":[0],"PRCP":[0],"SLP":[1027.2501],"SNDP":[0],"STP":[883.1],"TEMP":[2.9],"VISIB":[11.699999],"WDSP":[5.0799994],"WNDDIR":[335.2],"time":[1549364859]}