{"CLDC":[58.589996],"DEWP":[-3.3300004],"FRSHTT":[100000],"PRCP":[0.009999999],"SLP":[1025.9001],"SNDP":[0],"STP":[1009],"TEMP":[4.2],"VISIB":[6.9800005],"WDSP":[6.02],"WNDDIR":[218.8],"time":[1549364858]}