{"CLDC":[55.210003],"DEWP":[-12.29],"FRSHTT":[1100000],"PRCP":[0.009999999],"SLP":[834.7999],"SNDP":[0],"STP":[816.5],"TEMP":[-2.82],"VISIB":[16.939999],"WDSP":[16.48],"WNDDIR":[236.9],"time":[1549364858]}