{"CLDC":[50.42],"DEWP":[-4.7599998],"FRSHTT":[100000],"PRCP":[0.009999999],"SLP":[1026.0999],"SNDP":[0],"STP":[1000.11],"TEMP":[4.2600007],"VISIB":[11.73],"WDSP":[7.0699997],"WNDDIR":[304.2],"time":[1549364857]}