{"CLDC":[56.51],"DEWP":[-8.259999],"FRSHTT":[100000],"PRCP":[0.009999999],"SLP":[1026.5],"SNDP":[0],"STP":[1025.5999],"TEMP":[4.34],"VISIB":[12.920001],"WDSP":[10.58],"WNDDIR":[230.3],"time":[1549364857]}