{"CLDC":[50.100006,50.530003],"DEWP":[-4.1099997,-4.0000005],"FRSHTT":[100000,100000],"PRCP":[0.059999995,0.059999995],"SLP":[1026.9001,1026.7999],"SNDP":[0,0],"STP":[1021.78986,1020.95],"TEMP":[3.9599998,3.78],"VISIB":[11.250002,11.49],"WDSP":[8.29,8.89],"WNDDIR":[307.7,309.4],"time":[1549364857,1549364916]}