{"CLDC":[56.51,56.78],"DEWP":[-8.259999,-8.469999],"FRSHTT":[100000,100000],"PRCP":[0.009999999,0.009999999],"SLP":[1026.5,1026.5],"SNDP":[0,0],"STP":[1025.5999,1025.5999],"TEMP":[4.34,4.02],"VISIB":[12.920001,13.1],"WDSP":[10.58,10.950001],"WNDDIR":[230.3,229.4],"time":[1549364857,1549364916]}