{"CLDC":[50.640007],"DEWP":[0.48000002],"FRSHTT":[100000],"PRCP":[0.009999999],"SLP":[1025.5999],"SNDP":[0],"STP":[979.18005],"TEMP":[5.3400006],"VISIB":[10.930001],"WDSP":[4.29],"WNDDIR":[226.6],"time":[1549364860]}