{"CLDC":[56.839996,57.01],"DEWP":[-4.0699997,-4.2200003],"FRSHTT":[0,0],"PRCP":[0,0],"SLP":[918.61,918.27997],"SNDP":[0,0],"STP":[925.9501,926.39],"TEMP":[3.85,3.86],"VISIB":[13.3,13.350001],"WDSP":[11.98,12.23],"WNDDIR":[221.9,225],"time":[1549364859,1549364918]}