{"CLDC":[40.75],"DEWP":[-6.4000006],"FRSHTT":[0],"PRCP":[0],"SLP":[1025.2001],"SNDP":[0],"STP":[908.2999],"TEMP":[4.79],"VISIB":[11.800001],"WDSP":[6.5999994],"WNDDIR":[160.8],"time":[1549364859]}