{"CLDC":[50.289997,50.720005],"DEWP":[-2.4599998,-2.1999998],"FRSHTT":[100000,100000],"PRCP":[0.019999998,0.019999998],"SLP":[1026.7101,1026.7001],"SNDP":[0,0],"STP":[1023.14,1022.95996],"TEMP":[4.55,4.4199996],"VISIB":[11.47,11.19],"WDSP":[9.57,10.08],"WNDDIR":[42,41.3],"time":[1549364858,1549364917]}