{"CLDC":[50.130005],"DEWP":[-2.9999995],"FRSHTT":[100000],"PRCP":[0.009999999],"SLP":[1026.2001],"SNDP":[0],"STP":[1029.3801],"TEMP":[4.2],"VISIB":[12.39],"WDSP":[9.619999],"WNDDIR":[328.3],"time":[1549364857]}