{"CLDC":[92.15001,92.38],"DEWP":[-1.4,-1.6000001],"FRSHTT":[0,0],"PRCP":[0,0],"SLP":[1025.9001,1025.9001],"SNDP":[0,0],"STP":[997.4,997.4],"TEMP":[7.0199995,6.9],"VISIB":[17.560001,17.189999],"WDSP":[6.0099998,5.9200006],"WNDDIR":[156.9,159],"time":[1549364860,1549364918]}