{"CLDC":[92.15001],"DEWP":[-1.4],"FRSHTT":[0],"PRCP":[0],"SLP":[1025.9001],"SNDP":[0],"STP":[997.4],"TEMP":[7.0199995],"VISIB":[17.560001],"WDSP":[6.0099998],"WNDDIR":[156.9],"time":[1549364860]}