{"CLDC":[46.829994,46.739994],"DEWP":[-1.51,-1.55],"FRSHTT":[0,0],"PRCP":[0,0],"SLP":[1026,1026],"SNDP":[0,0],"STP":[1016.04004,1016.52],"TEMP":[6.5699997,6.8],"VISIB":[16.179998,16.74],"WDSP":[6.0299997,6.1899996],"WNDDIR":[311.9,314.5],"time":[1549364860,1549364918]}