{"CLDC":[46.829994],"DEWP":[-1.51],"FRSHTT":[0],"PRCP":[0],"SLP":[1026],"SNDP":[0],"STP":[1016.04004],"TEMP":[6.5699997],"VISIB":[16.179998],"WDSP":[6.0299997],"WNDDIR":[311.9],"time":[1549364860]}