{"CLDC":[50.030003,50.100002],"DEWP":[-0.49999994,-0.5],"FRSHTT":[100000,100000],"PRCP":[0.050000004,0.050000004],"SLP":[1026.4001,1026.4001],"SNDP":[0,0],"STP":[1019.7001,1019.7001],"TEMP":[5.6600003,5.58],"VISIB":[8.360001,8.940001],"WDSP":[4.76,4.4],"WNDDIR":[236.1,236.3],"time":[1549364859,1549364918]}