{"CLDC":[89.48,89.479996],"DEWP":[-1.75,-1.8999999],"FRSHTT":[100000,100000],"PRCP":[0.009999999,0.009999999],"SLP":[1026.4001,1026.4001],"SNDP":[0,0],"STP":[1024.8801,1024.98],"TEMP":[5.85,5.88],"VISIB":[12.189999,12.82],"WDSP":[8.61,7.9900007],"WNDDIR":[213.5,217.5],"time":[1549364859,1549364917]}