{"CLDC":[50.080006],"DEWP":[-2.2099998],"FRSHTT":[100000],"PRCP":[0.07999999],"SLP":[1026.2001],"SNDP":[0],"STP":[1019.1],"TEMP":[4.2799997],"VISIB":[11.320002],"WDSP":[9.280001],"WNDDIR":[72.5],"time":[1549364858]}