{"CLDC":[89.25],"DEWP":[4.9399996],"FRSHTT":[0],"PRCP":[0],"SLP":[1021.12],"SNDP":[0],"STP":[1018.38007],"TEMP":[10.65],"VISIB":[10.240001],"WDSP":[4.6],"WNDDIR":[262.5],"time":[1549364857]}