{"CLDC":[29.060001,28.85],"DEWP":[4.2400002,4.4],"FRSHTT":[0,0],"PRCP":[0,0],"SLP":[1022.9,1022.9],"SNDP":[0,0],"STP":[995.1,994.98],"TEMP":[8.580001,8.750001],"VISIB":[7.350001,7.38],"WDSP":[4.53,4.63],"WNDDIR":[349,346],"time":[1549364856,1549364915]}