{"CLDC":[50.469997],"DEWP":[0.02000001],"FRSHTT":[100000],"PRCP":[0.039999995],"SLP":[1025.5999],"SNDP":[0],"STP":[1025.6199],"TEMP":[5.6400003],"VISIB":[11.58],"WDSP":[12.240001],"WNDDIR":[231.1],"time":[1549364860]}