{"CLDC":[50.319996],"DEWP":[-0.66],"FRSHTT":[100000],"PRCP":[0.059999995],"SLP":[1026.2001],"SNDP":[0],"STP":[1026.5],"TEMP":[5.32],"VISIB":[11.26],"WDSP":[8.27],"WNDDIR":[248.1],"time":[1549364859]}