{"CLDC":[86.63999],"DEWP":[4.5899997],"FRSHTT":[0],"PRCP":[0],"SLP":[1022.6501],"SNDP":[0],"STP":[1020.43005],"TEMP":[9.19],"VISIB":[10.26],"WDSP":[4.8100004],"WNDDIR":[158.4],"time":[1549364858]}