{"CLDC":[86.63999,86.78],"DEWP":[4.5899997,4.59],"FRSHTT":[0,0],"PRCP":[0,0],"SLP":[1022.6501,1022.6],"SNDP":[0,0],"STP":[1020.43005,1020.4],"TEMP":[9.19,9.19],"VISIB":[10.26,10.800001],"WDSP":[4.8100004,5.0899997],"WNDDIR":[158.4,154.2],"time":[1549364858,1549364916]}