{"CLDC":[43.77,43.690006],"DEWP":[4.7000003,5.1000004],"FRSHTT":[0,0],"PRCP":[0,0],"SLP":[1024.2999,1024.3801],"SNDP":[0,0],"STP":[968.82,968.9],"TEMP":[8.649999,8.499999],"VISIB":[10.320001,10.000001],"WDSP":[3.4900002,3.28],"WNDDIR":[166.1,162.2],"time":[1549364856,1549364916]}