{"CLDC":[50.259995],"DEWP":[1.02],"FRSHTT":[100000],"PRCP":[0.019999998],"SLP":[1025.9001],"SNDP":[0],"STP":[1017.5],"TEMP":[7.140001],"VISIB":[9.699999],"WDSP":[5.4400005],"WNDDIR":[199],"time":[1549364855]}