{"CLDC":[61.819996],"DEWP":[0.9999999],"FRSHTT":[100000],"PRCP":[0.050000004],"SLP":[1025.7999],"SNDP":[0],"STP":[1027.2999],"TEMP":[6.47],"VISIB":[13.220001],"WDSP":[8.599999],"WNDDIR":[70.9],"time":[1549364855]}