{"CLDC":[50.02,50.110004],"DEWP":[0.58000004,0.24000001],"FRSHTT":[100000,100000],"PRCP":[0.11999999,0.11999999],"SLP":[1025.5,1025.5],"SNDP":[0,0],"STP":[1024.57,1024.8],"TEMP":[5.3799996,5.4499993],"VISIB":[9.88,9.360002],"WDSP":[8.88,9.239999],"WNDDIR":[72.3,74.1],"time":[1549364861,1549364918]}