{"CLDC":[55.45],"DEWP":[6.180001],"FRSHTT":[100000],"PRCP":[0.019999998],"SLP":[1021.6],"SNDP":[0],"STP":[1025.95],"TEMP":[10.139999],"VISIB":[3.9699998],"WDSP":[5.569999],"WNDDIR":[27.7],"time":[1549364859]}