{"CLDC":[68.34999],"DEWP":[6.44],"FRSHTT":[100000],"PRCP":[0.039999995],"SLP":[1021.7999],"SNDP":[0],"STP":[998.4],"TEMP":[10.099999],"VISIB":[3.3699996],"WDSP":[4.7200003],"WNDDIR":[326.7],"time":[1549364859]}