{"CLDC":[78.4],"DEWP":[5.1499996],"FRSHTT":[100000],"PRCP":[0.32999998],"SLP":[1021.1],"SNDP":[0],"STP":[1021.27],"TEMP":[8.92],"VISIB":[5.4799995],"WDSP":[5.43],"WNDDIR":[116.9],"time":[1549364859]}