{"CLDC":[68.34999,67.61],"DEWP":[6.44,6.3799996],"FRSHTT":[100000,100000],"PRCP":[0.039999995,0.039999995],"SLP":[1021.7999,1021.7999],"SNDP":[0,0],"STP":[998.4,998.4],"TEMP":[10.099999,10.059999],"VISIB":[3.3699996,3.83],"WDSP":[4.7200003,5.29],"WNDDIR":[326.7,327.9],"time":[1549364859,1549364917]}