{"CLDC":[62.819996,63.07],"DEWP":[1.82,1.9],"FRSHTT":[100000,100000],"PRCP":[0.16999999,0.16999999],"SLP":[1024.7999,1024.7999],"SNDP":[0,0],"STP":[1023.25,1023.3299],"TEMP":[6.54,6.41],"VISIB":[9.69,9.66],"WDSP":[10.08,10.250001],"WNDDIR":[93.2,93.7],"time":[1549364856,1549364916]}