{"CLDC":[62.819996],"DEWP":[1.82],"FRSHTT":[100000],"PRCP":[0.16999999],"SLP":[1024.7999],"SNDP":[0],"STP":[1023.25],"TEMP":[6.54],"VISIB":[9.69],"WDSP":[10.08],"WNDDIR":[93.2],"time":[1549364856]}