{"CLDC":[93.89001,93.920006],"DEWP":[1.5200002,1.3199999],"FRSHTT":[100000,100000],"PRCP":[0.33999997,0.33999997],"SLP":[1024.9001,1024.7999],"SNDP":[0,0],"STP":[1027.2101,1027.18],"TEMP":[5.3899994,5.12],"VISIB":[10.449999,10.42],"WDSP":[4.1699996,4.0699997],"WNDDIR":[277.2,276.5],"time":[1549364855,1549364915]}