{"CLDC":[50.06,50.050003],"DEWP":[5.6799994,5.3999996],"FRSHTT":[100000,100000],"PRCP":[0.009999999,0.009999999],"SLP":[1022.1,1022.16003],"SNDP":[0,0],"STP":[1018.93,1017.2301],"TEMP":[9.2,9.08],"VISIB":[5.7300005,5.2799997],"WDSP":[5.4000006,5.3199997],"WNDDIR":[241.1,237.9],"time":[1549364860,1549364918]}