{"CLDC":[50.06],"DEWP":[5.6799994],"FRSHTT":[100000],"PRCP":[0.009999999],"SLP":[1022.1],"SNDP":[0],"STP":[1018.93],"TEMP":[9.2],"VISIB":[5.7300005],"WDSP":[5.4000006],"WNDDIR":[241.1],"time":[1549364860]}