{"CLDC":[50.05],"DEWP":[-2.3600001],"FRSHTT":[100000],"PRCP":[0.019999998],"SLP":[840.27997],"SNDP":[0],"STP":[841.9],"TEMP":[0.9599999],"VISIB":[6.6399994],"WDSP":[16.789999],"WNDDIR":[91.2],"time":[1549364860]}