{"CLDC":[83.850006,83.79],"DEWP":[0.95,0.9],"FRSHTT":[100000,100000],"PRCP":[0.050000004,0.050000004],"SLP":[1024.7999,1024.7999],"SNDP":[0,0],"STP":[982.7699,982.68005],"TEMP":[5.62,5.58],"VISIB":[11.659999,12.069999],"WDSP":[4.71,4.54],"WNDDIR":[353.6,350],"time":[1549364859,1549364918]}