{"CLDC":[84.920006,84.68],"DEWP":[1.5799999,1.42],"FRSHTT":[100000,100000],"PRCP":[0.059999995,0.059999995],"SLP":[1025.4001,1025.4001],"SNDP":[0,0],"STP":[1028.49,1027.89],"TEMP":[7.28,7.4199996],"VISIB":[10.049999,10.24],"WDSP":[5.6299996,5.63],"WNDDIR":[95.2,91.2],"time":[1549364859,1549364917]}