{"CLDC":[75.2],"DEWP":[2.29],"FRSHTT":[100000],"PRCP":[0.09000001],"SLP":[1025.5],"SNDP":[0],"STP":[1022.02],"TEMP":[6.4800005],"VISIB":[9.05],"WDSP":[5.6899996],"WNDDIR":[68.3],"time":[1549364858]}