{"CLDC":[82.60999,82.84],"DEWP":[2.3200002,2.56],"FRSHTT":[100000,100000],"PRCP":[0.11999999,0.11999999],"SLP":[1024.2001,1024.2001],"SNDP":[0,0],"STP":[1023.77997,1023.45],"TEMP":[5.54,5.6200004],"VISIB":[7.850001,7.6099997],"WDSP":[10.78,10.25],"WNDDIR":[1,0],"time":[1549364858,1549364916]}