{"CLDC":[73.8,73.71],"DEWP":[3.4,3.1999998],"FRSHTT":[100000,100000],"PRCP":[0.07999999,0.07999999],"SLP":[1024.4001,1024.4001],"SNDP":[0,0],"STP":[1017.6,1017.6],"TEMP":[8.33,7.999999],"VISIB":[8.29,8.360001],"WDSP":[6.5999994,6.2999997],"WNDDIR":[70.4,71],"time":[1549364858,1549364916]}