{"CLDC":[18.11,17.929998],"DEWP":[3.7600002,3.7600002],"FRSHTT":[0,0],"PRCP":[0,0],"SLP":[867.87,868.7899],"SNDP":[0,0],"STP":[851.9,851.82996],"TEMP":[8.24,8.13],"VISIB":[13.940001,14.99],"WDSP":[2.8199997,2.9199998],"WNDDIR":[52,54.2],"time":[1549364861,1549364919]}