{"CLDC":[50.329994],"DEWP":[3.7599998],"FRSHTT":[100000],"PRCP":[0.019999998],"SLP":[1022.1],"SNDP":[0],"STP":[1019.2999],"TEMP":[10.2],"VISIB":[14.9],"WDSP":[4],"WNDDIR":[167.5],"time":[1549364860]}