{"CLDC":[55.859997,55.700005],"DEWP":[2.0500002,1.8100002],"FRSHTT":[100000,100000],"PRCP":[0.029999997,0.029999997],"SLP":[1023.7999,1023.7999],"SNDP":[0,0],"STP":[1009.49005,1009.5],"TEMP":[6.78,6.3400006],"VISIB":[14.940001,14.8],"WDSP":[8.159999,8.2300005],"WNDDIR":[127.5,130.8],"time":[1549364860,1549364918]}