{"CLDC":[50.03],"DEWP":[3.2800002],"FRSHTT":[100000],"PRCP":[0.09000001],"SLP":[1024.5999],"SNDP":[0],"STP":[1020.39],"TEMP":[7.35],"VISIB":[8.99],"WDSP":[5.5199995],"WNDDIR":[309.3],"time":[1549364859]}