{"CLDC":[69.25],"DEWP":[0.45],"FRSHTT":[100000],"PRCP":[0.63000005],"SLP":[1023.7001],"SNDP":[0],"STP":[971.75995],"TEMP":[3.4],"VISIB":[9.910001],"WDSP":[19.25],"WNDDIR":[62.7],"time":[1549364859]}