{"CLDC":[69.25,69.189995],"DEWP":[0.45,0.48999995],"FRSHTT":[100000,100000],"PRCP":[0.63000005,0.63000005],"SLP":[1023.7001,1023.7001],"SNDP":[0,0],"STP":[971.75995,971.7001],"TEMP":[3.4,3.22],"VISIB":[9.910001,9.96],"WDSP":[19.25,17.060001],"WNDDIR":[62.7,62.4],"time":[1549364859,1549364917]}