{"CLDC":[64.93],"DEWP":[4.4100003],"FRSHTT":[100000],"PRCP":[0.13],"SLP":[1023.4],"SNDP":[0],"STP":[1018.75995],"TEMP":[7.9],"VISIB":[10.16],"WDSP":[7.089999],"WNDDIR":[23.5],"time":[1549364858]}