{"CLDC":[64.93,65.270004],"DEWP":[4.4100003,4.45],"FRSHTT":[100000,100000],"PRCP":[0.13,0.13],"SLP":[1023.4,1023.4],"SNDP":[0,0],"STP":[1018.75995,1018.88],"TEMP":[7.9,7.8199997],"VISIB":[10.16,10.42],"WDSP":[7.089999,7.3599997],"WNDDIR":[23.5,25.6],"time":[1549364858,1549364917]}