{"CLDC":[89.770004],"DEWP":[4.5],"FRSHTT":[100000],"PRCP":[0.039999995],"SLP":[1020.5],"SNDP":[0],"STP":[924.7999],"TEMP":[9.280001],"VISIB":[15.070002],"WDSP":[9.58],"WNDDIR":[278.3],"time":[1549364855]}