{"CLDC":[50.060005,50.110004],"DEWP":[3.2999997,3.16],"FRSHTT":[100000,100000],"PRCP":[0.050000004,0.050000004],"SLP":[1023.7999,1023.7999],"SNDP":[0,0],"STP":[1003.86005,1003.83997],"TEMP":[7.78,7.65],"VISIB":[19.550001,19.439999],"WDSP":[6.14,6.85],"WNDDIR":[358.1,358],"time":[1549364861,1549364919]}