{"CLDC":[50.030003,50.140003],"DEWP":[4.4,4.29],"FRSHTT":[100000,100000],"PRCP":[0.059999995,0.059999995],"SLP":[1023.2999,1023.2999],"SNDP":[0,0],"STP":[1021.6,1021.7001],"TEMP":[8.4800005,8.55],"VISIB":[11.7699995,11.609999],"WDSP":[7.38,7.41],"WNDDIR":[255,255.1],"time":[1549364861,1549364918]}