{"CLDC":[50.030003],"DEWP":[4.4],"FRSHTT":[100000],"PRCP":[0.059999995],"SLP":[1023.2999],"SNDP":[0],"STP":[1021.6],"TEMP":[8.4800005],"VISIB":[11.7699995],"WDSP":[7.38],"WNDDIR":[255],"time":[1549364861]}