{"CLDC":[50],"DEWP":[3.1],"FRSHTT":[100000],"PRCP":[0.09000001],"SLP":[1025.2999],"SNDP":[0],"STP":[1028.7999],"TEMP":[6.6400003],"VISIB":[10.340001],"WDSP":[5.4900002],"WNDDIR":[334.3],"time":[1549364861]}