{"CLDC":[57.059998,57.18],"DEWP":[4.2200003,4],"FRSHTT":[100000,100000],"PRCP":[0.16999999,0.16999999],"SLP":[1023.6,1023.6],"SNDP":[0,0],"STP":[1014.9,1014.9],"TEMP":[7.55,7.5800004],"VISIB":[9.55,10.25],"WDSP":[11.480001,11.35],"WNDDIR":[23.1,20.9],"time":[1549364860,1549364918]}