{"CLDC":[50.28],"DEWP":[5.74],"FRSHTT":[100000],"PRCP":[0.059999995],"SLP":[1018.5],"SNDP":[0],"STP":[905.5],"TEMP":[10.400001],"VISIB":[18.89],"WDSP":[8.9800005],"WNDDIR":[169],"time":[1549364857]}