{"CLDC":[92.44001],"DEWP":[2.12],"FRSHTT":[0],"PRCP":[0],"SLP":[1024.4001],"SNDP":[0],"STP":[1044.54],"TEMP":[7.4199996],"VISIB":[12.79],"WDSP":[2.2899997],"WNDDIR":[343],"time":[1549364857]}