{"CLDC":[92.44001,92.50001],"DEWP":[2.12,2.07],"FRSHTT":[0,0],"PRCP":[0,0],"SLP":[1024.4001,1024.5],"SNDP":[0,0],"STP":[1044.54,1042.7902],"TEMP":[7.4199996,7.28],"VISIB":[12.79,12.780001],"WDSP":[2.2899997,2.28],"WNDDIR":[343,343.7],"time":[1549364857,1549364916]}