{"CLDC":[50.170006,50.23],"DEWP":[4.88,4.82],"FRSHTT":[100000,100000],"PRCP":[0.09000001,0.09000001],"SLP":[1025.7999,1025.8201],"SNDP":[0,0],"STP":[1005.93994,1006.3999],"TEMP":[6.7400002,6.56],"VISIB":[17.85,17.92],"WDSP":[3.52,3.7999997],"WNDDIR":[266.3,269.2],"time":[1549364856,1549364915]}