{"CLDC":[50.170006],"DEWP":[4.88],"FRSHTT":[100000],"PRCP":[0.09000001],"SLP":[1025.7999],"SNDP":[0],"STP":[1005.93994],"TEMP":[6.7400002],"VISIB":[17.85],"WDSP":[3.52],"WNDDIR":[266.3],"time":[1549364856]}