{"CLDC":[82.53999,82.52999],"DEWP":[4.78,4.6800003],"FRSHTT":[100000,100000],"PRCP":[0.13,0.13],"SLP":[1024.2799,1024.2301],"SNDP":[0,0],"STP":[1019.7001,1019.7001],"TEMP":[7.55,7.38],"VISIB":[10.910001,10.450001],"WDSP":[5.8400006,5.73],"WNDDIR":[186.1,186.7],"time":[1549364861,1549364919]}