{"CLDC":[82.53999],"DEWP":[4.78],"FRSHTT":[100000],"PRCP":[0.13],"SLP":[1024.2799],"SNDP":[0],"STP":[1019.7001],"TEMP":[7.55],"VISIB":[10.910001],"WDSP":[5.8400006],"WNDDIR":[186.1],"time":[1549364861]}