{"CLDC":[50.150005],"DEWP":[4.36],"FRSHTT":[100000],"PRCP":[0.19000001],"SLP":[1022.6],"SNDP":[0],"STP":[1015.67004],"TEMP":[8.700001],"VISIB":[12.920001],"WDSP":[5.85],"WNDDIR":[4.4],"time":[1549364860]}