{"CLDC":[50.359997,50.100002],"DEWP":[-4.2,-4.2],"FRSHTT":[100000,100000],"PRCP":[0.029999997,0.029999997],"SLP":[1026.44,1026.4001],"SNDP":[0,0],"STP":[1024.15,1024.3099],"TEMP":[2.8799999,2.9900002],"VISIB":[13.350001,13.31],"WDSP":[9.33,9.219999],"WNDDIR":[163.5,164.2],"time":[1549364856,1549364916]}