{"CLDC":[50.359997],"DEWP":[-4.2],"FRSHTT":[100000],"PRCP":[0.029999997],"SLP":[1026.44],"SNDP":[0],"STP":[1024.15],"TEMP":[2.8799999],"VISIB":[13.350001],"WDSP":[9.33],"WNDDIR":[163.5],"time":[1549364856]}