{"CLDC":[73.93001,73.81],"DEWP":[-3.8499997,-4.06],"FRSHTT":[100000,100000],"PRCP":[0.039999995,0.039999995],"SLP":[1026.5,1026.5],"SNDP":[0,0],"STP":[1021.7201,1021.81995],"TEMP":[3.94,3.92],"VISIB":[17.87,17.57],"WDSP":[10.24,10.669999],"WNDDIR":[335.8,334.6],"time":[1549364858,1549364917]}