{"CLDC":[53.93,54.090004],"DEWP":[-3.5400002,-3.2400002],"FRSHTT":[100000,100000],"PRCP":[0.050000004,0.050000004],"SLP":[1026,1026.09],"SNDP":[0,0],"STP":[1023.87,1024.0701],"TEMP":[2.3699996,2.7099998],"VISIB":[13.870001,13.659999],"WDSP":[11.35,11.710001],"WNDDIR":[268.9,268.6],"time":[1549364857,1549364916]}