{"CLDC":[50.160007,50.13],"DEWP":[-2.8999996,-2.9399998],"FRSHTT":[100000,100000],"PRCP":[0.050000004,0.050000004],"SLP":[1026.7001,1026.7501],"SNDP":[0,0],"STP":[1025.4001,1025.5],"TEMP":[2.1399999,2.15],"VISIB":[13.309999,12.19],"WDSP":[12.73,12.530001],"WNDDIR":[141,140.6],"time":[1549364856,1549364916]}