{"CLDC":[50.160007],"DEWP":[-2.8999996],"FRSHTT":[100000],"PRCP":[0.050000004],"SLP":[1026.7001],"SNDP":[0],"STP":[1025.4001],"TEMP":[2.1399999],"VISIB":[13.309999],"WDSP":[12.73],"WNDDIR":[141],"time":[1549364856]}