{"CLDC":[63.72,63.670002],"DEWP":[-1.3600001,-1.3],"FRSHTT":[100000,100000],"PRCP":[0.039999995,0.039999995],"SLP":[1026.4001,1026.41],"SNDP":[0,0],"STP":[1022.07996,1022.1],"TEMP":[4.0799994,4.1],"VISIB":[14.300001,14.089999],"WDSP":[11.280001,11.679999],"WNDDIR":[13.3,14.1],"time":[1549364860,1549364918]}