{"CLDC":[86.26],"DEWP":[-2.55],"FRSHTT":[100000],"PRCP":[0.059999995],"SLP":[1026.7001],"SNDP":[0],"STP":[1023.30994],"TEMP":[4.1900005],"VISIB":[17.48],"WDSP":[9.55],"WNDDIR":[85.6],"time":[1549364860]}