{"CLDC":[65.94,66.14],"DEWP":[-1.2500001,-1.26],"FRSHTT":[100000,100000],"PRCP":[0.07,0.07],"SLP":[1025.7001,1025.7001],"SNDP":[0,0],"STP":[1022.47003,1022.2999],"TEMP":[3.75,3.7900002],"VISIB":[9.910001,10.51],"WDSP":[9.69,8.76],"WNDDIR":[157.8,154.2],"time":[1549364859,1549364917]}