{"CLDC":[65.94],"DEWP":[-1.2500001],"FRSHTT":[100000],"PRCP":[0.07],"SLP":[1025.7001],"SNDP":[0],"STP":[1022.47003],"TEMP":[3.75],"VISIB":[9.910001],"WDSP":[9.69],"WNDDIR":[157.8],"time":[1549364859]}