{"CLDC":[76.38,75.77],"DEWP":[-1.6600001,-1.65],"FRSHTT":[100000,100000],"PRCP":[0.059999995,0.060999997],"SLP":[1025.7999,1025.7999],"SNDP":[0,0],"STP":[1027.7001,1027.7],"TEMP":[3.05,2.9100003],"VISIB":[16.33,15.660001],"WDSP":[12.179999,12.420001],"WNDDIR":[66.4,68.7],"time":[1549364858,1549364916]}