{"CLDC":[50.030003],"DEWP":[-1.49],"FRSHTT":[100000],"PRCP":[0.050000004],"SLP":[1026.2001],"SNDP":[0],"STP":[1025.2001],"TEMP":[2.88],"VISIB":[19.530003],"WDSP":[13.729999],"WNDDIR":[65.5],"time":[1549364857]}