{"CLDC":[61.05],"DEWP":[0.93999994],"FRSHTT":[100000],"PRCP":[0.059999995],"SLP":[1024.6399],"SNDP":[0],"STP":[1018.6],"TEMP":[6.1000004],"VISIB":[14.039999],"WDSP":[4.92],"WNDDIR":[98.7],"time":[1549364861]}