{"CLDC":[44.799995],"DEWP":[-1.1999999],"FRSHTT":[0],"PRCP":[0],"SLP":[1011.2999],"SNDP":[0],"STP":[989.88007],"TEMP":[1.4800003],"VISIB":[6.38],"WDSP":[17.51],"WNDDIR":[45],"time":[1549364860]}