{"CLDC":[99.08999,98.98],"DEWP":[-0.45999998,-0.67999995],"FRSHTT":[100000,100000],"PRCP":[0.050000004,0.050000004],"SLP":[1025.5999,1025.5999],"SNDP":[0,0],"STP":[1025.9001,1025.9001],"TEMP":[4.6200004,4.42],"VISIB":[10.900001,11.12],"WDSP":[10.67,11.27],"WNDDIR":[252,253.5],"time":[1549364860,1549364918]}