{"CLDC":[50.309994,50.52],"DEWP":[-0.71999997,-0.78000003],"FRSHTT":[100000,100000],"PRCP":[0.11999999,0.11999999],"SLP":[1026.78,1026.7999],"SNDP":[0,0],"STP":[1023.31995,1023.45996],"TEMP":[3.4600003,3.39],"VISIB":[11.05,10.880001],"WDSP":[8.370001,8.04],"WNDDIR":[275,275.7],"time":[1549364859,1549364918]}