{"CLDC":[99.08999],"DEWP":[-0.45999998],"FRSHTT":[100000],"PRCP":[0.050000004],"SLP":[1025.5999],"SNDP":[0],"STP":[1025.9001],"TEMP":[4.6200004],"VISIB":[10.900001],"WDSP":[10.67],"WNDDIR":[252],"time":[1549364860]}