{"CLDC":[76.05,75.86001],"DEWP":[-0.8,-0.8],"FRSHTT":[100000,100000],"PRCP":[0.07999999,0.07999999],"SLP":[1026.2999,1026.2999],"SNDP":[0,0],"STP":[1023.2999,1023.36005],"TEMP":[3.5099998,3.6599998],"VISIB":[10.01,9.51],"WDSP":[10.200002,10.710001],"WNDDIR":[201.3,202.3],"time":[1549364859,1549364917]}