{"CLDC":[19.84,19.78],"DEWP":[0.85,1.05],"FRSHTT":[0,0],"PRCP":[0,0],"SLP":[1021.36,1021.19006],"SNDP":[0,0],"STP":[995.86,995.6],"TEMP":[7.87,7.5799994],"VISIB":[12.890001,13],"WDSP":[13.74,13.9],"WNDDIR":[74.1,72.8],"time":[1549364859,1549364917]}