{"CLDC":[81.19],"DEWP":[-1.89],"FRSHTT":[100000],"PRCP":[0.11],"SLP":[1025.7899],"SNDP":[0],"STP":[1024.7799],"TEMP":[4.6200004],"VISIB":[14.530001],"WDSP":[10.46],"WNDDIR":[5.8],"time":[1549364859]}