{"CLDC":[50.04,50.21],"DEWP":[-0.4,-0.41000003],"FRSHTT":[100000,100000],"PRCP":[0.11999999,0.11999999],"SLP":[1025.59,1025.53],"SNDP":[0,0],"STP":[1023.30994,1023.2999],"TEMP":[4.9,4.85],"VISIB":[12.0199995,11.75],"WDSP":[12.970001,13.81],"WNDDIR":[210.4,206.1],"time":[1549364861,1549364919]}