{"CLDC":[50.04],"DEWP":[-0.4],"FRSHTT":[100000],"PRCP":[0.11999999],"SLP":[1025.59],"SNDP":[0],"STP":[1023.30994],"TEMP":[4.9],"VISIB":[12.0199995],"WDSP":[12.970001],"WNDDIR":[210.4],"time":[1549364861]}