{"CLDC":[50.150005],"DEWP":[-7.1999993],"FRSHTT":[1100000],"PRCP":[0.18000002],"SLP":[946.92004],"SNDP":[0],"STP":[873.67004],"TEMP":[-0.22],"VISIB":[13.38],"WDSP":[20.25],"WNDDIR":[226.4],"time":[1549364860]}