{"CLDC":[50.150005,50.140003],"DEWP":[-7.1999993,-7.0399995],"FRSHTT":[1100000,1100000],"PRCP":[0.18000002,0.18000002],"SLP":[946.92004,946.77997],"SNDP":[0,0],"STP":[873.67004,873.6],"TEMP":[-0.22,-0.39999995],"VISIB":[13.38,13.539999],"WDSP":[20.25,21.45],"WNDDIR":[226.4,223.7],"time":[1549364860,1549364918]}