{"CLDC":[50.050003],"DEWP":[0.08],"FRSHTT":[100000],"PRCP":[0.18000002],"SLP":[1025.0999],"SNDP":[0],"STP":[1025.7999],"TEMP":[4.6599994],"VISIB":[8.17],"WDSP":[8.89],"WNDDIR":[90.2],"time":[1549364860]}