{"CLDC":[50.050003,50.090004],"DEWP":[0.08,0.05],"FRSHTT":[100000,100000],"PRCP":[0.18000002,0.18000002],"SLP":[1025.0999,1025.0999],"SNDP":[0,0],"STP":[1025.7999,1025.7999],"TEMP":[4.6599994,4.42],"VISIB":[8.17,8.66],"WDSP":[8.89,8.86],"WNDDIR":[90.2,89.2],"time":[1549364860,1549364918]}