{"CLDC":[78.13999],"DEWP":[0.35],"FRSHTT":[100000],"PRCP":[0.13],"SLP":[1024.5],"SNDP":[0],"STP":[1018.69006],"TEMP":[4.5800004],"VISIB":[20.210001],"WDSP":[23.95],"WNDDIR":[83.7],"time":[1549364859]}