{"CLDC":[50,50.219997],"DEWP":[-0.33999997,-0.50000006],"FRSHTT":[100000,100000],"PRCP":[0.009999999,0.009999999],"SLP":[1025.2899,1025.2999],"SNDP":[0,0],"STP":[1028.53,1028.6702],"TEMP":[4.48,4.38],"VISIB":[22.91,23.060001],"WDSP":[29.810001,29.88],"WNDDIR":[10.9,14.3],"time":[1549364859,1549364917]}