{"CLDC":[50.02,50.319996],"DEWP":[0.87999994,0.71000004],"FRSHTT":[100000,100000],"PRCP":[0.22,0.22],"SLP":[1024.2001,1024.2001],"SNDP":[0,0],"STP":[1017.97003,1017.8],"TEMP":[5.11,5.08],"VISIB":[14.7,15.45],"WDSP":[11.579999,10.31],"WNDDIR":[335,329],"time":[1549364859,1549364917]}