{"CLDC":[65.66],"DEWP":[-5.8000007],"FRSHTT":[0],"PRCP":[0],"SLP":[1021.83997],"SNDP":[0],"STP":[994.87],"TEMP":[1.1000001],"VISIB":[18.34],"WDSP":[6],"WNDDIR":[269.6],"time":[1549364857]}