{"CLDC":[50.190006],"DEWP":[2.17],"FRSHTT":[100000],"PRCP":[0.27],"SLP":[1023.7001],"SNDP":[0],"STP":[1020.88],"TEMP":[6.5],"VISIB":[11.34],"WDSP":[6.7200003],"WNDDIR":[287.2],"time":[1549364856]}