{"CLDC":[50.100002],"DEWP":[-0.35999998],"FRSHTT":[100000],"PRCP":[0.15999998],"SLP":[1024.6399],"SNDP":[0],"STP":[1026.1399],"TEMP":[4.2],"VISIB":[16.15],"WDSP":[17.939999],"WNDDIR":[175],"time":[1549364861]}