{"CLDC":[50.100002,50.02],"DEWP":[-0.35999998,-0.14],"FRSHTT":[100000,100000],"PRCP":[0.15999998,0.15999998],"SLP":[1024.6399,1024.7001],"SNDP":[0,0],"STP":[1026.1399,1026.11],"TEMP":[4.2,4.15],"VISIB":[16.15,16.240002],"WDSP":[17.939999,16.990002],"WNDDIR":[175,173],"time":[1549364861,1549364919]}