{"CLDC":[50.16],"DEWP":[1.34],"FRSHTT":[100000],"PRCP":[0.19000001],"SLP":[1024.0999],"SNDP":[0],"STP":[1022.7999],"TEMP":[6.04],"VISIB":[10.689999],"WDSP":[10.030001],"WNDDIR":[265],"time":[1549364858]}