{"CLDC":[60.609997],"DEWP":[0.14000002],"FRSHTT":[100000],"PRCP":[0.07],"SLP":[1025.5999],"SNDP":[0],"STP":[1032.0399],"TEMP":[6.35],"VISIB":[12.289999],"WDSP":[4.53],"WNDDIR":[272.2],"time":[1549364856]}