{"CLDC":[63.059998,62.82],"DEWP":[-3.3200002,-3.4],"FRSHTT":[100000,100000],"PRCP":[0.19000001,0.19000001],"SLP":[1024.9001,1024.99],"SNDP":[0,0],"STP":[914.9,914.63],"TEMP":[0.70000005,0.9],"VISIB":[11.709999,12.210001],"WDSP":[23.939999,23.46],"WNDDIR":[172.8,172.9],"time":[1549364856,1549364916]}