{"CLDC":[50.150005,50.35],"DEWP":[3.4000003,3.0399997],"FRSHTT":[100000,100000],"PRCP":[0.18000002,0.18000002],"SLP":[1024,1024],"SNDP":[0,0],"STP":[1028.07,1028.1901],"TEMP":[7.3599997,7.15],"VISIB":[13.3,13.4800005],"WDSP":[5.6199994,5.9700003],"WNDDIR":[253.9,250],"time":[1549364856,1549364915]}