{"CLDC":[50.150005],"DEWP":[3.4000003],"FRSHTT":[100000],"PRCP":[0.18000002],"SLP":[1024],"SNDP":[0],"STP":[1028.07],"TEMP":[7.3599997],"VISIB":[13.3],"WDSP":[5.6199994],"WNDDIR":[253.9],"time":[1549364856]}