{"CLDC":[63.059998],"DEWP":[-3.3200002],"FRSHTT":[100000],"PRCP":[0.19000001],"SLP":[1024.9001],"SNDP":[0],"STP":[914.9],"TEMP":[0.70000005],"VISIB":[11.709999],"WDSP":[23.939999],"WNDDIR":[172.8],"time":[1549364856]}