{"CLDC":[50.04],"DEWP":[1.4499999],"FRSHTT":[100000],"PRCP":[0.15999998],"SLP":[1024.2999],"SNDP":[0],"STP":[1019.8499],"TEMP":[4.88],"VISIB":[14.900002],"WDSP":[29.070002],"WNDDIR":[62.5],"time":[1549364855]}