{"CLDC":[26.62,26.590002],"DEWP":[0.15,0.050000012],"FRSHTT":[0,0],"PRCP":[0,0],"SLP":[1024,1023.91003],"SNDP":[0,0],"STP":[1044.8401,1045.03],"TEMP":[5.9200006,6.0799994],"VISIB":[20.42,20.810001],"WDSP":[4.3900003,4.9300003],"WNDDIR":[173,170.6],"time":[1549364856,1549364915]}