{"CLDC":[50.28],"DEWP":[0.33999997],"FRSHTT":[100000],"PRCP":[0.11999999],"SLP":[1024.7999],"SNDP":[0],"STP":[1023.88995],"TEMP":[6.2499995],"VISIB":[12.12],"WDSP":[4.0299997],"WNDDIR":[30.8],"time":[1549364855]}