{"CLDC":[50.28,50.219997],"DEWP":[0.33999997,0.24000001],"FRSHTT":[100000,100000],"PRCP":[0.11999999,0.11999999],"SLP":[1024.7999,1024.7999],"SNDP":[0,0],"STP":[1023.88995,1023.36],"TEMP":[6.2499995,6.24],"VISIB":[12.12,11.52],"WDSP":[4.0299997,4.2000003],"WNDDIR":[30.8,33.6],"time":[1549364855,1549364915]}