{"CLDC":[26.62],"DEWP":[0.15],"FRSHTT":[0],"PRCP":[0],"SLP":[1024],"SNDP":[0],"STP":[1044.8401],"TEMP":[5.9200006],"VISIB":[20.42],"WDSP":[4.3900003],"WNDDIR":[173],"time":[1549364856]}