{"CLDC":[80.56],"DEWP":[0.4],"FRSHTT":[100000],"PRCP":[0.15999998],"SLP":[1024],"SNDP":[0],"STP":[905.33997],"TEMP":[3.7400002],"VISIB":[14.860001],"WDSP":[13.7300005],"WNDDIR":[162.3],"time":[1549364859]}