{"CLDC":[80.56,80.799995],"DEWP":[0.4,0.35],"FRSHTT":[100000,100000],"PRCP":[0.15999998,0.15999998],"SLP":[1024,1024.0999],"SNDP":[0,0],"STP":[905.33997,905.43],"TEMP":[3.7400002,3.7500005],"VISIB":[14.860001,15.33],"WDSP":[13.7300005,13.390001],"WNDDIR":[162.3,159.5],"time":[1549364859,1549364917]}