{"CLDC":[50.010002],"DEWP":[3.2300003],"FRSHTT":[100000],"PRCP":[0.15999998],"SLP":[1024],"SNDP":[0],"STP":[1023.2999],"TEMP":[7.2399993],"VISIB":[18.15],"WDSP":[6.3],"WNDDIR":[175.2],"time":[1549364858]}