{"CLDC":[92.079994,91.869995],"DEWP":[3.1499999,3.1999996],"FRSHTT":[100000,100000],"PRCP":[0.059999995,0.059999995],"SLP":[1023.5,1023.47003],"SNDP":[0,0],"STP":[1019.1,1019.1],"TEMP":[9.5199995,9.299999],"VISIB":[17.41,16.990002],"WDSP":[4.0199995,4.4900002],"WNDDIR":[110.5,111.3],"time":[1549364858,1549364917]}