{"CLDC":[50.010002,50.080006],"DEWP":[3.2300003,3.04],"FRSHTT":[100000,100000],"PRCP":[0.15999998,0.15999998],"SLP":[1024,1024],"SNDP":[0,0],"STP":[1023.2999,1023.4],"TEMP":[7.2399993,7.1399994],"VISIB":[18.15,18.66],"WDSP":[6.3,5.9500003],"WNDDIR":[175.2,173.3],"time":[1549364858,1549364917]}