{"CLDC":[66.299995,66.6],"DEWP":[1.31,1.19],"FRSHTT":[100000,100000],"PRCP":[0.46999997,0.46999997],"SLP":[1024.7301,1024.57],"SNDP":[0,0],"STP":[1019.6,1019.7001],"TEMP":[4.0199995,3.9199996],"VISIB":[11.07,11.2],"WDSP":[9.26,9.15],"WNDDIR":[218,220.3],"time":[1549364858,1549364916]}