{"CLDC":[83.93001],"DEWP":[3.4599998],"FRSHTT":[100000],"PRCP":[0.14],"SLP":[1022.32],"SNDP":[0],"STP":[1021.49005],"TEMP":[6.1000004],"VISIB":[14.649999],"WDSP":[32.340004],"WNDDIR":[273.3],"time":[1549364857]}