{"CLDC":[79.76,79.729996],"DEWP":[4.46,4.2799997],"FRSHTT":[100000,100000],"PRCP":[0.13,0.13],"SLP":[1023.2999,1023.2999],"SNDP":[0,0],"STP":[1023.87,1023.86993],"TEMP":[7.9,7.96],"VISIB":[12.14,12.290001],"WDSP":[6.19,5.95],"WNDDIR":[281.4,281.8],"time":[1549364860,1549364918]}