{"CLDC":[56.73],"DEWP":[5.2599998],"FRSHTT":[100000],"PRCP":[0.14],"SLP":[1022.7001],"SNDP":[0],"STP":[1026.24],"TEMP":[9.75],"VISIB":[14.290001],"WDSP":[4.1700006],"WNDDIR":[144.8],"time":[1549364859]}