{"CLDC":[91.619995,91.72],"DEWP":[6.35,6.34],"FRSHTT":[100000,100000],"PRCP":[0.10000001,0.10000001],"SLP":[1022.7001,1022.7001],"SNDP":[0,0],"STP":[1018.7001,1018.7999],"TEMP":[10.5199995,10.240001],"VISIB":[14.33,13.9],"WDSP":[7.59,7.4600005],"WNDDIR":[329.3,331.1],"time":[1549364859,1549364917]}