{"CLDC":[50.030003],"DEWP":[3.3],"FRSHTT":[100000],"PRCP":[0.11999999],"SLP":[1023.1],"SNDP":[0],"STP":[1028.2999],"TEMP":[6.66],"VISIB":[9.43],"WDSP":[26.23],"WNDDIR":[282],"time":[1549364859]}