{"CLDC":[50.030003,50.010002],"DEWP":[3.3,3.3799999],"FRSHTT":[100000,100000],"PRCP":[0.11999999,0.11999999],"SLP":[1023.1,1023.1],"SNDP":[0,0],"STP":[1028.2999,1028.2999],"TEMP":[6.66,6.3199997],"VISIB":[9.43,9.67],"WDSP":[26.23,26.87],"WNDDIR":[282,286],"time":[1549364859,1549364917]}