{"CLDC":[63.01,62.85],"DEWP":[2.5000002,2.44],"FRSHTT":[100000,100000],"PRCP":[0.19000001,0.192],"SLP":[1022.1,1022],"SNDP":[0,0],"STP":[1025.2999,1025.2999],"TEMP":[6,5.72],"VISIB":[19.56,19.929998],"WDSP":[33.84,33.95],"WNDDIR":[234.9,236],"time":[1549364859,1549364917]}