{"CLDC":[50.050003,50],"DEWP":[6.3599997,6.29],"FRSHTT":[100000,100000],"PRCP":[0.20000002,0.20000002],"SLP":[1021.7999,1021.7999],"SNDP":[0,0],"STP":[1021.55,1021.31006],"TEMP":[10.500001,10.410001],"VISIB":[15.9,15.19],"WDSP":[6.2200003,6.6099997],"WNDDIR":[112.7,111.7],"time":[1549364860,1549364918]}