{"CLDC":[50.010002],"DEWP":[7.149999],"FRSHTT":[100000],"PRCP":[0.029999997],"SLP":[1021.4],"SNDP":[0],"STP":[1022.7699],"TEMP":[12.6],"VISIB":[13.2699995],"WDSP":[3.75],"WNDDIR":[254.3],"time":[1549364860]}