{"CLDC":[50.309994,50.560005],"DEWP":[3.02,2.95],"FRSHTT":[100000,100000],"PRCP":[0.13,0.13],"SLP":[844,843.91],"SNDP":[0,0],"STP":[846.1,846.1],"TEMP":[5.5800004,5.35],"VISIB":[11.499999,11.86],"WDSP":[23.859999,23.28],"WNDDIR":[6.9,8.6],"time":[1549364860,1549364918]}