{"CLDC":[96.90001,97.26999],"DEWP":[9.83,9.7],"FRSHTT":[100000,100000],"PRCP":[0.15999998,0.15999998],"SLP":[1021.4,1021.4],"SNDP":[0,0],"STP":[1016.7999,1016.45996],"TEMP":[13.320002,13.220001],"VISIB":[12.69,12.059999],"WDSP":[28.59,30.289999],"WNDDIR":[331.4,330.8],"time":[1549364859,1549364917]}