{"CLDC":[82.21001,82.06999],"DEWP":[7.4,7.1999993],"FRSHTT":[100000,100000],"PRCP":[0.019999998,0.019999998],"SLP":[1018.7301,1018.73],"SNDP":[0,0],"STP":[971.00995,970.85],"TEMP":[12.780001,12.280001],"VISIB":[16.09,16.02],"WDSP":[7.5699997,7.96],"WNDDIR":[336.4,337.4],"time":[1549364861,1549364919]}