{"CLDC":[51.27,51.200005],"DEWP":[8.32,7.839999],"FRSHTT":[100000,100000],"PRCP":[0.019999998,0.019999998],"SLP":[1020,1020],"SNDP":[0,0],"STP":[1001.69006,1001.52997],"TEMP":[13.960001,13.620001],"VISIB":[11.740001,11.659999],"WDSP":[4.44,4.8200006],"WNDDIR":[226.1,229.3],"time":[1549364860,1549364918]}