{"CLDC":[50.259995,50.289997],"DEWP":[7.3199997,7.1800003],"FRSHTT":[100000,100000],"PRCP":[0.13,0.13],"SLP":[1020.7001,1020.7001],"SNDP":[0,0],"STP":[1018.93,1019.00995],"TEMP":[12.33,11.959999],"VISIB":[12.5199995,12.619999],"WDSP":[7.0199995,7.19],"WNDDIR":[333.6,332.2],"time":[1549364860,1549364918]}