{"CLDC":[54.1,53.610004],"DEWP":[7.8599997,7.5800004],"FRSHTT":[100000,100000],"PRCP":[0.07999999,0.07999999],"SLP":[1021.2999,1021.2999],"SNDP":[0,0],"STP":[1018.16,1018.2001],"TEMP":[11.6,11.81],"VISIB":[10.05,10.290001],"WDSP":[7.2400002,7.7599998],"WNDDIR":[267.3,266.3],"time":[1549364859,1549364917]}