{"CLDC":[50.230003],"DEWP":[1.4200001],"FRSHTT":[100000],"PRCP":[0.16999999],"SLP":[1025.4001],"SNDP":[0],"STP":[1028.1599],"TEMP":[4.0600004],"VISIB":[13.05],"WDSP":[4.9300003],"WNDDIR":[198.1],"time":[1549364859]}