{"CLDC":[50.230003,50.210003],"DEWP":[1.4200001,1.36],"FRSHTT":[100000,100000],"PRCP":[0.16999999,0.16999999],"SLP":[1025.4001,1025.4001],"SNDP":[0,0],"STP":[1028.1599,1027.88],"TEMP":[4.0600004,3.9599998],"VISIB":[13.05,13.57],"WDSP":[4.9300003,4.9200006],"WNDDIR":[198.1,197.8],"time":[1549364859,1549364917]}