{"CLDC":[51.49],"DEWP":[6.0699997],"FRSHTT":[100000],"PRCP":[0.14999999],"SLP":[1022.1],"SNDP":[0],"STP":[1014.2999],"TEMP":[11.360001],"VISIB":[14.159999],"WDSP":[6.21],"WNDDIR":[17],"time":[1549364859]}