{"CLDC":[97.08999],"DEWP":[6.87],"FRSHTT":[100000],"PRCP":[0.18000002],"SLP":[1020.4],"SNDP":[0],"STP":[1026.33],"TEMP":[11.480001],"VISIB":[15.570002],"WDSP":[7.12],"WNDDIR":[332.3],"time":[1549364856]}