{"CLDC":[50.160004,50.47],"DEWP":[8.929999,8.829999],"FRSHTT":[100000,100000],"PRCP":[0.059999995,0.059999995],"SLP":[1021,1021],"SNDP":[0,0],"STP":[1014.6,1014.5399],"TEMP":[13.12,13.05],"VISIB":[18.81,18.39],"WDSP":[4.13,4.3700004],"WNDDIR":[201.2,202.2],"time":[1549364855,1549364915]}