{"CLDC":[50,50.260002],"DEWP":[8.07,7.91],"FRSHTT":[100000,100000],"PRCP":[0.13,0.13],"SLP":[1021,1021],"SNDP":[0,0],"STP":[1015.69006,1015.7001],"TEMP":[12.099998,12.08],"VISIB":[15.67,15.679998],"WDSP":[11.799999,12.749999],"WNDDIR":[170.7,169.2],"time":[1549364861,1549364919]}