{"CLDC":[50],"DEWP":[8.07],"FRSHTT":[100000],"PRCP":[0.13],"SLP":[1021],"SNDP":[0],"STP":[1015.69006],"TEMP":[12.099998],"VISIB":[15.67],"WDSP":[11.799999],"WNDDIR":[170.7],"time":[1549364861]}