{"CLDC":[55.4,55.52],"DEWP":[8.160001,8.21],"FRSHTT":[100000,100000],"PRCP":[0.14,0.14],"SLP":[1019,1019],"SNDP":[0,0],"STP":[1013.12,1013.12],"TEMP":[13.12,12.6],"VISIB":[8.55,8.660001],"WDSP":[6.53,6.2000003],"WNDDIR":[2,0.9],"time":[1549364860,1549364918]}