{"CLDC":[64.05,63.420002],"DEWP":[9.15,9.16],"FRSHTT":[100000,100000],"PRCP":[0.009999999,0.009999999],"SLP":[1018.6,1018.6],"SNDP":[0,0],"STP":[1005.47003,1005.1],"TEMP":[12.969999,13.149999],"VISIB":[17.250002,17.68],"WDSP":[7.910001,8.410001],"WNDDIR":[227.9,224.6],"time":[1549364858,1549364916]}