{"CLDC":[64.05],"DEWP":[9.15],"FRSHTT":[100000],"PRCP":[0.009999999],"SLP":[1018.6],"SNDP":[0],"STP":[1005.47003],"TEMP":[12.969999],"VISIB":[17.250002],"WDSP":[7.910001],"WNDDIR":[227.9],"time":[1549364858]}