{"CLDC":[50.140003,50.289997],"DEWP":[10.9,11.04],"FRSHTT":[100000,100000],"PRCP":[0.019999998,0.019999998],"SLP":[1018.1,1018.1],"SNDP":[0,0],"STP":[1007.7101,1007.68005],"TEMP":[16.24,16.81],"VISIB":[13.9800005,13.2],"WDSP":[4.71,3.9399998],"WNDDIR":[180,185.6],"time":[1549364857,1549364916]}