{"CLDC":[50.100002,50.180004],"DEWP":[7.9199996,7.8900003],"FRSHTT":[100000,100000],"PRCP":[0.039999995,0.039999995],"SLP":[1021.5,1021.5],"SNDP":[0,0],"STP":[1025.05,1024.75],"TEMP":[12.160001,12.280001],"VISIB":[8.73,8.690001],"WDSP":[4.2400002,3.8400002],"WNDDIR":[214.5,212.2],"time":[1549364855,1549364915]}