{"CLDC":[50.100002],"DEWP":[7.9199996],"FRSHTT":[100000],"PRCP":[0.039999995],"SLP":[1021.5],"SNDP":[0],"STP":[1025.05],"TEMP":[12.160001],"VISIB":[8.73],"WDSP":[4.2400002],"WNDDIR":[214.5],"time":[1549364855]}