{"CLDC":[89.55999],"DEWP":[9.43],"FRSHTT":[100000],"PRCP":[0.14999999],"SLP":[1020.02],"SNDP":[0],"STP":[1013.89],"TEMP":[13.35],"VISIB":[8.690001],"WDSP":[5.7599998],"WNDDIR":[101],"time":[1549364861]}