{"CLDC":[89.55999,89.420006],"DEWP":[9.43,9.2699995],"FRSHTT":[100000,100000],"PRCP":[0.14999999,0.14999999],"SLP":[1020.02,1020],"SNDP":[0,0],"STP":[1013.89,1013.80994],"TEMP":[13.35,12.74],"VISIB":[8.690001,8.4800005],"WDSP":[5.7599998,5.9000006],"WNDDIR":[101,101],"time":[1549364861,1549364919]}