{"CLDC":[50.170006,50.279995],"DEWP":[8.559999,8.459999],"FRSHTT":[100000,100000],"PRCP":[0.059999995,0.059999995],"SLP":[1020.5,1020.6],"SNDP":[0,0],"STP":[1023.9601,1023.99005],"TEMP":[13.2,12.960001],"VISIB":[11.5,11.750001],"WDSP":[6.950001,6.35],"WNDDIR":[209.4,211.1],"time":[1549364861,1549364918]}