{"CLDC":[50.170006],"DEWP":[8.559999],"FRSHTT":[100000],"PRCP":[0.059999995],"SLP":[1020.5],"SNDP":[0],"STP":[1023.9601],"TEMP":[13.2],"VISIB":[11.5],"WDSP":[6.950001],"WNDDIR":[209.4],"time":[1549364861]}