{"CLDC":[79.14,79.62],"DEWP":[9.31,9.01],"FRSHTT":[100000,100000],"PRCP":[0.18000002,0.18000002],"SLP":[1020.2999,1020.35],"SNDP":[0,0],"STP":[1019.09,1018.92004],"TEMP":[13.8,13.860001],"VISIB":[15.279999,15.320002],"WDSP":[8.109999,8.690001],"WNDDIR":[53.9,55.9],"time":[1549364860,1549364918]}