{"CLDC":[99.240005],"DEWP":[0.37999994],"FRSHTT":[0],"PRCP":[0],"SLP":[1008.98],"SNDP":[0],"STP":[989.22003],"TEMP":[2.28],"VISIB":[1.89],"WDSP":[6.9200006],"WNDDIR":[178.3],"time":[1549364860]}