{"CLDC":[99.240005,99.479996],"DEWP":[0.37999994,0.35],"FRSHTT":[0,0],"PRCP":[0,0],"SLP":[1008.98,1009.6],"SNDP":[0,0],"STP":[989.22003,989.0199],"TEMP":[2.28,2.24],"VISIB":[1.89,1.43],"WDSP":[6.9200006,6.6099997],"WNDDIR":[178.3,174.6],"time":[1549364860,1549364918]}