{"CLDC":[78.51],"DEWP":[6.1800003],"FRSHTT":[100000],"PRCP":[0.07],"SLP":[1021.2999],"SNDP":[0],"STP":[1017.05994],"TEMP":[12.060001],"VISIB":[17.96],"WDSP":[6.31],"WNDDIR":[139],"time":[1549364860]}