{"CLDC":[74.18001],"DEWP":[9.92],"FRSHTT":[100000],"PRCP":[0.18000002],"SLP":[1020.2999],"SNDP":[0],"STP":[1015.56006],"TEMP":[13.289999],"VISIB":[11.400001],"WDSP":[9.27],"WNDDIR":[249],"time":[1549364858]}