{"CLDC":[74.18001,74.68],"DEWP":[9.92,10.02],"FRSHTT":[100000,100000],"PRCP":[0.18000002,0.18000002],"SLP":[1020.2999,1020.2999],"SNDP":[0,0],"STP":[1015.56006,1015.3999],"TEMP":[13.289999,13.360001],"VISIB":[11.400001,11.549999],"WDSP":[9.27,9.340001],"WNDDIR":[249,250.5],"time":[1549364858,1549364917]}