{"CLDC":[24],"DEWP":[1.5500001],"FRSHTT":[0],"PRCP":[0],"SLP":[1025.0599],"SNDP":[0],"STP":[992.2001],"TEMP":[9.999999],"VISIB":[28.49],"WDSP":[21.81],"WNDDIR":[347.2],"time":[1549364858]}