{"CLDC":[24,23.55],"DEWP":[1.5500001,1.5000001],"FRSHTT":[0,0],"PRCP":[0,0],"SLP":[1025.0599,1025.0599],"SNDP":[0,0],"STP":[992.2001,992.2999],"TEMP":[9.999999,9.9],"VISIB":[28.49,27.670002],"WDSP":[21.81,22.130001],"WNDDIR":[347.2,347.4],"time":[1549364858,1549364916]}