{"CLDC":[50.05],"DEWP":[7.9499993],"FRSHTT":[100000],"PRCP":[0.09000001],"SLP":[1019.5],"SNDP":[0],"STP":[1013.9],"TEMP":[11.150001],"VISIB":[9.370001],"WDSP":[12.83],"WNDDIR":[141.8],"time":[1549364856]}