{"CLDC":[50.230003],"DEWP":[10.76],"FRSHTT":[100000],"PRCP":[0.039999995],"SLP":[1019.6],"SNDP":[0],"STP":[1012.19006],"TEMP":[14.1],"VISIB":[13.4800005],"WDSP":[4.9800005],"WNDDIR":[27],"time":[1549364859]}