{"CLDC":[50.230003,50.299995],"DEWP":[10.76,10.76],"FRSHTT":[100000,100000],"PRCP":[0.039999995,0.039999995],"SLP":[1019.6,1019.6],"SNDP":[0,0],"STP":[1012.19006,1012.2501],"TEMP":[14.1,13.719999],"VISIB":[13.4800005,13.609999],"WDSP":[4.9800005,5.2300005],"WNDDIR":[27,27.5],"time":[1549364859,1549364918]}