{"CLDC":[96.799995,96.81],"DEWP":[10.219999,10.070001],"FRSHTT":[100000,100000],"PRCP":[0.050000004,0.050000004],"SLP":[1019.1,1019.18005],"SNDP":[0,0],"STP":[1013.6,1013.6],"TEMP":[15.190001,14.85],"VISIB":[13.509999,13.559999],"WDSP":[6.6,7.089999],"WNDDIR":[30,27.2],"time":[1549364858,1549364917]}