{"CLDC":[96.799995],"DEWP":[10.219999],"FRSHTT":[100000],"PRCP":[0.050000004],"SLP":[1019.1],"SNDP":[0],"STP":[1013.6],"TEMP":[15.190001],"VISIB":[13.509999],"WDSP":[6.6],"WNDDIR":[30],"time":[1549364858]}