{"CLDC":[98.94,99.09999],"DEWP":[10.55,10.5],"FRSHTT":[100000,100000],"PRCP":[0.14999999,0.14999999],"SLP":[1019,1019],"SNDP":[0,0],"STP":[1020.7001,1020.7001],"TEMP":[15.45,15.160001],"VISIB":[18.76,19.050001],"WDSP":[9.9,9.139999],"WNDDIR":[329.4,329],"time":[1549364858,1549364916]}