{"CLDC":[31.829998,31.869995],"DEWP":[4.1600003,3.7400002],"FRSHTT":[0,0],"PRCP":[0,0],"SLP":[1022.18,1022.07996],"SNDP":[0,0],"STP":[1033.2001,1032.92],"TEMP":[12.559999,12.320001],"VISIB":[17.890001,17.57],"WDSP":[5.59,6.5099998],"WNDDIR":[211.2,210.3],"time":[1549364857,1549364916]}