{"CLDC":[50.070004],"DEWP":[9.08],"FRSHTT":[100000],"PRCP":[0.10000001],"SLP":[1019.7999],"SNDP":[0],"STP":[1017.43005],"TEMP":[13.889999],"VISIB":[14.05],"WDSP":[11.07],"WNDDIR":[300.5],"time":[1549364856]}