{"CLDC":[50.060005],"DEWP":[10.19],"FRSHTT":[100000],"PRCP":[0.21000001],"SLP":[1019.9],"SNDP":[0],"STP":[1019.45],"TEMP":[14.140001],"VISIB":[15.93],"WDSP":[10.099999],"WNDDIR":[244.4],"time":[1549364861]}