{"CLDC":[82.06999,82.28999],"DEWP":[9.08,8.940001],"FRSHTT":[0,0],"PRCP":[0,0],"SLP":[1017.6,1017.6],"SNDP":[0,0],"STP":[1016.6,1016.50995],"TEMP":[14.700002,14.57],"VISIB":[20.86,20.06],"WDSP":[14.420001,13.780001],"WNDDIR":[314.1,315],"time":[1549364859,1549364917]}