{"CLDC":[82.06999],"DEWP":[9.08],"FRSHTT":[0],"PRCP":[0],"SLP":[1017.6],"SNDP":[0],"STP":[1016.6],"TEMP":[14.700002],"VISIB":[20.86],"WDSP":[14.420001],"WNDDIR":[314.1],"time":[1549364859]}