{"CLDC":[52.760002],"DEWP":[10.75],"FRSHTT":[100000],"PRCP":[0.19000001],"SLP":[1017.1],"SNDP":[0],"STP":[999.43],"TEMP":[12.8],"VISIB":[14.08],"WDSP":[29.27],"WNDDIR":[119.6],"time":[1549364858]}