{"CLDC":[52.760002,52.309998],"DEWP":[10.75,10.609999],"FRSHTT":[100000,100000],"PRCP":[0.19000001,0.19000001],"SLP":[1017.1,1017],"SNDP":[0,0],"STP":[999.43,999.30994],"TEMP":[12.8,12.65],"VISIB":[14.08,13.599998],"WDSP":[29.27,29.88],"WNDDIR":[119.6,117.8],"time":[1549364858,1549364917]}