{"CLDC":[50.02,50.07],"DEWP":[8.67,8.750001],"FRSHTT":[100000,100000],"PRCP":[0.029999997,0.029999997],"SLP":[1019.2001,1019.2001],"SNDP":[0,0],"STP":[1024.0999,1024.0999],"TEMP":[14.68,14.58],"VISIB":[19.49,19.49],"WDSP":[8.57,8.61],"WNDDIR":[229.9,234],"time":[1549364859,1549364917]}