{"CLDC":[92.25001,92.18001],"DEWP":[10.29,10.250001],"FRSHTT":[100000,100000],"PRCP":[0.059999995,0.059999995],"SLP":[1019.1,1019.1],"SNDP":[0,0],"STP":[1016.58997,1015.95],"TEMP":[14.15,13.88],"VISIB":[12.340001,11.860001],"WDSP":[10.219999,10.129999],"WNDDIR":[353.1,350.7],"time":[1549364861,1549364919]}