{"CLDC":[50.180004,50.08],"DEWP":[11.549999,11.540001],"FRSHTT":[100000,100000],"PRCP":[0.050000004,0.050000004],"SLP":[1018.7999,1018.7999],"SNDP":[0,0],"STP":[1017.7001,1017.7001],"TEMP":[14.979999,15.339999],"VISIB":[10.420001,10.2699995],"WDSP":[15.01,13.210001],"WNDDIR":[8.8,7.6],"time":[1549364861,1549364918]}