{"CLDC":[57.120003],"DEWP":[14.2],"FRSHTT":[100000],"PRCP":[0.13],"SLP":[1015.7999],"SNDP":[0],"STP":[1007.43005],"TEMP":[16.349998],"VISIB":[10.089998],"WDSP":[14.429998],"WNDDIR":[343.3],"time":[1549364860]}