{"CLDC":[57.120003,56.530006],"DEWP":[14.2,14.08],"FRSHTT":[100000,100000],"PRCP":[0.13,0.13],"SLP":[1015.7999,1015.7999],"SNDP":[0,0],"STP":[1007.43005,1007.59015],"TEMP":[16.349998,16.25],"VISIB":[10.089998,10.179999],"WDSP":[14.429998,14.65],"WNDDIR":[343.3,343.1],"time":[1549364860,1549364918]}