{"CLDC":[65.83,65.90001],"DEWP":[13.83,14.06],"FRSHTT":[100000,100000],"PRCP":[0.07999999,0.07999999],"SLP":[1018.5,1018.5],"SNDP":[0,0],"STP":[1016.2001,1016.2001],"TEMP":[17.09,16.88],"VISIB":[11.220001,11.370001],"WDSP":[11.15,10.599998],"WNDDIR":[67.8,66.7],"time":[1549364860,1549364918]}