{"CLDC":[90.149994,90.52],"DEWP":[11.590001,11.349999],"FRSHTT":[100000,100000],"PRCP":[0.11999999,0.11999999],"SLP":[1019.1,1019.02],"SNDP":[0,0],"STP":[1016.5801,1016.54004],"TEMP":[15.13,15.25],"VISIB":[12.639999,12.410002],"WDSP":[10.870001,10.759999],"WNDDIR":[90.6,91.4],"time":[1549364859,1549364918]}