{"CLDC":[50.640007,50.349995],"DEWP":[10.440001,10.499999],"FRSHTT":[100000,100000],"PRCP":[0.09000001,0.09000001],"SLP":[1019.4,1019.4],"SNDP":[0,0],"STP":[1017.2001,1017.4],"TEMP":[13.799998,13.860001],"VISIB":[14.749998,15.410001],"WDSP":[20.01,19.529999],"WNDDIR":[194.6,196.6],"time":[1549364859,1549364917]}