{"CLDC":[95.09,95.02],"DEWP":[15.280001,15.250002],"FRSHTT":[100000,100000],"PRCP":[0.07999999,0.07999999],"SLP":[1017.5,1017.5],"SNDP":[0,0],"STP":[1017.41003,1017.69006],"TEMP":[18.2,17.8],"VISIB":[14.129999,14.390001],"WDSP":[9.549999,8.7699995],"WNDDIR":[125.4,127.5],"time":[1549364861,1549364919]}