{"CLDC":[95.09],"DEWP":[15.280001],"FRSHTT":[100000],"PRCP":[0.07999999],"SLP":[1017.5],"SNDP":[0],"STP":[1017.41003],"TEMP":[18.2],"VISIB":[14.129999],"WDSP":[9.549999],"WNDDIR":[125.4],"time":[1549364861]}