{"CLDC":[69.4],"DEWP":[16.98],"FRSHTT":[100000],"PRCP":[0.029999997],"SLP":[1016.6],"SNDP":[0],"STP":[1018.45],"TEMP":[20.380001],"VISIB":[19.210001],"WDSP":[14.450002],"WNDDIR":[293.1],"time":[1549364857]}