{"CLDC":[64.02999],"DEWP":[16.28],"FRSHTT":[100000],"PRCP":[0.07999999],"SLP":[1017.5],"SNDP":[0],"STP":[1019.89],"TEMP":[19.179998],"VISIB":[17.53],"WDSP":[9.570001],"WNDDIR":[258.3],"time":[1549364856]}