{"CLDC":[64.02999,64.22],"DEWP":[16.28,16.27],"FRSHTT":[100000,100000],"PRCP":[0.07999999,0.07999999],"SLP":[1017.5,1017.5],"SNDP":[0,0],"STP":[1019.89,1019.95996],"TEMP":[19.179998,19.259998],"VISIB":[17.53,17.45],"WDSP":[9.570001,9.93],"WNDDIR":[258.3,258.1],"time":[1549364856,1549364916]}