{"CLDC":[58.170002],"DEWP":[18.220001],"FRSHTT":[100000],"PRCP":[0.039999995],"SLP":[1016.6],"SNDP":[0],"STP":[1015.29004],"TEMP":[23.240002],"VISIB":[23.68],"WDSP":[9.0199995],"WNDDIR":[90.6],"time":[1549364858]}