{"CLDC":[50.080006],"DEWP":[19.350002],"FRSHTT":[100000],"PRCP":[0.019999998],"SLP":[1015.9],"SNDP":[0],"STP":[1015.93005],"TEMP":[23.659998],"VISIB":[25.58],"WDSP":[14.88],"WNDDIR":[64.1],"time":[1549364856]}