{"CLDC":[63.25,63.45],"DEWP":[17.76,17.66],"FRSHTT":[100000,100000],"PRCP":[0.059999995,0.059999995],"SLP":[1015.5,1015.5],"SNDP":[0,0],"STP":[1016,1015.8099],"TEMP":[21.7,22.14],"VISIB":[26.930002,26.5],"WDSP":[18.22,17.97],"WNDDIR":[74.9,75.9],"time":[1549364856,1549364915]}