{"CLDC":[50.080006,50.130005],"DEWP":[19.350002,19.3],"FRSHTT":[100000,100000],"PRCP":[0.019999998,0.019999998],"SLP":[1015.9,1015.9],"SNDP":[0,0],"STP":[1015.93005,1016.2899],"TEMP":[23.659998,23.41],"VISIB":[25.58,25.829998],"WDSP":[14.88,14.31],"WNDDIR":[64.1,64.6],"time":[1549364856,1549364916]}