{"CLDC":[66.28999],"DEWP":[9.42],"FRSHTT":[100000],"PRCP":[0.019999998],"SLP":[1013.7999],"SNDP":[0],"STP":[1013.2999],"TEMP":[14.82],"VISIB":[13.890001],"WDSP":[23.25],"WNDDIR":[212.2],"time":[1549364861]}