{"CLDC":[67.3],"DEWP":[8.85],"FRSHTT":[0],"PRCP":[0],"SLP":[1006.74005],"SNDP":[0],"STP":[1007.42004],"TEMP":[13.75],"VISIB":[15.910001],"WDSP":[6.71],"WNDDIR":[332.8],"time":[1549364861]}