{"CLDC":[6.910001,7.34],"DEWP":[7.7,7.7],"FRSHTT":[0,0],"PRCP":[0,0],"SLP":[1018.2999,1018.1901],"SNDP":[0,0],"STP":[1010.5,1010.59],"TEMP":[14.35,14.2],"VISIB":[14.85,15.31],"WDSP":[17.91,18.289999],"WNDDIR":[239.1,242],"time":[1549364861,1549364918]}