{"CLDC":[67.3,67.39],"DEWP":[8.85,8.75],"FRSHTT":[0,0],"PRCP":[0,0],"SLP":[1006.74005,1006.52997],"SNDP":[0,0],"STP":[1007.42004,1007.2999],"TEMP":[13.75,13.65],"VISIB":[15.910001,15.640001],"WDSP":[6.71,7.0099998],"WNDDIR":[332.8,330.8],"time":[1549364861,1549364918]}