{"CLDC":[50.010002],"DEWP":[4.32],"FRSHTT":[100000],"PRCP":[0.019999998],"SLP":[1012.2001],"SNDP":[0],"STP":[970.1],"TEMP":[9.41],"VISIB":[11.599998],"WDSP":[13.99],"WNDDIR":[130.1],"time":[1549364860]}