{"CLDC":[64.08],"DEWP":[4.7799997],"FRSHTT":[0],"PRCP":[0],"SLP":[1017.2199],"SNDP":[0],"STP":[1014.30994],"TEMP":[12.200002],"VISIB":[11.729999],"WDSP":[20.72],"WNDDIR":[149.1],"time":[1549364860]}