{"CLDC":[50.18,50.409996],"DEWP":[6.8299994,6.799999],"FRSHTT":[100000,100000],"PRCP":[0.029999997,0.029999997],"SLP":[1022.1,1022.1],"SNDP":[0,0],"STP":[1019,1019],"TEMP":[12.8,13.31],"VISIB":[27.640003,27.540003],"WDSP":[8.53,8.259999],"WNDDIR":[339.1,342],"time":[1549364860,1549364918]}