{"CLDC":[87.43001,87.39001],"DEWP":[8.6,8.6],"FRSHTT":[0,0],"PRCP":[0,0],"SLP":[1005.16,1004.82],"SNDP":[0,0],"STP":[998.6901,998.7101],"TEMP":[13.35,13.200002],"VISIB":[10.790001,10.639999],"WDSP":[25.34,24.019999],"WNDDIR":[184.7,184.2],"time":[1549364860,1549364918]}