{"CLDC":[64.08,64.380005],"DEWP":[4.7799997,4.8500004],"FRSHTT":[0,0],"PRCP":[0,0],"SLP":[1017.2199,1017.37],"SNDP":[0,0],"STP":[1014.30994,1014.45996],"TEMP":[12.200002,12.03],"VISIB":[11.729999,11.31],"WDSP":[20.72,20.5],"WNDDIR":[149.1,149.3],"time":[1549364860,1549364918]}