{"CLDC":[71.149994,71.09999],"DEWP":[5.68,5.68],"FRSHTT":[100000,100000],"PRCP":[0.019999998,0.019999998],"SLP":[1019.1,1019.1],"SNDP":[0,0],"STP":[1017.7001,1017.7899],"TEMP":[12.139999,11.92],"VISIB":[11.309999,11.300001],"WDSP":[20.11,19.91],"WNDDIR":[163.7,167.3],"time":[1549364860,1549364918]}