{"CLDC":[84.240005,84.200005],"DEWP":[5.88,6.06],"FRSHTT":[0,0],"PRCP":[0,0],"SLP":[1020.9,1020.9],"SNDP":[0,0],"STP":[1018.5,1018.5],"TEMP":[13.1,13.26],"VISIB":[12.089999,11.800001],"WDSP":[19.49,18.56],"WNDDIR":[38.2,39.6],"time":[1549364860,1549364918]}