{"CLDC":[19.800001,19.820002],"DEWP":[1.4000001,1.3000001],"FRSHTT":[0,0],"PRCP":[0,0],"SLP":[1007.3499,1006.75995],"SNDP":[0,0],"STP":[998.22003,997.98],"TEMP":[11.059999,10.780001],"VISIB":[7.9000006,8.119999],"WDSP":[23.5,23.83],"WNDDIR":[219,218.8],"time":[1549364860,1549364918]}