{"CLDC":[71.149994],"DEWP":[5.68],"FRSHTT":[100000],"PRCP":[0.019999998],"SLP":[1019.1],"SNDP":[0],"STP":[1017.7001],"TEMP":[12.139999],"VISIB":[11.309999],"WDSP":[20.11],"WNDDIR":[163.7],"time":[1549364860]}