{"CLDC":[24.640003,24.4],"DEWP":[5.6200004,5.5800004],"FRSHTT":[0,0],"PRCP":[0,0],"SLP":[1018,1018.02],"SNDP":[0,0],"STP":[1009.88007,1009.85],"TEMP":[12.35,12.42],"VISIB":[9.63,10.099999],"WDSP":[23.09,24.47],"WNDDIR":[86.7,87],"time":[1549364858,1549364916]}