{"CLDC":[24.640003],"DEWP":[5.6200004],"FRSHTT":[0],"PRCP":[0],"SLP":[1018],"SNDP":[0],"STP":[1009.88007],"TEMP":[12.35],"VISIB":[9.63],"WDSP":[23.09],"WNDDIR":[86.7],"time":[1549364858]}