{"CLDC":[88.94,89.05],"DEWP":[3.1599998,3.3999996],"FRSHTT":[0,0],"PRCP":[0,0],"SLP":[1022.4,1022.4],"SNDP":[0,0],"STP":[1025.5,1025.57],"TEMP":[7.5,7.5],"VISIB":[10.950001,10.599999],"WDSP":[7.81,6.4900002],"WNDDIR":[236,235],"time":[1549364855,1549364915]}