{"CLDC":[88.94],"DEWP":[3.1599998],"FRSHTT":[0],"PRCP":[0],"SLP":[1022.4],"SNDP":[0],"STP":[1025.5],"TEMP":[7.5],"VISIB":[10.950001],"WDSP":[7.81],"WNDDIR":[236],"time":[1549364855]}