{"CLDC":[50.170006,50.200005],"DEWP":[-6.66,-6.69],"FRSHTT":[1100000,1100000],"PRCP":[0.14,0.14],"SLP":[994.2999,994.1901],"SNDP":[0,0],"STP":[983.5,983.5],"TEMP":[-5.0200005,-5.1400003],"VISIB":[11.85,10.74],"WDSP":[8.440001,9.679999],"WNDDIR":[148.1,147.6],"time":[1549364856,1549364915]}