{"CLDC":[59.670002,59.969994],"DEWP":[8.7,8.7],"FRSHTT":[100000,100000],"PRCP":[0.65000004,0.65000004],"SLP":[1017.2001,1017.2001],"SNDP":[0,0],"STP":[1040.7001,1040.9001],"TEMP":[9.969999,9.949999],"VISIB":[6.749999,6.839999],"WDSP":[11.909999,11.710001],"WNDDIR":[97.1,103.2],"time":[1549364855,1549364915]}