{"CLDC":[76.89001],"DEWP":[-1.18],"FRSHTT":[110000],"PRCP":[0.27],"SLP":[1003],"SNDP":[0.5],"STP":[996.55],"TEMP":[0.8000001],"VISIB":[16.4],"WDSP":[25.27],"WNDDIR":[71],"time":[1549364855]}