{"CLDC":[44.53,44.670006],"DEWP":[-4.05,-4],"FRSHTT":[1000000,1000000],"PRCP":[0,0],"SLP":[1024.01,1024.14],"SNDP":[0,0],"STP":[1017.06995,1017.05],"TEMP":[-0.29999998,-0.29999998],"VISIB":[25.32,25.509998],"WDSP":[9.910001,9.17],"WNDDIR":[143.4,140.9],"time":[1549364855,1549364915]}