{"CLDC":[50.140007],"DEWP":[0.17999999],"FRSHTT":[100000],"PRCP":[0.029999997],"SLP":[1022],"SNDP":[0],"STP":[969.4],"TEMP":[4.42],"VISIB":[11.17],"WDSP":[7.8000007],"WNDDIR":[160],"time":[1549364860]}