{"CLDC":[92.490005,92.87001],"DEWP":[4.13,4.04],"FRSHTT":[100000,100000],"PRCP":[0.009999999,0.009999999],"SLP":[1022.4,1022.4],"SNDP":[0,0],"STP":[1017.12,1016.93994],"TEMP":[6.4800005,6.69],"VISIB":[6.18,5.8900003],"WDSP":[7.12,6.33],"WNDDIR":[331.2,329.7],"time":[1549364860,1549364918]}