{"CLDC":[50.140007,50.05],"DEWP":[0.17999999,-0.37],"FRSHTT":[100000,100000],"PRCP":[0.029999997,0.029999997],"SLP":[1022,1022],"SNDP":[0,0],"STP":[969.4,969.4],"TEMP":[4.42,4.2200003],"VISIB":[11.17,11.089998],"WDSP":[7.8000007,8.17],"WNDDIR":[160,156.1],"time":[1549364860,1549364918]}