{"CLDC":[50.090004,50.56],"DEWP":[1.5800002,1.34],"FRSHTT":[100000,100000],"PRCP":[0.019999998,0.019999998],"SLP":[1021.7999,1021.7001],"SNDP":[0,0],"STP":[1016.67004,1016.87],"TEMP":[5.32,5.3000007],"VISIB":[14.68,15.410001],"WDSP":[10.93,11.01],"WNDDIR":[282.6,281.1],"time":[1549364860,1549364918]}