{"CLDC":[92.490005],"DEWP":[4.13],"FRSHTT":[100000],"PRCP":[0.009999999],"SLP":[1022.4],"SNDP":[0],"STP":[1017.12],"TEMP":[6.4800005],"VISIB":[6.18],"WDSP":[7.12],"WNDDIR":[331.2],"time":[1549364860]}