{"CLDC":[86.78999],"DEWP":[-2.8000002],"FRSHTT":[1000000],"PRCP":[0],"SLP":[966.38995],"SNDP":[0],"STP":[990.7599],"TEMP":[-1.9599998],"VISIB":[31.929998],"WDSP":[8.380001],"WNDDIR":[16.3],"time":[1549364860]}