{"CLDC":[86.78999,87.270004],"DEWP":[-2.8000002,-2.9],"FRSHTT":[1000000,1000000],"PRCP":[0,0],"SLP":[966.38995,965.2101],"SNDP":[0,0],"STP":[990.7599,991.36],"TEMP":[-1.9599998,-1.95],"VISIB":[31.929998,34.24],"WDSP":[8.380001,8.15],"WNDDIR":[16.3,16.5],"time":[1549364860,1549364918]}