{"CLDC":[97.549995],"DEWP":[3.7],"FRSHTT":[0],"PRCP":[0],"SLP":[1021.7999],"SNDP":[0],"STP":[1018.38995],"TEMP":[7.7799997],"VISIB":[12.52],"WDSP":[10.830001],"WNDDIR":[45.3],"time":[1549364859]}