{"CLDC":[50.050003],"DEWP":[4.4199996],"FRSHTT":[100000],"PRCP":[0.009999999],"SLP":[1018],"SNDP":[0],"STP":[957.7001],"TEMP":[7.62],"VISIB":[14.259999],"WDSP":[5.910001],"WNDDIR":[271.4],"time":[1549364859]}