{"CLDC":[50.06,50.030003],"DEWP":[-4.34,-4.12],"FRSHTT":[100000,100000],"PRCP":[0.019999998,0.019999998],"SLP":[1015.82,1015.9],"SNDP":[0,0],"STP":[971.6,971.7001],"TEMP":[2.9399998,2.8999996],"VISIB":[30.690002,31.169998],"WDSP":[8.2300005,8.209999],"WNDDIR":[273.5,274.3],"time":[1549364857,1549364916]}