{"CLDC":[42.349995],"DEWP":[-1.05],"FRSHTT":[0],"PRCP":[0],"SLP":[1009.7999],"SNDP":[0],"STP":[998.6001],"TEMP":[1.4499999],"VISIB":[10.769999],"WDSP":[6.8199997],"WNDDIR":[151.7],"time":[1549364857]}