{"CLDC":[70.16],"DEWP":[-9.179999],"FRSHTT":[1100000],"PRCP":[0.009999999],"SLP":[1012.93],"SNDP":[0],"STP":[1048.99],"TEMP":[-8.55],"VISIB":[19.720001],"WDSP":[48.98],"WNDDIR":[290.2],"time":[1549364856]}