{"CLDC":[58.559998,58.4],"DEWP":[3.81,3.9300003],"FRSHTT":[0,0],"PRCP":[0,0],"SLP":[1028.28,1028.2401],"SNDP":[0,0],"STP":[1048.57,1048.5199],"TEMP":[8.280001,8.24],"VISIB":[8.960001,8.15],"WDSP":[19.77,19.990002],"WNDDIR":[9.5,7.6],"time":[1549364856,1549364915]}