{"CLDC":[50.150005],"DEWP":[-2.4],"FRSHTT":[100000],"PRCP":[0.019999998],"SLP":[1021.9],"SNDP":[0],"STP":[1024.5599],"TEMP":[6.2],"VISIB":[16.78],"WDSP":[6.54],"WNDDIR":[91.1],"time":[1549364855]}