{"CLDC":[50.150005,50.11],"DEWP":[-2.4,-2.2600002],"FRSHTT":[100000,100000],"PRCP":[0.019999998,0.019999998],"SLP":[1021.9,1021.9],"SNDP":[0,0],"STP":[1024.5599,1024.5],"TEMP":[6.2,6.22],"VISIB":[16.78,17.25],"WDSP":[6.54,6.2],"WNDDIR":[91.1,92.9],"time":[1549364855,1549364915]}