{"CLDC":[47.409996],"DEWP":[-4.46],"FRSHTT":[1000000],"PRCP":[0],"SLP":[1011.4],"SNDP":[0],"STP":[1005.2399],"TEMP":[-1.3399999],"VISIB":[10.41],"WDSP":[20.13],"WNDDIR":[187.5],"time":[1549364856]}