{"CLDC":[47.409996,47.409996],"DEWP":[-4.46,-4.5],"FRSHTT":[1000000,1000000],"PRCP":[0,0],"SLP":[1011.4,1011.57996],"SNDP":[0,0],"STP":[1005.2399,1007.05],"TEMP":[-1.3399999,-1.3599999],"VISIB":[10.41,10.430001],"WDSP":[20.13,19.26],"WNDDIR":[187.5,188.3],"time":[1549364856,1549364915]}