{"CLDC":[50.08],"DEWP":[-0.70000005],"FRSHTT":[100000],"PRCP":[0.019999998],"SLP":[1022.7999],"SNDP":[0],"STP":[1018.1],"TEMP":[6.15],"VISIB":[8.960001],"WDSP":[11.11],"WNDDIR":[209.6],"time":[1549364861]}