{"CLDC":[73.579994],"DEWP":[-7.4800005],"FRSHTT":[100000],"PRCP":[0.059999995],"SLP":[896.77997],"SNDP":[0],"STP":[894.9],"TEMP":[3.23],"VISIB":[14.74],"WDSP":[8.55],"WNDDIR":[62.5],"time":[1549364861]}