{"CLDC":[50.260006,50.42],"DEWP":[-3.1999998,-3.1999998],"FRSHTT":[1110000,1110000],"PRCP":[0.050000004,0.050000004],"SLP":[1012.05,1012.1],"SNDP":[0.20000002,0.20000002],"STP":[1009.3499,1009.33997],"TEMP":[-1.33,-1.3599999],"VISIB":[8.320001,8.400001],"WDSP":[20.27,20.19],"WNDDIR":[146.7,146],"time":[1549364856,1549364916]}