{"CLDC":[50.260006],"DEWP":[-3.1999998],"FRSHTT":[1110000],"PRCP":[0.050000004],"SLP":[1012.05],"SNDP":[0.20000002],"STP":[1009.3499],"TEMP":[-1.33],"VISIB":[8.320001],"WDSP":[20.27],"WNDDIR":[146.7],"time":[1549364856]}