{"CLDC":[66.97001,66.89],"DEWP":[4.1400003,4.2],"FRSHTT":[100000,100000],"PRCP":[0.029999997,0.029999997],"SLP":[1025.3298,1025.2999],"SNDP":[0,0],"STP":[1019.4,1019.4],"TEMP":[8.18,8.0199995],"VISIB":[8.570001,8.89],"WDSP":[19.41,19.429998],"WNDDIR":[72.8,71.4],"time":[1549364858,1549364916]}