{"CLDC":[50.199997,50.05],"DEWP":[4.3199997,4.25],"FRSHTT":[100000,100000],"PRCP":[0.029999997,0.029999997],"SLP":[1020.5,1020.59],"SNDP":[0,0],"STP":[1014.1,1014.1],"TEMP":[8.6,8.7],"VISIB":[14.799998,14.88],"WDSP":[14.69,14.960001],"WNDDIR":[331.1,333.4],"time":[1549364857,1549364916]}