{"CLDC":[12.2,12.380001],"DEWP":[6.8,6.88],"FRSHTT":[0,0],"PRCP":[0,0],"SLP":[1017.7999,1017.7999],"SNDP":[0,0],"STP":[1023.3,1021.59],"TEMP":[10.779999,10.839998],"VISIB":[16.27,16.369999],"WDSP":[6.8700004,6.6400003],"WNDDIR":[107,104.2],"time":[1549364856,1549364916]}