{"CLDC":[50.070004,50.140007],"DEWP":[1.65,1.65],"FRSHTT":[100000,100000],"PRCP":[0.11,0.11],"SLP":[1020.50995,1020.7001],"SNDP":[0,0],"STP":[1013.7,1013.7],"TEMP":[5.68,5.89],"VISIB":[10.709999,10.61],"WDSP":[11.099999,10.84],"WNDDIR":[105.3,103.8],"time":[1549364856,1549364915]}