{"CLDC":[50.070004,50.08],"DEWP":[2.7199998,2.8200002],"FRSHTT":[100000,100000],"PRCP":[0.22999999,0.22999999],"SLP":[1020.2999,1020.2999],"SNDP":[0,0],"STP":[1028.4001,1028.4401],"TEMP":[7.2200003,7.06],"VISIB":[9.69,9.55],"WDSP":[11.089999,12.089999],"WNDDIR":[43.9,47.5],"time":[1549364856,1549364916]}