{"CLDC":[92.72001,93.340004],"DEWP":[2.04,1.86],"FRSHTT":[100000,100000],"PRCP":[0.07999999,0.07999999],"SLP":[1020,1020.1],"SNDP":[0,0],"STP":[1021,1021.16003],"TEMP":[5.74,5.65],"VISIB":[10.079999,10.030001],"WDSP":[13.800001,13.960001],"WNDDIR":[152,155.6],"time":[1549364856,1549364915]}