{"CLDC":[92.72001],"DEWP":[2.04],"FRSHTT":[100000],"PRCP":[0.07999999],"SLP":[1020],"SNDP":[0],"STP":[1021],"TEMP":[5.74],"VISIB":[10.079999],"WDSP":[13.800001],"WNDDIR":[152],"time":[1549364856]}