{"CLDC":[50.49,50.600002],"DEWP":[1.64,2.08],"FRSHTT":[100000,100000],"PRCP":[0.059999995,0.059999995],"SLP":[1018.1,1018.1],"SNDP":[0,0],"STP":[1019.6,1019.6],"TEMP":[5.2200003,5.22],"VISIB":[15.309999,15.250002],"WDSP":[9.63,9.37],"WNDDIR":[273.9,274.3],"time":[1549364861,1549364918]}