{"CLDC":[50.15,50.090004],"DEWP":[1.9399999,2.05],"FRSHTT":[100000,100000],"PRCP":[0.09000001,0.09000001],"SLP":[1021.80994,1021.7999],"SNDP":[0,0],"STP":[1012.7899,1012.73],"TEMP":[5.5800004,5.6400003],"VISIB":[10.050001,9.410002],"WDSP":[15.43,15.109999],"WNDDIR":[211.5,210],"time":[1549364859,1549364917]}