{"CLDC":[50.120003],"DEWP":[-1.2000002],"FRSHTT":[100000],"PRCP":[0.11999999],"SLP":[1019.6],"SNDP":[0],"STP":[1017.4],"TEMP":[2.46],"VISIB":[10.15],"WDSP":[11.169999],"WNDDIR":[213.1],"time":[1549364859]}