{"CLDC":[50.120003,50],"DEWP":[-1.2000002,-0.8800001],"FRSHTT":[100000,100000],"PRCP":[0.11999999,0.11999999],"SLP":[1019.6,1019.55],"SNDP":[0,0],"STP":[1017.4,1017.4],"TEMP":[2.46,2.5],"VISIB":[10.15,10.109999],"WDSP":[11.169999,10.85],"WNDDIR":[213.1,210],"time":[1549364859,1549364917]}