{"CLDC":[50.289997],"DEWP":[-1.1500001],"FRSHTT":[1110000],"PRCP":[0.059999995],"SLP":[1009.7699],"SNDP":[0.10000001],"STP":[1008.17004],"TEMP":[-0.10000001],"VISIB":[15.25],"WDSP":[33.260002],"WNDDIR":[231.3],"time":[1549364857]}