{"CLDC":[50.289997,50.13],"DEWP":[-1.1500001,-1.15],"FRSHTT":[1110000,1110000],"PRCP":[0.059999995,0.060999997],"SLP":[1009.7699,1009.7999],"SNDP":[0.10000001,0.10000001],"STP":[1008.17004,1007.94006],"TEMP":[-0.10000001,-0.10000001],"VISIB":[15.25,15.579999],"WDSP":[33.260002,34.07],"WNDDIR":[231.3,231.8],"time":[1549364857,1549364916]}