{"CLDC":[91.619995,91.450005],"DEWP":[-3.2599998,-3.35],"FRSHTT":[100000,100000],"PRCP":[0.059999995,0.060999997],"SLP":[911.4,911.69006],"SNDP":[0,0],"STP":[904.35,904.4],"TEMP":[1.4599999,1.45],"VISIB":[10.360001,10.370001],"WDSP":[11.689999,13],"WNDDIR":[288.5,284.6],"time":[1549364858,1549364916]}