{"CLDC":[50.1],"DEWP":[3.8400002],"FRSHTT":[100000],"PRCP":[0.79],"SLP":[1020.99005],"SNDP":[0],"STP":[1022.36005],"TEMP":[6.38],"VISIB":[11.320001],"WDSP":[2.3299997],"WNDDIR":[199.4],"time":[1549364857]}