{"CLDC":[11.35],"DEWP":[-4.04],"FRSHTT":[0],"PRCP":[0],"SLP":[987.25995],"SNDP":[0],"STP":[996.7699],"TEMP":[3.1599998],"VISIB":[10.790001],"WDSP":[33.43],"WNDDIR":[18],"time":[1549364857]}