{"CLDC":[80.32],"DEWP":[-3.48],"FRSHTT":[100000],"PRCP":[0.039999995],"SLP":[911.66003],"SNDP":[0],"STP":[913.5],"TEMP":[1.5],"VISIB":[12.200001],"WDSP":[14.7300005],"WNDDIR":[262],"time":[1549364857]}