{"CLDC":[53.610004],"DEWP":[-2.23],"FRSHTT":[100000],"PRCP":[0.039999995],"SLP":[923.88],"SNDP":[0],"STP":[924.2001],"TEMP":[2.3999999],"VISIB":[10.950001],"WDSP":[12.54],"WNDDIR":[211.8],"time":[1549364856]}