{"CLDC":[53.610004,53.43],"DEWP":[-2.23,-1.9000002],"FRSHTT":[100000,100000],"PRCP":[0.039999995,0.039999995],"SLP":[923.88,923.7699],"SNDP":[0,0],"STP":[924.2001,924.2001],"TEMP":[2.3999999,2.3999999],"VISIB":[10.950001,11.03],"WDSP":[12.54,12.68],"WNDDIR":[211.8,213.2],"time":[1549364856,1549364916]}