{"CLDC":[44.750004,44.63],"DEWP":[0.38999996,0.48000002],"FRSHTT":[0,0],"PRCP":[0,0],"SLP":[1004.6,1004.6],"SNDP":[0,0],"STP":[993.6,993.6],"TEMP":[1.04,1.0600001],"VISIB":[7.96,8.129999],"WDSP":[27.27,27.25],"WNDDIR":[0.6,0.6],"time":[1549364857,1549364916]}