{"CLDC":[61.289997,61.170002],"DEWP":[-4.7000003,-4.5000005],"FRSHTT":[100000,100000],"PRCP":[0.009999999,0.009999999],"SLP":[1022.1,1022.04004],"SNDP":[0,0],"STP":[1017.15,1017.08997],"TEMP":[5.04,4.92],"VISIB":[11.360001,11.61],"WDSP":[18.2,17.58],"WNDDIR":[223.1,220.2],"time":[1549364860,1549364918]}