{"CLDC":[16.95],"DEWP":[-4.6000004],"FRSHTT":[0],"PRCP":[0],"SLP":[933.93005],"SNDP":[0],"STP":[939.41003],"TEMP":[0.6999999],"VISIB":[13.870001],"WDSP":[3.1200004],"WNDDIR":[239.1],"time":[1549364859]}