{"CLDC":[50.02],"DEWP":[0.42],"FRSHTT":[100000],"PRCP":[0.059999995],"SLP":[1021.55994],"SNDP":[0],"STP":[1022.81006],"TEMP":[4.7],"VISIB":[11.460001],"WDSP":[7.6699996],"WNDDIR":[180.1],"time":[1549364859]}