{"CLDC":[72.11],"DEWP":[-8.900001],"FRSHTT":[1000000],"PRCP":[0],"SLP":[873.86993],"SNDP":[0],"STP":[883.2999],"TEMP":[-2.8],"VISIB":[14.710001],"WDSP":[8.549999],"WNDDIR":[94.6],"time":[1549364859]}