{"CLDC":[83.17999,83.09],"DEWP":[-7.399999,-7.0999994],"FRSHTT":[0,0],"PRCP":[0,0],"SLP":[888.13007,888.32996],"SNDP":[0,0],"STP":[891.41,891.5],"TEMP":[1.48,1.4799998],"VISIB":[9.76,9.92],"WDSP":[14.19,13.55],"WNDDIR":[48.8,46.2],"time":[1549364859,1549364917]}