{"CLDC":[60.26,60.1],"DEWP":[-6.000001,-6.1500006],"FRSHTT":[0,0],"PRCP":[0,0],"SLP":[1021.52,1021.49005],"SNDP":[0,0],"STP":[1047.88,1046.17],"TEMP":[0.87,0.84000003],"VISIB":[10.709998,11.179998],"WDSP":[6.85,7.25],"WNDDIR":[183.3,182.3],"time":[1549364859,1549364917]}