{"CLDC":[93.41001],"DEWP":[-2.3799999],"FRSHTT":[100000],"PRCP":[0.019999998],"SLP":[860.73],"SNDP":[0],"STP":[875.1],"TEMP":[1.7299999],"VISIB":[12.66],"WDSP":[6.87],"WNDDIR":[141],"time":[1549364859]}