{"CLDC":[80.909996,80.68001],"DEWP":[-3.0599997,-3.6200001],"FRSHTT":[0,0],"PRCP":[0,0],"SLP":[1017.4,1017.69006],"SNDP":[0,0],"STP":[990.29004,990.54004],"TEMP":[3.06,3.1],"VISIB":[10.57,10.390001],"WDSP":[11.930001,11.58],"WNDDIR":[257.6,258.2],"time":[1549364858,1549364917]}