{"CLDC":[24.399998,24.180002],"DEWP":[-7.88,-7.75],"FRSHTT":[0,0],"PRCP":[0,0],"SLP":[948.41,950.43],"SNDP":[0,0],"STP":[949.7001,949.6],"TEMP":[3.78,3.73],"VISIB":[18.380001,18.560001],"WDSP":[6.9600005,8.160001],"WNDDIR":[115.1,116.5],"time":[1549364858,1549364917]}