{"CLDC":[62.54,62.52],"DEWP":[-0.25000003,-0.22000003],"FRSHTT":[100000,100000],"PRCP":[0.029999997,0.029999997],"SLP":[1007.7999,1007.9],"SNDP":[0,0],"STP":[1007.2001,1007.2001],"TEMP":[1.6800001,1.72],"VISIB":[10.790001,10.49],"WDSP":[29.329998,29.899998],"WNDDIR":[285.5,283.6],"time":[1549364858,1549364916]}