{"CLDC":[39.359997,39.63],"DEWP":[-6.2999997,-5.66],"FRSHTT":[0,0],"PRCP":[0,0],"SLP":[1019.7999,1019.7999],"SNDP":[0,0],"STP":[1006.44006,1006.7699],"TEMP":[2.05,2.0300002],"VISIB":[10.440001,10.450001],"WDSP":[10.499999,11.15],"WNDDIR":[146.3,145.9],"time":[1549364857,1549364916]}