{"CLDC":[75.869995],"DEWP":[-2.52],"FRSHTT":[1110000],"PRCP":[0.14],"SLP":[1001.2899],"SNDP":[0.20000002],"STP":[997.52997],"TEMP":[-1.26],"VISIB":[11.629999],"WDSP":[34.760002],"WNDDIR":[127.3],"time":[1549364857]}