{"CLDC":[91.09999,91.18],"DEWP":[-2.25,-2.15],"FRSHTT":[1110000,1110000],"PRCP":[0.07,0.07],"SLP":[1011.1,1011.1],"SNDP":[0.20000002,0.20000002],"STP":[1008,1008.16],"TEMP":[-0.65,-0.65999997],"VISIB":[7.4300003,7.2399993],"WDSP":[20.51,19.59],"WNDDIR":[61.1,62.5],"time":[1549364857,1549364916]}