{"CLDC":[86.420006,86.43001],"DEWP":[-9.110001,-9.45],"FRSHTT":[0,0],"PRCP":[0,0],"SLP":[1015.11,1015.2101],"SNDP":[0,0],"STP":[987.88007,987.4299],"TEMP":[3.2900002,3.2600002],"VISIB":[9.940001,10.069999],"WDSP":[13.660001,14.690001],"WNDDIR":[224.2,226.3],"time":[1549364861,1549364919]}