{"CLDC":[38.030003,38.15],"DEWP":[-10.55,-10.58],"FRSHTT":[1000000,1000000],"PRCP":[0,0],"SLP":[1008.49005,1008.41],"SNDP":[0,0],"STP":[980.5,980.5],"TEMP":[-3.4999995,-3.6499996],"VISIB":[10,10.109999],"WDSP":[15.56,16.409998],"WNDDIR":[19.3,18.6],"time":[1549364857,1549364916]}