{"CLDC":[84.9,84.810005],"DEWP":[-4.32,-4.32],"FRSHTT":[0,0],"PRCP":[0,0],"SLP":[1014.39,1014.2001],"SNDP":[0,0],"STP":[981.66003,982.27997],"TEMP":[6.8,6.7400002],"VISIB":[10.219999,9.54],"WDSP":[12.840001,12.08],"WNDDIR":[126.5,125.3],"time":[1549364860,1549364918]}