{"CLDC":[84.9],"DEWP":[-4.32],"FRSHTT":[0],"PRCP":[0],"SLP":[1014.39],"SNDP":[0],"STP":[981.66003],"TEMP":[6.8],"VISIB":[10.219999],"WDSP":[12.840001],"WNDDIR":[126.5],"time":[1549364860]}