{"CLDC":[32.92],"DEWP":[-16.060001],"FRSHTT":[0],"PRCP":[0],"SLP":[896.19006],"SNDP":[0],"STP":[903.1],"TEMP":[7.3100004],"VISIB":[6.2499995],"WDSP":[15.209999],"WNDDIR":[38],"time":[1549364859]}