{"CLDC":[49.44,49.21],"DEWP":[-24.7,-24.1],"FRSHTT":[0,0],"PRCP":[0,0],"SLP":[854.88,855.19006],"SNDP":[0,0],"STP":[862.4,862.4],"TEMP":[3.3899999,3.5099998],"VISIB":[27.450003,27.4],"WDSP":[9.469999,11.039999],"WNDDIR":[338.4,338.9],"time":[1549364859,1549364917]}