{"CLDC":[49.44],"DEWP":[-24.7],"FRSHTT":[0],"PRCP":[0],"SLP":[854.88],"SNDP":[0],"STP":[862.4],"TEMP":[3.3899999],"VISIB":[27.450003],"WDSP":[9.469999],"WNDDIR":[338.4],"time":[1549364859]}