{"CLDC":[55.47],"DEWP":[-20.359999],"FRSHTT":[0],"PRCP":[0],"SLP":[990],"SNDP":[0],"STP":[994.94006],"TEMP":[4.46],"VISIB":[9.969999],"WDSP":[13.88],"WNDDIR":[252.7],"time":[1549364859]}