{"CLDC":[51.02,50.839996],"DEWP":[-2.24,-2.2],"FRSHTT":[1110000,1110000],"PRCP":[0.050000004,0.050000004],"SLP":[1011.5,1011.4],"SNDP":[0.5,0.5],"STP":[1013.4,1013.4],"TEMP":[-0.8000001,-0.7800001],"VISIB":[7.69,8.38],"WDSP":[17.800001,18.57],"WNDDIR":[304.4,302.2],"time":[1549364858,1549364916]}