{"CLDC":[50.04],"DEWP":[1.4599999],"FRSHTT":[100000],"PRCP":[0.09000001],"SLP":[1018],"SNDP":[0],"STP":[1018],"TEMP":[4.9500003],"VISIB":[11.039999],"WDSP":[17.42],"WNDDIR":[220.5],"time":[1549364855]}