{"CLDC":[88.62999],"DEWP":[-1.53],"FRSHTT":[1110000],"PRCP":[0.059999995],"SLP":[1010.43],"SNDP":[0.20000002],"STP":[1008.9],"TEMP":[-0.20000002],"VISIB":[13.280002],"WDSP":[28.35],"WNDDIR":[76.8],"time":[1549364858]}