{"CLDC":[67.27],"DEWP":[1.5300001],"FRSHTT":[100000],"PRCP":[0.059999995],"SLP":[1017.2001],"SNDP":[0],"STP":[1007.7999],"TEMP":[5.18],"VISIB":[9.61],"WDSP":[15.719999],"WNDDIR":[268.1],"time":[1549364855]}