{"CLDC":[50.04,50.319996],"DEWP":[1.4599999,1.06],"FRSHTT":[100000,100000],"PRCP":[0.09000001,0.09000001],"SLP":[1018,1017.9],"SNDP":[0,0],"STP":[1018,1018.04004],"TEMP":[4.9500003,4.9500003],"VISIB":[11.039999,11.139999],"WDSP":[17.42,18.15],"WNDDIR":[220.5,219.5],"time":[1549364855,1549364915]}