{"CLDC":[88.62999,88.28],"DEWP":[-1.53,-1.6200001],"FRSHTT":[1110000,1110000],"PRCP":[0.059999995,0.059999995],"SLP":[1010.43,1010.4],"SNDP":[0.20000002,0.20000002],"STP":[1008.9,1009.7101],"TEMP":[-0.20000002,-0.20000002],"VISIB":[13.280002,13.25],"WDSP":[28.35,28.63],"WNDDIR":[76.8,76.1],"time":[1549364858,1549364916]}