{"CLDC":[50.010002,50.120003],"DEWP":[3.2,3.2500005],"FRSHTT":[100000,100000],"PRCP":[0.09000001,0.09000001],"SLP":[1019.2899,1019.2999],"SNDP":[0,0],"STP":[1017.49005,1017.19006],"TEMP":[6.8900003,6.9199996],"VISIB":[11.360001,11.7],"WDSP":[16.070002,16.329998],"WNDDIR":[279.2,277],"time":[1549364855,1549364915]}