{"CLDC":[50.05,50.05],"DEWP":[1.48,1.6599998],"FRSHTT":[100000,100000],"PRCP":[0.09000001,0.09000001],"SLP":[1019,1019.1],"SNDP":[0,0],"STP":[1017.35,1017.2001],"TEMP":[5.6799994,5.56],"VISIB":[9.1,8.969999],"WDSP":[14.530001,14.659999],"WNDDIR":[261.5,262.8],"time":[1549364855,1549364915]}