{"CLDC":[70.55],"DEWP":[-1.8400002],"FRSHTT":[100000],"PRCP":[0.029999997],"SLP":[896.98],"SNDP":[0],"STP":[895.2999],"TEMP":[1.9],"VISIB":[9.35],"WDSP":[22.009998],"WNDDIR":[109.8],"time":[1549364861]}