{"CLDC":[40.610004],"DEWP":[-1.3200002],"FRSHTT":[0],"PRCP":[0],"SLP":[1028.53],"SNDP":[0],"STP":[976.7001],"TEMP":[3.6200001],"VISIB":[15.649999],"WDSP":[9.58],"WNDDIR":[169.1],"time":[1549364861]}