{"CLDC":[70.55,70.75001],"DEWP":[-1.8400002,-1.9000002],"FRSHTT":[100000,100000],"PRCP":[0.029999997,0.029999997],"SLP":[896.98,896.83997],"SNDP":[0,0],"STP":[895.2999,895.2999],"TEMP":[1.9,1.8799999],"VISIB":[9.35,9.460001],"WDSP":[22.009998,22.21],"WNDDIR":[109.8,109.9],"time":[1549364861,1549364919]}