{"CLDC":[50.100002,50.120003],"DEWP":[-0.3,-0.6999999],"FRSHTT":[100000,100000],"PRCP":[0.10000001,0.10000001],"SLP":[1019.2999,1019.2999],"SNDP":[0,0],"STP":[1021.9,1021.99005],"TEMP":[5.4999995,5.53],"VISIB":[11.780001,12.039999],"WDSP":[8.36,8.249999],"WNDDIR":[274.1,279.2],"time":[1549364861,1549364919]}