{"CLDC":[40.610004,40.650005],"DEWP":[-1.3200002,-1.2],"FRSHTT":[0,0],"PRCP":[0,0],"SLP":[1028.53,1028.41],"SNDP":[0,0],"STP":[976.7001,976.6],"TEMP":[3.6200001,3.52],"VISIB":[15.649999,15.51],"WDSP":[9.58,9.34],"WNDDIR":[169.1,166.7],"time":[1549364861,1549364919]}