{"CLDC":[50.269997],"DEWP":[3.1000001],"FRSHTT":[100000],"PRCP":[0.15999998],"SLP":[1019.4],"SNDP":[0],"STP":[1019],"TEMP":[7.8100004],"VISIB":[9.360001],"WDSP":[15.05],"WNDDIR":[88.7],"time":[1549364861]}