{"CLDC":[61.390003],"DEWP":[-3.98],"FRSHTT":[0],"PRCP":[0],"SLP":[1024.2001],"SNDP":[0],"STP":[981.7001],"TEMP":[2.1999998],"VISIB":[13.059999],"WDSP":[7.0399995],"WNDDIR":[216.8],"time":[1549364861]}