{"CLDC":[61.390003,61.610004],"DEWP":[-3.98,-4.34],"FRSHTT":[0,0],"PRCP":[0,0],"SLP":[1024.2001,1024.2001],"SNDP":[0,0],"STP":[981.7001,981.7001],"TEMP":[2.1999998,2.2],"VISIB":[13.059999,12.790001],"WDSP":[7.0399995,6.62],"WNDDIR":[216.8,216],"time":[1549364861,1549364918]}