{"CLDC":[50.269997,50.339996],"DEWP":[3.1000001,3.0200002],"FRSHTT":[100000,100000],"PRCP":[0.15999998,0.15999998],"SLP":[1019.4,1019.41003],"SNDP":[0,0],"STP":[1019,1018.7001],"TEMP":[7.8100004,7.75],"VISIB":[9.360001,8.910001],"WDSP":[15.05,14.99],"WNDDIR":[88.7,89.5],"time":[1549364861,1549364919]}