{"CLDC":[20.48],"DEWP":[0.45],"FRSHTT":[0],"PRCP":[0],"SLP":[1014.6],"SNDP":[0],"STP":[1008.2999],"TEMP":[5.44],"VISIB":[10.089999],"WDSP":[13.589999],"WNDDIR":[98.4],"time":[1549364861]}