{"CLDC":[67.619995],"DEWP":[-3.05],"FRSHTT":[100000],"PRCP":[0.009999999],"SLP":[1020.7999],"SNDP":[0],"STP":[994.0801],"TEMP":[4.3399997],"VISIB":[10.960001],"WDSP":[11.69],"WNDDIR":[301.8],"time":[1549364861]}