{"CLDC":[67.619995,67.7],"DEWP":[-3.05,-3.0500002],"FRSHTT":[100000,100000],"PRCP":[0.009999999,0.009999999],"SLP":[1020.7999,1020.7999],"SNDP":[0,0],"STP":[994.0801,994.1],"TEMP":[4.3399997,4.46],"VISIB":[10.960001,11.25],"WDSP":[11.69,11.190001],"WNDDIR":[301.8,298.8],"time":[1549364861,1549364919]}