{"CLDC":[20.48,20.189999],"DEWP":[0.45,0.24000001],"FRSHTT":[0,0],"PRCP":[0,0],"SLP":[1014.6,1014.6],"SNDP":[0,0],"STP":[1008.2999,1008.2999],"TEMP":[5.44,5.45],"VISIB":[10.089999,9.139998],"WDSP":[13.589999,13.219999],"WNDDIR":[98.4,100.4],"time":[1549364861,1549364919]}