{"CLDC":[29.580002],"DEWP":[-1.4300001],"FRSHTT":[0],"PRCP":[0],"SLP":[1019.2001],"SNDP":[0],"STP":[1021.36],"TEMP":[4.62],"VISIB":[9.729999],"WDSP":[12.51],"WNDDIR":[330],"time":[1549364861]}