{"CLDC":[71.91],"DEWP":[0.38000003],"FRSHTT":[100000],"PRCP":[0.019999998],"SLP":[1017.6],"SNDP":[0],"STP":[1021.93],"TEMP":[5.7400002],"VISIB":[8.7],"WDSP":[14.729999],"WNDDIR":[132.6],"time":[1549364860]}