{"CLDC":[68.13,68.15001],"DEWP":[0.44,0.16999999],"FRSHTT":[100000,100000],"PRCP":[0.019999998,0.019999998],"SLP":[1019.6,1019.6],"SNDP":[0,0],"STP":[1017.5,1017.5],"TEMP":[7.2,7.2],"VISIB":[9.67,9.300001],"WDSP":[10.289999,9.539999],"WNDDIR":[162.7,159.4],"time":[1549364860,1549364918]}