{"CLDC":[52.27999,52.090004],"DEWP":[-2.3,-2.5],"FRSHTT":[100000,100000],"PRCP":[0.009999999,0.009999999],"SLP":[1019.9,1019.9],"SNDP":[0,0],"STP":[1011.6501,1011.7999],"TEMP":[6.4799995,6.4799995],"VISIB":[9.639999,9.969999],"WDSP":[13.009999,13.1],"WNDDIR":[336.8,338.5],"time":[1549364860,1549364918]}