{"CLDC":[53.670002],"DEWP":[-1.45],"FRSHTT":[0],"PRCP":[0],"SLP":[1020.16],"SNDP":[0],"STP":[984.2601],"TEMP":[6.0000005],"VISIB":[11.03],"WDSP":[15.139999],"WNDDIR":[10.4],"time":[1549364860]}