{"CLDC":[57.409996,57.68],"DEWP":[1.9799999,1.9500002],"FRSHTT":[0,0],"PRCP":[0,0],"SLP":[1005.6,1005.7001],"SNDP":[0,0],"STP":[1005.2001,1005.2001],"TEMP":[2.44,2.4599998],"VISIB":[4.79,4.99],"WDSP":[26.529999,27.150003],"WNDDIR":[253.3,250.9],"time":[1549364858,1549364917]}