{"CLDC":[57.409996],"DEWP":[1.9799999],"FRSHTT":[0],"PRCP":[0],"SLP":[1005.6],"SNDP":[0],"STP":[1005.2001],"TEMP":[2.44],"VISIB":[4.79],"WDSP":[26.529999],"WNDDIR":[253.3],"time":[1549364858]}