{"CLDC":[53.110004,53.25],"DEWP":[-0.65999997,-0.66],"FRSHTT":[110000,110000],"PRCP":[0.039999995,0.039999995],"SLP":[1007.30994,1007.36993],"SNDP":[0.10000001,0.10000001],"STP":[1003.39,1003.55994],"TEMP":[0.6999999,0.6999999],"VISIB":[9.119999,9.36],"WDSP":[26.88,26.85],"WNDDIR":[301.5,303],"time":[1549364858,1549364917]}