{"CLDC":[50.289997,50.54],"DEWP":[-1.29,-1.3199999],"FRSHTT":[1110000,1110000],"PRCP":[0.07,0.07],"SLP":[1012.7999,1012.81995],"SNDP":[0.10000001,0.10000001],"STP":[1015.11,1015.33997],"TEMP":[-0.16000001,-0.10000001],"VISIB":[15.7300005,16.74],"WDSP":[28.16,29.030003],"WNDDIR":[173.5,176.8],"time":[1549364859,1549364917]}