{"CLDC":[50.289997],"DEWP":[-1.29],"FRSHTT":[1110000],"PRCP":[0.07],"SLP":[1012.7999],"SNDP":[0.10000001],"STP":[1015.11],"TEMP":[-0.16000001],"VISIB":[15.7300005],"WDSP":[28.16],"WNDDIR":[173.5],"time":[1549364859]}