{"CLDC":[75.35001],"DEWP":[-2.6100001],"FRSHTT":[1000000],"PRCP":[0],"SLP":[1025.1901],"SNDP":[0],"STP":[1023.39],"TEMP":[-1.3399999],"VISIB":[4.64],"WDSP":[24.73],"WNDDIR":[339],"time":[1549364859]}