{"CLDC":[50.07,50.359997],"DEWP":[-2.4499998,-2.4999998],"FRSHTT":[1110000,1110000],"PRCP":[0.059999995,0.063],"SLP":[1015.7001,1015.7001],"SNDP":[0.20000002,0.20000002],"STP":[1015.49005,1015.17004],"TEMP":[-0.8500001,-0.86],"VISIB":[7.65,7.6299996],"WDSP":[19.97,20.69],"WNDDIR":[49.7,51.6],"time":[1549364860,1549364918]}