{"CLDC":[50.07],"DEWP":[-2.4499998],"FRSHTT":[1110000],"PRCP":[0.059999995],"SLP":[1015.7001],"SNDP":[0.20000002],"STP":[1015.49005],"TEMP":[-0.8500001],"VISIB":[7.65],"WDSP":[19.97],"WNDDIR":[49.7],"time":[1549364860]}