{"CLDC":[63.369995,63.059998],"DEWP":[-11.540001,-11.75],"FRSHTT":[0,0],"PRCP":[0,0],"SLP":[1011.4,1011.4],"SNDP":[0,0],"STP":[994.9,994.7999],"TEMP":[15.4,15.25],"VISIB":[11.290001,11.53],"WDSP":[14.669998,14.290001],"WNDDIR":[219.6,221.9],"time":[1549364856,1549364916]}