{"CLDC":[63.369995],"DEWP":[-11.540001],"FRSHTT":[0],"PRCP":[0],"SLP":[1011.4],"SNDP":[0],"STP":[994.9],"TEMP":[15.4],"VISIB":[11.290001],"WDSP":[14.669998],"WNDDIR":[219.6],"time":[1549364856]}