{"CLDC":[38.98,38.690002],"DEWP":[0.31,0.31],"FRSHTT":[0,0],"PRCP":[0,0],"SLP":[1005.42004,1005.5],"SNDP":[0,0],"STP":[1010.16,1009.1],"TEMP":[1.2299999,1.26],"VISIB":[7.089999,6.7799997],"WDSP":[19.07,18.829998],"WNDDIR":[289.2,288.9],"time":[1549364860,1549364918]}