{"CLDC":[3.5400002],"DEWP":[-4.1],"FRSHTT":[0],"PRCP":[0],"SLP":[1008.2001],"SNDP":[0],"STP":[1048.2001],"TEMP":[14.83],"VISIB":[16.130001],"WDSP":[5.2],"WNDDIR":[101.3],"time":[1549364855]}