{"CLDC":[5.549999,5.9700003],"DEWP":[-12.839999,-12.58],"FRSHTT":[0,0],"PRCP":[0,0],"SLP":[1012.2999,1012.2999],"SNDP":[0,0],"STP":[1000.63,1000.59],"TEMP":[14.650002,14.559999],"VISIB":[10.049999,9.97],"WDSP":[14.75,15.15],"WNDDIR":[342.7,341.7],"time":[1549364855,1549364915]}