{"CLDC":[86.52999,86.619995],"DEWP":[-12.95,-12.820002],"FRSHTT":[0,0],"PRCP":[0,0],"SLP":[1011.5,1011.5],"SNDP":[0,0],"STP":[1008.67004,1007.30994],"TEMP":[9.759999,9.68],"VISIB":[10.07,9.250001],"WDSP":[12.2699995,11.58],"WNDDIR":[335.3,333.7],"time":[1549364855,1549364915]}