{"CLDC":[69.12999],"DEWP":[-2.0500002],"FRSHTT":[1110000],"PRCP":[0.059999995],"SLP":[1011.9601],"SNDP":[0.20000002],"STP":[1011.9],"TEMP":[-0.75],"VISIB":[7.79],"WDSP":[20.79],"WNDDIR":[3.8],"time":[1549364861]}