{"CLDC":[69.12999,69.14],"DEWP":[-2.0500002,-1.9],"FRSHTT":[1110000,1110000],"PRCP":[0.059999995,0.059999995],"SLP":[1011.9601,1011.91003],"SNDP":[0.20000002,0.20000002],"STP":[1011.9,1011.69006],"TEMP":[-0.75,-0.6999999],"VISIB":[7.79,7.6799994],"WDSP":[20.79,20.4],"WNDDIR":[3.8,5.3],"time":[1549364861,1549364918]}