{"CLDC":[47.090004,47.110004],"DEWP":[-0.15,-0.15],"FRSHTT":[0,0],"PRCP":[0,0],"SLP":[1009.2499,1009.30994],"SNDP":[0,0],"STP":[1004.22003,1004.27997],"TEMP":[1.27,1.26],"VISIB":[8.03,8.17],"WDSP":[21.67,22.19],"WNDDIR":[207.9,207],"time":[1549364861,1549364918]}