{"CLDC":[50.249996,50.150005],"DEWP":[-2,-2.16],"FRSHTT":[1110000,1110000],"PRCP":[0.039999995,0.039999995],"SLP":[1011.4,1011.4],"SNDP":[0.20000002,0.20000002],"STP":[1012.2001,1012.4],"TEMP":[-0.20000002,-0.20000002],"VISIB":[8.81,8.639999],"WDSP":[22.259998,23.09],"WNDDIR":[11.4,12.3],"time":[1549364861,1549364919]}