{"CLDC":[50.249996],"DEWP":[-2],"FRSHTT":[1110000],"PRCP":[0.039999995],"SLP":[1011.4],"SNDP":[0.20000002],"STP":[1012.2001],"TEMP":[-0.20000002],"VISIB":[8.81],"WDSP":[22.259998],"WNDDIR":[11.4],"time":[1549364861]}