{"CLDC":[57.03,56.539997],"DEWP":[-16.4,-16.579998],"FRSHTT":[0,0],"PRCP":[0,0],"SLP":[1012.5,1012.5],"SNDP":[0,0],"STP":[1017.52997,1017.6701],"TEMP":[17.01,16.490002],"VISIB":[27.330002,27.34],"WDSP":[26.11,26.559998],"WNDDIR":[88,90.1],"time":[1549364860,1549364918]}