{"CLDC":[0.43,0.44000006],"DEWP":[-19.75,-20.130001],"FRSHTT":[0,0],"PRCP":[0,0],"SLP":[1014.7001,1014.7001],"SNDP":[0,0],"STP":[1025.5,1025.5],"TEMP":[11.960001,11.85],"VISIB":[21.710001,20.7],"WDSP":[20.579998,18.890001],"WNDDIR":[202,202.3],"time":[1549364860,1549364918]}