{"CLDC":[58.72,58.379997],"DEWP":[-18.86,-18.859999],"FRSHTT":[0,0],"PRCP":[0,0],"SLP":[1015.2001,1015.2001],"SNDP":[0,0],"STP":[1006.50995,1005.8999],"TEMP":[13.62,13.379999],"VISIB":[24.49,25.130001],"WDSP":[12.43,10.81],"WNDDIR":[93.3,90.3],"time":[1549364859,1549364917]}