{"CLDC":[81.26],"DEWP":[0.91999996],"FRSHTT":[100000],"PRCP":[0.050000004],"SLP":[1009.1],"SNDP":[0],"STP":[1007.9],"TEMP":[2.1999998],"VISIB":[10.08],"WDSP":[25.41],"WNDDIR":[131],"time":[1549364855]}