{"CLDC":[58.96,58.809998],"DEWP":[3.8700001,3.2099998],"FRSHTT":[0,0],"PRCP":[0,0],"SLP":[1016.7001,1016.7001],"SNDP":[0,0],"STP":[1024.3701,1025.03],"TEMP":[12.1,12.22],"VISIB":[8.85,9.059999],"WDSP":[24.67,24.39],"WNDDIR":[221.8,222.4],"time":[1549364856,1549364916]}