{"CLDC":[39.46],"DEWP":[0.32000002],"FRSHTT":[0],"PRCP":[0],"SLP":[1013.7001],"SNDP":[0],"STP":[1020.93994],"TEMP":[15.660001],"VISIB":[6.94],"WDSP":[19.06],"WNDDIR":[67.3],"time":[1549364856]}