{"CLDC":[39.46,39.7],"DEWP":[0.32000002,0.62],"FRSHTT":[0,0],"PRCP":[0,0],"SLP":[1013.7001,1013.6],"SNDP":[0,0],"STP":[1020.93994,1023.57996],"TEMP":[15.660001,15.26],"VISIB":[6.94,6.55],"WDSP":[19.06,18.07],"WNDDIR":[67.3,67.9],"time":[1549364856,1549364915]}