{"CLDC":[63.03],"DEWP":[-1.1500001],"FRSHTT":[0],"PRCP":[0],"SLP":[1014.25995],"SNDP":[0],"STP":[1044.15],"TEMP":[0.55],"VISIB":[6.21],"WDSP":[18.929998],"WNDDIR":[290.5],"time":[1549364856]}