{"CLDC":[63.03,63.210003],"DEWP":[-1.1500001,-1.1000001],"FRSHTT":[0,0],"PRCP":[0,0],"SLP":[1014.25995,1014.92004],"SNDP":[0,0],"STP":[1044.15,1044.29],"TEMP":[0.55,0.55],"VISIB":[6.21,5.9700003],"WDSP":[18.929998,19.77],"WNDDIR":[290.5,289.8],"time":[1549364856,1549364915]}