{"CLDC":[94.049995,94.38],"DEWP":[-6.4199996,-6.28],"FRSHTT":[0,0],"PRCP":[0,0],"SLP":[1014.66003,1014.7001],"SNDP":[0,0],"STP":[1014.43,1013.7699],"TEMP":[15.35,15.459999],"VISIB":[7.5799994,7.5799994],"WDSP":[15.85,15.69],"WNDDIR":[62.2,59.4],"time":[1549364855,1549364915]}