{"CLDC":[99.06999],"DEWP":[-6.2],"FRSHTT":[1000000],"PRCP":[0],"SLP":[1027.2001],"SNDP":[0],"STP":[1039.9099],"TEMP":[-2.8399997],"VISIB":[11.07],"WDSP":[28.939997],"WNDDIR":[268.2],"time":[1549364856]}