{"CLDC":[99.06999,99.420006],"DEWP":[-6.2,-6.200001],"FRSHTT":[1000000,1000000],"PRCP":[0,0],"SLP":[1027.2001,1027.2001],"SNDP":[0,0],"STP":[1039.9099,1039.35],"TEMP":[-2.8399997,-2.8799999],"VISIB":[11.07,11.5199995],"WDSP":[28.939997,30.409998],"WNDDIR":[268.2,265],"time":[1549364856,1549364916]}