{"CLDC":[92.85001,92.96001],"DEWP":[-1.9999998,-2.1999998],"FRSHTT":[1000000,1000000],"PRCP":[0,0],"SLP":[1005.86,1005.61005],"SNDP":[0,0],"STP":[1004.62,1004.7101],"TEMP":[-0.20000002,-0.20000002],"VISIB":[7.3599997,6.59],"WDSP":[21.33,19.91],"WNDDIR":[17,17.3],"time":[1549364856,1549364915]}