{"CLDC":[2.6100001,2.71],"DEWP":[-0.95,-0.86000013],"FRSHTT":[0,0],"PRCP":[0,0],"SLP":[1007.15,1007.00995],"SNDP":[0,0],"STP":[1003.43,1003.55],"TEMP":[0.59999996,0.55],"VISIB":[9.099999,8.74],"WDSP":[37.12,37.58],"WNDDIR":[103.8,105.7],"time":[1549364856,1549364915]}