{"CLDC":[2.6100001],"DEWP":[-0.95],"FRSHTT":[0],"PRCP":[0],"SLP":[1007.15],"SNDP":[0],"STP":[1003.43],"TEMP":[0.59999996],"VISIB":[9.099999],"WDSP":[37.12],"WNDDIR":[103.8],"time":[1549364856]}