{"CLDC":[68.15001,68.71001],"DEWP":[2.5800002,2.3000002],"FRSHTT":[0,0],"PRCP":[0,0],"SLP":[1013,1013],"SNDP":[0,0],"STP":[1012.5,1012.5],"TEMP":[15.360001,15.539999],"VISIB":[7.750001,8.099999],"WDSP":[15.870001,15.17],"WNDDIR":[138.5,137.1],"time":[1549364859,1549364917]}