{"CLDC":[24.989998],"DEWP":[-2.1599998],"FRSHTT":[0],"PRCP":[0],"SLP":[1010.2001],"SNDP":[0],"STP":[1007.9],"TEMP":[21.28],"VISIB":[8.51],"WDSP":[7.6],"WNDDIR":[305.8],"time":[1549364859]}