{"CLDC":[24.989998,25.100002],"DEWP":[-2.1599998,-2.92],"FRSHTT":[0,0],"PRCP":[0,0],"SLP":[1010.2001,1010.2001],"SNDP":[0,0],"STP":[1007.9,1007.9],"TEMP":[21.28,21.54],"VISIB":[8.51,8.86],"WDSP":[7.6,7.3599997],"WNDDIR":[305.8,304.4],"time":[1549364859,1549364917]}