{"CLDC":[37.44],"DEWP":[-7.8000007],"FRSHTT":[0],"PRCP":[0],"SLP":[1012.4],"SNDP":[0],"STP":[997.1299],"TEMP":[15.320002],"VISIB":[6.71],"WDSP":[8.05],"WNDDIR":[15.3],"time":[1549364858]}