{"CLDC":[37.44,37],"DEWP":[-7.8000007,-7.3200006],"FRSHTT":[0,0],"PRCP":[0,0],"SLP":[1012.4,1012.32996],"SNDP":[0,0],"STP":[997.1299,995.86005],"TEMP":[15.320002,15.45],"VISIB":[6.71,7.149999],"WDSP":[8.05,7.6],"WNDDIR":[15.3,16.1],"time":[1549364858,1549364917]}