{"CLDC":[16.31,16.160002],"DEWP":[8.620001,8.620001],"FRSHTT":[0,0],"PRCP":[0,0],"SLP":[1012.9,1012.9],"SNDP":[0,0],"STP":[1012.6,1012.6],"TEMP":[15.200002,15.030001],"VISIB":[6.94,6.910001],"WDSP":[19.17,19.109999],"WNDDIR":[188.7,192.6],"time":[1549364858,1549364916]}