{"CLDC":[39.019997],"DEWP":[-0.14000002],"FRSHTT":[0],"PRCP":[0],"SLP":[1011.30994],"SNDP":[0],"STP":[1010.50995],"TEMP":[22.17],"VISIB":[10.93],"WDSP":[10.349999],"WNDDIR":[163.8],"time":[1549364856]}