{"CLDC":[39.019997,38.710003],"DEWP":[-0.14000002,-0.52],"FRSHTT":[0,0],"PRCP":[0,0],"SLP":[1011.30994,1011.27],"SNDP":[0,0],"STP":[1010.50995,1010.6],"TEMP":[22.17,21.84],"VISIB":[10.93,10.74],"WDSP":[10.349999,10.970001],"WNDDIR":[163.8,165.1],"time":[1549364856,1549364916]}