{"CLDC":[40.28,40.49],"DEWP":[-1.89,-2.15],"FRSHTT":[0,0],"PRCP":[0,0],"SLP":[1011.2999,1011.2999],"SNDP":[0,0],"STP":[1010.62,1010.42004],"TEMP":[20.039999,19.999998],"VISIB":[6.0399995,6.0699997],"WDSP":[9.800001,9.300001],"WNDDIR":[30.3,29.9],"time":[1549364856,1549364915]}