{"CLDC":[40.28],"DEWP":[-1.89],"FRSHTT":[0],"PRCP":[0],"SLP":[1011.2999],"SNDP":[0],"STP":[1010.62],"TEMP":[20.039999],"VISIB":[6.0399995],"WDSP":[9.800001],"WNDDIR":[30.3],"time":[1549364856]}