{"CLDC":[59.129997],"DEWP":[4.7999997],"FRSHTT":[0],"PRCP":[0],"SLP":[1011.1],"SNDP":[0],"STP":[1008.6],"TEMP":[17.73],"VISIB":[9.76],"WDSP":[8.33],"WNDDIR":[64.9],"time":[1549364855]}