{"CLDC":[59.129997,59.359997],"DEWP":[4.7999997,4.3],"FRSHTT":[0,0],"PRCP":[0,0],"SLP":[1011.1,1011.1],"SNDP":[0,0],"STP":[1008.6,1008.6],"TEMP":[17.73,17.369999],"VISIB":[9.76,9.549999],"WDSP":[8.33,8.29],"WNDDIR":[64.9,63.3],"time":[1549364855,1549364915]}