{"CLDC":[4.8600006,4.81],"DEWP":[9.66,9.2300005],"FRSHTT":[0,0],"PRCP":[0,0],"SLP":[1013.6,1013.6],"SNDP":[0,0],"STP":[995.27,994.95],"TEMP":[15.94,15.7],"VISIB":[9.85,9.910001],"WDSP":[16.37,16.79],"WNDDIR":[339.1,341.3],"time":[1549364860,1549364918]}