{"CLDC":[88.67,88.56],"DEWP":[-2.9999995,-3.0499997],"FRSHTT":[1110000,1110000],"PRCP":[0.029999997,0.029999997],"SLP":[1012.67004,1012.18],"SNDP":[0.5,0.5],"STP":[1014.2999,1014.4],"TEMP":[-0.84000003,-0.84000003],"VISIB":[9.5,10.07],"WDSP":[23.369999,22.93],"WNDDIR":[202.3,201.4],"time":[1549364856,1549364916]}