{"CLDC":[61.700005],"DEWP":[0.65000004],"FRSHTT":[0],"PRCP":[0],"SLP":[1008.1],"SNDP":[0],"STP":[1005.4],"TEMP":[2.0700002],"VISIB":[11.559999],"WDSP":[19.68],"WNDDIR":[11.8],"time":[1549364857]}