{"CLDC":[67.81,67.89],"DEWP":[-2.1,-2.1399999],"FRSHTT":[1110000,1110000],"PRCP":[0.029999997,0.029999997],"SLP":[1012.2001,1012.2001],"SNDP":[0.10000001,0.10000001],"STP":[1013.93005,1013.9],"TEMP":[-0.29999998,-0.29999998],"VISIB":[10.089999,10.249999],"WDSP":[31.190002,32.359997],"WNDDIR":[140.2,138.9],"time":[1549364857,1549364916]}