{"CLDC":[50.130005,50.249996],"DEWP":[5.65,5.56],"FRSHTT":[100000,100000],"PRCP":[2.32,2.32],"SLP":[1010.5,1010.5],"SNDP":[0,0],"STP":[992.11,992.07996],"TEMP":[19.2,19.62],"VISIB":[6.29,7.1299996],"WDSP":[9.35,8.89],"WNDDIR":[290.3,288.3],"time":[1549364860,1549364918]}