{"CLDC":[67.170006],"DEWP":[-2.4999998],"FRSHTT":[1100000],"PRCP":[0.029999997],"SLP":[1015.7001],"SNDP":[0],"STP":[1013.4601],"TEMP":[-0.37],"VISIB":[8.2],"WDSP":[24.27],"WNDDIR":[43.6],"time":[1549364857]}