{"CLDC":[50.05,50.43],"DEWP":[-1.5799998,-1.5799999],"FRSHTT":[1110000,1110000],"PRCP":[0.059999995,0.059999995],"SLP":[1014.69006,1014.52997],"SNDP":[0.20000002,0.20000002],"STP":[1016.24005,1016.16003],"TEMP":[-0.37000006,-0.32],"VISIB":[13.910001,13.370001],"WDSP":[38.82,38.440002],"WNDDIR":[26.4,26.1],"time":[1549364857,1549364916]}