{"CLDC":[50.05],"DEWP":[-1.5799998],"FRSHTT":[1110000],"PRCP":[0.059999995],"SLP":[1014.69006],"SNDP":[0.20000002],"STP":[1016.24005],"TEMP":[-0.37000006],"VISIB":[13.910001],"WDSP":[38.82],"WNDDIR":[26.4],"time":[1549364857]}