{"CLDC":[50.130005],"DEWP":[-2.6100001],"FRSHTT":[1110000],"PRCP":[0.019999998],"SLP":[1011.7001],"SNDP":[0.59999996],"STP":[1007.7799],"TEMP":[-0.46000004],"VISIB":[12.260001],"WDSP":[32.79],"WNDDIR":[295.3],"time":[1549364857]}