{"CLDC":[54.269997],"DEWP":[19.96],"FRSHTT":[100000],"PRCP":[0.71],"SLP":[1010.2001],"SNDP":[0],"STP":[1006.7999],"TEMP":[23.92],"VISIB":[10.179999],"WDSP":[11.95],"WNDDIR":[347.1],"time":[1549364860]}