{"CLDC":[54.269997,53.97],"DEWP":[19.96,19.66],"FRSHTT":[100000,100000],"PRCP":[0.71,0.713],"SLP":[1010.2001,1010.2001],"SNDP":[0,0],"STP":[1006.7999,1006.7999],"TEMP":[23.92,23.849998],"VISIB":[10.179999,10.200001],"WDSP":[11.95,11.639999],"WNDDIR":[347.1,347.4],"time":[1549364860,1549364918]}