{"CLDC":[50.329998,50.65],"DEWP":[11.480001,11.6],"FRSHTT":[100000,100000],"PRCP":[0.51000005,0.52],"SLP":[1008.6,1008.63],"SNDP":[0,0],"STP":[1007.35,1007.45],"TEMP":[14.5,14.5],"VISIB":[17.23,16.75],"WDSP":[10.72,11],"WNDDIR":[14.9,15.8],"time":[1549364860,1549364918]}