{"CLDC":[62.960003],"DEWP":[9.64],"FRSHTT":[100000],"PRCP":[0.33999997],"SLP":[1011],"SNDP":[0],"STP":[1013.89],"TEMP":[13.839999],"VISIB":[16.64],"WDSP":[21.01],"WNDDIR":[27.4],"time":[1549364859]}