{"CLDC":[50.06,50.050003],"DEWP":[12.95,13.2],"FRSHTT":[100000,100000],"PRCP":[0.46999997,0.46999997],"SLP":[1009.6,1009.6],"SNDP":[0,0],"STP":[1005.86,1005.7899],"TEMP":[17.029999,17.029999],"VISIB":[20.060001,20.030003],"WDSP":[20.829998,21.41],"WNDDIR":[182.3,183.5],"time":[1549364860,1549364918]}