{"CLDC":[64.45,64.31],"DEWP":[2.9000003,2.8400002],"FRSHTT":[100000,100000],"PRCP":[0.21000001,0.21000001],"SLP":[1011.1,1011.1],"SNDP":[0,0],"STP":[1011.5,1011.5],"TEMP":[7.2799997,6.9200006],"VISIB":[19.65,19.46],"WDSP":[23.590002,24.23],"WNDDIR":[321.9,319.5],"time":[1549364860,1549364918]}