{"CLDC":[53.23,53.389996],"DEWP":[-3.75,-3.75],"FRSHTT":[1100000,1100000],"PRCP":[0.07999999,0.07999999],"SLP":[1012.7999,1012.7999],"SNDP":[0,0],"STP":[1013.41,1013.45996],"TEMP":[-1.8399999,-1.8399999],"VISIB":[15.18,15.410001],"WDSP":[22.03,22.23],"WNDDIR":[294,296.9],"time":[1549364858,1549364917]}