{"CLDC":[40.809998,40.42],"DEWP":[-7.4600005,-7.350001],"FRSHTT":[0,0],"PRCP":[0,0],"SLP":[1023.6,1023.73],"SNDP":[0,0],"STP":[1031.54,1031.48],"TEMP":[2.8399997,2.8399997],"VISIB":[17.41,17.619999],"WDSP":[16.19,16.130001],"WNDDIR":[320.1,321.3],"time":[1549364856,1549364915]}