{"CLDC":[50.379997],"DEWP":[-1.14],"FRSHTT":[100000],"PRCP":[0.029999997],"SLP":[1021.00995],"SNDP":[0],"STP":[1027.3699],"TEMP":[4.46],"VISIB":[17.15],"WDSP":[10.52],"WNDDIR":[85.4],"time":[1549364856]}