{"CLDC":[16.389997,16.640003],"DEWP":[-6.149999,-6.249999],"FRSHTT":[1000000,1000000],"PRCP":[0,0],"SLP":[1015.38,1015.09],"SNDP":[0,0],"STP":[1019.41,1019.36993],"TEMP":[-0.22000003,-0.26],"VISIB":[3.45,3.6500003],"WDSP":[14.8,13.5],"WNDDIR":[87.3,86.6],"time":[1549364859,1549364918]}