{"CLDC":[40.809998],"DEWP":[-7.4600005],"FRSHTT":[0],"PRCP":[0],"SLP":[1023.6],"SNDP":[0],"STP":[1031.54],"TEMP":[2.8399997],"VISIB":[17.41],"WDSP":[16.19],"WNDDIR":[320.1],"time":[1549364856]}