{"CLDC":[84.67,84.73],"DEWP":[-0.8000001,-0.8],"FRSHTT":[100000,100000],"PRCP":[0.07,0.07],"SLP":[1019.9,1019.9],"SNDP":[0,0],"STP":[1013.7899,1013.99005],"TEMP":[5.04,5.1200004],"VISIB":[9.629999,9.450001],"WDSP":[17.11,16.710001],"WNDDIR":[259.8,259.8],"time":[1549364856,1549364915]}