{"CLDC":[74.740005,74.89],"DEWP":[-3.0300002,-3.0300002],"FRSHTT":[100000,100000],"PRCP":[0.050000004,0.050000004],"SLP":[1021.4601,1021.38995],"SNDP":[0,0],"STP":[1014.5,1014.4],"TEMP":[3.6199996,3.5899997],"VISIB":[9.98,10.039999],"WDSP":[11.35,10.690001],"WNDDIR":[220.3,215.5],"time":[1549364860,1549364918]}