{"CLDC":[83.81],"DEWP":[2.7600002],"FRSHTT":[0],"PRCP":[0],"SLP":[1005.6],"SNDP":[0],"STP":[1001.09],"TEMP":[4.1400003],"VISIB":[12.070001],"WDSP":[46.33],"WNDDIR":[108],"time":[1549364859]}