{"CLDC":[84.38001],"DEWP":[-6.4],"FRSHTT":[0],"PRCP":[0],"SLP":[1024.67],"SNDP":[0],"STP":[1034.65],"TEMP":[0.66999996],"VISIB":[12.19],"WDSP":[19.320002],"WNDDIR":[358.6],"time":[1549364856]}