{"CLDC":[58.559998,58.7],"DEWP":[1.51,1.51],"FRSHTT":[0,0],"PRCP":[0,0],"SLP":[1013.52997,1013.5],"SNDP":[0,0],"STP":[987.52,989.56006],"TEMP":[11.719999,11.71],"VISIB":[17.02,17.080002],"WDSP":[12.179999,12.49],"WNDDIR":[101.2,95.9],"time":[1549364855,1549364915]}