{"CLDC":[20.39,20.09],"DEWP":[-4.8500004,-5.0000005],"FRSHTT":[0,0],"PRCP":[0,0],"SLP":[1025.4801,1025.4001],"SNDP":[0,0],"STP":[993.91003,993.9],"TEMP":[0.46000004,0.44],"VISIB":[19.119999,18.960001],"WDSP":[4.0099998,4.1600003],"WNDDIR":[322.1,321.7],"time":[1549364861,1549364918]}