{"CLDC":[20.39],"DEWP":[-4.8500004],"FRSHTT":[0],"PRCP":[0],"SLP":[1025.4801],"SNDP":[0],"STP":[993.91003],"TEMP":[0.46000004],"VISIB":[19.119999],"WDSP":[4.0099998],"WNDDIR":[322.1],"time":[1549364861]}