{"CLDC":[50.289997,50.379997],"DEWP":[0.91999996,0.82],"FRSHTT":[100000,100000],"PRCP":[0.11,0.11],"SLP":[1020.5,1020.5],"SNDP":[0,0],"STP":[1023.9,1023.93005],"TEMP":[7.35,7.22],"VISIB":[9.57,9.890001],"WDSP":[17.210001,18.07],"WNDDIR":[313.8,312.8],"time":[1549364859,1549364918]}