{"CLDC":[58.78,58.809998],"DEWP":[-1.4499999,-1.4499999],"FRSHTT":[0,0],"PRCP":[0,0],"SLP":[1015.86993,1016.27],"SNDP":[0,0],"STP":[1013.9,1013.9],"TEMP":[0.33,0.37000006],"VISIB":[8.68,9.569999],"WDSP":[24.73,24.43],"WNDDIR":[105,105.3],"time":[1549364860,1549364918]}