{"CLDC":[82.39],"DEWP":[-0.28000003],"FRSHTT":[100000],"PRCP":[0.13],"SLP":[1013],"SNDP":[0],"STP":[1012.2301],"TEMP":[5.3599997],"VISIB":[9.910001],"WDSP":[16.17],"WNDDIR":[302.4],"time":[1549364859]}