{"CLDC":[56.07,56.130005],"DEWP":[2.6699998,2.23],"FRSHTT":[0,0],"PRCP":[0,0],"SLP":[1015.63,1015.59],"SNDP":[0,0],"STP":[1018.93,1019.00995],"TEMP":[6.38,6.3500004],"VISIB":[9.46,9.12],"WDSP":[8.01,7.350001],"WNDDIR":[308,309.7],"time":[1549364859,1549364917]}