{"CLDC":[85.67,85.15],"DEWP":[3.2900002,3.1499996],"FRSHTT":[100000,100000],"PRCP":[0.14,0.14],"SLP":[1019.5999,1019.27997],"SNDP":[0,0],"STP":[1017.12,1016.6],"TEMP":[5.8999996,5.9399996],"VISIB":[9.43,9.71],"WDSP":[22.009998,22.21],"WNDDIR":[279,275.1],"time":[1549364859,1549364917]}