{"CLDC":[66.490005],"DEWP":[1.8799999],"FRSHTT":[100000],"PRCP":[0.029999997],"SLP":[1004.16],"SNDP":[0],"STP":[995.7899],"TEMP":[7.3],"VISIB":[10.300001],"WDSP":[17.2],"WNDDIR":[1.9],"time":[1549364859]}