{"CLDC":[72.48,71.81],"DEWP":[-0.58000004,-0.5],"FRSHTT":[110000,110000],"PRCP":[0.11999999,0.11999999],"SLP":[1012,1011.9],"SNDP":[0.59999996,0.59999996],"STP":[1013.4,1013.67004],"TEMP":[1.04,1.05],"VISIB":[8.569999,8.93],"WDSP":[23.91,23.150002],"WNDDIR":[218.6,219.1],"time":[1549364860,1549364918]}