{"CLDC":[28.51,28.439999],"DEWP":[-5.1000004,-5.0600004],"FRSHTT":[0,0],"PRCP":[0,0],"SLP":[1017.6,1017.6],"SNDP":[0,0],"STP":[1012.25,1011.98],"TEMP":[3.72,3.4100003],"VISIB":[14.840001,15],"WDSP":[14.65,14.19],"WNDDIR":[38.2,39.9],"time":[1549364858,1549364916]}