{"CLDC":[2.7399998,2.25],"DEWP":[-2.3999999,-2.6200001],"FRSHTT":[0,0],"PRCP":[0,0],"SLP":[983.4,983.5],"SNDP":[0,0],"STP":[1010.55,1010.45996],"TEMP":[4.7000003,4.5600004],"VISIB":[7.4600005,7.3600006],"WDSP":[8.210001,9.57],"WNDDIR":[348.8,352.5],"time":[1549364858,1549364916]}