{"CLDC":[2.7399998],"DEWP":[-2.3999999],"FRSHTT":[0],"PRCP":[0],"SLP":[983.4],"SNDP":[0],"STP":[1010.55],"TEMP":[4.7000003],"VISIB":[7.4600005],"WDSP":[8.210001],"WNDDIR":[348.8],"time":[1549364858]}