{"CLDC":[52.839996,52.810005],"DEWP":[-5.26,-5.5],"FRSHTT":[0,0],"PRCP":[0,0],"SLP":[1015.9,1015.9],"SNDP":[0,0],"STP":[996.2001,996.2001],"TEMP":[4.2400002,4.1600003],"VISIB":[7.3,6.4700003],"WDSP":[12.790001,12.17],"WNDDIR":[326.3,324.1],"time":[1549364858,1549364916]}