{"CLDC":[8.75,8.880001],"DEWP":[0.17999999,0.09],"FRSHTT":[0,0],"PRCP":[0,0],"SLP":[1024.7999,1024.7999],"SNDP":[0,0],"STP":[1018.7001,1018.7001],"TEMP":[2.8000002,2.8000002],"VISIB":[8.33,7.839999],"WDSP":[34.42,34.210003],"WNDDIR":[5.7,5.6],"time":[1549364860,1549364918]}