{"CLDC":[17.960001,17.769999],"DEWP":[-0.02,-0.08],"FRSHTT":[0,0],"PRCP":[0,0],"SLP":[1020.1,1020.4],"SNDP":[0,0],"STP":[1033.67,1035.33],"TEMP":[0.87000006,0.86],"VISIB":[7.3100004,7.6399994],"WDSP":[15.720001,16.03],"WNDDIR":[129.9,132.9],"time":[1549364861,1549364918]}