{"CLDC":[50.22],"DEWP":[-5.6],"FRSHTT":[100000],"PRCP":[0.050000004],"SLP":[1012.80994],"SNDP":[0],"STP":[990.00995],"TEMP":[2.38],"VISIB":[6.7799997],"WDSP":[17.41],"WNDDIR":[3.2],"time":[1549364859]}