{"CLDC":[50.22,50.54],"DEWP":[-5.6,-5.6],"FRSHTT":[100000,100000],"PRCP":[0.050000004,0.050000004],"SLP":[1012.80994,1013.2699],"SNDP":[0,0],"STP":[990.00995,990.1],"TEMP":[2.38,2.3],"VISIB":[6.7799997,6.07],"WDSP":[17.41,16.359999],"WNDDIR":[3.2,3.8],"time":[1549364859,1549364918]}