{"CLDC":[23.53],"DEWP":[-2.3899999],"FRSHTT":[0],"PRCP":[0],"SLP":[1018.4],"SNDP":[0],"STP":[1014.5],"TEMP":[4.71],"VISIB":[20.98],"WDSP":[11.890001],"WNDDIR":[154.1],"time":[1549364859]}