{"CLDC":[22.679998,23.05],"DEWP":[0.34000003,0.22000003],"FRSHTT":[0,0],"PRCP":[0,0],"SLP":[1058.01,1058.3501],"SNDP":[0,0],"STP":[1030.4299,1030.48],"TEMP":[3.2800002,3.3400002],"VISIB":[13.4800005,13.58],"WDSP":[30.15,29.319998],"WNDDIR":[253.4,250.7],"time":[1549364861,1549364918]}