{"CLDC":[19.970001],"DEWP":[1.6599998],"FRSHTT":[0],"PRCP":[0],"SLP":[1019.33997],"SNDP":[0],"STP":[997.67004],"TEMP":[5.15],"VISIB":[9.749999],"WDSP":[16.439999],"WNDDIR":[100.6],"time":[1549364859]}