{"CLDC":[22.679998],"DEWP":[0.34000003],"FRSHTT":[0],"PRCP":[0],"SLP":[1058.01],"SNDP":[0],"STP":[1030.4299],"TEMP":[3.2800002],"VISIB":[13.4800005],"WDSP":[30.15],"WNDDIR":[253.4],"time":[1549364861]}