{"CLDC":[19.970001,19.919998],"DEWP":[1.6599998,1.6199999],"FRSHTT":[0,0],"PRCP":[0,0],"SLP":[1019.33997,1019.2101],"SNDP":[0,0],"STP":[997.67004,998.5301],"TEMP":[5.15,5.06],"VISIB":[9.749999,10.129999],"WDSP":[16.439999,16.27],"WNDDIR":[100.6,103.8],"time":[1549364859,1549364917]}