{"CLDC":[35.37,34.989998],"DEWP":[-1.5400002,-1.4800001],"FRSHTT":[0,0],"PRCP":[0,0],"SLP":[1013.1,1013.2001],"SNDP":[0,0],"STP":[1014.56006,1014.81995],"TEMP":[0.10000001,0.10000001],"VISIB":[12.11,12.179998],"WDSP":[27.99,27.289999],"WNDDIR":[344,345.7],"time":[1549364861,1549364919]}