{"CLDC":[84.729996],"DEWP":[0.42],"FRSHTT":[100000],"PRCP":[0.059999995],"SLP":[1017.1],"SNDP":[0],"STP":[1017],"TEMP":[2.17],"VISIB":[12.45],"WDSP":[22.7],"WNDDIR":[19.6],"time":[1549364861]}