{"CLDC":[84.729996,84.44],"DEWP":[0.42,0.45999998],"FRSHTT":[100000,100000],"PRCP":[0.059999995,0.059999995],"SLP":[1017.1,1017.1],"SNDP":[0,0],"STP":[1017,1016.92004],"TEMP":[2.17,2.17],"VISIB":[12.45,12.699999],"WDSP":[22.7,23.849998],"WNDDIR":[19.6,18.8],"time":[1549364861,1549364919]}