{"CLDC":[51.010002,50.700005],"DEWP":[-1.9,-1.96],"FRSHTT":[100000,100000],"PRCP":[0.13,0.13],"SLP":[1013.82996,1013.91],"SNDP":[0,0],"STP":[1014.1,1013.95],"TEMP":[0.29999998,0.29999998],"VISIB":[9.63,9.59],"WDSP":[14.770001,14.42],"WNDDIR":[53.7,53.8],"time":[1549364855,1549364915]}