{"CLDC":[93.45],"DEWP":[-2.1999998],"FRSHTT":[1110000],"PRCP":[0.11],"SLP":[1015.1],"SNDP":[0.20000002],"STP":[1018.2899],"TEMP":[-0.10000001],"VISIB":[8.53],"WDSP":[14.9800005],"WNDDIR":[341],"time":[1549364855]}