{"CLDC":[50,50.010002],"DEWP":[-0.02,-0.05],"FRSHTT":[100000,100000],"PRCP":[0.11999999,0.11999999],"SLP":[1013.1,1013.1],"SNDP":[0,0],"STP":[1016.63,1016.80994],"TEMP":[1.43,1.4199998],"VISIB":[10.699999,10.74],"WDSP":[30.340002,30.590002],"WNDDIR":[49.4,48.3],"time":[1549364855,1549364915]}