{"CLDC":[50],"DEWP":[-0.02],"FRSHTT":[100000],"PRCP":[0.11999999],"SLP":[1013.1],"SNDP":[0],"STP":[1016.63],"TEMP":[1.43],"VISIB":[10.699999],"WDSP":[30.340002],"WNDDIR":[49.4],"time":[1549364855]}