{"CLDC":[50.100002,50],"DEWP":[-0.25,-0.25],"FRSHTT":[100000,100000],"PRCP":[0.039999995,0.039999995],"SLP":[1016.88007,1016.9],"SNDP":[0,0],"STP":[1017.4,1017.4],"TEMP":[1.5600001,1.5500001],"VISIB":[12.53,12.920001],"WDSP":[17.61,17.59],"WNDDIR":[268.6,266.5],"time":[1549364855,1549364915]}