{"CLDC":[59.4,59.45],"DEWP":[2.18,2.1200001],"FRSHTT":[0,0],"PRCP":[0,0],"SLP":[1013,1012.95],"SNDP":[0,0],"STP":[1019.87,1020.11],"TEMP":[4.25,4.23],"VISIB":[10.48,10.940001],"WDSP":[34.85,36.14],"WNDDIR":[327.4,329.6],"time":[1549364855,1549364915]}