{"CLDC":[76.55],"DEWP":[-1.3000002],"FRSHTT":[110000],"PRCP":[0.11999999],"SLP":[1012.57],"SNDP":[0.20000002],"STP":[1011.5],"TEMP":[0.10000001],"VISIB":[7.85],"WDSP":[20.099998],"WNDDIR":[301.4],"time":[1549364855]}