{"CLDC":[76.55,76.67],"DEWP":[-1.3000002,-1.4000002],"FRSHTT":[110000,110000],"PRCP":[0.11999999,0.11999999],"SLP":[1012.57,1012.7899],"SNDP":[0.20000002,0.20000002],"STP":[1011.5,1011.5],"TEMP":[0.10000001,0.10000001],"VISIB":[7.85,7.95],"WDSP":[20.099998,20.050001],"WNDDIR":[301.4,299.3],"time":[1549364855,1549364915]}