{"CLDC":[84.16,83.96001],"DEWP":[-10.35,-10.200001],"FRSHTT":[0,0],"PRCP":[0,0],"SLP":[1008.2999,1008.2999],"SNDP":[0,0],"STP":[1004.73,1004.79004],"TEMP":[8.039999,7.9299994],"VISIB":[20.2,20.070002],"WDSP":[14.2,14.280001],"WNDDIR":[334.5,336.5],"time":[1549364857,1549364916]}