{"CLDC":[73.259995],"DEWP":[-0.90999997],"FRSHTT":[0],"PRCP":[0],"SLP":[1009.2999],"SNDP":[0],"STP":[1021.13007],"TEMP":[8.66],"VISIB":[17.77],"WDSP":[10.539999],"WNDDIR":[350.3],"time":[1549364857]}