{"CLDC":[64.27],"DEWP":[-2.0000002],"FRSHTT":[110000],"PRCP":[0.16999999],"SLP":[1014.2001],"SNDP":[0.10000001],"STP":[1018.4],"TEMP":[0.20000002],"VISIB":[8.71],"WDSP":[17.61],"WNDDIR":[242.9],"time":[1549364856]}