{"CLDC":[17.199999,17.230001],"DEWP":[-8.22,-8.42],"FRSHTT":[0,0],"PRCP":[0,0],"SLP":[1011,1011],"SNDP":[0,0],"STP":[1025.78,1024.9999],"TEMP":[8.530001,8.35],"VISIB":[19.59,19.060001],"WDSP":[16.02,16.26],"WNDDIR":[141.4,141.1],"time":[1549364855,1549364915]}