{"CLDC":[17.199999],"DEWP":[-8.22],"FRSHTT":[0],"PRCP":[0],"SLP":[1011],"SNDP":[0],"STP":[1025.78],"TEMP":[8.530001],"VISIB":[19.59],"WDSP":[16.02],"WNDDIR":[141.4],"time":[1549364855]}