{"CLDC":[23,22.810001],"DEWP":[-16.279999,-16.15],"FRSHTT":[0,0],"PRCP":[0,0],"SLP":[1015.2999,1015.36993],"SNDP":[0,0],"STP":[1033.72,1033.6799],"TEMP":[8.400001,8.56],"VISIB":[25.809998,26.36],"WDSP":[23.07,23.15],"WNDDIR":[255.9,256],"time":[1549364855,1549364915]}