{"CLDC":[50.010002,50.130005],"DEWP":[-1.4399999,-1.5600001],"FRSHTT":[110000,110000],"PRCP":[0.13,0.13],"SLP":[1012.6,1012.6],"SNDP":[0.29999998,0.29999998],"STP":[1012.9,1012.9],"TEMP":[0,0],"VISIB":[7.549999,8.07],"WDSP":[18.67,19.59],"WNDDIR":[189.6,192.7],"time":[1549364855,1549364915]}