{"CLDC":[17.080002,17.23],"DEWP":[-13.35,-13.149999],"FRSHTT":[0,0],"PRCP":[0,0],"SLP":[1009,1009],"SNDP":[0,0],"STP":[1004.6999,1002.61005],"TEMP":[8.800001,8.440001],"VISIB":[18.760002,19.25],"WDSP":[25.090002,24.77],"WNDDIR":[295.4,296.5],"time":[1549364858,1549364916]}