{"CLDC":[88.17,88.00001],"DEWP":[-2.3000002,-2.3600001],"FRSHTT":[1110000,1110000],"PRCP":[0.10000001,0.10000001],"SLP":[1016.12,1016.1],"SNDP":[0.10000001,0.10000001],"STP":[1011.97003,1011.67004],"TEMP":[-0.20000002,-0.20000002],"VISIB":[8.219999,8.36],"WDSP":[15.159999,14.179998],"WNDDIR":[50.3,48.2],"time":[1549364856,1549364915]}