{"CLDC":[89.03,88.799995],"DEWP":[-1.72,-1.78],"FRSHTT":[0,0],"PRCP":[0,0],"SLP":[1006.2001,1006.14],"SNDP":[0,0],"STP":[1011.02,1011.25],"TEMP":[12.51,12.38],"VISIB":[18,18.04],"WDSP":[3.4399998,3.56],"WNDDIR":[338.7,340.5],"time":[1549364859,1549364917]}