{"CLDC":[50.08],"DEWP":[4.44],"FRSHTT":[100000],"PRCP":[0.28],"SLP":[1000.70996],"SNDP":[0],"STP":[986.2],"TEMP":[6.4000006],"VISIB":[9.67],"WDSP":[35.73],"WNDDIR":[352.1],"time":[1549364858]}