{"CLDC":[50.08,50.229992],"DEWP":[4.44,4.4300003],"FRSHTT":[100000,100000],"PRCP":[0.28,0.28],"SLP":[1000.70996,1000.44006],"SNDP":[0,0],"STP":[986.2,987.52997],"TEMP":[6.4000006,6.2400002],"VISIB":[9.67,9.289999],"WDSP":[35.73,36.36],"WNDDIR":[352.1,353],"time":[1549364858,1549364917]}