{"CLDC":[95.46001],"DEWP":[-0.65999997],"FRSHTT":[100000],"PRCP":[0.09000001],"SLP":[1016.5],"SNDP":[0],"STP":[1011.74005],"TEMP":[1.3999999],"VISIB":[9.800001],"WDSP":[24.100002],"WNDDIR":[43.5],"time":[1549364859]}