{"CLDC":[95.46001,95.77],"DEWP":[-0.65999997,-0.78000003],"FRSHTT":[100000,100000],"PRCP":[0.09000001,0.09000001],"SLP":[1016.5,1016.4601],"SNDP":[0,0],"STP":[1011.74005,1011.6],"TEMP":[1.3999999,1.3999999],"VISIB":[9.800001,10.070001],"WDSP":[24.100002,25.02],"WNDDIR":[43.5,48.9],"time":[1549364859,1549364917]}