{"CLDC":[21.610003,21.540003],"DEWP":[5.33,5.4399996],"FRSHTT":[0,0],"PRCP":[0,0],"SLP":[980.9601,980.4699],"SNDP":[0,0],"STP":[996.43994,994.57996],"TEMP":[10.599999,10.539999],"VISIB":[40.120003,39.989998],"WDSP":[14.830002,15.529999],"WNDDIR":[63.8,59.5],"time":[1549364860,1549364918]}