{"CLDC":[21.610003],"DEWP":[5.33],"FRSHTT":[0],"PRCP":[0],"SLP":[980.9601],"SNDP":[0],"STP":[996.43994],"TEMP":[10.599999],"VISIB":[40.120003],"WDSP":[14.830002],"WNDDIR":[63.8],"time":[1549364860]}