{"CLDC":[80.68],"DEWP":[2.2599998],"FRSHTT":[0],"PRCP":[0],"SLP":[1015.45],"SNDP":[0],"STP":[1002.2001],"TEMP":[4.6899996],"VISIB":[11.249999],"WDSP":[55.640003],"WNDDIR":[311.5],"time":[1549364859]}