{"CLDC":[50.160004,50.110004],"DEWP":[1.4000001,1.4],"FRSHTT":[100000,100000],"PRCP":[0.09000001,0.09000001],"SLP":[1011.52,1011.41],"SNDP":[0,0],"STP":[1011.72003,1012.6],"TEMP":[3.7199998,3.7199998],"VISIB":[20.670002,19.41],"WDSP":[28.73,28.1],"WNDDIR":[222.1,222.5],"time":[1549364859,1549364917]}