{"CLDC":[99.03001],"DEWP":[-0.37999997],"FRSHTT":[100000],"PRCP":[0.059999995],"SLP":[1016.6],"SNDP":[0],"STP":[1018.68005],"TEMP":[1.37],"VISIB":[11.12],"WDSP":[27.430002],"WNDDIR":[209.4],"time":[1549364859]}