{"CLDC":[50.08],"DEWP":[-1.0400001],"FRSHTT":[100000],"PRCP":[0.15999998],"SLP":[1012.7001],"SNDP":[0],"STP":[1017.2601],"TEMP":[0.95],"VISIB":[8.2],"WDSP":[20.05],"WNDDIR":[101.8],"time":[1549364860]}