{"CLDC":[50.060005,50.08],"DEWP":[0.58000004,0.71999997],"FRSHTT":[100000,100000],"PRCP":[0.009999999,0.009999999],"SLP":[1010.88007,1010.79004],"SNDP":[0,0],"STP":[1011.2301,1010.82],"TEMP":[2.2199998,2.1799998],"VISIB":[17.39,16.170002],"WDSP":[29.05,28.969997],"WNDDIR":[235,228.4],"time":[1549364860,1549364918]}