{"CLDC":[82.74],"DEWP":[-2.46],"FRSHTT":[1100000],"PRCP":[0.10000001],"SLP":[1012.2999],"SNDP":[0],"STP":[1018],"TEMP":[-0.10000001],"VISIB":[8.139999],"WDSP":[16.47],"WNDDIR":[244.4],"time":[1549364860]}