{"CLDC":[82.74,82.94001],"DEWP":[-2.46,-2.5200002],"FRSHTT":[1100000,1100000],"PRCP":[0.10000001,0.10000001],"SLP":[1012.2999,1012.2999],"SNDP":[0,0],"STP":[1018,1018],"TEMP":[-0.10000001,-0.10000001],"VISIB":[8.139999,8.309999],"WDSP":[16.47,15.360001],"WNDDIR":[244.4,242.3],"time":[1549364860,1549364918]}