{"CLDC":[42.090004],"DEWP":[-4.12],"FRSHTT":[0],"PRCP":[0],"SLP":[1006.89],"SNDP":[0],"STP":[1017.63],"TEMP":[11.64],"VISIB":[22.189999],"WDSP":[9.349999],"WNDDIR":[314.4],"time":[1549364860]}