{"CLDC":[9.55,9.719999],"DEWP":[-6.65,-6.9],"FRSHTT":[0,0],"PRCP":[0,0],"SLP":[1027.42,1027.0999],"SNDP":[0,0],"STP":[999.45,999.16003],"TEMP":[12.080001,12.08],"VISIB":[27.55,28.819998],"WDSP":[27.99,28.13],"WNDDIR":[354.6,356.1],"time":[1549364860,1549364918]}