{"CLDC":[42.090004,42.309994],"DEWP":[-4.12,-4.5099998],"FRSHTT":[0,0],"PRCP":[0,0],"SLP":[1006.89,1006.9],"SNDP":[0,0],"STP":[1017.63,1017.24005],"TEMP":[11.64,11.42],"VISIB":[22.189999,22.72],"WDSP":[9.349999,9.440001],"WNDDIR":[314.4,314],"time":[1549364860,1549364918]}