{"CLDC":[98.46001],"DEWP":[-12.100001],"FRSHTT":[0],"PRCP":[0],"SLP":[1010.11],"SNDP":[0],"STP":[1021.62],"TEMP":[7.8499994],"VISIB":[28.829998],"WDSP":[12.069999],"WNDDIR":[348.8],"time":[1549364860]}