{"CLDC":[12.310001],"DEWP":[-1.5400001],"FRSHTT":[0],"PRCP":[0],"SLP":[990.73],"SNDP":[0],"STP":[1008.3499],"TEMP":[8.46],"VISIB":[25.409998],"WDSP":[39.260002],"WNDDIR":[209],"time":[1549364859]}