{"CLDC":[20.289999,20.050001],"DEWP":[-6.180001,-6.180001],"FRSHTT":[0,0],"PRCP":[0,0],"SLP":[997.85,1001.12],"SNDP":[0,0],"STP":[1001.23,1001.2],"TEMP":[10.55,10.659999],"VISIB":[26.99,27.189999],"WDSP":[9.410001,9.42],"WNDDIR":[54.7,57.9],"time":[1549364858,1549364917]}