{"CLDC":[57.989998,57.93],"DEWP":[6.1,6.1],"FRSHTT":[0,0],"PRCP":[0,0],"SLP":[986.17004,986],"SNDP":[0,0],"STP":[980.82,980.50995],"TEMP":[10.210001,10.220001],"VISIB":[11.440001,11.7699995],"WDSP":[17.289999,17.94],"WNDDIR":[161.7,163.8],"time":[1549364858,1549364916]}