{"CLDC":[86.59,86.69],"DEWP":[-4.36,-4.5600004],"FRSHTT":[0,0],"PRCP":[0,0],"SLP":[1024.14,1025.8501],"SNDP":[0,0],"STP":[1004.4,1004.85],"TEMP":[4.9300003,4.9800005],"VISIB":[22.880001,22.910002],"WDSP":[3.9,3.95],"WNDDIR":[109.8,107.8],"time":[1549364858,1549364916]}