{"CLDC":[86.59],"DEWP":[-4.36],"FRSHTT":[0],"PRCP":[0],"SLP":[1024.14],"SNDP":[0],"STP":[1004.4],"TEMP":[4.9300003],"VISIB":[22.880001],"WDSP":[3.9],"WNDDIR":[109.8],"time":[1549364858]}