{"CLDC":[59.23],"DEWP":[-2.02],"FRSHTT":[100000],"PRCP":[0.10000001],"SLP":[1014.2999],"SNDP":[0],"STP":[1009.24005],"TEMP":[0.29999998],"VISIB":[9.12],"WDSP":[19.11],"WNDDIR":[234.7],"time":[1549364861]}