{"CLDC":[59.230003],"DEWP":[6.3399997],"FRSHTT":[0],"PRCP":[0],"SLP":[893.7801],"SNDP":[0],"STP":[885.2001],"TEMP":[8.5199995],"VISIB":[11.900001],"WDSP":[7.5199995],"WNDDIR":[351.3],"time":[1549364855]}