{"CLDC":[53.690002],"DEWP":[3.9],"FRSHTT":[100000],"PRCP":[0.45999998],"SLP":[1000.2499],"SNDP":[0],"STP":[1005.27],"TEMP":[9.05],"VISIB":[19.18],"WDSP":[9.890001],"WNDDIR":[254.9],"time":[1549364855]}