{"CLDC":[59.23,59.539997],"DEWP":[-2.02,-1.95],"FRSHTT":[100000,100000],"PRCP":[0.10000001,0.10000001],"SLP":[1014.2999,1014.19006],"SNDP":[0,0],"STP":[1009.24005,1009.37],"TEMP":[0.29999998,0.29999998],"VISIB":[9.12,9.65],"WDSP":[19.11,19.210001],"WNDDIR":[234.7,231.3],"time":[1549364861,1549364919]}