{"CLDC":[50.070004],"DEWP":[-0.84],"FRSHTT":[100000],"PRCP":[0.21000001],"SLP":[1000.82],"SNDP":[0],"STP":[994.5],"TEMP":[6.7200003],"VISIB":[23.59],"WDSP":[11.870001],"WNDDIR":[155.6],"time":[1549364855]}