{"CLDC":[24.310001,24.18],"DEWP":[0.21999998,0.5000001],"FRSHTT":[0,0],"PRCP":[0,0],"SLP":[985.43005,983.8001],"SNDP":[0,0],"STP":[989.6501,989.0801],"TEMP":[8.75,8.75],"VISIB":[21.68,21.899998],"WDSP":[13.410001,13.969999],"WNDDIR":[277.2,278.7],"time":[1549364861,1549364919]}