{"CLDC":[96.64,96.55],"DEWP":[0.55,0.85],"FRSHTT":[0,0],"PRCP":[0,0],"SLP":[1011.2001,1011.2001],"SNDP":[0,0],"STP":[1018.57,1018.84],"TEMP":[10.32,9.82],"VISIB":[34.15,34.29],"WDSP":[6.6299996,6.5399995],"WNDDIR":[39.2,41.3],"time":[1549364861,1549364919]}