{"CLDC":[50.28,50.489998],"DEWP":[1.4,1.5],"FRSHTT":[100000,100000],"PRCP":[0.029999997,0.029999997],"SLP":[1009.97003,1009.9],"SNDP":[0,0],"STP":[1003.6,1003.63007],"TEMP":[9.32,9.4],"VISIB":[17.439999,17.609999],"WDSP":[12.710001,12.990001],"WNDDIR":[98.7,95.5],"time":[1549364860,1549364918]}