{"CLDC":[50.28],"DEWP":[1.4],"FRSHTT":[100000],"PRCP":[0.029999997],"SLP":[1009.97003],"SNDP":[0],"STP":[1003.6],"TEMP":[9.32],"VISIB":[17.439999],"WDSP":[12.710001],"WNDDIR":[98.7],"time":[1549364860]}