{"CLDC":[66.16,65.920006],"DEWP":[3.72,3.7599998],"FRSHTT":[0,0],"PRCP":[0,0],"SLP":[871.93994,872.22003],"SNDP":[0,0],"STP":[886.50995,886.5],"TEMP":[6.8899994,7.1],"VISIB":[17.59,17.9],"WDSP":[9.16,8.660001],"WNDDIR":[133.3,131.9],"time":[1549364860,1549364918]}