{"CLDC":[55.269997,55.289997],"DEWP":[0.82,0.69000006],"FRSHTT":[0,0],"PRCP":[0,0],"SLP":[1013.47003,1006.38],"SNDP":[0,0],"STP":[1019.80994,1019.7999],"TEMP":[10.559999,10.559999],"VISIB":[26.710001,26.27],"WDSP":[10.729999,10.870001],"WNDDIR":[281,280.6],"time":[1549364860,1549364918]}