{"CLDC":[24.289999,24.460001],"DEWP":[7.3100004,6.9200006],"FRSHTT":[0,0],"PRCP":[0,0],"SLP":[1048.5599,1048.5],"SNDP":[0,0],"STP":[1016.14,1016.35],"TEMP":[11.220001,11.050001],"VISIB":[11.880001,11.639999],"WDSP":[10.389999,10.629999],"WNDDIR":[265.4,270.2],"time":[1549364859,1549364917]}