{"CLDC":[42.46,42.57],"DEWP":[5.76,5.94],"FRSHTT":[0,0],"PRCP":[0,0],"SLP":[968.3999,967.92004],"SNDP":[0,0],"STP":[991.4,991.4],"TEMP":[13.469999,13.74],"VISIB":[30.289999,29.409998],"WDSP":[10.09,10.83],"WNDDIR":[129.1,128.2],"time":[1549364859,1549364917]}