{"CLDC":[73.47,73.59999],"DEWP":[0.6,0.86],"FRSHTT":[0,0],"PRCP":[0,0],"SLP":[906.57,905.65],"SNDP":[0,0],"STP":[912.4,912.4],"TEMP":[7.81,7.2300005],"VISIB":[19.060001,18.880001],"WDSP":[9.47,9.449999],"WNDDIR":[39.5,41],"time":[1549364859,1549364917]}