{"CLDC":[65.89,65.38],"DEWP":[-2.1,-2.1999998],"FRSHTT":[110000,110000],"PRCP":[0.10000001,0.10000001],"SLP":[1014.3499,1014.38],"SNDP":[0.5,0.5],"STP":[1011.9,1012.02],"TEMP":[0.20000002,0.20000002],"VISIB":[9.16,9.910001],"WDSP":[18.509998,17.86],"WNDDIR":[47.9,48],"time":[1549364861,1549364919]}