{"CLDC":[98.52],"DEWP":[11.040001],"FRSHTT":[0],"PRCP":[0],"SLP":[925.72003],"SNDP":[0],"STP":[920.2201],"TEMP":[13.360001],"VISIB":[17.609999],"WDSP":[2.4199996],"WNDDIR":[123.2],"time":[1549364857]}