{"CLDC":[98.52,98.52999],"DEWP":[11.040001,11.1],"FRSHTT":[0,0],"PRCP":[0,0],"SLP":[925.72003,925.93994],"SNDP":[0,0],"STP":[920.2201,920.2001],"TEMP":[13.360001,13.6],"VISIB":[17.609999,17.41],"WDSP":[2.4199996,3.5400002],"WNDDIR":[123.2,119.8],"time":[1549364857,1549364916]}