{"CLDC":[65.89],"DEWP":[-2.1],"FRSHTT":[110000],"PRCP":[0.10000001],"SLP":[1014.3499],"SNDP":[0.5],"STP":[1011.9],"TEMP":[0.20000002],"VISIB":[9.16],"WDSP":[18.509998],"WNDDIR":[47.9],"time":[1549364861]}