{"CLDC":[51.100002],"DEWP":[6.75],"FRSHTT":[0],"PRCP":[0],"SLP":[1010.7001],"SNDP":[0],"STP":[1011.65],"TEMP":[11.52],"VISIB":[17.4],"WDSP":[12.4800005],"WNDDIR":[318.8],"time":[1549364856]}