{"CLDC":[20.26,20.689999],"DEWP":[12.64,12.55],"FRSHTT":[0,0],"PRCP":[0,0],"SLP":[1010.4,1010.4],"SNDP":[0,0],"STP":[1004.4,1004.4],"TEMP":[17.429998,17.43],"VISIB":[17.55,17.329998],"WDSP":[19.59,20.55],"WNDDIR":[51,52.4],"time":[1549364860,1549364918]}