{"CLDC":[53.369995,53.059998],"DEWP":[3.1499999,3.1499999],"FRSHTT":[100000,100000],"PRCP":[0.5299999,0.5299999],"SLP":[1010.88,1010.89],"SNDP":[0,0],"STP":[1005.06006,1004.9],"TEMP":[7.15,7.53],"VISIB":[16.829998,17.32],"WDSP":[12.380001,12.440001],"WNDDIR":[219.7,217.9],"time":[1549364861,1549364919]}