{"CLDC":[53.369995],"DEWP":[3.1499999],"FRSHTT":[100000],"PRCP":[0.5299999],"SLP":[1010.88],"SNDP":[0],"STP":[1005.06006],"TEMP":[7.15],"VISIB":[16.829998],"WDSP":[12.380001],"WNDDIR":[219.7],"time":[1549364861]}