{"CLDC":[50.010002],"DEWP":[-0.76000005],"FRSHTT":[100000],"PRCP":[0.11],"SLP":[1014.6],"SNDP":[0],"STP":[1019.23],"TEMP":[1.4399999],"VISIB":[9.910001],"WDSP":[20.800001],"WNDDIR":[322.6],"time":[1549364857]}