{"CLDC":[85.71],"DEWP":[-0.65999997],"FRSHTT":[100000],"PRCP":[0.11999999],"SLP":[1015.6],"SNDP":[0],"STP":[1017.7999],"TEMP":[1.3000001],"VISIB":[8.47],"WDSP":[22.65],"WNDDIR":[101.4],"time":[1549364857]}