{"CLDC":[50.15],"DEWP":[-1.2499998],"FRSHTT":[100000],"PRCP":[0.059999995],"SLP":[1009.4],"SNDP":[0],"STP":[1016.43],"TEMP":[1.64],"VISIB":[5.4900007],"WDSP":[33.93],"WNDDIR":[271.9],"time":[1549364857]}