{"CLDC":[34.82,34.54],"DEWP":[9.14,9.030001],"FRSHTT":[0,0],"PRCP":[0,0],"SLP":[994.57996,994.18],"SNDP":[0,0],"STP":[995.98,995.66],"TEMP":[14.92,14.970001],"VISIB":[11.55,11.46],"WDSP":[3.86,3.6400006],"WNDDIR":[342.3,339.8],"time":[1549364860,1549364918]}