{"CLDC":[68.82],"DEWP":[-1.3500001],"FRSHTT":[100000],"PRCP":[0.050000004],"SLP":[1016.1],"SNDP":[0],"STP":[1017.2999],"TEMP":[0.8500001],"VISIB":[8.450001],"WDSP":[16.929998],"WNDDIR":[271.6],"time":[1549364858]}