{"CLDC":[68.82,68.84001],"DEWP":[-1.3500001,-1.4000002],"FRSHTT":[100000,100000],"PRCP":[0.050000004,0.050000004],"SLP":[1016.1,1016.02997],"SNDP":[0,0],"STP":[1017.2999,1017.2999],"TEMP":[0.8500001,0.87],"VISIB":[8.450001,8.780001],"WDSP":[16.929998,16.970001],"WNDDIR":[271.6,270.8],"time":[1549364858,1549364916]}