{"CLDC":[50.18],"DEWP":[-1.7499998],"FRSHTT":[100000],"PRCP":[0.11],"SLP":[1019.2001],"SNDP":[0],"STP":[1007.72003],"TEMP":[1.43],"VISIB":[3.92],"WDSP":[12.860001],"WNDDIR":[26.5],"time":[1549364858]}