{"CLDC":[50.18,50.670006],"DEWP":[-1.7499998,-1.5999998],"FRSHTT":[100000,100000],"PRCP":[0.11,0.11],"SLP":[1019.2001,1019.2699],"SNDP":[0,0],"STP":[1007.72003,1007.57],"TEMP":[1.43,1.4399999],"VISIB":[3.92,3.5199997],"WDSP":[12.860001,12.209999],"WNDDIR":[26.5,27],"time":[1549364858,1549364917]}