{"CLDC":[50.05],"DEWP":[-2.2599998],"FRSHTT":[1110000],"PRCP":[0.11],"SLP":[1016.2001],"SNDP":[0.10000001],"STP":[1020.19006],"TEMP":[-0.10000001],"VISIB":[6.87],"WDSP":[15.110001],"WNDDIR":[315.4],"time":[1549364858]}