{"CLDC":[50.030003],"DEWP":[12.05],"FRSHTT":[100000],"PRCP":[0.51000005],"SLP":[1008.6],"SNDP":[0],"STP":[974.6],"TEMP":[15.15],"VISIB":[10.780001],"WDSP":[6.14],"WNDDIR":[172.6],"time":[1549364861]}