{"CLDC":[50.07,50.030003],"DEWP":[-1.7000002,-1.8500001],"FRSHTT":[110000,110000],"PRCP":[0.13,0.13],"SLP":[1014.2001,1014.2001],"SNDP":[0.10000001,0.10000001],"STP":[1009.61,1009.6],"TEMP":[0.8000001,0.8000001],"VISIB":[7.3600006,6.85],"WDSP":[15.76,15.160001],"WNDDIR":[200.6,199.4],"time":[1549364859,1549364917]}