{"CLDC":[50.07],"DEWP":[-1.7000002],"FRSHTT":[110000],"PRCP":[0.13],"SLP":[1014.2001],"SNDP":[0.10000001],"STP":[1009.61],"TEMP":[0.8000001],"VISIB":[7.3600006],"WDSP":[15.76],"WNDDIR":[200.6],"time":[1549364859]}