{"CLDC":[58.190002,57.780006],"DEWP":[-1.15,-1.3],"FRSHTT":[100000,100000],"PRCP":[0.14999999,0.14999999],"SLP":[1015.2101,1015.2101],"SNDP":[0,0],"STP":[1008,1007.63995],"TEMP":[1.1400001,1.1400001],"VISIB":[7.9900002,8.169999],"WDSP":[17.499998,16.250002],"WNDDIR":[57.9,56.7],"time":[1549364859,1549364917]}