{"CLDC":[58.190002],"DEWP":[-1.15],"FRSHTT":[100000],"PRCP":[0.14999999],"SLP":[1015.2101],"SNDP":[0],"STP":[1008],"TEMP":[1.1400001],"VISIB":[7.9900002],"WDSP":[17.499998],"WNDDIR":[57.9],"time":[1549364859]}