{"CLDC":[89.09999],"DEWP":[-1.1600001],"FRSHTT":[100000],"PRCP":[0.10000001],"SLP":[1015.5],"SNDP":[0],"STP":[1012.68994],"TEMP":[1.3999999],"VISIB":[7.3],"WDSP":[15.839999],"WNDDIR":[355.8],"time":[1549364859]}