{"CLDC":[89.09999,89.05999],"DEWP":[-1.1600001,-1.1600001],"FRSHTT":[100000,100000],"PRCP":[0.10000001,0.10000001],"SLP":[1015.5,1015.5],"SNDP":[0,0],"STP":[1012.68994,1012.82996],"TEMP":[1.3999999,1.3999999],"VISIB":[7.3,7.2400007],"WDSP":[15.839999,15.820002],"WNDDIR":[355.8,352.5],"time":[1549364859,1549364917]}