{"CLDC":[69.39001],"DEWP":[14.380002],"FRSHTT":[100000],"PRCP":[0.67],"SLP":[1010],"SNDP":[0],"STP":[1008.6],"TEMP":[17.11],"VISIB":[10.14],"WDSP":[9.19],"WNDDIR":[66],"time":[1549364858]}