{"CLDC":[69.39001,69.44],"DEWP":[14.380002,14.5199995],"FRSHTT":[100000,100000],"PRCP":[0.67,0.67],"SLP":[1010,1010],"SNDP":[0,0],"STP":[1008.6,1008.6],"TEMP":[17.11,17.08],"VISIB":[10.14,9.249999],"WDSP":[9.19,9.430001],"WNDDIR":[66,67.7],"time":[1549364858,1549364916]}