{"CLDC":[69.97,69.83],"DEWP":[16.689999,16.710001],"FRSHTT":[100000,100000],"PRCP":[0.039999995,0.039999995],"SLP":[1011,1011],"SNDP":[0,0],"STP":[1010,1010],"TEMP":[19.250002,19.02],"VISIB":[12.07,12.26],"WDSP":[7.0699997,7.350001],"WNDDIR":[89.5,90.1],"time":[1549364858,1549364916]}