{"CLDC":[50.120003],"DEWP":[-1.2499999],"FRSHTT":[100000],"PRCP":[0.11],"SLP":[1016],"SNDP":[0],"STP":[1015.4],"TEMP":[1.25],"VISIB":[8.93],"WDSP":[19.3],"WNDDIR":[323.2],"time":[1549364859]}