{"CLDC":[50.090004],"DEWP":[-2.06],"FRSHTT":[1110000],"PRCP":[0.15999998],"SLP":[1015.9],"SNDP":[0.29999998],"STP":[1001.9],"TEMP":[-0.20000002],"VISIB":[9.03],"WDSP":[17.35],"WNDDIR":[102.9],"time":[1549364859]}