{"CLDC":[71.36,71],"DEWP":[-1.6,-1.6],"FRSHTT":[110000,110000],"PRCP":[0.11999999,0.11999999],"SLP":[1015.7001,1015.6],"SNDP":[0.10000001,0.10000001],"STP":[1010.08997,1009.97003],"TEMP":[0.65,0.63],"VISIB":[9.19,9.2],"WDSP":[17.630001,19.210001],"WNDDIR":[3.5,1.4],"time":[1549364859,1549364917]}