{"CLDC":[71.36],"DEWP":[-1.6],"FRSHTT":[110000],"PRCP":[0.11999999],"SLP":[1015.7001],"SNDP":[0.10000001],"STP":[1010.08997],"TEMP":[0.65],"VISIB":[9.19],"WDSP":[17.630001],"WNDDIR":[3.5],"time":[1549364859]}