{"CLDC":[69.96001,70.009995],"DEWP":[-4.15,-4.15],"FRSHTT":[0,0],"PRCP":[0,0],"SLP":[1008,1008],"SNDP":[0,0],"STP":[967.2001,967.2001],"TEMP":[15.15,15.219999],"VISIB":[8.2,8.789999],"WDSP":[5.5,5.54],"WNDDIR":[321.7,319.7],"time":[1549364856,1549364916]}