{"CLDC":[50.140003,50.050003],"DEWP":[-0.84,-1.02],"FRSHTT":[100000,100000],"PRCP":[0.11999999,0.11999999],"SLP":[1014.04004,1014.2899],"SNDP":[0,0],"STP":[1006.77,1007.35],"TEMP":[2.02,2.0600002],"VISIB":[25.969997,25.909998],"WDSP":[25.210001,24.37],"WNDDIR":[78.5,78.3],"time":[1549364859,1549364917]}