{"CLDC":[83.64,83.700005],"DEWP":[-15.2,-15.250002],"FRSHTT":[0,0],"PRCP":[0,0],"SLP":[1011.2001,1011.2001],"SNDP":[0,0],"STP":[981.57996,981.59],"TEMP":[10.329999,10.24],"VISIB":[7.1399994,6.71],"WDSP":[15.860001,17.259998],"WNDDIR":[155,155.5],"time":[1549364860,1549364918]}