{"CLDC":[83.64],"DEWP":[-15.2],"FRSHTT":[0],"PRCP":[0],"SLP":[1011.2001],"SNDP":[0],"STP":[981.57996],"TEMP":[10.329999],"VISIB":[7.1399994],"WDSP":[15.860001],"WNDDIR":[155],"time":[1549364860]}