{"CLDC":[65.520004,66],"DEWP":[-2.65,-2.75],"FRSHTT":[1110000,1110000],"PRCP":[0.20000002,0.20000002],"SLP":[1016.81995,1016.9],"SNDP":[1.6000001,1.6000001],"STP":[980.7601,980.65],"TEMP":[-1.2299999,-1.24],"VISIB":[6.7599998,7.16],"WDSP":[16.16,16.780003],"WNDDIR":[270,265.6],"time":[1549364860,1549364918]}