{"CLDC":[65.520004],"DEWP":[-2.65],"FRSHTT":[1110000],"PRCP":[0.20000002],"SLP":[1016.81995],"SNDP":[1.6000001],"STP":[980.7601],"TEMP":[-1.2299999],"VISIB":[6.7599998],"WDSP":[16.16],"WNDDIR":[270],"time":[1549364860]}