{"CLDC":[50.250004],"DEWP":[-1.9399999],"FRSHTT":[110000],"PRCP":[0.13],"SLP":[1015.2999],"SNDP":[0.10000001],"STP":[1014.45],"TEMP":[0.10000001],"VISIB":[7.29],"WDSP":[13.390001],"WNDDIR":[328.4],"time":[1549364860]}