{"CLDC":[50.250004,50.769997],"DEWP":[-1.9399999,-2],"FRSHTT":[110000,110000],"PRCP":[0.13,0.13],"SLP":[1015.2999,1015.24005],"SNDP":[0.10000001,0.10000001],"STP":[1014.45,1014.34],"TEMP":[0.10000001,0.10000001],"VISIB":[7.29,6.8600006],"WDSP":[13.390001,14.05],"WNDDIR":[328.4,332.5],"time":[1549364860,1549364918]}