{"CLDC":[48.5,48.469997],"DEWP":[-7.78,-7.5399995],"FRSHTT":[1000000,1000000],"PRCP":[0,0],"SLP":[1017.1,1017.13007],"SNDP":[0,0],"STP":[1043.1599,1043.0999],"TEMP":[-1.9599998,-1.93],"VISIB":[2.2900002,1.58],"WDSP":[2.27,2.2100003],"WNDDIR":[90.5,89.4],"time":[1549364860,1549364918]}