{"CLDC":[76.04],"DEWP":[-2.8],"FRSHTT":[1110000],"PRCP":[0.22],"SLP":[1016.2001],"SNDP":[1.1999999],"STP":[1005.5],"TEMP":[-0.56],"VISIB":[11.380001],"WDSP":[17.57],"WNDDIR":[313],"time":[1549364860]}