{"CLDC":[76.04,76.13999],"DEWP":[-2.8,-2.75],"FRSHTT":[1110000,1110000],"PRCP":[0.22,0.22],"SLP":[1016.2001,1016.2001],"SNDP":[1.1999999,1.1999999],"STP":[1005.5,1005.6],"TEMP":[-0.56,-0.55],"VISIB":[11.380001,11.159999],"WDSP":[17.57,17.600002],"WNDDIR":[313,311.8],"time":[1549364860,1549364918]}