{"CLDC":[59.590004],"DEWP":[13.58],"FRSHTT":[0],"PRCP":[0],"SLP":[1011.5],"SNDP":[0],"STP":[1010.6],"TEMP":[17.140001],"VISIB":[4.01],"WDSP":[4.1200004],"WNDDIR":[204.1],"time":[1549364855]}