{"CLDC":[59.590004,59.569996],"DEWP":[13.58,13.530001],"FRSHTT":[0,0],"PRCP":[0,0],"SLP":[1011.5,1011.5],"SNDP":[0,0],"STP":[1010.6,1010.6],"TEMP":[17.140001,17.399998],"VISIB":[4.01,4.23],"WDSP":[4.1200004,3.77],"WNDDIR":[204.1,202.3],"time":[1549364855,1549364915]}