{"CLDC":[50.100002],"DEWP":[-3.3200002],"FRSHTT":[1110000],"PRCP":[0.20000002],"SLP":[1018.7001],"SNDP":[3.2000003],"STP":[949.27],"TEMP":[-2.02],"VISIB":[6.7699995],"WDSP":[12.969999],"WNDDIR":[152.8],"time":[1549364860]}