{"CLDC":[37.640007],"DEWP":[12.620001],"FRSHTT":[0],"PRCP":[0],"SLP":[1009.5],"SNDP":[0],"STP":[1014.07996],"TEMP":[16.630001],"VISIB":[7.59],"WDSP":[16.16],"WNDDIR":[125.5],"time":[1549364858]}