{"CLDC":[37.640007,37.889996],"DEWP":[12.620001,12.599999],"FRSHTT":[0,0],"PRCP":[0,0],"SLP":[1009.5,1009.5],"SNDP":[0,0],"STP":[1014.07996,1013.77],"TEMP":[16.630001,16.539999],"VISIB":[7.59,7.75],"WDSP":[16.16,16.19],"WNDDIR":[125.5,126.3],"time":[1549364858,1549364916]}