{"CLDC":[34.100002],"DEWP":[13.4],"FRSHTT":[0],"PRCP":[0],"SLP":[1009.7001],"SNDP":[0],"STP":[1013.30994],"TEMP":[19.3],"VISIB":[7.5099998],"WDSP":[12.83],"WNDDIR":[257.9],"time":[1549364856]}