{"CLDC":[64.54],"DEWP":[13.740001],"FRSHTT":[0],"PRCP":[0],"SLP":[1011.7001],"SNDP":[0],"STP":[985.66003],"TEMP":[17.94],"VISIB":[2.87],"WDSP":[11.089999],"WNDDIR":[167.1],"time":[1549364858]}