{"CLDC":[20.610003],"DEWP":[-2.6799998],"FRSHTT":[0],"PRCP":[0],"SLP":[1009.2999],"SNDP":[0],"STP":[1021.62],"TEMP":[19.4],"VISIB":[21.789999],"WDSP":[5.9300003],"WNDDIR":[171.1],"time":[1549364861]}