{"CLDC":[95],"DEWP":[-11.699999],"FRSHTT":[0],"PRCP":[0],"SLP":[1011.24005],"SNDP":[0],"STP":[996.57996],"TEMP":[14.3],"VISIB":[7.85],"WDSP":[11.59],"WNDDIR":[13],"time":[1549364861]}