{"CLDC":[95,95.259995],"DEWP":[-11.699999,-12.039999],"FRSHTT":[0,0],"PRCP":[0,0],"SLP":[1011.24005,1011.2999],"SNDP":[0,0],"STP":[996.57996,996.66003],"TEMP":[14.3,14.4],"VISIB":[7.85,7.8200006],"WDSP":[11.59,12],"WNDDIR":[13,13.4],"time":[1549364861,1549364919]}