{"CLDC":[41.28,41.339996],"DEWP":[-15.240001,-15.259999],"FRSHTT":[0,0],"PRCP":[0,0],"SLP":[1012.7001,1012.7999],"SNDP":[0,0],"STP":[1029.7501,1034.5],"TEMP":[12.34,12.440001],"VISIB":[11.39,13.089999],"WDSP":[11.38,11.790001],"WNDDIR":[33.4,33.5],"time":[1549364861,1549364919]}