{"CLDC":[97.13,97.34],"DEWP":[-6.6,-6.4800005],"FRSHTT":[0,0],"PRCP":[0,0],"SLP":[1009.4,1009.4],"SNDP":[0,0],"STP":[1042.99,1043.4099],"TEMP":[21.519999,21.440002],"VISIB":[6.4899993,6.41],"WDSP":[2.83,2.3600001],"WNDDIR":[187.1,187.4],"time":[1549364861,1549364918]}