{"CLDC":[97.13],"DEWP":[-6.6],"FRSHTT":[0],"PRCP":[0],"SLP":[1009.4],"SNDP":[0],"STP":[1042.99],"TEMP":[21.519999],"VISIB":[6.4899993],"WDSP":[2.83],"WNDDIR":[187.1],"time":[1549364861]}