{"CLDC":[31.819998],"DEWP":[-9.549999],"FRSHTT":[0],"PRCP":[0],"SLP":[1009],"SNDP":[0],"STP":[1004.43],"TEMP":[21.259998],"VISIB":[2.8799996],"WDSP":[3.8100002],"WNDDIR":[221.9],"time":[1549364861]}