{"CLDC":[1.13],"DEWP":[-6.36],"FRSHTT":[0],"PRCP":[0],"SLP":[1008.7999],"SNDP":[0],"STP":[1000.27997],"TEMP":[17.100002],"VISIB":[3.8399997],"WDSP":[8.900001],"WNDDIR":[136.2],"time":[1549364860]}