{"CLDC":[1.13,0.53000003],"DEWP":[-6.36,-6.2000003],"FRSHTT":[0,0],"PRCP":[0,0],"SLP":[1008.7999,1008.7999],"SNDP":[0,0],"STP":[1000.27997,999.1],"TEMP":[17.100002,16.619999],"VISIB":[3.8399997,3.8699996],"WDSP":[8.900001,8.97],"WNDDIR":[136.2,141.6],"time":[1549364860,1549364918]}