{"CLDC":[85.740005],"DEWP":[14.880002],"FRSHTT":[0],"PRCP":[0],"SLP":[1010.4],"SNDP":[0],"STP":[999.04004],"TEMP":[18.960001],"VISIB":[88.48],"WDSP":[7.96],"WNDDIR":[214.6],"time":[1549364858]}