{"CLDC":[50.210003],"DEWP":[-7.1400003],"FRSHTT":[1100000],"PRCP":[0.019999998],"SLP":[1009.2399],"SNDP":[0],"STP":[1011.7101],"TEMP":[-4.45],"VISIB":[37.34],"WDSP":[39.019997],"WNDDIR":[204.6],"time":[1549364861]}