{"CLDC":[20.939999],"DEWP":[-8],"FRSHTT":[1000000],"PRCP":[0],"SLP":[996.88995],"SNDP":[0],"STP":[1007.2899],"TEMP":[-4.5800004],"VISIB":[8.3],"WDSP":[13.67],"WNDDIR":[112],"time":[1549364861]}