{"CLDC":[50.299995,50.57],"DEWP":[-3.42,-3.3],"FRSHTT":[1100000,1100000],"PRCP":[0.10000001,0.10000001],"SLP":[1020.6,1020.7001],"SNDP":[0,0],"STP":[967.85,967.7999],"TEMP":[-0.59999996,-0.59999996],"VISIB":[11.330001,11.5199995],"WDSP":[9.469999,9.309999],"WNDDIR":[123.6,125],"time":[1549364861,1549364919]}