{"CLDC":[50.299995],"DEWP":[-3.42],"FRSHTT":[1100000],"PRCP":[0.10000001],"SLP":[1020.6],"SNDP":[0],"STP":[967.85],"TEMP":[-0.59999996],"VISIB":[11.330001],"WDSP":[9.469999],"WNDDIR":[123.6],"time":[1549364861]}