{"CLDC":[56.1,55.49],"DEWP":[13.899999,13.859999],"FRSHTT":[0,0],"PRCP":[0,0],"SLP":[1009.7999,1009.7999],"SNDP":[0,0],"STP":[1032.6699,1032.45],"TEMP":[17.190002,17.35],"VISIB":[29.6,29.38],"WDSP":[10.21,10.21],"WNDDIR":[270.3,270.2],"time":[1549364861,1549364918]}