{"CLDC":[67.119995],"DEWP":[-5.48],"FRSHTT":[1100000],"PRCP":[0.14],"SLP":[1022.5],"SNDP":[0],"STP":[1027.27],"TEMP":[-2.6400003],"VISIB":[15.43],"WDSP":[5.5299997],"WNDDIR":[12.4],"time":[1549364855]}