{"CLDC":[96.64],"DEWP":[8.36],"FRSHTT":[0],"PRCP":[0],"SLP":[1006.04004],"SNDP":[0],"STP":[995.3],"TEMP":[11.309999],"VISIB":[20.85],"WDSP":[6.84],"WNDDIR":[15.4],"time":[1549364855]}