{"CLDC":[96.64,96.73],"DEWP":[8.36,8.27],"FRSHTT":[0,0],"PRCP":[0,0],"SLP":[1006.04004,1006.79004],"SNDP":[0,0],"STP":[995.3,996.66],"TEMP":[11.309999,11.64],"VISIB":[20.85,21.140003],"WDSP":[6.84,6.4199996],"WNDDIR":[15.4,10.9],"time":[1549364855,1549364915]}