{"CLDC":[50.210003],"DEWP":[7.15],"FRSHTT":[100000],"PRCP":[0.050000004],"SLP":[896],"SNDP":[0],"STP":[893.2999],"TEMP":[11.76],"VISIB":[29.929998],"WDSP":[7.7700005],"WNDDIR":[145.3],"time":[1549364861]}