{"CLDC":[50.210003,50.05],"DEWP":[7.15,7.22],"FRSHTT":[100000,100000],"PRCP":[0.050000004,0.050000004],"SLP":[896,896.00995],"SNDP":[0,0],"STP":[893.2999,893.2999],"TEMP":[11.76,11.940001],"VISIB":[29.929998,30.500004],"WDSP":[7.7700005,8.280001],"WNDDIR":[145.3,143.8],"time":[1549364861,1549364919]}