{"CLDC":[93.53,93.56999],"DEWP":[11.6,11.650001],"FRSHTT":[0,0],"PRCP":[0,0],"SLP":[1009.1,1009.1],"SNDP":[0,0],"STP":[1020.0499,1020.0999],"TEMP":[15.930002,16.26],"VISIB":[11.880001,12],"WDSP":[10.5,10.51],"WNDDIR":[158.9,159.5],"time":[1549364860,1549364918]}