{"CLDC":[50.140007],"DEWP":[9.23],"FRSHTT":[100000],"PRCP":[0.14],"SLP":[997.82],"SNDP":[0],"STP":[989.50995],"TEMP":[12.94],"VISIB":[17.1],"WDSP":[6.55],"WNDDIR":[248.4],"time":[1549364859]}