{"CLDC":[14.07,14.31],"DEWP":[-8.87,-8.65],"FRSHTT":[1000000,1000000],"PRCP":[0,0],"SLP":[995.18994,995.65],"SNDP":[0,0],"STP":[1015.4,1015.5],"TEMP":[-4.16,-4.1799994],"VISIB":[6.6800003,6.6800003],"WDSP":[5.04,4.38],"WNDDIR":[82.1,83],"time":[1549364855,1549364915]}