{"CLDC":[44.809998],"DEWP":[-5.56],"FRSHTT":[1000000],"PRCP":[0],"SLP":[998.2001],"SNDP":[0],"STP":[1000.3099],"TEMP":[-2.5],"VISIB":[6.33],"WDSP":[7.1799994],"WNDDIR":[213.9],"time":[1549364855]}