{"CLDC":[54.769997],"DEWP":[-15.780001],"FRSHTT":[1000000],"PRCP":[0],"SLP":[1018.7],"SNDP":[0],"STP":[1005.81006],"TEMP":[-12.15],"VISIB":[9.88],"WDSP":[6.4600005],"WNDDIR":[94.7],"time":[1549364855]}