{"CLDC":[50.140007],"DEWP":[-4.92],"FRSHTT":[1110000],"PRCP":[0.029999997],"SLP":[1023.45],"SNDP":[0.8000001],"STP":[975.5],"TEMP":[-1.1600001],"VISIB":[8.609999],"WDSP":[7.66],"WNDDIR":[16.2],"time":[1549364855]}