{"CLDC":[5.2000003],"DEWP":[0.62],"FRSHTT":[0],"PRCP":[0],"SLP":[991.02],"SNDP":[0],"STP":[987.18],"TEMP":[9.48],"VISIB":[21.800001],"WDSP":[6.69],"WNDDIR":[90.3],"time":[1549364858]}