{"CLDC":[94.94,95.49],"DEWP":[9.700001,9.550001],"FRSHTT":[0,0],"PRCP":[0,0],"SLP":[1011.9,1011.9],"SNDP":[0,0],"STP":[1018.23,1019.7899],"TEMP":[13.8,13.9],"VISIB":[26.3,25.3],"WDSP":[12.31,12.95],"WNDDIR":[275.7,277.8],"time":[1549364857,1549364916]}