{"CLDC":[42.51],"DEWP":[10.699999],"FRSHTT":[0],"PRCP":[0],"SLP":[981.48],"SNDP":[0],"STP":[1001.25995],"TEMP":[14.58],"VISIB":[50.229996],"WDSP":[10.43],"WNDDIR":[186.3],"time":[1549364856]}