{"CLDC":[50.05],"DEWP":[-4.98],"FRSHTT":[1010000],"PRCP":[0],"SLP":[1027.2999],"SNDP":[0.9],"STP":[956.7999],"TEMP":[-3.3399997],"VISIB":[3.7899997],"WDSP":[2.99],"WNDDIR":[73],"time":[1549364857]}