{"CLDC":[61.809998],"DEWP":[-4.62],"FRSHTT":[1000000],"PRCP":[0],"SLP":[992.6501],"SNDP":[0],"STP":[988.06995],"TEMP":[-2.1],"VISIB":[4.5999994],"WDSP":[1.8],"WNDDIR":[287.4],"time":[1549364857]}