{"CLDC":[61.809998,62.019997],"DEWP":[-4.62,-4.7000003],"FRSHTT":[1000000,1000000],"PRCP":[0,0],"SLP":[992.6501,992.50995],"SNDP":[0,0],"STP":[988.06995,989],"TEMP":[-2.1,-2.1200001],"VISIB":[4.5999994,4.3100004],"WDSP":[1.8,1.7299999],"WNDDIR":[287.4,287.1],"time":[1549364857,1549364916]}