{"CLDC":[50.02],"DEWP":[-4.2],"FRSHTT":[1110000],"PRCP":[0.11],"SLP":[1019.9],"SNDP":[0.20000002],"STP":[984.2001],"TEMP":[-1.4000001],"VISIB":[8.789999],"WDSP":[10.21],"WNDDIR":[97.1],"time":[1549364858]}