{"CLDC":[50.010002],"DEWP":[-5.48],"FRSHTT":[1110000],"PRCP":[0.14],"SLP":[1023.87],"SNDP":[0.6999999],"STP":[968.55],"TEMP":[-1.4399999],"VISIB":[10.78],"WDSP":[8.57],"WNDDIR":[272.5],"time":[1549364858]}