{"CLDC":[50.309994,50.28],"DEWP":[-12.6,-12.700001],"FRSHTT":[1110000,1110000],"PRCP":[0.25,0.25],"SLP":[860.00995,860],"SNDP":[31,31.100002],"STP":[861.1,861.1],"TEMP":[-7.85,-7.85],"VISIB":[35.68,34.79],"WDSP":[30.940002,28.230001],"WNDDIR":[274.8,272.9],"time":[1549364858,1549364916]}