{"CLDC":[85.46,85.15999],"DEWP":[-6.88,-6.6400003],"FRSHTT":[1000000,1000000],"PRCP":[0,0],"SLP":[985.55,986.74005],"SNDP":[0,0],"STP":[988.09,987.23],"TEMP":[-0.6999999,-0.6999999],"VISIB":[10.820001,10.42],"WDSP":[8.4800005,8.87],"WNDDIR":[180.3,182.7],"time":[1549364858,1549364916]}