{"CLDC":[85.46],"DEWP":[-6.88],"FRSHTT":[1000000],"PRCP":[0],"SLP":[985.55],"SNDP":[0],"STP":[988.09],"TEMP":[-0.6999999],"VISIB":[10.820001],"WDSP":[8.4800005],"WNDDIR":[180.3],"time":[1549364858]}