{"CLDC":[97.25001,97.079994],"DEWP":[-4.02,-4.0899997],"FRSHTT":[1110000,1110000],"PRCP":[0.14999999,0.14999999],"SLP":[1019.2999,1019.2999],"SNDP":[0.20000002,0.20000002],"STP":[985,985],"TEMP":[-0.81000006,-0.85],"VISIB":[9.19,8.69],"WDSP":[10.48,9.78],"WNDDIR":[97.1,98.7],"time":[1549364860,1549364918]}