{"CLDC":[64.84],"DEWP":[9.419999],"FRSHTT":[100000],"PRCP":[0.6399999],"SLP":[1009.6],"SNDP":[0],"STP":[1009],"TEMP":[12.039999],"VISIB":[16.039999],"WDSP":[6.1699996],"WNDDIR":[79.3],"time":[1549364860]}