{"CLDC":[72.3,72.420006],"DEWP":[8.909999,9.12],"FRSHTT":[0,0],"PRCP":[0,0],"SLP":[1012.7999,1012.7001],"SNDP":[0,0],"STP":[1011.81995,1011.9],"TEMP":[15.08,15.150002],"VISIB":[19.6,19.810001],"WDSP":[9.04,9.109999],"WNDDIR":[17,22.2],"time":[1549364861,1549364919]}