{"CLDC":[72.3],"DEWP":[8.909999],"FRSHTT":[0],"PRCP":[0],"SLP":[1012.7999],"SNDP":[0],"STP":[1011.81995],"TEMP":[15.08],"VISIB":[19.6],"WDSP":[9.04],"WNDDIR":[17],"time":[1549364861]}