{"CLDC":[50.04],"DEWP":[-6.34],"FRSHTT":[1110000],"PRCP":[0.14],"SLP":[1021.2999],"SNDP":[0.59999996],"STP":[978.6],"TEMP":[-2.28],"VISIB":[11.169999],"WDSP":[5.2200003],"WNDDIR":[220],"time":[1549364860]}