{"CLDC":[50.04,50.580006],"DEWP":[-6.34,-6.34],"FRSHTT":[1110000,1110000],"PRCP":[0.14,0.14],"SLP":[1021.2999,1021.2999],"SNDP":[0.59999996,0.59999996],"STP":[978.6,978.6],"TEMP":[-2.28,-2.25],"VISIB":[11.169999,11.23],"WDSP":[5.2200003,5.1099997],"WNDDIR":[220,222.6],"time":[1549364860,1549364918]}