{"CLDC":[65.47001],"DEWP":[9.199999],"FRSHTT":[0],"PRCP":[0],"SLP":[1010.2999],"SNDP":[0],"STP":[1031.9299],"TEMP":[14.099998],"VISIB":[15.13],"WDSP":[7.0199995],"WNDDIR":[285.9],"time":[1549364858]}