{"CLDC":[65.47001,65.53],"DEWP":[9.199999,9.099999],"FRSHTT":[0,0],"PRCP":[0,0],"SLP":[1010.2999,1010.4],"SNDP":[0,0],"STP":[1031.9299,1032.6901],"TEMP":[14.099998,14.299998],"VISIB":[15.13,15.43],"WDSP":[7.0199995,7.2699995],"WNDDIR":[285.9,283.4],"time":[1549364858,1549364917]}