{"CLDC":[80.84001,80.39],"DEWP":[5.74,5.68],"FRSHTT":[0,0],"PRCP":[0,0],"SLP":[1008.2001,1008.14],"SNDP":[0,0],"STP":[1002.7399,1003.00995],"TEMP":[10,10.540001],"VISIB":[17.7,17.289999],"WDSP":[11.530001,11.42],"WNDDIR":[330.6,327.1],"time":[1549364856,1549364915]}