{"CLDC":[80.84001],"DEWP":[5.74],"FRSHTT":[0],"PRCP":[0],"SLP":[1008.2001],"SNDP":[0],"STP":[1002.7399],"TEMP":[10],"VISIB":[17.7],"WDSP":[11.530001],"WNDDIR":[330.6],"time":[1549364856]}