{"CLDC":[74.47,74.92],"DEWP":[8.84,8.359999],"FRSHTT":[100000,100000],"PRCP":[0.28,0.28],"SLP":[1016.7001,1016.7899],"SNDP":[0,0],"STP":[1007.0199,1009.35],"TEMP":[15,14.740001],"VISIB":[19.359999,18.810001],"WDSP":[11.45,11.109999],"WNDDIR":[165.2,165.7],"time":[1549364859,1549364917]}