{"CLDC":[53.120003,53.469994],"DEWP":[-5.3599997,-5.2],"FRSHTT":[1110000,1110000],"PRCP":[0.18000002,0.18000002],"SLP":[1026.4001,1026.5],"SNDP":[1.6000001,1.6000001],"STP":[955.6,955.6],"TEMP":[-2.4199998,-2.3999999],"VISIB":[9.43,9.780001],"WDSP":[4.4900002,4.54],"WNDDIR":[337.6,338.2],"time":[1549364861,1549364918]}