{"CLDC":[85.59999],"DEWP":[-9.379999],"FRSHTT":[1110000],"PRCP":[0.09000001],"SLP":[902.99005],"SNDP":[17.100002],"STP":[901.59],"TEMP":[-2.8399997],"VISIB":[19.399998],"WDSP":[8.710001],"WNDDIR":[114],"time":[1549364855]}