{"CLDC":[29.24],"DEWP":[-8.500001],"FRSHTT":[0],"PRCP":[0],"SLP":[1031.33],"SNDP":[0],"STP":[984.91],"TEMP":[1.9799999],"VISIB":[47.309998],"WDSP":[3.6300004],"WNDDIR":[120.1],"time":[1549364855]}