{"CLDC":[29.24,29.51],"DEWP":[-8.500001,-8.500001],"FRSHTT":[0,0],"PRCP":[0,0],"SLP":[1031.33,1031.1599],"SNDP":[0,0],"STP":[984.91,984.65],"TEMP":[1.9799999,1.9400002],"VISIB":[47.309998,48.649998],"WDSP":[3.6300004,3.6799998],"WNDDIR":[120.1,120.2],"time":[1549364855,1549364915]}