{"CLDC":[98.79,98.69],"DEWP":[-5.76,-6.21],"FRSHTT":[1110000,1110000],"PRCP":[0.039999995,0.039999995],"SLP":[1017.43,1017.4],"SNDP":[3.1000001,3.1000001],"STP":[1003.45996,1003.61],"TEMP":[-1.3299999,-1.3699999],"VISIB":[14.039999,14.25],"WDSP":[5.27,4.9700003],"WNDDIR":[100.5,101.1],"time":[1549364855,1549364915]}