{"CLDC":[30.889996],"DEWP":[5.32],"FRSHTT":[0],"PRCP":[0],"SLP":[984.3001],"SNDP":[0],"STP":[1003.7601],"TEMP":[5.9399996],"VISIB":[15.88],"WDSP":[4.9000006],"WNDDIR":[279.3],"time":[1549364855]}