{"CLDC":[63.289997],"DEWP":[-6.84],"FRSHTT":[1110000],"PRCP":[0.09000001],"SLP":[1020.7999],"SNDP":[0.10000001],"STP":[986.5],"TEMP":[-0.76],"VISIB":[8.75],"WDSP":[5.38],"WNDDIR":[142.8],"time":[1549364856]}