{"CLDC":[63.289997,63.289997],"DEWP":[-6.84,-7.06],"FRSHTT":[1110000,1110000],"PRCP":[0.09000001,0.09000001],"SLP":[1020.7999,1020.7999],"SNDP":[0.10000001,0.10000001],"STP":[986.5,986.5],"TEMP":[-0.76,-0.73999995],"VISIB":[8.75,9.170001],"WDSP":[5.38,4.6900005],"WNDDIR":[142.8,147.1],"time":[1549364856,1549364915]}