{"CLDC":[50.02,50.100006],"DEWP":[5.3100004,4.7400002],"FRSHTT":[100000,100000],"PRCP":[0.16999999,0.16999999],"SLP":[880.25,880.64],"SNDP":[0,0],"STP":[881.7999,881.7999],"TEMP":[8.24,8.400001],"VISIB":[34.3,34.89],"WDSP":[11.539999,11.430001],"WNDDIR":[142.2,138.7],"time":[1549364857,1549364916]}