{"CLDC":[62.190002,62.019997],"DEWP":[2.8,2.7],"FRSHTT":[100000,100000],"PRCP":[0.42000002,0.42000002],"SLP":[921.7999,921.7999],"SNDP":[0,0],"STP":[915.63995,915.66003],"TEMP":[7.5399995,7.839999],"VISIB":[32.82,32.889996],"WDSP":[9.309999,8.309999],"WNDDIR":[276.5,280.6],"time":[1549364856,1549364916]}