{"CLDC":[62.190002],"DEWP":[2.8],"FRSHTT":[100000],"PRCP":[0.42000002],"SLP":[921.7999],"SNDP":[0],"STP":[915.63995],"TEMP":[7.5399995],"VISIB":[32.82],"WDSP":[9.309999],"WNDDIR":[276.5],"time":[1549364856]}