{"CLDC":[52.250008,52.23],"DEWP":[5.9500003,5.98],"FRSHTT":[100000,100000],"PRCP":[0.26,0.26],"SLP":[913.07,913.19006],"SNDP":[0,0],"STP":[904.47003,904.5],"TEMP":[9.429998,9.36],"VISIB":[47.13,47.420002],"WDSP":[6.14,6.36],"WNDDIR":[283.3,282.9],"time":[1549364856,1549364916]}