{"CLDC":[50.05],"DEWP":[7.2200003],"FRSHTT":[100000],"PRCP":[0.71],"SLP":[880.48],"SNDP":[0],"STP":[876.27997],"TEMP":[12.160001],"VISIB":[43.690002],"WDSP":[7.71],"WNDDIR":[115.3],"time":[1549364856]}