{"CLDC":[50.120003,50.180004],"DEWP":[5.999999,6.1999993],"FRSHTT":[100000,100000],"PRCP":[0.28,0.28],"SLP":[868.75,868.44006],"SNDP":[0,0],"STP":[886.4,886.4],"TEMP":[10.65,10.699999],"VISIB":[36.780003,36.75],"WDSP":[6.8600006,6.910001],"WNDDIR":[203.2,205.1],"time":[1549364858,1549364917]}