{"CLDC":[50.120003],"DEWP":[5.999999],"FRSHTT":[100000],"PRCP":[0.28],"SLP":[868.75],"SNDP":[0],"STP":[886.4],"TEMP":[10.65],"VISIB":[36.780003],"WDSP":[6.8600006],"WNDDIR":[203.2],"time":[1549364858]}