{"CLDC":[50.200005,50.04],"DEWP":[6,6.1],"FRSHTT":[100000,100000],"PRCP":[0.18000002,0.18000002],"SLP":[993.18994,993.59],"SNDP":[0,0],"STP":[996.32996,996.47003],"TEMP":[10.499998,10.46],"VISIB":[42.839996,43.02],"WDSP":[9.629999,9.579999],"WNDDIR":[184.9,181],"time":[1549364858,1549364916]}