{"CLDC":[50.200005],"DEWP":[6],"FRSHTT":[100000],"PRCP":[0.18000002],"SLP":[993.18994],"SNDP":[0],"STP":[996.32996],"TEMP":[10.499998],"VISIB":[42.839996],"WDSP":[9.629999],"WNDDIR":[184.9],"time":[1549364858]}