{"CLDC":[20.449999,20.2],"DEWP":[4.53,4.6000004],"FRSHTT":[0,0],"PRCP":[0,0],"SLP":[908.16003,907.95],"SNDP":[0,0],"STP":[900.09,900.1],"TEMP":[9.66,9.93],"VISIB":[46.050003,46.299995],"WDSP":[8.870001,9.64],"WNDDIR":[57.4,57.9],"time":[1549364857,1549364916]}