{"CLDC":[20.449999],"DEWP":[4.53],"FRSHTT":[0],"PRCP":[0],"SLP":[908.16003],"SNDP":[0],"STP":[900.09],"TEMP":[9.66],"VISIB":[46.050003],"WDSP":[8.870001],"WNDDIR":[57.4],"time":[1549364857]}