{"CLDC":[50.120003,50.37],"DEWP":[-9.950001,-9.800001],"FRSHTT":[1010000,1010000],"PRCP":[0,0],"SLP":[891.9,891.9],"SNDP":[7.5,7.5],"STP":[892.2101,892.23],"TEMP":[-3.28,-3.2],"VISIB":[36.15,37.010002],"WDSP":[7.269999,6.6099997],"WNDDIR":[266,264.4],"time":[1549364857,1549364916]}