{"CLDC":[50.120003],"DEWP":[-9.950001],"FRSHTT":[1010000],"PRCP":[0],"SLP":[891.9],"SNDP":[7.5],"STP":[892.2101],"TEMP":[-3.28],"VISIB":[36.15],"WDSP":[7.269999],"WNDDIR":[266],"time":[1549364857]}