{"CLDC":[50.28,50.210003],"DEWP":[4.8,4.2],"FRSHTT":[100000,100000],"PRCP":[0.26,0.26],"SLP":[866.41,866.02997],"SNDP":[0,0],"STP":[866.6,866.6],"TEMP":[10.64,10.58],"VISIB":[45.68,45.77],"WDSP":[12.38,12.33],"WNDDIR":[187,189],"time":[1549364859,1549364917]}