{"CLDC":[72.009995],"DEWP":[4.4000006],"FRSHTT":[100000],"PRCP":[0.27],"SLP":[909.09],"SNDP":[0],"STP":[907.2999],"TEMP":[11.2],"VISIB":[36.030003],"WDSP":[17.399998],"WNDDIR":[249.1],"time":[1549364859]}