{"CLDC":[93.01001,93.38001],"DEWP":[3.4399998,3.5299995],"FRSHTT":[100000,100000],"PRCP":[0.10000001,0.10000001],"SLP":[962.80994,962.14],"SNDP":[0,0],"STP":[972.35,972.2999],"TEMP":[8.3,8.35],"VISIB":[43.859993,43.969997],"WDSP":[6.79,6.56],"WNDDIR":[127.4,124.6],"time":[1549364859,1549364917]}