{"CLDC":[89.41],"DEWP":[5.9999995],"FRSHTT":[100000],"PRCP":[0.14],"SLP":[930.07996],"SNDP":[0],"STP":[933.67004],"TEMP":[11.4],"VISIB":[42.379997],"WDSP":[13.88],"WNDDIR":[358.2],"time":[1549364859]}