{"CLDC":[89.41,89.71001],"DEWP":[5.9999995,5.8999996],"FRSHTT":[100000,100000],"PRCP":[0.14,0.14],"SLP":[930.07996,931.12],"SNDP":[0,0],"STP":[933.67004,933.7001],"TEMP":[11.4,11.320001],"VISIB":[42.379997,42.480003],"WDSP":[13.88,14.05],"WNDDIR":[358.2,358.6],"time":[1549364859,1549364917]}