{"CLDC":[93.01001],"DEWP":[3.4399998],"FRSHTT":[100000],"PRCP":[0.10000001],"SLP":[962.80994],"SNDP":[0],"STP":[972.35],"TEMP":[8.3],"VISIB":[43.859993],"WDSP":[6.79],"WNDDIR":[127.4],"time":[1549364859]}