{"CLDC":[50.339993,50.369995],"DEWP":[7.1799994,7.3199997],"FRSHTT":[100000,100000],"PRCP":[0.039999995,0.039999995],"SLP":[891.43005,892.73],"SNDP":[0,0],"STP":[888.9,888.7999],"TEMP":[10.339999,10.41],"VISIB":[31.09,30.499996],"WDSP":[18.18,18.150002],"WNDDIR":[151.8,151.1],"time":[1549364859,1549364917]}