{"CLDC":[50.339993],"DEWP":[7.1799994],"FRSHTT":[100000],"PRCP":[0.039999995],"SLP":[891.43005],"SNDP":[0],"STP":[888.9],"TEMP":[10.339999],"VISIB":[31.09],"WDSP":[18.18],"WNDDIR":[151.8],"time":[1549364859]}