{"CLDC":[12.94,12.920001],"DEWP":[1.9300001,1.86],"FRSHTT":[0,0],"PRCP":[0,0],"SLP":[960.4601,960.16],"SNDP":[0,0],"STP":[963.6,963.7001],"TEMP":[10.99,11.38],"VISIB":[41.969994,41.749996],"WDSP":[7.71,7.649999],"WNDDIR":[316.7,317],"time":[1549364858,1549364917]}