{"CLDC":[50.210003],"DEWP":[4.08],"FRSHTT":[100000],"PRCP":[0.14999999],"SLP":[894.98],"SNDP":[0],"STP":[899.5],"TEMP":[10.140001],"VISIB":[29.689999],"WDSP":[6.95],"WNDDIR":[60.8],"time":[1549364861]}