{"CLDC":[50.210003,50.309994],"DEWP":[4.08,3.75],"FRSHTT":[100000,100000],"PRCP":[0.14999999,0.14999999],"SLP":[894.98,895.11005],"SNDP":[0,0],"STP":[899.5,899.49005],"TEMP":[10.140001,10.11],"VISIB":[29.689999,29.449997],"WDSP":[6.95,6.7700005],"WNDDIR":[60.8,58.2],"time":[1549364861,1549364918]}