{"CLDC":[7.15,6.95],"DEWP":[1.9399999,2.2599998],"FRSHTT":[0,0],"PRCP":[0,0],"SLP":[857.2899,857.36993],"SNDP":[0,0],"STP":[889.7999,889.7999],"TEMP":[15.679998,15.75],"VISIB":[41.449997,41.57],"WDSP":[7.2,7.840001],"WNDDIR":[84.2,86.7],"time":[1549364861,1549364918]}