{"CLDC":[50.010002,50.260002],"DEWP":[9.55,9.639999],"FRSHTT":[100000,100000],"PRCP":[0.11999999,0.11999999],"SLP":[1004.37,1003.50995],"SNDP":[0,0],"STP":[1015.7001,1015.7001],"TEMP":[10.280001,10.4800005],"VISIB":[10.810001,10.750001],"WDSP":[0.28,0.51],"WNDDIR":[32.1,34.7],"time":[1549364860,1549364918]}