{"CLDC":[94.91001],"DEWP":[-0.18000002],"FRSHTT":[0],"PRCP":[0],"SLP":[1002.65],"SNDP":[0],"STP":[1007.8],"TEMP":[14.449999],"VISIB":[10.29],"WDSP":[8.01],"WNDDIR":[337],"time":[1549364860]}