{"CLDC":[94.91001,94.799995],"DEWP":[-0.18000002,-0.52],"FRSHTT":[0,0],"PRCP":[0,0],"SLP":[1002.65,1002.49005],"SNDP":[0,0],"STP":[1007.8,1009.8001],"TEMP":[14.449999,14.159999],"VISIB":[10.29,10.589999],"WDSP":[8.01,7.95],"WNDDIR":[337,338.8],"time":[1549364860,1549364918]}