{"CLDC":[84.21,84.9],"DEWP":[4.3999996,4.24],"FRSHTT":[0,0],"PRCP":[0,0],"SLP":[1023.2999,1023.35],"SNDP":[0,0],"STP":[1005.4601,1006.7601],"TEMP":[9.76,9.849999],"VISIB":[10.920001,10.679999],"WDSP":[12.860001,12.539999],"WNDDIR":[29.2,35],"time":[1549364860,1549364918]}