{"CLDC":[50.090004],"DEWP":[-0.74],"FRSHTT":[100000],"PRCP":[0.039999995],"SLP":[1001.57],"SNDP":[0],"STP":[998.97003],"TEMP":[11.8],"VISIB":[10.71],"WDSP":[10.669999],"WNDDIR":[13.9],"time":[1549364860]}