{"CLDC":[3.4,3.2000003],"DEWP":[-1.8399999,-1.4200001],"FRSHTT":[0,0],"PRCP":[0,0],"SLP":[1002.11,1001.7],"SNDP":[0,0],"STP":[1001.2301,1001.2799],"TEMP":[10.62,10.7],"VISIB":[9.710001,9.7300005],"WDSP":[12.01,10.86],"WNDDIR":[0.1,1.3],"time":[1549364859,1549364917]}