{"CLDC":[50.050003,50.130005],"DEWP":[8.08,8.24],"FRSHTT":[100000,100000],"PRCP":[0.019999998,0.019999998],"SLP":[1009.7999,1009.7999],"SNDP":[0,0],"STP":[1015.41003,1015.41003],"TEMP":[11,11.120001],"VISIB":[17.08,17.18],"WDSP":[14.030001,14.7699995],"WNDDIR":[12.4,10.3],"time":[1549364856,1549364915]}