{"CLDC":[54.799995],"DEWP":[7.72],"FRSHTT":[100000],"PRCP":[0.57000005],"SLP":[990.7001],"SNDP":[0],"STP":[1016.2001],"TEMP":[12.58],"VISIB":[19.369999],"WDSP":[10.29],"WNDDIR":[31],"time":[1549364855]}