{"CLDC":[50.22,50.23],"DEWP":[0,-0.13999999],"FRSHTT":[100000,100000],"PRCP":[0.15999998,0.15999998],"SLP":[904.45996,905],"SNDP":[0,0],"STP":[909.75995,909.80994],"TEMP":[11.339999,11.179999],"VISIB":[60.829998,60.150005],"WDSP":[9.179999,8.800001],"WNDDIR":[156,158.1],"time":[1549364855,1549364915]}