{"CLDC":[50.110004,50.300003],"DEWP":[0.04000001,-0.14999999],"FRSHTT":[100000,100000],"PRCP":[0.19000001,0.19000001],"SLP":[879.52,879.7101],"SNDP":[0,0],"STP":[878.41,877.93994],"TEMP":[11.099999,10.959999],"VISIB":[54.090004,54.43],"WDSP":[5.78,5.69],"WNDDIR":[30.5,29.9],"time":[1549364855,1549364915]}