{"CLDC":[50.160004,50.269997],"DEWP":[7.0600004,6.9],"FRSHTT":[100000,100000],"PRCP":[0.07,0.07],"SLP":[877.14,877.11005],"SNDP":[0,0],"STP":[879.63,879.69006],"TEMP":[13.020001,12.74],"VISIB":[24.310001,23.570002],"WDSP":[12.910001,12.5199995],"WNDDIR":[58.8,60.5],"time":[1549364860,1549364918]}