{"CLDC":[50.010002,50.160004],"DEWP":[3.1000004,3.22],"FRSHTT":[100000,100000],"PRCP":[0.07,0.07],"SLP":[1006.88995,1006.9],"SNDP":[0,0],"STP":[1003.8,1003.27997],"TEMP":[14.710001,14.779999],"VISIB":[10.4800005,10.589999],"WDSP":[11.74,11.069999],"WNDDIR":[65.5,66.6],"time":[1549364855,1549364915]}