{"CLDC":[68.71001],"DEWP":[-5.38],"FRSHTT":[0],"PRCP":[0],"SLP":[875.12],"SNDP":[0],"STP":[872.7001],"TEMP":[10.17],"VISIB":[16.88],"WDSP":[15.209999],"WNDDIR":[100.6],"time":[1549364855]}