{"CLDC":[79.93001,79.82001],"DEWP":[2.64,2.22],"FRSHTT":[100000,100000],"PRCP":[0.029999997,0.029999997],"SLP":[842.80994,842.9601],"SNDP":[0,0],"STP":[849.9,849.9],"TEMP":[9.5,9.499999],"VISIB":[22.77,23.409998],"WDSP":[13.339999,13.320002],"WNDDIR":[75.2,70.2],"time":[1549364861,1549364919]}