{"CLDC":[85.83],"DEWP":[4.6400003],"FRSHTT":[0],"PRCP":[0],"SLP":[806],"SNDP":[0],"STP":[829.2001],"TEMP":[10.55],"VISIB":[16.24],"WDSP":[10.719999],"WNDDIR":[33.9],"time":[1549364861]}