{"CLDC":[77.689995],"DEWP":[-3.36],"FRSHTT":[0],"PRCP":[0],"SLP":[991.52],"SNDP":[0],"STP":[992.31995],"TEMP":[11.35],"VISIB":[10.669999],"WDSP":[19.630001],"WNDDIR":[298.2],"time":[1549364861]}