{"CLDC":[43.020004],"DEWP":[0.7099999],"FRSHTT":[0],"PRCP":[0],"SLP":[1000.92004],"SNDP":[0],"STP":[1005.20996],"TEMP":[9.95],"VISIB":[11.07],"WDSP":[9.83],"WNDDIR":[157.7],"time":[1549364861]}