{"CLDC":[77.689995,77.53999],"DEWP":[-3.36,-3.45],"FRSHTT":[0,0],"PRCP":[0,0],"SLP":[991.52,992.92004],"SNDP":[0,0],"STP":[992.31995,993.52997],"TEMP":[11.35,11.179999],"VISIB":[10.669999,10.699999],"WDSP":[19.630001,19.829998],"WNDDIR":[298.2,297.4],"time":[1549364861,1549364919]}