{"CLDC":[79.93001],"DEWP":[2.64],"FRSHTT":[100000],"PRCP":[0.029999997],"SLP":[842.80994],"SNDP":[0],"STP":[849.9],"TEMP":[9.5],"VISIB":[22.77],"WDSP":[13.339999],"WNDDIR":[75.2],"time":[1549364861]}