{"CLDC":[1.1300001,0.84000003],"DEWP":[-5.17,-5.04],"FRSHTT":[0,0],"PRCP":[0,0],"SLP":[915.2101,915.0801],"SNDP":[0,0],"STP":[912.4,912.4],"TEMP":[14.639999,14.799998],"VISIB":[62.190002,62.589996],"WDSP":[10.97,11.35],"WNDDIR":[148.4,147.7],"time":[1549364858,1549364917]}