{"CLDC":[50.100002],"DEWP":[-0.22],"FRSHTT":[100000],"PRCP":[0.11999999],"SLP":[855.30994],"SNDP":[0],"STP":[858.5],"TEMP":[6.7599998],"VISIB":[15.959999],"WDSP":[12.24],"WNDDIR":[173.5],"time":[1549364856]}