{"CLDC":[50.100002,50.050003],"DEWP":[-0.22,-0.090000026],"FRSHTT":[100000,100000],"PRCP":[0.11999999,0.11999999],"SLP":[855.30994,855.30994],"SNDP":[0,0],"STP":[858.5,858.4],"TEMP":[6.7599998,6.5399995],"VISIB":[15.959999,16],"WDSP":[12.24,12.15],"WNDDIR":[173.5,173.2],"time":[1549364856,1549364915]}