{"CLDC":[50.700005],"DEWP":[-7.8],"FRSHTT":[100000],"PRCP":[0.019999998],"SLP":[933.69006],"SNDP":[0],"STP":[933.6],"TEMP":[13.8],"VISIB":[26.110004],"WDSP":[12.390001],"WNDDIR":[264.4],"time":[1549364859]}