{"CLDC":[95.56,95.270004],"DEWP":[-3.0500002,-3.0500002],"FRSHTT":[100000,100000],"PRCP":[0.050000004,0.050000004],"SLP":[882.25995,882.57],"SNDP":[0,0],"STP":[881,881],"TEMP":[13.85,14],"VISIB":[21.140001,20.85],"WDSP":[14.859999,14.67],"WNDDIR":[333.9,334.9],"time":[1549364858,1549364917]}