{"CLDC":[50.249996,50.289997],"DEWP":[4.2,4.3499994],"FRSHTT":[100000,100000],"PRCP":[0.14999999,0.14999999],"SLP":[839,839],"SNDP":[0,0],"STP":[834.7001,834.7001],"TEMP":[9.87,9.940001],"VISIB":[22.3,22.670002],"WDSP":[10.659999,10.450001],"WNDDIR":[271.6,271.9],"time":[1549364858,1549364916]}