{"CLDC":[10.72],"DEWP":[-10.51],"FRSHTT":[0],"PRCP":[0],"SLP":[913.1],"SNDP":[0],"STP":[912],"TEMP":[10.359999],"VISIB":[31.929998],"WDSP":[15.009999],"WNDDIR":[286.9],"time":[1549364860]}