{"CLDC":[10.72,10.960001],"DEWP":[-10.51,-10.12],"FRSHTT":[0,0],"PRCP":[0,0],"SLP":[913.1,913.05994],"SNDP":[0,0],"STP":[912,912.07],"TEMP":[10.359999,10.15],"VISIB":[31.929998,31.720001],"WDSP":[15.009999,15.390001],"WNDDIR":[286.9,284.4],"time":[1549364860,1549364918]}