{"CLDC":[74.86,74.86],"DEWP":[-4.78,-5.1400003],"FRSHTT":[100000,100000],"PRCP":[0.029999997,0.029999997],"SLP":[870.9,870.9],"SNDP":[0,0],"STP":[872.2999,872.2999],"TEMP":[11.679999,11.8],"VISIB":[28.560001,28.990002],"WDSP":[17.65,17.26],"WNDDIR":[51.9,51.7],"time":[1549364859,1549364918]}