{"CLDC":[90.71001],"DEWP":[-12.64],"FRSHTT":[0],"PRCP":[0],"SLP":[909.8],"SNDP":[0],"STP":[904.2999],"TEMP":[9.26],"VISIB":[23.660002],"WDSP":[17.130001],"WNDDIR":[103],"time":[1549364861]}