{"CLDC":[41.77],"DEWP":[3.6800003],"FRSHTT":[0],"PRCP":[0],"SLP":[911.5],"SNDP":[0],"STP":[926.5399],"TEMP":[7.859999],"VISIB":[18.090002],"WDSP":[12.63],"WNDDIR":[212],"time":[1549364859]}