{"CLDC":[7.71,7.559999],"DEWP":[6.55,6.6699996],"FRSHTT":[0,0],"PRCP":[0,0],"SLP":[1013,1013],"SNDP":[0,0],"STP":[1011.6,1011.5],"TEMP":[9.45,9.38],"VISIB":[16.48,16.72],"WDSP":[23.61,22.689999],"WNDDIR":[47.7,48.9],"time":[1549364856,1549364915]}