{"CLDC":[87.799995],"DEWP":[-5.05],"FRSHTT":[0],"PRCP":[0],"SLP":[1007.05994],"SNDP":[0],"STP":[1013.25],"TEMP":[8.6],"VISIB":[39.76],"WDSP":[12.890001],"WNDDIR":[245.8],"time":[1549364855]}