{"CLDC":[87.799995,87.299995],"DEWP":[-5.05,-4.63],"FRSHTT":[0,0],"PRCP":[0,0],"SLP":[1007.05994,1006.38007],"SNDP":[0,0],"STP":[1013.25,1013.8299],"TEMP":[8.6,8.64],"VISIB":[39.76,39.700005],"WDSP":[12.890001,12.890001],"WNDDIR":[245.8,240.4],"time":[1549364855,1549364915]}