{"CLDC":[81.06],"DEWP":[5.96],"FRSHTT":[0],"PRCP":[0],"SLP":[1013],"SNDP":[0],"STP":[1011.5],"TEMP":[12.699999],"VISIB":[20.250002],"WDSP":[23.329998],"WNDDIR":[250.5],"time":[1549364858]}