{"CLDC":[97.21999],"DEWP":[3.6599998],"FRSHTT":[0],"PRCP":[0],"SLP":[1014.1],"SNDP":[0],"STP":[993.50995],"TEMP":[8.86],"VISIB":[13.719999],"WDSP":[11.830001],"WNDDIR":[146.1],"time":[1549364857]}