{"CLDC":[97.21999,97.259995],"DEWP":[3.6599998,3.78],"FRSHTT":[0,0],"PRCP":[0,0],"SLP":[1014.1,1013.9],"SNDP":[0,0],"STP":[993.50995,993.52],"TEMP":[8.86,8.95],"VISIB":[13.719999,13.770001],"WDSP":[11.830001,12.110001],"WNDDIR":[146.1,149.7],"time":[1549364857,1549364916]}