{"CLDC":[50.190006],"DEWP":[7.5199995],"FRSHTT":[100000],"PRCP":[0.059999995],"SLP":[1014.1],"SNDP":[0],"STP":[1008.2001],"TEMP":[12.000002],"VISIB":[21.75],"WDSP":[15.709999],"WNDDIR":[91],"time":[1549364855]}