{"CLDC":[50.190006,50.090004],"DEWP":[7.5199995,7.6],"FRSHTT":[100000,100000],"PRCP":[0.059999995,0.059999995],"SLP":[1014.1,1014],"SNDP":[0,0],"STP":[1008.2001,1008.15],"TEMP":[12.000002,11.900002],"VISIB":[21.75,21.369999],"WDSP":[15.709999,15.83],"WNDDIR":[91,87.8],"time":[1549364855,1549364915]}