{"CLDC":[53.680004,53.889996],"DEWP":[7.55,7.660001],"FRSHTT":[0,0],"PRCP":[0,0],"SLP":[1011.5,1011.5],"SNDP":[0,0],"STP":[983.2001,983.2001],"TEMP":[12.050001,12.150001],"VISIB":[15.320002,15.33],"WDSP":[30.55,30.34],"WNDDIR":[105.8,106.9],"time":[1549364859,1549364917]}