{"CLDC":[50.010002,50.06],"DEWP":[9.86,9.77],"FRSHTT":[100000,100000],"PRCP":[0.009999999,0.009999999],"SLP":[1013.6,1013.6],"SNDP":[0,0],"STP":[1004.69006,1004.6],"TEMP":[13.35,13.42],"VISIB":[20.96,20.53],"WDSP":[19.710001,21.66],"WNDDIR":[26.7,23.7],"time":[1549364858,1549364917]}