{"CLDC":[64.36,64.520004],"DEWP":[-0.08,-0.04000001],"FRSHTT":[100000,100000],"PRCP":[0.22999999,0.22999999],"SLP":[1006.13,1005.9],"SNDP":[0,0],"STP":[1005.2999,1005.2999],"TEMP":[3.5400002,3.4600003],"VISIB":[13.62,12.679999],"WDSP":[27.820002,26.59],"WNDDIR":[224,225],"time":[1549364855,1549364915]}