{"CLDC":[64.36],"DEWP":[-0.08],"FRSHTT":[100000],"PRCP":[0.22999999],"SLP":[1006.13],"SNDP":[0],"STP":[1005.2999],"TEMP":[3.5400002],"VISIB":[13.62],"WDSP":[27.820002],"WNDDIR":[224],"time":[1549364855]}