{"CLDC":[87.60999],"DEWP":[0.020000005],"FRSHTT":[0],"PRCP":[0],"SLP":[1019.48],"SNDP":[0],"STP":[982.11],"TEMP":[1.8199999],"VISIB":[19.91],"WDSP":[3.2199998],"WNDDIR":[90.7],"time":[1549364859]}