{"CLDC":[87.60999,87.619995],"DEWP":[0.020000005,0.35999998],"FRSHTT":[0,0],"PRCP":[0,0],"SLP":[1019.48,1019.2001],"SNDP":[0,0],"STP":[982.11,982.1],"TEMP":[1.8199999,1.8199999],"VISIB":[19.91,19.490002],"WDSP":[3.2199998,3.44],"WNDDIR":[90.7,90.5],"time":[1549364859,1549364917]}