{"CLDC":[45.22,45.630005],"DEWP":[-2.8799999,-2.8999999],"FRSHTT":[0,0],"PRCP":[0,0],"SLP":[1017.7001,1017.7001],"SNDP":[0,0],"STP":[1001.5,1001.5],"TEMP":[5.5200005,5.3999996],"VISIB":[10.1,9.88],"WDSP":[7.2299995,7.05],"WNDDIR":[2.7,3.4],"time":[1549364859,1549364917]}