{"CLDC":[13.910001],"DEWP":[-0.16],"FRSHTT":[0],"PRCP":[0],"SLP":[1017.7001],"SNDP":[0],"STP":[1012.7001],"TEMP":[7.3799996],"VISIB":[9.96],"WDSP":[4.7099996],"WNDDIR":[314.7],"time":[1549364859]}