{"CLDC":[45.989998,46.43],"DEWP":[-15.81,-16.32],"FRSHTT":[0,0],"PRCP":[0,0],"SLP":[1019.08997,1019.1],"SNDP":[0,0],"STP":[1020.07996,1018.2],"TEMP":[2.72,2.75],"VISIB":[11.809999,11.519999],"WDSP":[8.870001,7.9899993],"WNDDIR":[303.2,301.2],"time":[1549364859,1549364917]}