{"CLDC":[50.060005],"DEWP":[-1.6599998],"FRSHTT":[100000],"PRCP":[0.10000001],"SLP":[1016.7001],"SNDP":[0],"STP":[1017.2899],"TEMP":[2.3000002],"VISIB":[10.199999],"WDSP":[19.619999],"WNDDIR":[121.5],"time":[1549364858]}