{"CLDC":[50.060005,50.44],"DEWP":[-1.6599998,-1.48],"FRSHTT":[100000,100000],"PRCP":[0.10000001,0.10000001],"SLP":[1016.7001,1016.74005],"SNDP":[0,0],"STP":[1017.2899,1017.43],"TEMP":[2.3000002,2.32],"VISIB":[10.199999,10.049999],"WDSP":[19.619999,19.05],"WNDDIR":[121.5,114],"time":[1549364858,1549364917]}