{"CLDC":[77.84999,78.31],"DEWP":[2.06,2.1199996],"FRSHTT":[0,0],"PRCP":[0,0],"SLP":[1010.75,1009.2101],"SNDP":[0,0],"STP":[1004.8501,1004.66],"TEMP":[8.82,8.82],"VISIB":[6.9800005,6.16],"WDSP":[18.67,18.039999],"WNDDIR":[325.9,326.5],"time":[1549364857,1549364916]}