{"CLDC":[69],"DEWP":[-15.960001],"FRSHTT":[1000000],"PRCP":[0],"SLP":[1025.43],"SNDP":[0],"STP":[1031.7499],"TEMP":[-0.34],"VISIB":[11.69],"WDSP":[5.0999994],"WNDDIR":[100.4],"time":[1549364860]}