{"CLDC":[53.150005],"DEWP":[-16.419998],"FRSHTT":[0],"PRCP":[0],"SLP":[1027.4001],"SNDP":[0],"STP":[1001.38],"TEMP":[0.79999995],"VISIB":[11.139999],"WDSP":[8.5199995],"WNDDIR":[271.8],"time":[1549364860]}