{"CLDC":[28.680002],"DEWP":[-6.4199996],"FRSHTT":[1000000],"PRCP":[0],"SLP":[1019.2699],"SNDP":[0],"STP":[1017.9],"TEMP":[-1.47],"VISIB":[19.53],"WDSP":[11.870001],"WNDDIR":[208.5],"time":[1549364860]}