{"CLDC":[85.81,85.74],"DEWP":[-14.3,-14.540001],"FRSHTT":[1000000,1000000],"PRCP":[0,0],"SLP":[998.91003,998.22003],"SNDP":[0,0],"STP":[993.55,993.35],"TEMP":[-11.299998,-11.499998],"VISIB":[7.65,7.750001],"WDSP":[7.5199995,6.9300003],"WNDDIR":[30.4,30.2],"time":[1549364859,1549364917]}