{"CLDC":[85.81],"DEWP":[-14.3],"FRSHTT":[1000000],"PRCP":[0],"SLP":[998.91003],"SNDP":[0],"STP":[993.55],"TEMP":[-11.299998],"VISIB":[7.65],"WDSP":[7.5199995],"WNDDIR":[30.4],"time":[1549364859]}