{"CLDC":[45.660004,45.65],"DEWP":[7.16,7],"FRSHTT":[0,0],"PRCP":[0,0],"SLP":[1012.2999,1012.36],"SNDP":[0,0],"STP":[1047.6699,1047.6101],"TEMP":[10.06,10.06],"VISIB":[11.26,10.719999],"WDSP":[7.31,7.0799994],"WNDDIR":[65.2,65.9],"time":[1549364858,1549364916]}