{"CLDC":[88.02998,87.990005],"DEWP":[-17.55,-17.4],"FRSHTT":[0,0],"PRCP":[0,0],"SLP":[1026.7001,1026.7001],"SNDP":[0,0],"STP":[1047.3899,1049.05],"TEMP":[0,0],"VISIB":[11.08,10.530001],"WDSP":[6.84,6.4900002],"WNDDIR":[292.6,292.7],"time":[1549364859,1549364917]}