{"CLDC":[43.879997],"DEWP":[-3],"FRSHTT":[0],"PRCP":[0],"SLP":[984.7001],"SNDP":[0],"STP":[970.38],"TEMP":[11.699999],"VISIB":[10.82],"WDSP":[10.259999],"WNDDIR":[57.5],"time":[1549364860]}