{"CLDC":[43.879997,43.77],"DEWP":[-3,-3.3400002],"FRSHTT":[0,0],"PRCP":[0,0],"SLP":[984.7001,984.62],"SNDP":[0,0],"STP":[970.38,971.57],"TEMP":[11.699999,11.849999],"VISIB":[10.82,10.880001],"WDSP":[10.259999,11.089999],"WNDDIR":[57.5,59.3],"time":[1549364860,1549364918]}