{"CLDC":[87.47001],"DEWP":[10.219999],"FRSHTT":[0],"PRCP":[0],"SLP":[1012.88],"SNDP":[0],"STP":[1004.42004],"TEMP":[18.820002],"VISIB":[11.059999],"WDSP":[11.49],"WNDDIR":[244.1],"time":[1549364859]}