{"CLDC":[4.9700003],"DEWP":[-15.359999],"FRSHTT":[1000000],"PRCP":[0],"SLP":[1026.5],"SNDP":[0],"STP":[1005.08997],"TEMP":[-0.59999996],"VISIB":[10.07],"WDSP":[7.0799994],"WNDDIR":[206.7],"time":[1549364858]}