{"CLDC":[67.509995],"DEWP":[-13.32],"FRSHTT":[0],"PRCP":[0],"SLP":[1026.7999],"SNDP":[0],"STP":[1010.8],"TEMP":[0.45000005],"VISIB":[11.49],"WDSP":[8.619999],"WNDDIR":[75.3],"time":[1549364858]}