{"CLDC":[25.460001,24.98],"DEWP":[-12.280001,-12.280001],"FRSHTT":[1000000,1000000],"PRCP":[0,0],"SLP":[1027.2001,1027.2001],"SNDP":[0,0],"STP":[1003.27,1004.15],"TEMP":[-0.65,-0.65999997],"VISIB":[9.05,8.68],"WDSP":[3.2899997,2.8699996],"WNDDIR":[167.5,166.4],"time":[1549364858,1549364916]}