{"CLDC":[74.46001,74.44],"DEWP":[-15.899999,-15.899999],"FRSHTT":[0,0],"PRCP":[0,0],"SLP":[1025.9001,1025.9001],"SNDP":[0,0],"STP":[1040.74,1041.03],"TEMP":[2.35,2.44],"VISIB":[11.370001,11.000001],"WDSP":[6.6,6.9200006],"WNDDIR":[312.3,309.1],"time":[1549364858,1549364916]}