{"CLDC":[40.399998,40.66],"DEWP":[-9.500001,-9.400001],"FRSHTT":[0,0],"PRCP":[0,0],"SLP":[1019.13,1019.30994],"SNDP":[0,0],"STP":[1012.44006,1012.4],"TEMP":[5.9600005,5.9600005],"VISIB":[7.94,8.530001],"WDSP":[12.83,13.440001],"WNDDIR":[321,320],"time":[1549364855,1549364915]}