{"CLDC":[50,50.030003],"DEWP":[-5.8799996,-6.089999],"FRSHTT":[1110000,1110000],"PRCP":[0.11,0.11],"SLP":[1019.6,1019.6],"SNDP":[0.8000001,0.8000001],"STP":[963.1,963.2001],"TEMP":[-0.9,-0.9],"VISIB":[9.539999,9.789999],"WDSP":[8.9,9.12],"WNDDIR":[281.7,279.9],"time":[1549364861,1549364918]}