{"CLDC":[50],"DEWP":[-5.8799996],"FRSHTT":[1110000],"PRCP":[0.11],"SLP":[1019.6],"SNDP":[0.8000001],"STP":[963.1],"TEMP":[-0.9],"VISIB":[9.539999],"WDSP":[8.9],"WNDDIR":[281.7],"time":[1549364861]}