{"CLDC":[50.15,50.02],"DEWP":[-10.549999,-10.29],"FRSHTT":[100000,100000],"PRCP":[0.059999995,0.059999995],"SLP":[1017.2999,1017.19006],"SNDP":[0,0],"STP":[1013.32,1013.43005],"TEMP":[4.1499996,3.9399998],"VISIB":[11.9,11.4],"WDSP":[13.4800005,13.780001],"WNDDIR":[11.5,11.8],"time":[1549364861,1549364918]}