{"CLDC":[7.890001],"DEWP":[-25.790003],"FRSHTT":[1000000],"PRCP":[0],"SLP":[1002.4],"SNDP":[0],"STP":[1011.99005],"TEMP":[-22.750002],"VISIB":[15.56],"WDSP":[6.65],"WNDDIR":[21.1],"time":[1549364858]}