{"CLDC":[50.050003],"DEWP":[-0.59],"FRSHTT":[100000],"PRCP":[0.13],"SLP":[1014.05],"SNDP":[0],"STP":[1010],"TEMP":[1.8499998],"VISIB":[11.97],"WDSP":[25.359999],"WNDDIR":[55.6],"time":[1549364858]}