{"CLDC":[50.050003,50.04],"DEWP":[-0.59,-0.54999995],"FRSHTT":[100000,100000],"PRCP":[0.13,0.13],"SLP":[1014.05,1014.1],"SNDP":[0,0],"STP":[1010,1010.22003],"TEMP":[1.8499998,1.8499998],"VISIB":[11.97,12.62],"WDSP":[25.359999,24.119999],"WNDDIR":[55.6,55.9],"time":[1549364858,1549364917]}