{"CLDC":[50.310005],"DEWP":[-30.590002],"FRSHTT":[1010000],"PRCP":[0],"SLP":[1020.2001],"SNDP":[4.7000003],"STP":[1018.9],"TEMP":[-26.38],"VISIB":[9.139999],"WDSP":[18.01],"WNDDIR":[282.9],"time":[1549364859]}