{"CLDC":[83.91001,84.19],"DEWP":[-0.96000004,-1.0799998],"FRSHTT":[0,0],"PRCP":[0,0],"SLP":[1006.99005,1007.19006],"SNDP":[0,0],"STP":[1000.09,999.9199],"TEMP":[3.9199996,3.9199996],"VISIB":[9.219999,8.46],"WDSP":[21.42,20.1],"WNDDIR":[8.4,5.8],"time":[1549364858,1549364916]}