{"CLDC":[83.91001],"DEWP":[-0.96000004],"FRSHTT":[0],"PRCP":[0],"SLP":[1006.99005],"SNDP":[0],"STP":[1000.09],"TEMP":[3.9199996],"VISIB":[9.219999],"WDSP":[21.42],"WNDDIR":[8.4],"time":[1549364858]}