{"CLDC":[96.880005,96.68],"DEWP":[-0.45999998,-0.28],"FRSHTT":[100000,100000],"PRCP":[0.07,0.07],"SLP":[1014.2999,1014.4],"SNDP":[0,0],"STP":[1003.7999,1003.86993],"TEMP":[1.65,1.6200001],"VISIB":[9.930001,9.910001],"WDSP":[22.13,21.33],"WNDDIR":[148,149.7],"time":[1549364858,1549364916]}