{"CLDC":[79.990005,79.89],"DEWP":[-30.440002,-30.080002],"FRSHTT":[1000000,1000000],"PRCP":[0,0],"SLP":[1013.75995,1013.50995],"SNDP":[0,0],"STP":[1017.1499,1016.73],"TEMP":[-27.179998,-27.539997],"VISIB":[7.6,7.2299995],"WDSP":[23.630001,23.600002],"WNDDIR":[328.6,326.8],"time":[1549364860,1549364918]}