{"CLDC":[92.799995],"DEWP":[-32.739998],"FRSHTT":[1010000],"PRCP":[0],"SLP":[1018.7999],"SNDP":[4.0999994],"STP":[1016.9],"TEMP":[-28.830002],"VISIB":[18.349998],"WDSP":[27.12],"WNDDIR":[8.5],"time":[1549364861]}