{"CLDC":[50],"DEWP":[-28.55],"FRSHTT":[1010000],"PRCP":[0],"SLP":[1017.47003],"SNDP":[1.3999999],"STP":[1013.6],"TEMP":[-23.379997],"VISIB":[15.660001],"WDSP":[17.4],"WNDDIR":[126.9],"time":[1549364857]}