{"CLDC":[50.200005],"DEWP":[-0.87999994],"FRSHTT":[100000],"PRCP":[0.07],"SLP":[1014.08997],"SNDP":[0],"STP":[1010.11993],"TEMP":[1.9799999],"VISIB":[10.880001],"WDSP":[25.170002],"WNDDIR":[227],"time":[1549364858]}