{"CLDC":[59.95],"DEWP":[-24.119999],"FRSHTT":[1000000],"PRCP":[0],"SLP":[1021.4],"SNDP":[0],"STP":[1005.2999],"TEMP":[-21.240002],"VISIB":[71.39],"WDSP":[41.129997],"WNDDIR":[272.8],"time":[1549364857]}