{"CLDC":[60.799995],"DEWP":[-24.32],"FRSHTT":[1010000],"PRCP":[0],"SLP":[1008.7999],"SNDP":[2.7999997],"STP":[998.5],"TEMP":[-20.22],"VISIB":[12.109999],"WDSP":[38.74],"WNDDIR":[173.9],"time":[1549364858]}