{"CLDC":[3.61],"DEWP":[-27.820002],"FRSHTT":[1000000],"PRCP":[0],"SLP":[1019.9],"SNDP":[0],"STP":[1018.9601],"TEMP":[-24.279999],"VISIB":[17.990002],"WDSP":[31.779999],"WNDDIR":[225.3],"time":[1549364858]}