{"CLDC":[60.799995,60.73],"DEWP":[-24.32,-24.08],"FRSHTT":[1010000,1010000],"PRCP":[0,0],"SLP":[1008.7999,1008.7101],"SNDP":[2.7999997,2.7999997],"STP":[998.5,998.42004],"TEMP":[-20.22,-20.179998],"VISIB":[12.109999,12.059999],"WDSP":[38.74,39.339996],"WNDDIR":[173.9,170.7],"time":[1549364858,1549364916]}