{"CLDC":[61.710003],"DEWP":[-31.819998],"FRSHTT":[1000000],"PRCP":[0],"SLP":[1020.5801],"SNDP":[0],"STP":[1024.02],"TEMP":[-32.149998],"VISIB":[14.520001],"WDSP":[10.280001],"WNDDIR":[330],"time":[1549364858]}