{"CLDC":[50.6],"DEWP":[-1.2],"FRSHTT":[100000],"PRCP":[0.07999999],"SLP":[1014.2999],"SNDP":[0],"STP":[1007.6901],"TEMP":[1.2500001],"VISIB":[7.6699996],"WDSP":[18.23],"WNDDIR":[69.5],"time":[1549364858]}