{"CLDC":[57.25],"DEWP":[-44.399994],"FRSHTT":[1000000],"PRCP":[0],"SLP":[1017.50995],"SNDP":[0],"STP":[1003.00995],"TEMP":[-40.94],"VISIB":[15.780001],"WDSP":[8.4800005],"WNDDIR":[149.4],"time":[1549364859]}