{"CLDC":[57.25,57.3],"DEWP":[-44.399994,-44.299995],"FRSHTT":[1000000,1000000],"PRCP":[0,0],"SLP":[1017.50995,1017.58997],"SNDP":[0,0],"STP":[1003.00995,1003.05994],"TEMP":[-40.94,-40.579998],"VISIB":[15.780001,15.740001],"WDSP":[8.4800005,8.569999],"WNDDIR":[149.4,148.5],"time":[1549364859,1549364917]}