{"CLDC":[52.9,52.49],"DEWP":[-1.3199999,-1.26],"FRSHTT":[100000,100000],"PRCP":[0.059999995,0.059999995],"SLP":[1014.2999,1014.35],"SNDP":[0,0],"STP":[1006.4,1006.4],"TEMP":[0.5,0.5],"VISIB":[9.250001,9.249999],"WDSP":[20.51,20.15],"WNDDIR":[294.7,294.1],"time":[1549364858,1549364917]}