{"CLDC":[50],"DEWP":[-21.16],"FRSHTT":[1110000],"PRCP":[0.009999999],"SLP":[1014],"SNDP":[17.300001],"STP":[1011.50995],"TEMP":[-16.390001],"VISIB":[35.089996],"WDSP":[11.790001],"WNDDIR":[35.8],"time":[1549364860]}