{"CLDC":[50.190006],"DEWP":[-25.25],"FRSHTT":[1110000],"PRCP":[0.019999998],"SLP":[1007.5399],"SNDP":[21],"STP":[987],"TEMP":[-21.809998],"VISIB":[29.75],"WDSP":[11.370001],"WNDDIR":[207.9],"time":[1549364860]}