{"CLDC":[76.920006,77.2],"DEWP":[-24.02,-23.989998],"FRSHTT":[1000000,1000000],"PRCP":[0,0],"SLP":[997.09,997.11],"SNDP":[0,0],"STP":[948.2999,948.30994],"TEMP":[-20.92,-21.25],"VISIB":[17.439999,15.8],"WDSP":[11.530001,11.989999],"WNDDIR":[129.9,132.3],"time":[1549364860,1549364918]}