{"CLDC":[31.429998],"DEWP":[-20.63],"FRSHTT":[1000000],"PRCP":[0],"SLP":[1031.28],"SNDP":[0],"STP":[1015.47003],"TEMP":[-14.979999],"VISIB":[21.899998],"WDSP":[20.29],"WNDDIR":[70.4],"time":[1549364860]}