{"CLDC":[31.429998,31.529999],"DEWP":[-20.63,-20.699999],"FRSHTT":[1000000,1000000],"PRCP":[0,0],"SLP":[1031.28,1031.47],"SNDP":[0,0],"STP":[1015.47003,1015.4],"TEMP":[-14.979999,-14.7],"VISIB":[21.899998,21.650002],"WDSP":[20.29,19.22],"WNDDIR":[70.4,70.6],"time":[1549364860,1549364918]}