{"CLDC":[64.91],"DEWP":[-7.81],"FRSHTT":[1000000],"PRCP":[0],"SLP":[994.44006],"SNDP":[0],"STP":[993.99005],"TEMP":[-5.2400002],"VISIB":[35.46],"WDSP":[27.52],"WNDDIR":[260.8],"time":[1549364855]}