{"CLDC":[50.180004,50.279995],"DEWP":[-20.599998,-20.399998],"FRSHTT":[1110000,1110000],"PRCP":[0.029999997,0.029999997],"SLP":[1008.5,1008.5],"SNDP":[10.300001,10.400001],"STP":[1008.2999,1008.2999],"TEMP":[-16.12,-16.2],"VISIB":[21.029999,21.310001],"WDSP":[18,18.130001],"WNDDIR":[62.1,64.9],"time":[1549364855,1549364915]}