{"CLDC":[70.380005],"DEWP":[4.35],"FRSHTT":[0],"PRCP":[0],"SLP":[1011.36],"SNDP":[0],"STP":[1037.23],"TEMP":[5.9999995],"VISIB":[15.5],"WDSP":[50.11],"WNDDIR":[159.3],"time":[1549364859]}