{"CLDC":[54.180004,54.28],"DEWP":[-20.7,-20.85],"FRSHTT":[1000000,1000000],"PRCP":[0,0],"SLP":[1006.30994,1006.4],"SNDP":[0,0],"STP":[1005.4,1005.5],"TEMP":[-17.26,-17.2],"VISIB":[12.269999,11.769999],"WDSP":[16.560001,16.7],"WNDDIR":[350.5,351.5],"time":[1549364855,1549364915]}