{"CLDC":[54.180004],"DEWP":[-20.7],"FRSHTT":[1000000],"PRCP":[0],"SLP":[1006.30994],"SNDP":[0],"STP":[1005.4],"TEMP":[-17.26],"VISIB":[12.269999],"WDSP":[16.560001],"WNDDIR":[350.5],"time":[1549364855]}