{"CLDC":[70.380005,70.37],"DEWP":[4.35,4.38],"FRSHTT":[0,0],"PRCP":[0,0],"SLP":[1011.36,1010.61],"SNDP":[0,0],"STP":[1037.23,1037.03],"TEMP":[5.9999995,6.1499996],"VISIB":[15.5,15.699999],"WDSP":[50.11,46.9],"WNDDIR":[159.3,163.3],"time":[1549364859,1549364917]}