{"CLDC":[64.91,65.43001],"DEWP":[-7.81,-8.160001],"FRSHTT":[1000000,1000000],"PRCP":[0,0],"SLP":[994.44006,994.6],"SNDP":[0,0],"STP":[993.99005,994],"TEMP":[-5.2400002,-5.25],"VISIB":[35.46,35.28],"WDSP":[27.52,28.280003],"WNDDIR":[260.8,262],"time":[1549364855,1549364915]}