{"CLDC":[51.369995],"DEWP":[-14.7],"FRSHTT":[1110000],"PRCP":[0.009999999],"SLP":[1004.5],"SNDP":[5.7000003],"STP":[984.2001],"TEMP":[-10.849998],"VISIB":[11.679998],"WDSP":[31.95],"WNDDIR":[33.8],"time":[1549364856]}