{"CLDC":[50.249996],"DEWP":[-20.039997],"FRSHTT":[1110000],"PRCP":[0.039999995],"SLP":[1005.6],"SNDP":[3.7000003],"STP":[1001.9],"TEMP":[-16.36],"VISIB":[22.749998],"WDSP":[22.889997],"WNDDIR":[288.3],"time":[1549364856]}