{"CLDC":[51.369995,51.51],"DEWP":[-14.7,-14.579999],"FRSHTT":[1110000,1110000],"PRCP":[0.009999999,0.009999999],"SLP":[1004.5,1004.5],"SNDP":[5.7000003,5.7000003],"STP":[984.2001,984.2799],"TEMP":[-10.849998,-10.849998],"VISIB":[11.679998,11.579999],"WDSP":[31.95,30.280003],"WNDDIR":[33.8,37.5],"time":[1549364856,1549364916]}