{"CLDC":[50.249996,50.319996],"DEWP":[-20.039997,-19.719997],"FRSHTT":[1110000,1110000],"PRCP":[0.039999995,0.039999995],"SLP":[1005.6,1005.6],"SNDP":[3.7000003,3.7000003],"STP":[1001.9,1001.8499],"TEMP":[-16.36,-16.359999],"VISIB":[22.749998,23.429998],"WDSP":[22.889997,23.48],"WNDDIR":[288.3,282.7],"time":[1549364856,1549364916]}