{"CLDC":[50.02,50],"DEWP":[-18.52,-18.52],"FRSHTT":[1110000,1110000],"PRCP":[0.019999998,0.019999998],"SLP":[1012.95,1012.9199],"SNDP":[19.800001,19.800001],"STP":[1005.45,1005.05994],"TEMP":[-14.300001,-14.139999],"VISIB":[23.75,23.429998],"WDSP":[7.8,8.030001],"WNDDIR":[200.4,199.2],"time":[1549364856,1549364916]}