{"CLDC":[50.010002,50.24],"DEWP":[-24.46,-24.240002],"FRSHTT":[1110000,1110000],"PRCP":[0.029999997,0.029999997],"SLP":[1010.80994,1010.88],"SNDP":[28.8,28.8],"STP":[997.2999,997.2601],"TEMP":[-20.650002,-20.430002],"VISIB":[24.2,23.769999],"WDSP":[8.46,8.65],"WNDDIR":[233,229.1],"time":[1549364857,1549364916]}