{"CLDC":[50.010002],"DEWP":[-24.46],"FRSHTT":[1110000],"PRCP":[0.029999997],"SLP":[1010.80994],"SNDP":[28.8],"STP":[997.2999],"TEMP":[-20.650002],"VISIB":[24.2],"WDSP":[8.46],"WNDDIR":[233],"time":[1549364857]}