{"CLDC":[69.33],"DEWP":[-18.52],"FRSHTT":[1110000],"PRCP":[0.009999999],"SLP":[1000.4],"SNDP":[1.3000001],"STP":[956.59],"TEMP":[-14.25],"VISIB":[17.47],"WDSP":[9.780001],"WNDDIR":[114.4],"time":[1549364857]}