{"CLDC":[73.87],"DEWP":[-17.04],"FRSHTT":[1010000],"PRCP":[0],"SLP":[1004.5],"SNDP":[8.199999],"STP":[970.1],"TEMP":[-13.620001],"VISIB":[26.76],"WDSP":[7.339999],"WNDDIR":[230.9],"time":[1549364857]}