{"CLDC":[68.46001,68.82001],"DEWP":[1.08,0.96000004],"FRSHTT":[100000,100000],"PRCP":[0.13,0.13],"SLP":[1012.6,1012.6],"SNDP":[0,0],"STP":[1008.1,1008.1],"TEMP":[3.3799996,3.44],"VISIB":[8.35,7.9],"WDSP":[23.970001,24.77],"WNDDIR":[48.8,43.9],"time":[1549364859,1549364917]}