{"CLDC":[70.770004],"DEWP":[-14.780001],"FRSHTT":[1110000],"PRCP":[0.07999999],"SLP":[1010.2001],"SNDP":[26.5],"STP":[994.95996],"TEMP":[-10.120001],"VISIB":[28.090002],"WDSP":[10.5199995],"WNDDIR":[259.2],"time":[1549364858]}