{"CLDC":[50.07,50.42],"DEWP":[-12.04,-12.040001],"FRSHTT":[1110000,1110000],"PRCP":[0.050000004,0.050000004],"SLP":[1004.1,1004.2001],"SNDP":[9.599999,9.599999],"STP":[1004.89,1004.87],"TEMP":[-9.1,-8.92],"VISIB":[27.929998,28.2],"WDSP":[14.209999,14.159999],"WNDDIR":[6.3,6.6],"time":[1549364858,1549364916]}