{"CLDC":[50.07],"DEWP":[-12.04],"FRSHTT":[1110000],"PRCP":[0.050000004],"SLP":[1004.1],"SNDP":[9.599999],"STP":[1004.89],"TEMP":[-9.1],"VISIB":[27.929998],"WDSP":[14.209999],"WNDDIR":[6.3],"time":[1549364858]}