{"CLDC":[50.160004],"DEWP":[-11.599999],"FRSHTT":[1110000],"PRCP":[0.23999998],"SLP":[1016.4],"SNDP":[16.699999],"STP":[924.5],"TEMP":[-9.980001],"VISIB":[8.7],"WDSP":[6.88],"WNDDIR":[336.4],"time":[1549364858]}