{"CLDC":[50.190006,50.08],"DEWP":[-24.650002,-24.430002],"FRSHTT":[1110000,1110000],"PRCP":[0.039999995,0.039999995],"SLP":[1012.7999,1012.7001],"SNDP":[10.400001,10.400001],"STP":[994.57,994.7001],"TEMP":[-20.02,-20.46],"VISIB":[28.87,29.15],"WDSP":[5.4100003,5.32],"WNDDIR":[1,0.1],"time":[1549364858,1549364917]}