{"CLDC":[93.91001],"DEWP":[-20.449999],"FRSHTT":[1010000],"PRCP":[0],"SLP":[1013.2001],"SNDP":[1.5],"STP":[965.80994],"TEMP":[-14.95],"VISIB":[30.580002],"WDSP":[21.19],"WNDDIR":[75.9],"time":[1549364858]}