{"CLDC":[86.40001,86.13999],"DEWP":[-8.88,-8.820001],"FRSHTT":[1000000,1000000],"PRCP":[0,0],"SLP":[1022.04004,1021.7601],"SNDP":[0,0],"STP":[1003.54004,1003.43],"TEMP":[-7,-6.9799995],"VISIB":[8.24,7.9199996],"WDSP":[2.55,2.4299998],"WNDDIR":[232.5,237.6],"time":[1549364858,1549364917]}