{"CLDC":[50.160004,50.030003],"DEWP":[-11.599999,-11.5199995],"FRSHTT":[1110000,1110000],"PRCP":[0.23999998,0.23999998],"SLP":[1016.4,1016.49005],"SNDP":[16.699999,16.800001],"STP":[924.5,924.54004],"TEMP":[-9.980001,-10.22],"VISIB":[8.7,9.23],"WDSP":[6.88,6.62],"WNDDIR":[336.4,338.3],"time":[1549364858,1549364917]}