{"CLDC":[87.009995],"DEWP":[0.56000006],"FRSHTT":[100000],"PRCP":[0.059999995],"SLP":[1015.92004],"SNDP":[0],"STP":[1012.5],"TEMP":[2.96],"VISIB":[9.4800005],"WDSP":[22.050001],"WNDDIR":[210.6],"time":[1549364859]}