{"CLDC":[92],"DEWP":[-10.0199995],"FRSHTT":[1010000],"PRCP":[0],"SLP":[1016.7001],"SNDP":[2.3999999],"STP":[1003.84],"TEMP":[-7.7799997],"VISIB":[12.93],"WDSP":[1.6000001],"WNDDIR":[298.8],"time":[1549364859]}