{"CLDC":[50.110004],"DEWP":[-7.15],"FRSHTT":[1110000],"PRCP":[0.41000003],"SLP":[1003.16],"SNDP":[2.1000001],"STP":[995.2999],"TEMP":[-3.2400002],"VISIB":[15.910001],"WDSP":[15.9800005],"WNDDIR":[213.5],"time":[1549364859]}