{"CLDC":[50.299995],"DEWP":[-8.82],"FRSHTT":[1110000],"PRCP":[0.5],"SLP":[1008.2001],"SNDP":[45.200005],"STP":[1005.69006],"TEMP":[-5.34],"VISIB":[13.659999],"WDSP":[10.820001],"WNDDIR":[332.5],"time":[1549364859]}