{"CLDC":[37.35],"DEWP":[-36.479996],"FRSHTT":[1000000],"PRCP":[0],"SLP":[999.9601],"SNDP":[0],"STP":[1020.42004],"TEMP":[-33.989998],"VISIB":[13.139999],"WDSP":[15.390001],"WNDDIR":[128.6],"time":[1549364859]}