{"CLDC":[50.299995,50.63],"DEWP":[-8.82,-8.640001],"FRSHTT":[1110000,1110000],"PRCP":[0.5,0.5],"SLP":[1008.2001,1008.2001],"SNDP":[45.200005,45.299995],"STP":[1005.69006,1005.86],"TEMP":[-5.34,-5.35],"VISIB":[13.659999,13.76],"WDSP":[10.820001,10.24],"WNDDIR":[332.5,330.2],"time":[1549364859,1549364917]}