{"CLDC":[55.05],"DEWP":[-6.55],"FRSHTT":[1110000],"PRCP":[0.8000001],"SLP":[1005.2999],"SNDP":[19.899998],"STP":[1002.18],"TEMP":[-3.6899998],"VISIB":[9.55],"WDSP":[18.14],"WNDDIR":[318.7],"time":[1549364859]}