{"CLDC":[92.850006,92.770004],"DEWP":[-19.570002,-19.550001],"FRSHTT":[1010000,1010000],"PRCP":[0,0],"SLP":[1006.30994,1006.52997],"SNDP":[7.3,7.3],"STP":[998.27,997.9899],"TEMP":[-15.12,-14.5199995],"VISIB":[21.680002,21.580002],"WDSP":[12.74,12.48],"WNDDIR":[270,269.3],"time":[1549364859,1549364917]}