{"CLDC":[55.05,55.150005],"DEWP":[-6.55,-6.45],"FRSHTT":[1110000,1110000],"PRCP":[0.8000001,0.8000001],"SLP":[1005.2999,1005.2999],"SNDP":[19.899998,20],"STP":[1002.18,1002.1],"TEMP":[-3.6899998,-3.7499995],"VISIB":[9.55,9.349999],"WDSP":[18.14,18.98],"WNDDIR":[318.7,318.3],"time":[1549364859,1549364917]}