{"CLDC":[50.219994],"DEWP":[-13.5],"FRSHTT":[1110000],"PRCP":[0.039999995],"SLP":[1004.7999],"SNDP":[8.199999],"STP":[1001.55],"TEMP":[-9.849999],"VISIB":[32.779995],"WDSP":[7.8600006],"WNDDIR":[335.3],"time":[1549364859]}