{"CLDC":[97.149994,96.68001],"DEWP":[-7.1800003,-7.3],"FRSHTT":[1000000,1000000],"PRCP":[0,0],"SLP":[985.11,986.3499],"SNDP":[0,0],"STP":[994.73,994.63],"TEMP":[-1.56,-1.6200001],"VISIB":[12.070001,11.15],"WDSP":[2.6100001,1.9599998],"WNDDIR":[128.1,129.4],"time":[1549364859,1549364917]}