{"CLDC":[66.46],"DEWP":[7.6200004],"FRSHTT":[100000],"PRCP":[0.009999999],"SLP":[1008.2001],"SNDP":[0],"STP":[980.43],"TEMP":[13.24],"VISIB":[24.61],"WDSP":[12.34],"WNDDIR":[280.8],"time":[1549364859]}