{"CLDC":[76.94,77.170006],"DEWP":[-11.58,-11.5],"FRSHTT":[1110000,1110000],"PRCP":[0.059999995,0.062],"SLP":[1003.13995,1003.2601],"SNDP":[1.3999999,1.3999999],"STP":[1000.69006,1000.72003],"TEMP":[-7.0099998,-6.9499993],"VISIB":[28.080002,28.189999],"WDSP":[16.369999,14.8],"WNDDIR":[70.2,68.6],"time":[1549364859,1549364917]}