{"CLDC":[87.009995,87.240005],"DEWP":[0.56000006,0.56000006],"FRSHTT":[100000,100000],"PRCP":[0.059999995,0.059999995],"SLP":[1015.92004,1016],"SNDP":[0,0],"STP":[1012.5,1012.66],"TEMP":[2.96,2.95],"VISIB":[9.4800005,9.4],"WDSP":[22.050001,22.2],"WNDDIR":[210.6,211.8],"time":[1549364859,1549364917]}