{"CLDC":[50.399998],"DEWP":[0.04],"FRSHTT":[100000],"PRCP":[0.029999997],"SLP":[1015.04004],"SNDP":[0],"STP":[1004.7101],"TEMP":[3.0400002],"VISIB":[15.179998],"WDSP":[24.08],"WNDDIR":[120.3],"time":[1549364859]}