{"CLDC":[39.610004],"DEWP":[0.22999999],"FRSHTT":[0],"PRCP":[0],"SLP":[989.86],"SNDP":[0],"STP":[997.35],"TEMP":[0.40000004],"VISIB":[12.51],"WDSP":[9.63],"WNDDIR":[358.9],"time":[1549364859]}