{"CLDC":[39.610004,39.329994],"DEWP":[0.22999999,0.1],"FRSHTT":[0,0],"PRCP":[0,0],"SLP":[989.86,989.1901],"SNDP":[0,0],"STP":[997.35,996.2399],"TEMP":[0.40000004,0.34],"VISIB":[12.51,11.7699995],"WDSP":[9.63,10.870001],"WNDDIR":[358.9,358.1],"time":[1549364859,1549364917]}