{"CLDC":[50.180004],"DEWP":[2.0000002],"FRSHTT":[100000],"PRCP":[0.14],"SLP":[996.7999],"SNDP":[0],"STP":[1009.79004],"TEMP":[3.95],"VISIB":[18.890001],"WDSP":[21.3],"WNDDIR":[277.4],"time":[1549364859]}