{"CLDC":[88.32],"DEWP":[-10.140001],"FRSHTT":[1110000],"PRCP":[0.07],"SLP":[1004.9],"SNDP":[2.3999999],"STP":[1002.6],"TEMP":[-7.2],"VISIB":[32.260002],"WDSP":[8.719999],"WNDDIR":[95.8],"time":[1549364859]}