{"CLDC":[88.32,88.32001],"DEWP":[-10.140001,-10.06],"FRSHTT":[1110000,1110000],"PRCP":[0.07,0.07],"SLP":[1004.9,1005],"SNDP":[2.3999999,2.3999999],"STP":[1002.6,1002.43994],"TEMP":[-7.2,-7.2],"VISIB":[32.260002,31.679998],"WDSP":[8.719999,7.8200006],"WNDDIR":[95.8,95.6],"time":[1549364859,1549364917]}