{"CLDC":[50.409996],"DEWP":[-8.94],"FRSHTT":[1110000],"PRCP":[0.039999995],"SLP":[1000.38],"SNDP":[3],"STP":[999.45996],"TEMP":[-6.7400002],"VISIB":[10.42],"WDSP":[35.81],"WNDDIR":[72.3],"time":[1549364861]}