{"CLDC":[50.060005,50.090004],"DEWP":[-9.049999,-8.9],"FRSHTT":[1110000,1110000],"PRCP":[0.029999997,0.029999997],"SLP":[1000.4,1000.4699],"SNDP":[1.3999999,1.3999999],"STP":[982.6501,982.7001],"TEMP":[-6.3500004,-6.3],"VISIB":[15.320002,15.69],"WDSP":[27.769999,28.7],"WNDDIR":[318,316.6],"time":[1549364861,1549364919]}