{"CLDC":[50.060005],"DEWP":[-9.049999],"FRSHTT":[1110000],"PRCP":[0.029999997],"SLP":[1000.4],"SNDP":[1.3999999],"STP":[982.6501],"TEMP":[-6.3500004],"VISIB":[15.320002],"WDSP":[27.769999],"WNDDIR":[318],"time":[1549364861]}