{"CLDC":[61.22],"DEWP":[-18.210001],"FRSHTT":[1000000],"PRCP":[0],"SLP":[994.7999],"SNDP":[0],"STP":[1007.47003],"TEMP":[-11.2],"VISIB":[16.919998],"WDSP":[23.439999],"WNDDIR":[32],"time":[1549364861]}