{"CLDC":[65.48],"DEWP":[-15.88],"FRSHTT":[1110000],"PRCP":[0.029999997],"SLP":[1001.82996],"SNDP":[11],"STP":[999.1],"TEMP":[-11.46],"VISIB":[24.380001],"WDSP":[18.41],"WNDDIR":[81.2],"time":[1549364855]}