{"CLDC":[28.76],"DEWP":[-32.6],"FRSHTT":[1000000],"PRCP":[0],"SLP":[989.1],"SNDP":[0],"STP":[972.72003],"TEMP":[-31.039999],"VISIB":[44.769997],"WDSP":[12.089999],"WNDDIR":[114.4],"time":[1549364855]}