{"CLDC":[96.8],"DEWP":[-13.879999],"FRSHTT":[1110000],"PRCP":[0.019999998],"SLP":[1002.7999],"SNDP":[1.3999999],"STP":[1001.7999],"TEMP":[-10.48],"VISIB":[29.779999],"WDSP":[18.01],"WNDDIR":[336.1],"time":[1549364855]}