{"CLDC":[28.76,28.709997],"DEWP":[-32.6,-32.6],"FRSHTT":[1000000,1000000],"PRCP":[0,0],"SLP":[989.1,989.08997],"SNDP":[0,0],"STP":[972.72003,971.68],"TEMP":[-31.039999,-31.359997],"VISIB":[44.769997,44.48],"WDSP":[12.089999,12.209999],"WNDDIR":[114.4,114.9],"time":[1549364855,1549364915]}