{"CLDC":[20.939999],"DEWP":[-10.999999],"FRSHTT":[1000000],"PRCP":[0],"SLP":[1005.6],"SNDP":[0],"STP":[1008.42004],"TEMP":[-8.339999],"VISIB":[42.15],"WDSP":[20.84],"WNDDIR":[47.3],"time":[1549364855]}