{"CLDC":[20.939999,20.89],"DEWP":[-10.999999,-10.949999],"FRSHTT":[1000000,1000000],"PRCP":[0,0],"SLP":[1005.6,1005.6],"SNDP":[0,0],"STP":[1008.42004,1008.48],"TEMP":[-8.339999,-8.34],"VISIB":[42.15,41.319996],"WDSP":[20.84,19.990002],"WNDDIR":[47.3,44.7],"time":[1549364855,1549364915]}