{"CLDC":[71.7],"DEWP":[-2.75],"FRSHTT":[1000000],"PRCP":[0],"SLP":[1002.87],"SNDP":[0],"STP":[1001.2001],"TEMP":[-0.6999999],"VISIB":[24.029999],"WDSP":[24.84],"WNDDIR":[300],"time":[1549364856]}