{"CLDC":[89.270004,89.33],"DEWP":[-5.76,-5.5800004],"FRSHTT":[1110000,1110000],"PRCP":[0.10000001,0.10000001],"SLP":[1001.9,1001.7999],"SNDP":[0.9,0.9],"STP":[997.4,997.5],"TEMP":[-2.74,-2.6600003],"VISIB":[15.259999,15.01],"WDSP":[21.39,22.599998],"WNDDIR":[210.3,209.4],"time":[1549364856,1549364916]}