{"CLDC":[89.270004],"DEWP":[-5.76],"FRSHTT":[1110000],"PRCP":[0.10000001],"SLP":[1001.9],"SNDP":[0.9],"STP":[997.4],"TEMP":[-2.74],"VISIB":[15.259999],"WDSP":[21.39],"WNDDIR":[210.3],"time":[1549364856]}