{"CLDC":[59.589996,59.769997],"DEWP":[-5.6799994,-5.6799994],"FRSHTT":[1000000,1000000],"PRCP":[0,0],"SLP":[984.77,985],"SNDP":[0,0],"STP":[998.50995,998.6],"TEMP":[-3.6200001,-3.6200001],"VISIB":[36.9,38.289997],"WDSP":[15.909999,17.87],"WNDDIR":[274.8,275],"time":[1549364857,1549364916]}