{"CLDC":[50.04],"DEWP":[-8.450001],"FRSHTT":[1110000],"PRCP":[0.07999999],"SLP":[1001.55994],"SNDP":[4.4000006],"STP":[994.1],"TEMP":[-5.19],"VISIB":[14.659999],"WDSP":[10.469999],"WNDDIR":[37.1],"time":[1549364857]}