{"CLDC":[50.359997],"DEWP":[-5.38],"FRSHTT":[1110000],"PRCP":[0.43],"SLP":[1007.05],"SNDP":[14],"STP":[1005.38995],"TEMP":[-3.5400002],"VISIB":[27.51],"WDSP":[12.43],"WNDDIR":[189.2],"time":[1549364857]}