{"CLDC":[50.359997,50.73],"DEWP":[-5.38,-5.2200003],"FRSHTT":[1110000,1110000],"PRCP":[0.43,0.43],"SLP":[1007.05,1007],"SNDP":[14,14.1],"STP":[1005.38995,1005.19006],"TEMP":[-3.5400002,-3.48],"VISIB":[27.51,27.84],"WDSP":[12.43,12.629999],"WNDDIR":[189.2,188.4],"time":[1549364857,1549364916]}