{"CLDC":[58.879997],"DEWP":[-2.7499998],"FRSHTT":[1000000],"PRCP":[0],"SLP":[991.3799],"SNDP":[0],"STP":[997.4601],"TEMP":[-0.8000001],"VISIB":[19.21],"WDSP":[14.590001],"WNDDIR":[214],"time":[1549364857]}