{"CLDC":[99.34999,99.09999],"DEWP":[-8.6,-8.500001],"FRSHTT":[1100000,1100000],"PRCP":[0.09000001,0.09000001],"SLP":[1017,1016.9],"SNDP":[0,0],"STP":[1018.22003,1018.2001],"TEMP":[-3.36,-3.42],"VISIB":[12.840001,12.93],"WDSP":[19.310001,20.55],"WNDDIR":[217.5,218.8],"time":[1549364857,1549364916]}