{"CLDC":[39.84,39.799995],"DEWP":[-0.78,-0.9599999],"FRSHTT":[0,0],"PRCP":[0,0],"SLP":[1030.3701,1030.3],"SNDP":[0,0],"STP":[1046.42,1046.1501],"TEMP":[1.4799999,1.4499999],"VISIB":[24.080002,23.91],"WDSP":[7.8700004,7.28],"WNDDIR":[80.4,81.1],"time":[1549364857,1549364916]}