{"CLDC":[93.079994],"DEWP":[-9.599999],"FRSHTT":[1100000],"PRCP":[0.26],"SLP":[1017.1],"SNDP":[0],"STP":[1016.7001],"TEMP":[-6.0000005],"VISIB":[15],"WDSP":[19.69],"WNDDIR":[5.7],"time":[1549364857]}