{"CLDC":[58.879997,58.799995],"DEWP":[-2.7499998,-2.6999998],"FRSHTT":[1000000,1000000],"PRCP":[0,0],"SLP":[991.3799,989.45996],"SNDP":[0,0],"STP":[997.4601,997.7001],"TEMP":[-0.8000001,-0.8000001],"VISIB":[19.21,19.93],"WDSP":[14.590001,15.45],"WNDDIR":[214,216.4],"time":[1549364857,1549364916]}