{"CLDC":[75.61],"DEWP":[-6.1799994],"FRSHTT":[0],"PRCP":[0],"SLP":[1031.96],"SNDP":[0],"STP":[1028.45],"TEMP":[0.35],"VISIB":[24.09],"WDSP":[30.470001],"WNDDIR":[83.6],"time":[1549364857]}