{"CLDC":[50.220005,50.259995],"DEWP":[-3.1999998,-3.0499997],"FRSHTT":[110000,110000],"PRCP":[0.14,0.14],"SLP":[1010.2999,1010.2999],"SNDP":[0.20000002,0.20000002],"STP":[1017.4,1017.4],"TEMP":[0.65,0.65],"VISIB":[15.33,15.789999],"WDSP":[16.23,16.329998],"WNDDIR":[185.2,182.7],"time":[1549364857,1549364916]}