{"CLDC":[50,50.11],"DEWP":[-0.54,-0.65999997],"FRSHTT":[100000,100000],"PRCP":[0.11999999,0.11999999],"SLP":[1014.49005,1014.5],"SNDP":[0,0],"STP":[1007.62,1007.80994],"TEMP":[1.35,1.32],"VISIB":[9.599999,9.870001],"WDSP":[18.990002,19.09],"WNDDIR":[329,331.7],"time":[1549364859,1549364917]}