{"CLDC":[53.6],"DEWP":[-0.32],"FRSHTT":[0],"PRCP":[0],"SLP":[992.1],"SNDP":[0],"STP":[975.55],"TEMP":[2.9299998],"VISIB":[15.340001],"WDSP":[53.239998],"WNDDIR":[156.5],"time":[1549364858]}