{"CLDC":[50.409996],"DEWP":[0.46000004],"FRSHTT":[100000],"PRCP":[1.72],"SLP":[1031.77],"SNDP":[0],"STP":[1029.7101],"TEMP":[1.55],"VISIB":[30.740002],"WDSP":[16.570002],"WNDDIR":[166.2],"time":[1549364858]}