{"CLDC":[50.299995],"DEWP":[-4.8799996],"FRSHTT":[1110000],"PRCP":[0.15999998],"SLP":[1008.38],"SNDP":[6.9000006],"STP":[1008.7001],"TEMP":[-2.74],"VISIB":[15.340001],"WDSP":[12.25],"WNDDIR":[132.3],"time":[1549364858]}