{"CLDC":[50.299995,50.600002],"DEWP":[-4.8799996,-4.8799996],"FRSHTT":[1110000,1110000],"PRCP":[0.15999998,0.15999998],"SLP":[1008.38,1007.68994],"SNDP":[6.9000006,6.9000006],"STP":[1008.7001,1008.7101],"TEMP":[-2.74,-2.77],"VISIB":[15.340001,15.679998],"WDSP":[12.25,12.79],"WNDDIR":[132.3,127.3],"time":[1549364858,1549364916]}