{"CLDC":[50.409996,50.710003],"DEWP":[0.46000004,0.48000002],"FRSHTT":[100000,100000],"PRCP":[1.72,1.72],"SLP":[1031.77,1031.9501],"SNDP":[0,0],"STP":[1029.7101,1029.99],"TEMP":[1.55,1.5800002],"VISIB":[30.740002,30.49],"WDSP":[16.570002,15.55],"WNDDIR":[166.2,163],"time":[1549364858,1549364916]}