{"CLDC":[53.6,53.620003],"DEWP":[-0.32,-0.33999997],"FRSHTT":[0,0],"PRCP":[0,0],"SLP":[992.1,992.2001],"SNDP":[0,0],"STP":[975.55,975.43],"TEMP":[2.9299998,2.95],"VISIB":[15.340001,15.17],"WDSP":[53.239998,54.580006],"WNDDIR":[156.5,162.5],"time":[1549364858,1549364916]}