{"CLDC":[50.200005],"DEWP":[-2.8600001],"FRSHTT":[1100000],"PRCP":[0.20000002],"SLP":[1013.38],"SNDP":[0],"STP":[1012.7899],"TEMP":[-0.5],"VISIB":[13.840001],"WDSP":[5.92],"WNDDIR":[124.9],"time":[1549364858]}