{"CLDC":[84.53999,84.83001],"DEWP":[-2.6499999,-2.4499998],"FRSHTT":[1100000,1100000],"PRCP":[0.14,0.14],"SLP":[996.87,996],"SNDP":[0,0],"STP":[998.4899,998.13],"TEMP":[-0.11,-0.16000001],"VISIB":[20.419998,19.98],"WDSP":[12.83,12.95],"WNDDIR":[83,82.1],"time":[1549364858,1549364916]}