{"CLDC":[50.200005,50.23],"DEWP":[-2.8600001,-2.7400002],"FRSHTT":[1100000,1100000],"PRCP":[0.20000002,0.20000002],"SLP":[1013.38,1013.2999],"SNDP":[0,0],"STP":[1012.7899,1012.7601],"TEMP":[-0.5,-0.5],"VISIB":[13.840001,13.95],"WDSP":[5.92,5.55],"WNDDIR":[124.9,126.5],"time":[1549364858,1549364916]}