{"CLDC":[50.090004,50.130005],"DEWP":[-2.5000002,-2.7000003],"FRSHTT":[110000,110000],"PRCP":[0.22,0.22],"SLP":[1011.4,1011.2999],"SNDP":[0.10000001,0.10000001],"STP":[1006.6,1006.6],"TEMP":[0.96999997,0.9599999],"VISIB":[20.710001,20.580002],"WDSP":[19.73,19.610003],"WNDDIR":[287.8,288.7],"time":[1549364858,1549364917]}