{"CLDC":[69.91],"DEWP":[1.8500001],"FRSHTT":[100000],"PRCP":[0.050000004],"SLP":[998],"SNDP":[0],"STP":[993.54004],"TEMP":[4.92],"VISIB":[28.889996],"WDSP":[18.11],"WNDDIR":[202.3],"time":[1549364859]}