{"CLDC":[76.10999,75.93],"DEWP":[-5.0899997,-5.0899997],"FRSHTT":[1110000,1110000],"PRCP":[0.039999995,0.039999995],"SLP":[998.1,998.1],"SNDP":[1.6000001,1.6000001],"STP":[1000.52,1000.6],"TEMP":[-1.7299999,-1.75],"VISIB":[13.25,13.129999],"WDSP":[34.16,32.769997],"WNDDIR":[134,140.3],"time":[1549364860,1549364918]}