{"CLDC":[76.10999],"DEWP":[-5.0899997],"FRSHTT":[1110000],"PRCP":[0.039999995],"SLP":[998.1],"SNDP":[1.6000001],"STP":[1000.52],"TEMP":[-1.7299999],"VISIB":[13.25],"WDSP":[34.16],"WNDDIR":[134],"time":[1549364860]}