{"CLDC":[77.09,76.990005],"DEWP":[-3.9599998,-3.9999995],"FRSHTT":[1110000,1110000],"PRCP":[0.07999999,0.07999999],"SLP":[998.4,998.5],"SNDP":[1.7,1.7],"STP":[997.5,997.57],"TEMP":[-0.9,-0.9],"VISIB":[10.609999,11.169999],"WDSP":[24.66,25.749996],"WNDDIR":[343.6,346.8],"time":[1549364855,1549364915]}