{"CLDC":[67.829994,67.78001],"DEWP":[-8.9,-8.9],"FRSHTT":[1000000,1000000],"PRCP":[0,0],"SLP":[992.5,992.5],"SNDP":[0,0],"STP":[991.1,991.1],"TEMP":[-6.26,-6.3500004],"VISIB":[22.630001,22.550001],"WDSP":[13.790001,13.109999],"WNDDIR":[298.2,299.2],"time":[1549364856,1549364916]}