{"CLDC":[88.28999,88.56999],"DEWP":[-3.6400006,-3.5500004],"FRSHTT":[1000000,1000000],"PRCP":[0,0],"SLP":[1006.5,1006.54004],"SNDP":[0,0],"STP":[1004.86,1004.98],"TEMP":[-1.3499999,-1.3599999],"VISIB":[28.720001,28.91],"WDSP":[26.560001,27.36],"WNDDIR":[106,103.9],"time":[1549364856,1549364916]}