{"CLDC":[50.050003],"DEWP":[-0.29999995],"FRSHTT":[100000],"PRCP":[0.11999999],"SLP":[1012.1],"SNDP":[0],"STP":[1007.16003],"TEMP":[1.1600001],"VISIB":[7.56],"WDSP":[15.340001],"WNDDIR":[3.1],"time":[1549364860]}