{"CLDC":[50.050003,50.100002],"DEWP":[-0.29999995,-0.49999994],"FRSHTT":[100000,100000],"PRCP":[0.11999999,0.11999999],"SLP":[1012.1,1012.1],"SNDP":[0,0],"STP":[1007.16003,1007.1501],"TEMP":[1.1600001,1.16],"VISIB":[7.56,7.7599998],"WDSP":[15.340001,15.090001],"WNDDIR":[3.1,1.6],"time":[1549364860,1549364918]}