{"CLDC":[62.789997,62.9],"DEWP":[-0.51000005,-0.71999997],"FRSHTT":[100000,100000],"PRCP":[0.11999999,0.11999999],"SLP":[1013.77997,1013.9],"SNDP":[0,0],"STP":[1009.19006,1009.2001],"TEMP":[0.87,0.87000006],"VISIB":[7.9600005,7.79],"WDSP":[19.23,19.59],"WNDDIR":[308.4,310.8],"time":[1549364859,1549364918]}