{"CLDC":[93.91001,94.189995],"DEWP":[-1.56,-1.56],"FRSHTT":[100000,100000],"PRCP":[0.059999995,0.059999995],"SLP":[1017.2899,1017.27997],"SNDP":[0,0],"STP":[1006.9,1006.9],"TEMP":[0.8000001,0.8000001],"VISIB":[8.66,8.15],"WDSP":[16.880001,17.09],"WNDDIR":[118.7,120.6],"time":[1549364860,1549364918]}