{"CLDC":[18.240002,18.41],"DEWP":[-2.7399998,-2.92],"FRSHTT":[1000000,1000000],"PRCP":[0,0],"SLP":[1029.77,1029.7799],"SNDP":[0,0],"STP":[1011,1011],"TEMP":[-2.32,-2.2800002],"VISIB":[4.4700003,3.8700001],"WDSP":[7.2100005,7.5199995],"WNDDIR":[0.7,0.8],"time":[1549364860,1549364918]}