{"CLDC":[18.240002],"DEWP":[-2.7399998],"FRSHTT":[1000000],"PRCP":[0],"SLP":[1029.77],"SNDP":[0],"STP":[1011],"TEMP":[-2.32],"VISIB":[4.4700003],"WDSP":[7.2100005],"WNDDIR":[0.7],"time":[1549364860]}