{"CLDC":[25.570004,25.359999],"DEWP":[-3.55,-3.5500004],"FRSHTT":[1000000,1000000],"PRCP":[0,0],"SLP":[1019.7999,1019.7999],"SNDP":[0,0],"STP":[986.4,986.2999],"TEMP":[-1.4,-1.4000001],"VISIB":[7.62,6.9600005],"WDSP":[14.37,15.210001],"WNDDIR":[246.9,248],"time":[1549364860,1549364918]}