{"CLDC":[27.829998],"DEWP":[-15.05],"FRSHTT":[1000000],"PRCP":[0],"SLP":[1011.2501],"SNDP":[0],"STP":[977.2001],"TEMP":[-8.839999],"VISIB":[3.69],"WDSP":[8.030001],"WNDDIR":[158.6],"time":[1549364860]}