{"CLDC":[50.04],"DEWP":[-2.0399997],"FRSHTT":[1100000],"PRCP":[0.11],"SLP":[1017.33997],"SNDP":[0],"STP":[1014.80994],"TEMP":[-0.40000004],"VISIB":[6.440001],"WDSP":[13.549998],"WNDDIR":[95.2],"time":[1549364861]}