{"CLDC":[50.04,50.210003],"DEWP":[-2.0399997,-2.2499998],"FRSHTT":[1100000,1100000],"PRCP":[0.11,0.11],"SLP":[1017.33997,1017.36005],"SNDP":[0,0],"STP":[1014.80994,1014.83997],"TEMP":[-0.40000004,-0.40000004],"VISIB":[6.440001,6.25],"WDSP":[13.549998,14.08],"WNDDIR":[95.2,97.2],"time":[1549364861,1549364918]}