{"CLDC":[19.09,19.160002],"DEWP":[-19.36,-19.36],"FRSHTT":[1000000,1000000],"PRCP":[0,0],"SLP":[1010.7001,1010.75],"SNDP":[0,0],"STP":[1018.00995,1018],"TEMP":[-16.3,-15.999998],"VISIB":[20.73,21.17],"WDSP":[19.630001,20],"WNDDIR":[135.8,134.4],"time":[1549364855,1549364915]}