{"CLDC":[3.89,3.7699997],"DEWP":[-18.02,-18.02],"FRSHTT":[1000000,1000000],"PRCP":[0,0],"SLP":[1012.6501,1012.68005],"SNDP":[0,0],"STP":[1015.1,1015.2301],"TEMP":[-5.46,-5.4700003],"VISIB":[35.24,34.65],"WDSP":[20.890001,21.520002],"WNDDIR":[161.5,160.8],"time":[1549364855,1549364915]}