{"CLDC":[10.03,10.23],"DEWP":[-10.619999,-10.83],"FRSHTT":[1000000,1000000],"PRCP":[0,0],"SLP":[1026.0999,1026.0999],"SNDP":[0,0],"STP":[1063.03,1063],"TEMP":[-7.05,-6.9],"VISIB":[47.170002,46.140007],"WDSP":[4.69,4.7200003],"WNDDIR":[271.1,273.4],"time":[1549364855,1549364915]}