{"CLDC":[10.03],"DEWP":[-10.619999],"FRSHTT":[1000000],"PRCP":[0],"SLP":[1026.0999],"SNDP":[0],"STP":[1063.03],"TEMP":[-7.05],"VISIB":[47.170002],"WDSP":[4.69],"WNDDIR":[271.1],"time":[1549364855]}