{"CLDC":[72.37],"DEWP":[-28.219997],"FRSHTT":[1110000],"PRCP":[0.029999997],"SLP":[1020],"SNDP":[13.199999],"STP":[1010],"TEMP":[-23.210003],"VISIB":[30.939999],"WDSP":[10.320001],"WNDDIR":[37.6],"time":[1549364855]}