{"CLDC":[67.549995],"DEWP":[-18.66],"FRSHTT":[1110000],"PRCP":[0.029999997],"SLP":[1015.1],"SNDP":[7],"STP":[952.36005],"TEMP":[-15.660001],"VISIB":[27.76],"WDSP":[9.910001],"WNDDIR":[314.5],"time":[1549364855]}