{"CLDC":[67.549995,67.57],"DEWP":[-18.66,-18.6],"FRSHTT":[1110000,1110000],"PRCP":[0.029999997,0.029999997],"SLP":[1015.1,1015.05994],"SNDP":[7,7],"STP":[952.36005,952.7001],"TEMP":[-15.660001,-15.6],"VISIB":[27.76,27.36],"WDSP":[9.910001,11.039999],"WNDDIR":[314.5,315.1],"time":[1549364855,1549364915]}