{"CLDC":[54.97],"DEWP":[-15.9],"FRSHTT":[1000000],"PRCP":[0],"SLP":[1015.64],"SNDP":[0],"STP":[1015.41],"TEMP":[-9.679999],"VISIB":[28.65],"WDSP":[9.059999],"WNDDIR":[168.4],"time":[1549364856]}