{"CLDC":[18.949999,18.640001],"DEWP":[-11.45,-11.450001],"FRSHTT":[1000000,1000000],"PRCP":[0,0],"SLP":[1021.66,1021.63],"SNDP":[0,0],"STP":[1018.39,1018.43],"TEMP":[-7.65,-7.79],"VISIB":[22.510002,22.249998],"WDSP":[7.3900003,6.85],"WNDDIR":[207.8,205],"time":[1549364856,1549364915]}