{"CLDC":[78.91],"DEWP":[-33.85],"FRSHTT":[1010000],"PRCP":[0],"SLP":[1001.63],"SNDP":[4.0999994],"STP":[989.49005],"TEMP":[-30.7],"VISIB":[13.210001],"WDSP":[19.580002],"WNDDIR":[241],"time":[1549364856]}