{"CLDC":[37.879997,38.010002],"DEWP":[-7.8599997,-7.7],"FRSHTT":[1000000,1000000],"PRCP":[0,0],"SLP":[1018.9,1018.9],"SNDP":[0,0],"STP":[1023.7301,1023.85],"TEMP":[-5.6300006,-5.84],"VISIB":[18.35,18.869999],"WDSP":[19.180002,19.289999],"WNDDIR":[232.8,234.3],"time":[1549364856,1549364915]}