{"CLDC":[18.949999],"DEWP":[-11.45],"FRSHTT":[1000000],"PRCP":[0],"SLP":[1021.66],"SNDP":[0],"STP":[1018.39],"TEMP":[-7.65],"VISIB":[22.510002],"WDSP":[7.3900003],"WNDDIR":[207.8],"time":[1549364856]}