{"CLDC":[50.04,50.46],"DEWP":[-24.3,-24.300001],"FRSHTT":[1110000,1110000],"PRCP":[0.029999997,0.029999997],"SLP":[1018.7999,1019.02],"SNDP":[18.399998,18.399998],"STP":[975.05994,974.9],"TEMP":[-19.560001,-19.32],"VISIB":[20.750002,20.670002],"WDSP":[8.47,8],"WNDDIR":[26.8,27.1],"time":[1549364856,1549364916]}