{"CLDC":[50.090004,50.49],"DEWP":[4.8999996,4.96],"FRSHTT":[100000,100000],"PRCP":[1.0599998,1.0599998],"SLP":[1016.45,1016.15],"SNDP":[0,0],"STP":[1003.2501,1001.80994],"TEMP":[6.72,6.6999993],"VISIB":[14.49,13.13],"WDSP":[28.280003,26.65],"WNDDIR":[63.3,62.5],"time":[1549364856,1549364916]}