{"CLDC":[50.04],"DEWP":[-17.539999],"FRSHTT":[1110000],"PRCP":[0.029999997],"SLP":[1020.5],"SNDP":[5.9000006],"STP":[951.2999],"TEMP":[-13.68],"VISIB":[22.989998],"WDSP":[14.81],"WNDDIR":[206.5],"time":[1549364856]}