{"CLDC":[50.110004,50.289997],"DEWP":[-20.05,-20.020002],"FRSHTT":[1110000,1110000],"PRCP":[0.14,0.14],"SLP":[1021.00995,1021.05],"SNDP":[23.699999,23.699999],"STP":[966.04004,966.57996],"TEMP":[-16.8,-16.94],"VISIB":[16.039999,16.429998],"WDSP":[14,14.039999],"WNDDIR":[232.1,234.4],"time":[1549364857,1549364916]}