{"CLDC":[50.06,50.809998],"DEWP":[-20.08,-19.490002],"FRSHTT":[1110000,1110000],"PRCP":[0.009999999,0.009999999],"SLP":[1022.7001,1022.62],"SNDP":[18.600002,18.699999],"STP":[993.4,993.4],"TEMP":[-15.68,-15.12],"VISIB":[20.22,19.93],"WDSP":[10.669999,11.17],"WNDDIR":[25.4,23],"time":[1549364857,1549364916]}