{"CLDC":[50.030003],"DEWP":[-22.500004],"FRSHTT":[1110000],"PRCP":[0.009999999],"SLP":[1022.1],"SNDP":[20.600002],"STP":[980.2001],"TEMP":[-18.449999],"VISIB":[20.28],"WDSP":[8.91],"WNDDIR":[335],"time":[1549364857]}