{"CLDC":[50.379997,50.57],"DEWP":[-24.25,-24.25],"FRSHTT":[1110000,1110000],"PRCP":[0.009999999,0.009999999],"SLP":[1014.75995,1014.32996],"SNDP":[15.800001,15.800001],"STP":[993.2101,993.48],"TEMP":[-21.66,-21.580002],"VISIB":[24.27,24.789999],"WDSP":[10.040001,10.25],"WNDDIR":[144.7,150.3],"time":[1549364857,1549364916]}