{"CLDC":[78.98],"DEWP":[-16.550001],"FRSHTT":[1110000],"PRCP":[0.029999997],"SLP":[1021.11993],"SNDP":[18.100002],"STP":[974.68005],"TEMP":[-13],"VISIB":[19.68],"WDSP":[11.5199995],"WNDDIR":[304.7],"time":[1549364857]}