{"CLDC":[61.260002,61.339996],"DEWP":[-35.500004,-35.46],"FRSHTT":[1010000,1010000],"PRCP":[0,0],"SLP":[1023.12,1023.38],"SNDP":[6,6],"STP":[1021.97003,1021.93],"TEMP":[-30.819998,-31.05],"VISIB":[15.209999,15.4800005],"WDSP":[11.860001,12.69],"WNDDIR":[148.1,152.1],"time":[1549364857,1549364916]}