{"CLDC":[50.07,50],"DEWP":[-16.679998,-17.039997],"FRSHTT":[1110000,1110000],"PRCP":[0.029999997,0.029999997],"SLP":[1021.5,1021.5],"SNDP":[22.5,22.5],"STP":[958.1,958.00995],"TEMP":[-14.179998,-14.1],"VISIB":[18.969997,18.76],"WDSP":[14,14.469999],"WNDDIR":[202,203.2],"time":[1549364857,1549364916]}