{"CLDC":[50.06],"DEWP":[-20.08],"FRSHTT":[1110000],"PRCP":[0.009999999],"SLP":[1022.7001],"SNDP":[18.600002],"STP":[993.4],"TEMP":[-15.68],"VISIB":[20.22],"WDSP":[10.669999],"WNDDIR":[25.4],"time":[1549364857]}