{"CLDC":[78.98,78.990005],"DEWP":[-16.550001,-16.36],"FRSHTT":[1110000,1110000],"PRCP":[0.029999997,0.029999997],"SLP":[1021.11993,1021.2001],"SNDP":[18.100002,18.100002],"STP":[974.68005,974.63007],"TEMP":[-13,-12.639999],"VISIB":[19.68,19.499998],"WDSP":[11.5199995,12.3],"WNDDIR":[304.7,304.4],"time":[1549364857,1549364916]}