{"CLDC":[50.110004],"DEWP":[-20.05],"FRSHTT":[1110000],"PRCP":[0.14],"SLP":[1021.00995],"SNDP":[23.699999],"STP":[966.04004],"TEMP":[-16.8],"VISIB":[16.039999],"WDSP":[14],"WNDDIR":[232.1],"time":[1549364857]}