{"CLDC":[50.07],"DEWP":[-16.679998],"FRSHTT":[1110000],"PRCP":[0.029999997],"SLP":[1021.5],"SNDP":[22.5],"STP":[958.1],"TEMP":[-14.179998],"VISIB":[18.969997],"WDSP":[14],"WNDDIR":[202],"time":[1549364857]}