{"CLDC":[50.379997],"DEWP":[-24.25],"FRSHTT":[1110000],"PRCP":[0.009999999],"SLP":[1014.75995],"SNDP":[15.800001],"STP":[993.2101],"TEMP":[-21.66],"VISIB":[24.27],"WDSP":[10.040001],"WNDDIR":[144.7],"time":[1549364857]}