{"CLDC":[50.299995,50.389996],"DEWP":[-24.750002,-24.759998],"FRSHTT":[1110000,1110000],"PRCP":[0.009999999,0.009999999],"SLP":[1017.13995,1017],"SNDP":[12.400001,12.400001],"STP":[1012.7999,1012.7999],"TEMP":[-20.349998,-20.35],"VISIB":[14.69,14.320002],"WDSP":[24.749998,23.13],"WNDDIR":[155.4,152.9],"time":[1549364857,1549364916]}