{"CLDC":[50.110004,50.06],"DEWP":[-27.52,-27.970001],"FRSHTT":[1010000,1010000],"PRCP":[0,0],"SLP":[1010.2999,1010.4],"SNDP":[6.2999997,6.2999997],"STP":[1009.2001,1009.17004],"TEMP":[-23.5,-23.36],"VISIB":[13.88,13.93],"WDSP":[21.050001,22.61],"WNDDIR":[276.9,278],"time":[1549364857,1549364916]}