{"CLDC":[57.309998],"DEWP":[-24.500004],"FRSHTT":[1110000],"PRCP":[0.009999999],"SLP":[1013.64],"SNDP":[8.5],"STP":[1010.1],"TEMP":[-19.619999],"VISIB":[17.210001],"WDSP":[12.820002],"WNDDIR":[100.9],"time":[1549364858]}