{"CLDC":[50.04,50.010002],"DEWP":[-10.099999,-10.08],"FRSHTT":[1010000,1010000],"PRCP":[0,0],"SLP":[1024.1499,1024.2001],"SNDP":[28.7,28.8],"STP":[1002.2001,1002.2001],"TEMP":[-7.8200006,-8.080001],"VISIB":[17.109997,16.55],"WDSP":[13.2699995,13.33],"WNDDIR":[121.6,121.7],"time":[1549364858,1549364916]}