{"CLDC":[64.53999],"DEWP":[-21.279999],"FRSHTT":[1000000],"PRCP":[0],"SLP":[1012.2999],"SNDP":[0],"STP":[1020.2],"TEMP":[-15.839999],"VISIB":[20.58],"WDSP":[12.15],"WNDDIR":[196.6],"time":[1549364858]}