{"CLDC":[64.53999,64.67],"DEWP":[-21.279999,-21.119999],"FRSHTT":[1000000,1000000],"PRCP":[0,0],"SLP":[1012.2999,1012.2999],"SNDP":[0,0],"STP":[1020.2,1020.27],"TEMP":[-15.839999,-16.079998],"VISIB":[20.58,20.689999],"WDSP":[12.15,11.700001],"WNDDIR":[196.6,191.5],"time":[1549364858,1549364916]}