{"CLDC":[75.880005,76.350006],"DEWP":[-21.4,-21.240002],"FRSHTT":[1000000,1000000],"PRCP":[0,0],"SLP":[1011.7001,1011.6],"SNDP":[0,0],"STP":[1007.32996,1007.64],"TEMP":[-16.98,-16.44],"VISIB":[13.780002,13.26],"WDSP":[9.93,10.05],"WNDDIR":[316.4,318.9],"time":[1549364858,1549364916]}