{"CLDC":[95.97001,95.8],"DEWP":[-24.200003,-24.04],"FRSHTT":[1010000,1010000],"PRCP":[0,0],"SLP":[1012.7999,1012.7999],"SNDP":[4.5,4.5],"STP":[1005,1005],"TEMP":[-19.319998,-19.899998],"VISIB":[19.029999,18.39],"WDSP":[6.9000006,6.55],"WNDDIR":[29.4,26],"time":[1549364858,1549364916]}