{"CLDC":[50.230003],"DEWP":[5.2000003],"FRSHTT":[100000],"PRCP":[1],"SLP":[1017.56995],"SNDP":[0],"STP":[1006.65],"TEMP":[6.6500006],"VISIB":[10.38],"WDSP":[28.079998],"WNDDIR":[303.9],"time":[1549364856]}