{"CLDC":[75.880005],"DEWP":[-21.4],"FRSHTT":[1000000],"PRCP":[0],"SLP":[1011.7001],"SNDP":[0],"STP":[1007.32996],"TEMP":[-16.98],"VISIB":[13.780002],"WDSP":[9.93],"WNDDIR":[316.4],"time":[1549364858]}