{"CLDC":[50.230003],"DEWP":[-2.65],"FRSHTT":[100000],"PRCP":[0.73999995],"SLP":[994.87],"SNDP":[0],"STP":[993.43],"TEMP":[1.48],"VISIB":[13.45],"WDSP":[46.850002],"WNDDIR":[15.2],"time":[1549364859]}