{"CLDC":[50.060005,50.05],"DEWP":[2.15,2.15],"FRSHTT":[100000,100000],"PRCP":[0.18000002,0.18000002],"SLP":[1016.2001,1016.2001],"SNDP":[0,0],"STP":[1011.11,1011.1],"TEMP":[4.2799997,4.34],"VISIB":[9.33,9.7],"WDSP":[18.53,18.85],"WNDDIR":[104.2,102.2],"time":[1549364857,1549364916]}