{"CLDC":[50.230003,50.150005],"DEWP":[-2.65,-2.4399998],"FRSHTT":[100000,100000],"PRCP":[0.73999995,0.73999995],"SLP":[994.87,995.04004],"SNDP":[0,0],"STP":[993.43,993.4501],"TEMP":[1.48,1.48],"VISIB":[13.45,13.7699995],"WDSP":[46.850002,43.590004],"WNDDIR":[15.2,14.6],"time":[1549364859,1549364917]}