{"CLDC":[52.04,52.389996],"DEWP":[-8.92,-9.029999],"FRSHTT":[1110000,1110000],"PRCP":[0.050000004,0.050000004],"SLP":[1019.19006,1019.16003],"SNDP":[13.5,13.6],"STP":[906.31995,906.2999],"TEMP":[-6,-6.0599995],"VISIB":[19.12,19.7],"WDSP":[12.379999,12.32],"WNDDIR":[222.9,224],"time":[1549364859,1549364917]}