{"CLDC":[50.359993,50.590004],"DEWP":[-0.70000005,-0.76000005],"FRSHTT":[110000,110000],"PRCP":[0.19000001,0.19000001],"SLP":[1011,1011],"SNDP":[0.10000001,0.10000001],"STP":[1010,1010],"TEMP":[1.5600002,1.53],"VISIB":[17.59,17.97],"WDSP":[22.530003,26.26],"WNDDIR":[131.9,133.2],"time":[1549364859,1549364918]}