{"CLDC":[50.010002],"DEWP":[-3.6599994],"FRSHTT":[110000],"PRCP":[0.19000001],"SLP":[1019],"SNDP":[0.10000001],"STP":[1011.6],"TEMP":[0.43],"VISIB":[28.84],"WDSP":[8.69],"WNDDIR":[14],"time":[1549364859]}