{"CLDC":[52.04],"DEWP":[-8.92],"FRSHTT":[1110000],"PRCP":[0.050000004],"SLP":[1019.19006],"SNDP":[13.5],"STP":[906.31995],"TEMP":[-6],"VISIB":[19.12],"WDSP":[12.379999],"WNDDIR":[222.9],"time":[1549364859]}