{"CLDC":[53.869995,53.75],"DEWP":[-8.6,-8.6],"FRSHTT":[1110000,1110000],"PRCP":[0.039999995,0.039999995],"SLP":[1019.1,1019.1501],"SNDP":[3.1000001,3.1000001],"STP":[955.39,955.38],"TEMP":[-5.3599997,-5.38],"VISIB":[12.95,12.860001],"WDSP":[6.1,6.410001],"WNDDIR":[163.3,161.3],"time":[1549364859,1549364917]}