{"CLDC":[53.869995],"DEWP":[-8.6],"FRSHTT":[1110000],"PRCP":[0.039999995],"SLP":[1019.1],"SNDP":[3.1000001],"STP":[955.39],"TEMP":[-5.3599997],"VISIB":[12.95],"WDSP":[6.1],"WNDDIR":[163.3],"time":[1549364859]}