{"CLDC":[52.75,52.590004],"DEWP":[-0.93999994,-0.8199999],"FRSHTT":[100000,100000],"PRCP":[0.38000003,0.38000003],"SLP":[1014.9,1014.9],"SNDP":[0,0],"STP":[1012.2001,1012.2001],"TEMP":[1.38,1.4200001],"VISIB":[24.150002,23.53],"WDSP":[16.01,15.05],"WNDDIR":[146,147.1],"time":[1549364859,1549364918]}