{"CLDC":[50.359993],"DEWP":[-0.70000005],"FRSHTT":[110000],"PRCP":[0.19000001],"SLP":[1011],"SNDP":[0.10000001],"STP":[1010],"TEMP":[1.5600002],"VISIB":[17.59],"WDSP":[22.530003],"WNDDIR":[131.9],"time":[1549364859]}