{"CLDC":[23.76,23.929998],"DEWP":[-1.32,-1.3199999],"FRSHTT":[0,0],"PRCP":[0,0],"SLP":[1000.87,1000.00995],"SNDP":[0,0],"STP":[992.45,992.3],"TEMP":[2.4,2.3799999],"VISIB":[22.21,21.650002],"WDSP":[12.940001,13.389999],"WNDDIR":[28.8,29.9],"time":[1549364860,1549364918]}