{"CLDC":[62.190002,62.01],"DEWP":[-0.9200001,-1.0799999],"FRSHTT":[100000,100000],"PRCP":[0.039999995,0.039999995],"SLP":[1012.33997,1012.49005],"SNDP":[0,0],"STP":[1010.02,1010.04004],"TEMP":[2.1200001,2.15],"VISIB":[20.170002,19.8],"WDSP":[32.480003,33.000004],"WNDDIR":[150.8,150.3],"time":[1549364860,1549364918]}