{"CLDC":[50.140007,50.42],"DEWP":[-13.039999,-12.749999],"FRSHTT":[1110000,1110000],"PRCP":[0.029999997,0.029999997],"SLP":[1020.1,1020.18005],"SNDP":[9.199999,9.199999],"STP":[959.17004,959.16003],"TEMP":[-9.34,-8.700001],"VISIB":[20.49,20.070002],"WDSP":[12.059999,12.300001],"WNDDIR":[324.4,325.2],"time":[1549364860,1549364918]}