{"CLDC":[94.340004],"DEWP":[-12.51],"FRSHTT":[1110000],"PRCP":[0.009999999],"SLP":[1021.7001],"SNDP":[12.800001],"STP":[858],"TEMP":[-7.3299994],"VISIB":[21.98],"WDSP":[9.24],"WNDDIR":[287.6],"time":[1549364860]}