{"CLDC":[4.45,4.13],"DEWP":[-13.9,-13.9800005],"FRSHTT":[1000000,1000000],"PRCP":[0,0],"SLP":[1023.7999,1023.7001],"SNDP":[0,0],"STP":[1025.2501,1025.2001],"TEMP":[-10.120001,-10.120001],"VISIB":[20.03,20.16],"WDSP":[14.01,12.960001],"WNDDIR":[48.2,48.9],"time":[1549364860,1549364918]}