{"CLDC":[50.140007],"DEWP":[-13.039999],"FRSHTT":[1110000],"PRCP":[0.029999997],"SLP":[1020.1],"SNDP":[9.199999],"STP":[959.17004],"TEMP":[-9.34],"VISIB":[20.49],"WDSP":[12.059999],"WNDDIR":[324.4],"time":[1549364860]}