{"CLDC":[79.14,79.05],"DEWP":[-14.399999,-14.199999],"FRSHTT":[1110000,1110000],"PRCP":[0.009999999,0.009999999],"SLP":[1019.1,1019.1],"SNDP":[2,2],"STP":[934.5,934.50995],"TEMP":[-10.24,-10.24],"VISIB":[18.4,18.23],"WDSP":[13.370001,14.17],"WNDDIR":[61.6,60.3],"time":[1549364860,1549364918]}