{"CLDC":[50.07],"DEWP":[-15.300001],"FRSHTT":[1110000],"PRCP":[0.019999998],"SLP":[1019.7001],"SNDP":[6.8],"STP":[933.91003],"TEMP":[-12.959999],"VISIB":[19.02],"WDSP":[15.1],"WNDDIR":[358.3],"time":[1549364860]}