{"CLDC":[98.5,98.920006],"DEWP":[-7.3100004,-7.16],"FRSHTT":[1000000,1000000],"PRCP":[0,0],"SLP":[1027.04,1026.9601],"SNDP":[0,0],"STP":[1017.2499,1016.5999],"TEMP":[-4.94,-4.9499993],"VISIB":[13.68,13.4],"WDSP":[7.71,7.6399994],"WNDDIR":[222.9,223.3],"time":[1549364860,1549364918]}