{"CLDC":[50.28,50.140003],"DEWP":[-14.240001,-14.659999],"FRSHTT":[1110000,1110000],"PRCP":[0.050000004,0.050000004],"SLP":[1021.2699,1021.2001],"SNDP":[10.5,10.5],"STP":[973.6,973.6],"TEMP":[-11.6900015,-11.2],"VISIB":[20.36,19.59],"WDSP":[15.93,15.15],"WNDDIR":[70.2,72.4],"time":[1549364860,1549364918]}