{"CLDC":[71.07],"DEWP":[-17.96],"FRSHTT":[1110000],"PRCP":[0.009999999],"SLP":[1021.9],"SNDP":[7.0999994],"STP":[958.83997],"TEMP":[-14.449999],"VISIB":[18.680002],"WDSP":[15.43],"WNDDIR":[166.8],"time":[1549364860]}