{"CLDC":[50.100006,50.35],"DEWP":[-22.84,-22.52],"FRSHTT":[1110000,1110000],"PRCP":[0.019999998,0.019999998],"SLP":[1024.4601,1024.5],"SNDP":[20.100002,20.100002],"STP":[991.7999,991.7999],"TEMP":[-19.419998,-19.2],"VISIB":[21.66,21.689999],"WDSP":[4.6800003,5.31],"WNDDIR":[153.2,156.7],"time":[1549364860,1549364918]}