{"CLDC":[72.25,72.19],"DEWP":[-21.24,-20.88],"FRSHTT":[1110000,1110000],"PRCP":[0.050000004,0.050000004],"SLP":[1027.01,1026.92],"SNDP":[19,19],"STP":[993.0301,992.74005],"TEMP":[-17.55,-17.45],"VISIB":[20.49,20.179998],"WDSP":[9.71,8.09],"WNDDIR":[64.8,64.1],"time":[1549364861,1549364918]}