{"CLDC":[50.02,50.200005],"DEWP":[-20.94,-20.359999],"FRSHTT":[1110000,1110000],"PRCP":[0.039999995,0.039999995],"SLP":[1022.2101,1022.31995],"SNDP":[16.5,16.5],"STP":[992.73,992.7999],"TEMP":[-17.439999,-17.66],"VISIB":[18.75,18.31],"WDSP":[10.830001,10.83],"WNDDIR":[167.1,164.6],"time":[1549364861,1549364918]}