{"CLDC":[72.53999],"DEWP":[-19.280003],"FRSHTT":[1110000],"PRCP":[0.009999999],"SLP":[1022.72003],"SNDP":[11.5],"STP":[970.2999],"TEMP":[-16.32],"VISIB":[19.14],"WDSP":[14.31],"WNDDIR":[321.4],"time":[1549364861]}