{"CLDC":[72.53999,72.79],"DEWP":[-19.280003,-19.28],"FRSHTT":[1110000,1110000],"PRCP":[0.009999999,0.009999999],"SLP":[1022.72003,1022.7999],"SNDP":[11.5,11.599999],"STP":[970.2999,970.2001],"TEMP":[-16.32,-16.36],"VISIB":[19.14,18.69],"WDSP":[14.31,14.059999],"WNDDIR":[321.4,322.7],"time":[1549364861,1549364918]}