{"CLDC":[50.050003],"DEWP":[-20.58],"FRSHTT":[1110000],"PRCP":[0.029999997],"SLP":[1022.47003],"SNDP":[19.699999],"STP":[991.42004],"TEMP":[-17.3],"VISIB":[19.36],"WDSP":[9.22],"WNDDIR":[308.1],"time":[1549364861]}