{"CLDC":[50.050003,50.03],"DEWP":[-20.58,-20.820002],"FRSHTT":[1110000,1110000],"PRCP":[0.029999997,0.029999997],"SLP":[1022.47003,1022.55994],"SNDP":[19.699999,19.699999],"STP":[991.42004,991.2399],"TEMP":[-17.3,-17.5],"VISIB":[19.36,19.069998],"WDSP":[9.22,8.870001],"WNDDIR":[308.1,304],"time":[1549364861,1549364918]}