{"CLDC":[50.02],"DEWP":[-20.94],"FRSHTT":[1110000],"PRCP":[0.039999995],"SLP":[1022.2101],"SNDP":[16.5],"STP":[992.73],"TEMP":[-17.439999],"VISIB":[18.75],"WDSP":[10.830001],"WNDDIR":[167.1],"time":[1549364861]}