{"CLDC":[86.69001,86.40001],"DEWP":[-25.679998,-25.679998],"FRSHTT":[1110000,1110000],"PRCP":[0.059999995,0.059999995],"SLP":[1015.5,1015.5],"SNDP":[12.400001,12.400001],"STP":[1012.6,1012.6],"TEMP":[-20.620003,-20.700003],"VISIB":[24.8,25.12],"WDSP":[16.13,15.460001],"WNDDIR":[352,351.2],"time":[1549364856,1549364915]}