{"CLDC":[87.96001],"DEWP":[-16.3],"FRSHTT":[1110000],"PRCP":[0.23999998],"SLP":[1008.2999],"SNDP":[21.899998],"STP":[1006.05],"TEMP":[-13.660001],"VISIB":[14.88],"WDSP":[21.150002],"WNDDIR":[95.7],"time":[1549364856]}