{"CLDC":[50.379997,50.030003],"DEWP":[-30.720001,-30.24],"FRSHTT":[1110000,1110000],"PRCP":[0.07,0.07],"SLP":[1014.6,1014.6],"SNDP":[31.2,31.3],"STP":[958.2101,958.2999],"TEMP":[-27.199997,-27.199997],"VISIB":[16.59,16.67],"WDSP":[14.589999,15.569998],"WNDDIR":[147.9,146.5],"time":[1549364856,1549364915]}