{"CLDC":[50.329998],"DEWP":[2.8799999],"FRSHTT":[100000],"PRCP":[0.47999996],"SLP":[1006.2201],"SNDP":[0],"STP":[995.7001],"TEMP":[5.3500004],"VISIB":[11.340001],"WDSP":[27.319998],"WNDDIR":[255.4],"time":[1549364857]}