{"CLDC":[14.209999],"DEWP":[-23.029999],"FRSHTT":[1000000],"PRCP":[0],"SLP":[1010.7001],"SNDP":[0],"STP":[1004.79004],"TEMP":[-19.240002],"VISIB":[32.690002],"WDSP":[16.369999],"WNDDIR":[173.2],"time":[1549364856]}