{"CLDC":[50.329998,50.46],"DEWP":[2.8799999,2.9499998],"FRSHTT":[100000,100000],"PRCP":[0.47999996,0.47999996],"SLP":[1006.2201,1006.27],"SNDP":[0,0],"STP":[995.7001,995.7301],"TEMP":[5.3500004,5.5000005],"VISIB":[11.340001,11.360001],"WDSP":[27.319998,26.330002],"WNDDIR":[255.4,257.4],"time":[1549364857,1549364916]}