{"CLDC":[50.08],"DEWP":[1.7],"FRSHTT":[100000],"PRCP":[0.22999999],"SLP":[1014.04004],"SNDP":[0],"STP":[1016.07],"TEMP":[3.16],"VISIB":[10.740002],"WDSP":[21.97],"WNDDIR":[74],"time":[1549364857]}