{"CLDC":[50.13,50.530003],"DEWP":[-15.820002,-15.82],"FRSHTT":[1110000,1110000],"PRCP":[0.29,0.29],"SLP":[1011.4,1011.4],"SNDP":[10.5,10.5],"STP":[1010.38995,1010.4699],"TEMP":[-12.630001,-12.360001],"VISIB":[13.62,14.360001],"WDSP":[26.24,25.48],"WNDDIR":[334.8,337.4],"time":[1549364856,1549364916]}