{"CLDC":[63.619995],"DEWP":[-13.160001],"FRSHTT":[1110000],"PRCP":[0.039999995],"SLP":[1022.13],"SNDP":[41.700005],"STP":[1021.09],"TEMP":[-7.7599993],"VISIB":[15.67],"WDSP":[9.42],"WNDDIR":[283.8],"time":[1549364856]}