{"CLDC":[50.08,50.060005],"DEWP":[1.7,1.5099999],"FRSHTT":[100000,100000],"PRCP":[0.22999999,0.22999999],"SLP":[1014.04004,1014.1],"SNDP":[0,0],"STP":[1016.07,1016.02],"TEMP":[3.16,3.2399998],"VISIB":[10.740002,10],"WDSP":[21.97,22.05],"WNDDIR":[74,74.3],"time":[1549364857,1549364916]}