{"CLDC":[63.619995,64.1],"DEWP":[-13.160001,-13.4],"FRSHTT":[1110000,1110000],"PRCP":[0.039999995,0.039999995],"SLP":[1022.13,1022.13],"SNDP":[41.700005,41.700005],"STP":[1021.09,1020.2699],"TEMP":[-7.7599993,-7.899999],"VISIB":[15.67,15.109999],"WDSP":[9.42,9.62],"WNDDIR":[283.8,287.4],"time":[1549364856,1549364916]}