{"CLDC":[50.21],"DEWP":[-19.74],"FRSHTT":[1110000],"PRCP":[0.22999999],"SLP":[1011.80994],"SNDP":[26.399998],"STP":[999.27],"TEMP":[-16.999998],"VISIB":[21.27],"WDSP":[19.77],"WNDDIR":[155.4],"time":[1549364856]}