{"CLDC":[23.48],"DEWP":[-2.9600003],"FRSHTT":[1000000],"PRCP":[0],"SLP":[1019.7001],"SNDP":[0],"STP":[1021.31006],"TEMP":[-0.9],"VISIB":[19.869999],"WDSP":[5.62],"WNDDIR":[328.7],"time":[1549364858]}