{"CLDC":[96.920006,96.86001],"DEWP":[-0.52,-0.45],"FRSHTT":[0,0],"PRCP":[0,0],"SLP":[1020.4,1020.4],"SNDP":[0,0],"STP":[1017.5,1017.5],"TEMP":[2.2599998,2.16],"VISIB":[17.349998,16.58],"WDSP":[9.780001,10.190001],"WNDDIR":[299.3,302.9],"time":[1549364858,1549364917]}