{"CLDC":[96.920006],"DEWP":[-0.52],"FRSHTT":[0],"PRCP":[0],"SLP":[1020.4],"SNDP":[0],"STP":[1017.5],"TEMP":[2.2599998],"VISIB":[17.349998],"WDSP":[9.780001],"WNDDIR":[299.3],"time":[1549364858]}