{"CLDC":[70.05],"DEWP":[-2.1999998],"FRSHTT":[0],"PRCP":[0],"SLP":[1022.7999],"SNDP":[0],"STP":[1027.2001],"TEMP":[0.55],"VISIB":[25.519999],"WDSP":[8.43],"WNDDIR":[170.4],"time":[1549364858]}