{"CLDC":[50.07,50.05],"DEWP":[-7.54,-7.22],"FRSHTT":[1100000,1100000],"PRCP":[0.029999997,0.029999997],"SLP":[1020.5,1020.6],"SNDP":[0,0],"STP":[967,967],"TEMP":[-3.7399998,-3.6799998],"VISIB":[16.41,16.4],"WDSP":[5.42,4.9300003],"WNDDIR":[75.4,76.6],"time":[1549364858,1549364917]}