{"CLDC":[23.48,23.02],"DEWP":[-2.9600003,-3.0200002],"FRSHTT":[1000000,1000000],"PRCP":[0,0],"SLP":[1019.7001,1019.77],"SNDP":[0,0],"STP":[1021.31006,1021.32996],"TEMP":[-0.9,-0.9],"VISIB":[19.869999,20.230001],"WDSP":[5.62,6.3100004],"WNDDIR":[328.7,327],"time":[1549364858,1549364917]}