{"CLDC":[8.659999],"DEWP":[-0.5500001],"FRSHTT":[0],"PRCP":[0],"SLP":[1020.7999],"SNDP":[0],"STP":[1003.13007],"TEMP":[1.9799999],"VISIB":[16.23],"WDSP":[6.499999],"WNDDIR":[135.7],"time":[1549364858]}