{"CLDC":[11.49,11.169999],"DEWP":[-1.08,-0.9799999],"FRSHTT":[1000000,1000000],"PRCP":[0,0],"SLP":[1001.47003,1001.62],"SNDP":[0,0],"STP":[1027.33,1026.8501],"TEMP":[-0.59999996,-0.59999996],"VISIB":[14.33,14.35],"WDSP":[4.6299996,4.4900002],"WNDDIR":[59.7,57.3],"time":[1549364858,1549364917]}