{"CLDC":[50.200005],"DEWP":[2.6999998],"FRSHTT":[100000],"PRCP":[0.11],"SLP":[1014.7001],"SNDP":[0],"STP":[1012.05994],"TEMP":[4.84],"VISIB":[14.38],"WDSP":[25.810001],"WNDDIR":[206.4],"time":[1549364858]}