{"CLDC":[50.200005,50.68],"DEWP":[2.6999998,2.78],"FRSHTT":[100000,100000],"PRCP":[0.11,0.11],"SLP":[1014.7001,1014.61],"SNDP":[0,0],"STP":[1012.05994,1011.34],"TEMP":[4.84,4.7800007],"VISIB":[14.38,14.660001],"WDSP":[25.810001,25.220001],"WNDDIR":[206.4,210.1],"time":[1549364858,1549364916]}