{"CLDC":[91.97],"DEWP":[2.1],"FRSHTT":[100000],"PRCP":[0.059999995],"SLP":[1012.2001],"SNDP":[0],"STP":[1007.9],"TEMP":[4.5600004],"VISIB":[9.840001],"WDSP":[20.39],"WNDDIR":[72.3],"time":[1549364857]}