{"CLDC":[91.270004,90.96001],"DEWP":[-8.639999,-8.55],"FRSHTT":[1110000,1110000],"PRCP":[0.09000001,0.09000001],"SLP":[1018.9,1018.91003],"SNDP":[13.390001,13.4],"STP":[1003.04004,1002.8799],"TEMP":[-5.8499994,-5.799999],"VISIB":[14.65,14.51],"WDSP":[12.249999,11.519999],"WNDDIR":[209.8,208.9],"time":[1549364860,1549364918]}