{"CLDC":[55.080006,55.389996],"DEWP":[-8.179999,-8.12],"FRSHTT":[1100000,1100000],"PRCP":[0.10000001,0.10000001],"SLP":[1019.6,1019.6],"SNDP":[0,0],"STP":[1013.2001,1013.2001],"TEMP":[-3.9,-3.9199996],"VISIB":[13.25,13.45],"WDSP":[22.85,24.929998],"WNDDIR":[27.7,26.1],"time":[1549364860,1549364918]}