{"CLDC":[55.080006],"DEWP":[-8.179999],"FRSHTT":[1100000],"PRCP":[0.10000001],"SLP":[1019.6],"SNDP":[0],"STP":[1013.2001],"TEMP":[-3.9],"VISIB":[13.25],"WDSP":[22.85],"WNDDIR":[27.7],"time":[1549364860]}