{"CLDC":[65.09],"DEWP":[-7.200001],"FRSHTT":[1000000],"PRCP":[0],"SLP":[1019],"SNDP":[0],"STP":[1023.5],"TEMP":[-4.29],"VISIB":[13.659999],"WDSP":[19.47],"WNDDIR":[114.6],"time":[1549364860]}