{"CLDC":[22.100002],"DEWP":[-6.3500004],"FRSHTT":[1000000],"PRCP":[0],"SLP":[1018.9],"SNDP":[0],"STP":[1020.4],"TEMP":[-2.4199998],"VISIB":[17.300001],"WDSP":[18.05],"WNDDIR":[285.7],"time":[1549364860]}