{"CLDC":[50.070004],"DEWP":[1.1600001],"FRSHTT":[100000],"PRCP":[0.029999997],"SLP":[1016.5],"SNDP":[0],"STP":[1018.5701],"TEMP":[4.1],"VISIB":[19.390001],"WDSP":[26.789999],"WNDDIR":[301.9],"time":[1549364858]}