{"CLDC":[50.180004],"DEWP":[0.7200001],"FRSHTT":[100000],"PRCP":[0.11999999],"SLP":[1016.6],"SNDP":[0],"STP":[1010.16],"TEMP":[2.91],"VISIB":[10.840001],"WDSP":[16.03],"WNDDIR":[183.8],"time":[1549364858]}