{"CLDC":[50.090004],"DEWP":[-23.12],"FRSHTT":[1100000],"PRCP":[0.15999998],"SLP":[1011.67004],"SNDP":[0],"STP":[1007.1],"TEMP":[-18.8],"VISIB":[13.910001],"WDSP":[18.060001],"WNDDIR":[253.6],"time":[1549364858]}