{"CLDC":[50.090004,50.23],"DEWP":[-23.12,-23.119999],"FRSHTT":[1100000,1100000],"PRCP":[0.15999998,0.15999998],"SLP":[1011.67004,1011.7001],"SNDP":[0,0],"STP":[1007.1,1007.1],"TEMP":[-18.8,-18.8],"VISIB":[13.910001,14.18],"WDSP":[18.060001,19.59],"WNDDIR":[253.6,252.1],"time":[1549364858,1549364916]}