{"CLDC":[96.200005,96.34001],"DEWP":[-7.56,-7.4800005],"FRSHTT":[1110000,1110000],"PRCP":[0.20000002,0.20000002],"SLP":[1018.1,1018.1],"SNDP":[3.2000003,3.2000003],"STP":[986.16003,985.7999],"TEMP":[-3.64,-3.65],"VISIB":[11.0199995,10.69],"WDSP":[20.329998,22.069998],"WNDDIR":[349.3,353.1],"time":[1549364859,1549364917]}