{"CLDC":[97.94001,98.05999],"DEWP":[-7.8599997,-7.9],"FRSHTT":[1000000,1000000],"PRCP":[0,0],"SLP":[1018.6,1018.6],"SNDP":[0,0],"STP":[1028.7001,1028.7999],"TEMP":[-5.1599994,-5.24],"VISIB":[16.41,17.08],"WDSP":[12.87,12.340001],"WNDDIR":[318.9,318.5],"time":[1549364859,1549364917]}