{"CLDC":[53.07,53.43],"DEWP":[-8.839999,-8.96],"FRSHTT":[1000000,1000000],"PRCP":[0,0],"SLP":[1014.13,1014.02997],"SNDP":[0,0],"STP":[1019.43,1018.73],"TEMP":[-6.2500005,-6.25],"VISIB":[22.02,22.71],"WDSP":[14.800001,15.5199995],"WNDDIR":[234.3,233.1],"time":[1549364859,1549364917]}