{"CLDC":[97.94001],"DEWP":[-7.8599997],"FRSHTT":[1000000],"PRCP":[0],"SLP":[1018.6],"SNDP":[0],"STP":[1028.7001],"TEMP":[-5.1599994],"VISIB":[16.41],"WDSP":[12.87],"WNDDIR":[318.9],"time":[1549364859]}