{"CLDC":[1.8,1.4799999],"DEWP":[-9.179999,-9.339999],"FRSHTT":[1000000,1000000],"PRCP":[0,0],"SLP":[1019.6,1019.6],"SNDP":[0,0],"STP":[1017.48,1017.36],"TEMP":[-3.5999997,-3.4999995],"VISIB":[18.74,18.789999],"WDSP":[12.57,12.7699995],"WNDDIR":[354.1,354.5],"time":[1549364860,1549364918]}