{"CLDC":[50.030003,50.210003],"DEWP":[-8.6,-8.6],"FRSHTT":[1100000,1100000],"PRCP":[0.18000002,0.18000002],"SLP":[1017.7999,1017.7101],"SNDP":[0,0],"STP":[1014.88,1014.77],"TEMP":[-4.6600003,-4.3399997],"VISIB":[12.290001,11.759999],"WDSP":[17.75,17.939999],"WNDDIR":[35.5,34.6],"time":[1549364860,1549364918]}