{"CLDC":[1.8],"DEWP":[-9.179999],"FRSHTT":[1000000],"PRCP":[0],"SLP":[1019.6],"SNDP":[0],"STP":[1017.48],"TEMP":[-3.5999997],"VISIB":[18.74],"WDSP":[12.57],"WNDDIR":[354.1],"time":[1549364860]}