{"CLDC":[50.190002],"DEWP":[-11.84],"FRSHTT":[1110000],"PRCP":[0.36000004],"SLP":[1012.7999],"SNDP":[4.9000006],"STP":[1009.1],"TEMP":[-9.36],"VISIB":[16.319998],"WDSP":[18.1],"WNDDIR":[174.1],"time":[1549364860]}