{"CLDC":[73.91],"DEWP":[-22.730001],"FRSHTT":[1000000],"PRCP":[0],"SLP":[1027.5],"SNDP":[0],"STP":[1023.19006],"TEMP":[-16.95],"VISIB":[26.509998],"WDSP":[11.690001],"WNDDIR":[162.9],"time":[1549364860]}