{"CLDC":[67.16,66.850006],"DEWP":[0.24000001,0.24000001],"FRSHTT":[100000,100000],"PRCP":[0.09000001,0.09000001],"SLP":[1016.2001,1016.2001],"SNDP":[0,0],"STP":[1012.99005,1012.12],"TEMP":[2.15,2.15],"VISIB":[9.850001,10.19],"WDSP":[12.420001,13.290001],"WNDDIR":[117.1,114.7],"time":[1549364858,1549364916]}