{"CLDC":[86.14],"DEWP":[-13.25],"FRSHTT":[1110000],"PRCP":[0.10000001],"SLP":[1013.9],"SNDP":[4.9000006],"STP":[1005.61],"TEMP":[-9.450001],"VISIB":[18.610003],"WDSP":[19.259998],"WNDDIR":[213.4],"time":[1549364860]}