{"CLDC":[67.16],"DEWP":[0.24000001],"FRSHTT":[100000],"PRCP":[0.09000001],"SLP":[1016.2001],"SNDP":[0],"STP":[1012.99005],"TEMP":[2.15],"VISIB":[9.850001],"WDSP":[12.420001],"WNDDIR":[117.1],"time":[1549364858]}