{"CLDC":[50.13],"DEWP":[0.35],"FRSHTT":[100000],"PRCP":[0.050000004],"SLP":[1017.6],"SNDP":[0],"STP":[1001.7001],"TEMP":[2.56],"VISIB":[7.6799994],"WDSP":[13.62],"WNDDIR":[96.5],"time":[1549364858]}