{"CLDC":[50.13,50.420002],"DEWP":[0.35,0.49999994],"FRSHTT":[100000,100000],"PRCP":[0.050000004,0.050000004],"SLP":[1017.6,1017.5],"SNDP":[0,0],"STP":[1001.7001,1001.6],"TEMP":[2.56,2.6799998],"VISIB":[7.6799994,7.8600006],"WDSP":[13.62,13.460001],"WNDDIR":[96.5,99.1],"time":[1549364858,1549364917]}