{"CLDC":[50.15],"DEWP":[-0.32000002],"FRSHTT":[100000],"PRCP":[0.009999999],"SLP":[1017.2999],"SNDP":[0],"STP":[997.9],"TEMP":[1.9],"VISIB":[14.35],"WDSP":[22.6],"WNDDIR":[252.3],"time":[1549364858]}