{"CLDC":[76.14,76.21],"DEWP":[-0.8999999,-0.9],"FRSHTT":[100000,100000],"PRCP":[0.059999995,0.059999995],"SLP":[1017.2999,1017.2999],"SNDP":[0,0],"STP":[1002.38,1002.8099],"TEMP":[1.5800002,1.5300001],"VISIB":[9.280001,10.08],"WDSP":[15.960001,16.259998],"WNDDIR":[312.9,309.1],"time":[1549364858,1549364917]}