{"CLDC":[76.14],"DEWP":[-0.8999999],"FRSHTT":[100000],"PRCP":[0.059999995],"SLP":[1017.2999],"SNDP":[0],"STP":[1002.38],"TEMP":[1.5800002],"VISIB":[9.280001],"WDSP":[15.960001],"WNDDIR":[312.9],"time":[1549364858]}