{"CLDC":[3.3899999],"DEWP":[-10.200001],"FRSHTT":[1000000],"PRCP":[0],"SLP":[1022.7999],"SNDP":[0],"STP":[896.4],"TEMP":[-6.9900002],"VISIB":[11.589999],"WDSP":[7.0600004],"WNDDIR":[315.3],"time":[1549364859]}