{"CLDC":[50.02,50.04],"DEWP":[-0.85,-1.0200001],"FRSHTT":[100000,100000],"PRCP":[0.050000004,0.050000004],"SLP":[1017,1017],"SNDP":[0,0],"STP":[1011.7999,1011.7999],"TEMP":[1.8299999,1.8499998],"VISIB":[10.07,9.41],"WDSP":[17.27,17.23],"WNDDIR":[12.2,14.4],"time":[1549364858,1549364917]}