{"CLDC":[50.090004],"DEWP":[-1.3199999],"FRSHTT":[100000],"PRCP":[0.059999995],"SLP":[1013.32996],"SNDP":[0],"STP":[1011.1],"TEMP":[1.7299999],"VISIB":[8.749999],"WDSP":[15.07],"WNDDIR":[294.6],"time":[1549364858]}