{"CLDC":[50.090004,50.250004],"DEWP":[-1.3199999,-1.2],"FRSHTT":[100000,100000],"PRCP":[0.059999995,0.059999995],"SLP":[1013.32996,1013.58997],"SNDP":[0,0],"STP":[1011.1,1011.2001],"TEMP":[1.7299999,1.7],"VISIB":[8.749999,8.240001],"WDSP":[15.07,15.969999],"WNDDIR":[294.6,297.9],"time":[1549364858,1549364917]}