{"CLDC":[50.050003],"DEWP":[-13.429998],"FRSHTT":[1110000],"PRCP":[0.09000001],"SLP":[1025.9001],"SNDP":[14.4],"STP":[995.15],"TEMP":[-11.000002],"VISIB":[9.36],"WDSP":[18.369999],"WNDDIR":[282],"time":[1549364855]}