{"CLDC":[50.050003,50.690006],"DEWP":[-13.429998,-13.43],"FRSHTT":[1110000,1110000],"PRCP":[0.09000001,0.09000001],"SLP":[1025.9001,1026.14],"SNDP":[14.4,14.4],"STP":[995.15,995],"TEMP":[-11.000002,-11.050001],"VISIB":[9.36,9.629999],"WDSP":[18.369999,17.76],"WNDDIR":[282,284.8],"time":[1549364855,1549364915]}