{"CLDC":[62.4],"DEWP":[-1.3599999],"FRSHTT":[100000],"PRCP":[0.059999995],"SLP":[1022.49005],"SNDP":[0],"STP":[1011.2001],"TEMP":[0.95],"VISIB":[13.1],"WDSP":[17.65],"WNDDIR":[190.6],"time":[1549364859]}