{"CLDC":[73.31999],"DEWP":[-11.63],"FRSHTT":[1000000],"PRCP":[0],"SLP":[1019.7999],"SNDP":[0],"STP":[990.24005],"TEMP":[-7.9200006],"VISIB":[9.530001],"WDSP":[21.490002],"WNDDIR":[130.1],"time":[1549364856]}