{"CLDC":[50.04],"DEWP":[-9.530001],"FRSHTT":[1110000],"PRCP":[0.13],"SLP":[1021.09],"SNDP":[2.2000003],"STP":[997.1],"TEMP":[-4.8599997],"VISIB":[15.65],"WDSP":[17.660002],"WNDDIR":[316.7],"time":[1549364855]}