{"CLDC":[73.31999,72.770004],"DEWP":[-11.63,-11.600001],"FRSHTT":[1000000,1000000],"PRCP":[0,0],"SLP":[1019.7999,1019.7999],"SNDP":[0,0],"STP":[990.24005,990.02997],"TEMP":[-7.9200006,-7.8],"VISIB":[9.530001,9.65],"WDSP":[21.490002,22.079998],"WNDDIR":[130.1,128.6],"time":[1549364856,1549364915]}