{"CLDC":[78.770004,78.93],"DEWP":[-8.339999,-8.3],"FRSHTT":[1000000,1000000],"PRCP":[0,0],"SLP":[1010.5,1010.5],"SNDP":[0,0],"STP":[1030.89,1030.97],"TEMP":[-4.7000003,-4.6000004],"VISIB":[20.26,18.72],"WDSP":[31.09,31.34],"WNDDIR":[50.5,52],"time":[1549364856,1549364916]}