{"CLDC":[60.340004],"DEWP":[0.040000003],"FRSHTT":[0],"PRCP":[0],"SLP":[1013.19006],"SNDP":[0],"STP":[1003.55],"TEMP":[3.6999996],"VISIB":[6.890001],"WDSP":[8.31],"WNDDIR":[310.9],"time":[1549364859]}