{"CLDC":[50.04],"DEWP":[-1.3900001],"FRSHTT":[100000],"PRCP":[0.07],"SLP":[1019.4],"SNDP":[0],"STP":[1015.97003],"TEMP":[1.5300001],"VISIB":[8.069999],"WDSP":[16.789999],"WNDDIR":[158.9],"time":[1549364859]}