{"CLDC":[50.050003],"DEWP":[-8.960001],"FRSHTT":[1110000],"PRCP":[0.22999999],"SLP":[1014.7001],"SNDP":[3.2000003],"STP":[1009.2899],"TEMP":[-6.4199996],"VISIB":[16.22],"WDSP":[22.460001],"WNDDIR":[93.5],"time":[1549364860]}