{"CLDC":[50.200005,50.04],"DEWP":[-7.2600007,-7.190001],"FRSHTT":[1110000,1110000],"PRCP":[0.25,0.25],"SLP":[1012.87,1012.95],"SNDP":[0.40000004,0.40000004],"STP":[1012.57996,1012.61],"TEMP":[-4.29,-4.32],"VISIB":[11.870001,11.390001],"WDSP":[30.829998,30.919998],"WNDDIR":[13,9.6],"time":[1549364860,1549364918]}