{"CLDC":[99.009995,99.06],"DEWP":[-14.759999,-14.999998],"FRSHTT":[1000000,1000000],"PRCP":[0,0],"SLP":[1005.4899,1008.0199],"SNDP":[0,0],"STP":[1015.0399,1015.15],"TEMP":[-11.900001,-11.9],"VISIB":[12.32,12.459999],"WDSP":[20.84,20.759998],"WNDDIR":[315.5,315.7],"time":[1549364860,1549364918]}