{"CLDC":[50.110004,50.319996],"DEWP":[-17.98,-17.46],"FRSHTT":[1110000,1110000],"PRCP":[0.22,0.22],"SLP":[1013.6,1013.6],"SNDP":[8.900001,9],"STP":[1000.6,1000.55],"TEMP":[-13.469999,-13.469998],"VISIB":[19.27,19.81],"WDSP":[18.93,18.859999],"WNDDIR":[168.9,168.2],"time":[1549364860,1549364918]}