{"CLDC":[50.110004],"DEWP":[-10.67],"FRSHTT":[1110000],"PRCP":[0.22999999],"SLP":[1012.2999],"SNDP":[5],"STP":[1006.4601],"TEMP":[-8.150001],"VISIB":[17.320002],"WDSP":[20.4],"WNDDIR":[10.3],"time":[1549364860]}