{"CLDC":[82.229996,82.28999],"DEWP":[3.2099998,3.2099998],"FRSHTT":[100000,100000],"PRCP":[0.89,0.89],"SLP":[1002.36993,1002.30994],"SNDP":[0,0],"STP":[994.19006,994.32996],"TEMP":[3.4699998,3.45],"VISIB":[7.910001,7.55],"WDSP":[22.970001,24.06],"WNDDIR":[277.2,275.8],"time":[1549364860,1549364918]}