{"CLDC":[50.110004,50.110004],"DEWP":[-10.67,-10.940001],"FRSHTT":[1110000,1110000],"PRCP":[0.22999999,0.22999999],"SLP":[1012.2999,1012.2999],"SNDP":[5,5],"STP":[1006.4601,1006.4],"TEMP":[-8.150001,-8.040001],"VISIB":[17.320002,17.16],"WDSP":[20.4,19.109999],"WNDDIR":[10.3,11.1],"time":[1549364860,1549364918]}