{"CLDC":[50.050003,50],"DEWP":[-8.960001,-9.28],"FRSHTT":[1110000,1110000],"PRCP":[0.22999999,0.22999999],"SLP":[1014.7001,1014.69006],"SNDP":[3.2000003,3.2000003],"STP":[1009.2899,1009.2999],"TEMP":[-6.4199996,-6.4199996],"VISIB":[16.22,15.8],"WDSP":[22.460001,23.339998],"WNDDIR":[93.5,94.1],"time":[1549364860,1549364918]}