{"CLDC":[96.39001],"DEWP":[-19.48],"FRSHTT":[1110000],"PRCP":[0.15999998],"SLP":[1018.1],"SNDP":[8.699999],"STP":[987.7999],"TEMP":[-15.139999],"VISIB":[15.870001],"WDSP":[10.16],"WNDDIR":[94.5],"time":[1549364860]}