{"CLDC":[96.39001,96.62999],"DEWP":[-19.48,-19.09],"FRSHTT":[1110000,1110000],"PRCP":[0.15999998,0.15999998],"SLP":[1018.1,1018.1],"SNDP":[8.699999,8.699999],"STP":[987.7999,987.7999],"TEMP":[-15.139999,-14.870001],"VISIB":[15.870001,16.189999],"WDSP":[10.16,9.45],"WNDDIR":[94.5,92.8],"time":[1549364860,1549364918]}