{"CLDC":[73.67999],"DEWP":[-12.65],"FRSHTT":[1000000],"PRCP":[0],"SLP":[1026.94],"SNDP":[0],"STP":[1002.3499],"TEMP":[-9.949999],"VISIB":[11.390001],"WDSP":[13.889999],"WNDDIR":[276.9],"time":[1549364861]}