{"CLDC":[73.67999,73.23],"DEWP":[-12.65,-12.65],"FRSHTT":[1000000,1000000],"PRCP":[0,0],"SLP":[1026.94,1027.3501],"SNDP":[0,0],"STP":[1002.3499,1002.02997],"TEMP":[-9.949999,-9.9],"VISIB":[11.390001,11.99],"WDSP":[13.889999,13.360001],"WNDDIR":[276.9,277.6],"time":[1549364861,1549364918]}