{"CLDC":[50.140007,50.170006],"DEWP":[-13.360001,-13.139999],"FRSHTT":[1110000,1110000],"PRCP":[0.059999995,0.059999995],"SLP":[1018.7001,1018.7001],"SNDP":[9.5,9.5],"STP":[1004.1,1004.1],"TEMP":[-9.049999,-9.049999],"VISIB":[18.7,18.170002],"WDSP":[16.009998,15.85],"WNDDIR":[352.9,351],"time":[1549364861,1549364918]}