{"CLDC":[63.590004,63.299995],"DEWP":[-9.859999,-10.08],"FRSHTT":[1110000,1110000],"PRCP":[0.15999998,0.15999998],"SLP":[1019.2999,1019.2999],"SNDP":[3.2999997,3.2999997],"STP":[1000.23,1000.00995],"TEMP":[-5.9800005,-6.0400004],"VISIB":[12.8,13.790001],"WDSP":[11.73,12.199999],"WNDDIR":[55.3,55],"time":[1549364861,1549364918]}