{"CLDC":[84.96001],"DEWP":[-10.300001],"FRSHTT":[1000000],"PRCP":[0],"SLP":[1019.86],"SNDP":[0],"STP":[1025.3201],"TEMP":[-6.5200005],"VISIB":[17.31],"WDSP":[12.34],"WNDDIR":[114.8],"time":[1549364861]}