{"CLDC":[86.18],"DEWP":[-6.65],"FRSHTT":[1110000],"PRCP":[0.07],"SLP":[1019.7999],"SNDP":[3.4],"STP":[990.7999],"TEMP":[-3.1599998],"VISIB":[13.539999],"WDSP":[15.490001],"WNDDIR":[255.7],"time":[1549364860]}