{"CLDC":[53.630005],"DEWP":[-8.300001],"FRSHTT":[1110000],"PRCP":[0.09000001],"SLP":[1018.2001],"SNDP":[2.3999999],"STP":[996.4],"TEMP":[-4.94],"VISIB":[17.64],"WDSP":[17.85],"WNDDIR":[229.3],"time":[1549364861]}