{"CLDC":[97.579994],"DEWP":[-9.74],"FRSHTT":[1110000],"PRCP":[0.039999995],"SLP":[1019.2001],"SNDP":[2.7000003],"STP":[1006.88],"TEMP":[-5.700001],"VISIB":[18.310001],"WDSP":[15.15],"WNDDIR":[231.2],"time":[1549364860]}