{"CLDC":[97.5],"DEWP":[-10.900001],"FRSHTT":[1000000],"PRCP":[0],"SLP":[1019.2999],"SNDP":[0],"STP":[1023.05994],"TEMP":[-5.8999996],"VISIB":[26.470001],"WDSP":[11.929999],"WNDDIR":[181],"time":[1549364861]}