{"CLDC":[69.8,70.02],"DEWP":[-13.3,-13.4],"FRSHTT":[1000000,1000000],"PRCP":[0,0],"SLP":[1019.2001,1019.2001],"SNDP":[0,0],"STP":[1019.2601,1019.59],"TEMP":[-8.76,-8.76],"VISIB":[17.8,18.060001],"WDSP":[10.0199995,10.62],"WNDDIR":[203.9,202.5],"time":[1549364861,1549364918]}