{"CLDC":[73.61,73.700005],"DEWP":[-10.719999,-10.85],"FRSHTT":[1110000,1110000],"PRCP":[0.07,0.07],"SLP":[1020.1,1020.1],"SNDP":[8.199999,8.199999],"STP":[1003.6,1003.7001],"TEMP":[-6.2,-6.4],"VISIB":[19.250002,19.329998],"WDSP":[9.059999,7.2200003],"WNDDIR":[174.2,170.8],"time":[1549364861,1549364918]}