{"CLDC":[50.140007],"DEWP":[-13.360001],"FRSHTT":[1110000],"PRCP":[0.059999995],"SLP":[1018.7001],"SNDP":[9.5],"STP":[1004.1],"TEMP":[-9.049999],"VISIB":[18.7],"WDSP":[16.009998],"WNDDIR":[352.9],"time":[1549364861]}