{"CLDC":[77.619995],"DEWP":[-11.199999],"FRSHTT":[1010000],"PRCP":[0],"SLP":[1012.73],"SNDP":[9.300001],"STP":[999.88995],"TEMP":[-6.3599997],"VISIB":[23.850002],"WDSP":[10.370001],"WNDDIR":[94.3],"time":[1549364861]}