{"CLDC":[12.970001,12.749998],"DEWP":[-14.959999,-14.959999],"FRSHTT":[1000000,1000000],"PRCP":[0,0],"SLP":[1018.45996,1018.5],"SNDP":[0,0],"STP":[1016.2101,1016.07],"TEMP":[-10.780001,-10.780001],"VISIB":[16.060001,15.07],"WDSP":[16.01,15.770001],"WNDDIR":[169.3,168.3],"time":[1549364861,1549364918]}