{"CLDC":[52.130005],"DEWP":[-16.18],"FRSHTT":[1000000],"PRCP":[0],"SLP":[1023.7999],"SNDP":[0],"STP":[1018.54004],"TEMP":[-10.78],"VISIB":[19.73],"WDSP":[20.939999],"WNDDIR":[188.1],"time":[1549364861]}