{"CLDC":[50.110004],"DEWP":[-14.109999],"FRSHTT":[1110000],"PRCP":[0.10000001],"SLP":[1020.7999],"SNDP":[16.699999],"STP":[986.55994],"TEMP":[-9.64],"VISIB":[15.4800005],"WDSP":[10.940001],"WNDDIR":[233.6],"time":[1549364861]}