{"CLDC":[67.740005],"DEWP":[-7.3200006],"FRSHTT":[1000000],"PRCP":[0],"SLP":[1022.7101],"SNDP":[0],"STP":[970.7001],"TEMP":[-5.4399996],"VISIB":[14.38],"WDSP":[8.4800005],"WNDDIR":[145.3],"time":[1549364861]}