{"CLDC":[50.030003,50.709995],"DEWP":[-7.250001,-7.0500007],"FRSHTT":[1100000,1100000],"PRCP":[0.039999995,0.039999995],"SLP":[1020.9801,1021],"SNDP":[0,0],"STP":[1030.12,1030.7],"TEMP":[-4.12,-4.15],"VISIB":[16.630001,16.85],"WDSP":[18.67,19.23],"WNDDIR":[146.2,143.8],"time":[1549364861,1549364919]}