{"CLDC":[67.740005,67.83],"DEWP":[-7.3200006,-7.3200006],"FRSHTT":[1000000,1000000],"PRCP":[0,0],"SLP":[1022.7101,1022.6],"SNDP":[0,0],"STP":[970.7001,970.7001],"TEMP":[-5.4399996,-5.2],"VISIB":[14.38,14.559999],"WDSP":[8.4800005,8.53],"WNDDIR":[145.3,145.2],"time":[1549364861,1549364919]}