{"CLDC":[54.93,54.51],"DEWP":[-6.4499993,-6.59],"FRSHTT":[1110000,1110000],"PRCP":[0.039999995,0.039999995],"SLP":[1019.58997,1019.7999],"SNDP":[1.8999999,1.93],"STP":[1014.2999,1014.39],"TEMP":[-3.05,-3.05],"VISIB":[15.039999,14.68],"WDSP":[18.21,19.19],"WNDDIR":[185.4,184.5],"time":[1549364861,1549364919]}