{"CLDC":[84.12,84.149994],"DEWP":[1.7499998,1.7499998],"FRSHTT":[0,0],"PRCP":[0,0],"SLP":[1009.85,1009.75],"SNDP":[0,0],"STP":[1012.15,1011.7],"TEMP":[5.08,5.1600003],"VISIB":[9.679998,9.24],"WDSP":[21.44,22.249998],"WNDDIR":[88.1,87.1],"time":[1549364859,1549364917]}