{"CLDC":[50.210003,50.160004],"DEWP":[-1.1400001,-1.3199999],"FRSHTT":[100000,100000],"PRCP":[0.039999995,0.039999995],"SLP":[1019.5,1019.48],"SNDP":[0,0],"STP":[1009.9699,1009.7399],"TEMP":[1.02,1.07],"VISIB":[10.450001,10.54],"WDSP":[16.03,15.5],"WNDDIR":[188.6,189.8],"time":[1549364859,1549364917]}