{"CLDC":[50.200005],"DEWP":[-1],"FRSHTT":[100000],"PRCP":[0.11],"SLP":[1015.7001],"SNDP":[0],"STP":[1015.7699],"TEMP":[1.1000001],"VISIB":[9.340001],"WDSP":[14.390001],"WNDDIR":[290.2],"time":[1549364859]}