{"CLDC":[83.259995,83.47],"DEWP":[-16.399998,-16.099998],"FRSHTT":[1110000,1110000],"PRCP":[0.15999998,0.15999998],"SLP":[1013.2999,1013.2899],"SNDP":[13.699999,13.699999],"STP":[1006.2999,1006.2999],"TEMP":[-13.039999,-12.95],"VISIB":[18.77,18.960001],"WDSP":[19.670002,19.789999],"WNDDIR":[199.1,194.7],"time":[1549364859,1549364917]}