{"CLDC":[64.09999],"DEWP":[-15.7],"FRSHTT":[1000000],"PRCP":[0],"SLP":[1015.86],"SNDP":[0],"STP":[997.1201],"TEMP":[-11.92],"VISIB":[13.589999],"WDSP":[11.570001],"WNDDIR":[67.2],"time":[1549364859]}