{"CLDC":[50.100002],"DEWP":[-14.339998],"FRSHTT":[1110000],"PRCP":[0.11999999],"SLP":[1013.7001],"SNDP":[9.400001],"STP":[1010.6],"TEMP":[-11.92],"VISIB":[18.469997],"WDSP":[17.380001],"WNDDIR":[315.1],"time":[1549364859]}