{"CLDC":[65.62999],"DEWP":[-20.080002],"FRSHTT":[1110000],"PRCP":[0.15999998],"SLP":[1015.2001],"SNDP":[10.599999],"STP":[1012.9],"TEMP":[-14.88],"VISIB":[20.65],"WDSP":[12.250001],"WNDDIR":[274.3],"time":[1549364859]}