{"CLDC":[78.06,78.15999],"DEWP":[-12.499999,-12.299999],"FRSHTT":[1110000,1110000],"PRCP":[0.14999999,0.14999999],"SLP":[1011.7101,1011.7999],"SNDP":[5.9000006,5.9000006],"STP":[1005.7999,1005.7999],"TEMP":[-9.8,-9.85],"VISIB":[17.679998,17.94],"WDSP":[23.02,25.44],"WNDDIR":[27.3,28.7],"time":[1549364859,1549364917]}