{"CLDC":[83.259995],"DEWP":[-16.399998],"FRSHTT":[1110000],"PRCP":[0.15999998],"SLP":[1013.2999],"SNDP":[13.699999],"STP":[1006.2999],"TEMP":[-13.039999],"VISIB":[18.77],"WDSP":[19.670002],"WNDDIR":[199.1],"time":[1549364859]}