{"CLDC":[84.46999],"DEWP":[-20.45],"FRSHTT":[1110000],"PRCP":[0.11999999],"SLP":[1014.52997],"SNDP":[29.2],"STP":[993.9],"TEMP":[-17.759998],"VISIB":[17.539999],"WDSP":[13.33],"WNDDIR":[208.5],"time":[1549364859]}