{"CLDC":[88.72,88.84001],"DEWP":[-16.609999,-16.349998],"FRSHTT":[1100000,1100000],"PRCP":[0.14999999,0.14999999],"SLP":[1013.39,1013.2999],"SNDP":[0,0],"STP":[1004.5,1004.57996],"TEMP":[-11.8,-11.74],"VISIB":[15.6,15.2699995],"WDSP":[17.98,18.67],"WNDDIR":[162.9,161.1],"time":[1549364859,1549364917]}