{"CLDC":[50.23,50.409996],"DEWP":[-17.23,-17.23],"FRSHTT":[1110000,1110000],"PRCP":[0.16999999,0.16999999],"SLP":[1013,1012.9],"SNDP":[13.1,13.1],"STP":[1005.1,1005.05994],"TEMP":[-13.68,-13.75],"VISIB":[19.82,19.33],"WDSP":[19.730001,18.69],"WNDDIR":[62.7,66.8],"time":[1549364859,1549364917]}