{"CLDC":[78.06],"DEWP":[-12.499999],"FRSHTT":[1110000],"PRCP":[0.14999999],"SLP":[1011.7101],"SNDP":[5.9000006],"STP":[1005.7999],"TEMP":[-9.8],"VISIB":[17.679998],"WDSP":[23.02],"WNDDIR":[27.3],"time":[1549364859]}