{"CLDC":[84.46999,84.72],"DEWP":[-20.45,-20.45],"FRSHTT":[1110000,1110000],"PRCP":[0.11999999,0.11999999],"SLP":[1014.52997,1014.63],"SNDP":[29.2,29.219997],"STP":[993.9,993.9],"TEMP":[-17.759998,-17.210003],"VISIB":[17.539999,18.34],"WDSP":[13.33,13.33],"WNDDIR":[208.5,208.9],"time":[1549364859,1549364917]}