{"CLDC":[61.909996,62.3],"DEWP":[-15.400002,-15.400002],"FRSHTT":[1110000,1110000],"PRCP":[0.11999999,0.11999999],"SLP":[1013,1012.9],"SNDP":[4.7999997,4.7999997],"STP":[1010.9,1010.9],"TEMP":[-12.4800005,-12.4],"VISIB":[17.65,18.350002],"WDSP":[27.74,27.409998],"WNDDIR":[286.9,289.5],"time":[1549364859,1549364917]}