{"CLDC":[50.23],"DEWP":[-17.23],"FRSHTT":[1110000],"PRCP":[0.16999999],"SLP":[1013],"SNDP":[13.1],"STP":[1005.1],"TEMP":[-13.68],"VISIB":[19.82],"WDSP":[19.730001],"WNDDIR":[62.7],"time":[1549364859]}