{"CLDC":[59.710003,59.559998],"DEWP":[-22.899998,-22.799997],"FRSHTT":[1110000,1110000],"PRCP":[0.059999995,0.059999995],"SLP":[1018.39,1018.4],"SNDP":[20.600002,20.600002],"STP":[1010.4,1010.4],"TEMP":[-18.04,-18.039999],"VISIB":[24.78,25.130001],"WDSP":[15.19,15.0199995],"WNDDIR":[242,243.5],"time":[1549364859,1549364917]}