{"CLDC":[50.379997],"DEWP":[-18.77],"FRSHTT":[1110000],"PRCP":[0.09000001],"SLP":[1014.32996],"SNDP":[11.900001],"STP":[1011.2001],"TEMP":[-14.58],"VISIB":[19.07],"WDSP":[14.890001],"WNDDIR":[310.8],"time":[1549364859]}