{"CLDC":[22.05],"DEWP":[-17.66],"FRSHTT":[1000000],"PRCP":[0],"SLP":[1006.7499],"SNDP":[0],"STP":[1000.81006],"TEMP":[-14.0199995],"VISIB":[20.59],"WDSP":[14.610001],"WNDDIR":[67],"time":[1549364859]}