{"CLDC":[22.05,21.919998],"DEWP":[-17.66,-17.77],"FRSHTT":[1000000,1000000],"PRCP":[0,0],"SLP":[1006.7499,1006.7601],"SNDP":[0,0],"STP":[1000.81006,1001.00995],"TEMP":[-14.0199995,-13.839999],"VISIB":[20.59,20.8],"WDSP":[14.610001,14.07],"WNDDIR":[67,72.4],"time":[1549364859,1549364917]}