{"CLDC":[50.02,50.24],"DEWP":[-22.44,-22.55],"FRSHTT":[1110000,1110000],"PRCP":[0.059999995,0.062],"SLP":[1015.4,1015.4],"SNDP":[28.8,28.8],"STP":[1010.4,1010.5],"TEMP":[-18.15,-18.22],"VISIB":[20.419998,19.94],"WDSP":[15.32,15.01],"WNDDIR":[40.3,43.2],"time":[1549364859,1549364917]}