{"CLDC":[69.67,69.84],"DEWP":[-11.92,-11.8],"FRSHTT":[1110000,1110000],"PRCP":[0.059999995,0.059999995],"SLP":[1018.7999,1018.75],"SNDP":[17.5,17.5],"STP":[999.45,999.5],"TEMP":[-8.539999,-8.179999],"VISIB":[19.33,19.3],"WDSP":[6.44,6.4200006],"WNDDIR":[146.2,145],"time":[1549364859,1549364918]}