{"CLDC":[59.190002,58.839996],"DEWP":[-23.26,-22.660002],"FRSHTT":[1110000,1110000],"PRCP":[0.059999995,0.062],"SLP":[1017,1017],"SNDP":[16.800001,16.800001],"STP":[996.2999,996.2999],"TEMP":[-20,-20.079998],"VISIB":[18.439999,19.060001],"WDSP":[15.19,13.209999],"WNDDIR":[259.1,262.6],"time":[1549364859,1549364918]}