{"CLDC":[50.15,50.010002],"DEWP":[-14.05,-13.92],"FRSHTT":[1110000,1110000],"PRCP":[0.059999995,0.062],"SLP":[1018.7999,1018.7999],"SNDP":[17.899998,18],"STP":[975.2999,975.2999],"TEMP":[-10.6,-10.400001],"VISIB":[16.75,16.76],"WDSP":[12.3,13.409999],"WNDDIR":[282.1,287],"time":[1549364859,1549364918]}