{"CLDC":[50.100002],"DEWP":[-12.5199995],"FRSHTT":[1110000],"PRCP":[0.050000004],"SLP":[1020.7999],"SNDP":[9.599999],"STP":[995.7999],"TEMP":[-9.3],"VISIB":[17.160002],"WDSP":[14.930002],"WNDDIR":[270.4],"time":[1549364860]}