{"CLDC":[86.74,86.71001],"DEWP":[-14.149999,-14.259999],"FRSHTT":[1110000,1110000],"PRCP":[0.07999999,0.07999999],"SLP":[1018,1018],"SNDP":[18.100002,18.100002],"STP":[971.4,971.4],"TEMP":[-10.8,-10.7],"VISIB":[16.77,17.25],"WDSP":[14.969999,15.409999],"WNDDIR":[136.8,140.4],"time":[1549364860,1549364918]}