{"CLDC":[51.319996],"DEWP":[-13.05],"FRSHTT":[1000000],"PRCP":[0],"SLP":[999.57],"SNDP":[0],"STP":[998.74005],"TEMP":[-10.050001],"VISIB":[17.240002],"WDSP":[11.559999],"WNDDIR":[94.9],"time":[1549364860]}