{"CLDC":[32.1],"DEWP":[-9.7300005],"FRSHTT":[1000000],"PRCP":[0],"SLP":[1022.24005],"SNDP":[0],"STP":[1022.00995],"TEMP":[-5.6400003],"VISIB":[16.419998],"WDSP":[10.59],"WNDDIR":[26.3],"time":[1549364860]}