{"CLDC":[50.26,50.190002],"DEWP":[-9.8,-9.44],"FRSHTT":[1110000,1110000],"PRCP":[0.14,0.14],"SLP":[1019.6,1019.6],"SNDP":[18.300001,18.300001],"STP":[975.5,975.4699],"TEMP":[-5.6000004,-5.4800005],"VISIB":[17.95,17.939999],"WDSP":[14.089999,13.37],"WNDDIR":[230.2,229],"time":[1549364860,1549364918]}