{"CLDC":[5.4000006,5.3299994],"DEWP":[-8.54,-8.54],"FRSHTT":[1000000,1000000],"PRCP":[0,0],"SLP":[1005.27,1005.75],"SNDP":[0,0],"STP":[1005.30994,1005.37],"TEMP":[-5.4800005,-5.55],"VISIB":[16.609999,16.749998],"WDSP":[11.199999,11.380001],"WNDDIR":[245.1,243.9],"time":[1549364860,1549364918]}