{"CLDC":[50.110004,50.27],"DEWP":[-11.49,-12.270001],"FRSHTT":[1010000,1010000],"PRCP":[0,0],"SLP":[1021.91003,1022.02],"SNDP":[13.9,13.9],"STP":[972.88007,972.61],"TEMP":[-9.51,-9.61],"VISIB":[23.759998,23.32],"WDSP":[10.53,10.940001],"WNDDIR":[333.9,335.9],"time":[1549364860,1549364918]}