{"CLDC":[41.160004],"DEWP":[-14.13],"FRSHTT":[1000000],"PRCP":[0],"SLP":[1007.1],"SNDP":[0],"STP":[1002.25995],"TEMP":[-9.799999],"VISIB":[19.710001],"WDSP":[10.199999],"WNDDIR":[308.2],"time":[1549364860]}