{"CLDC":[58.690002],"DEWP":[-15.720001],"FRSHTT":[1110000],"PRCP":[0.019999998],"SLP":[1020.69006],"SNDP":[8.400001],"STP":[995],"TEMP":[-11.51],"VISIB":[20.09],"WDSP":[11.7699995],"WNDDIR":[194.8],"time":[1549364860]}