{"CLDC":[58.690002,58.420002],"DEWP":[-15.720001,-15.860001],"FRSHTT":[1110000,1110000],"PRCP":[0.019999998,0.019999998],"SLP":[1020.69006,1020.55],"SNDP":[8.400001,8.43],"STP":[995,995],"TEMP":[-11.51,-11.58],"VISIB":[20.09,20.82],"WDSP":[11.7699995,11.089999],"WNDDIR":[194.8,197.6],"time":[1549364860,1549364918]}