{"CLDC":[96.02999],"DEWP":[-1.9200001],"FRSHTT":[100000],"PRCP":[0.13],"SLP":[1018.5],"SNDP":[0],"STP":[1015.9],"TEMP":[0.65],"VISIB":[30.829998],"WDSP":[9.559999],"WNDDIR":[259.7],"time":[1549364856]}