{"CLDC":[96.02999,96.22],"DEWP":[-1.9200001,-2.0000002],"FRSHTT":[100000,100000],"PRCP":[0.13,0.13],"SLP":[1018.5,1018.4],"SNDP":[0,0],"STP":[1015.9,1015.9],"TEMP":[0.65,0.63],"VISIB":[30.829998,30.980001],"WDSP":[9.559999,9.54],"WNDDIR":[259.7,258.9],"time":[1549364856,1549364915]}