{"CLDC":[28.7,28.289999],"DEWP":[1.4999999,1.55],"FRSHTT":[0,0],"PRCP":[0,0],"SLP":[1016.8099,1017],"SNDP":[0,0],"STP":[1017.7001,1017.8299],"TEMP":[3.0400002,3.0300002],"VISIB":[10.56,10.31],"WDSP":[26.130001,25.210001],"WNDDIR":[176.2,181.8],"time":[1549364859,1549364918]}