{"CLDC":[40.170002],"DEWP":[-0.70000005],"FRSHTT":[0],"PRCP":[0],"SLP":[999.63007],"SNDP":[0],"STP":[997.2301],"TEMP":[4.58],"VISIB":[15.95],"WDSP":[12.17],"WNDDIR":[156.8],"time":[1549364856]}