{"CLDC":[50.04],"DEWP":[-15.800001],"FRSHTT":[1110000],"PRCP":[0.13],"SLP":[1009.50995],"SNDP":[16.5],"STP":[993.7399],"TEMP":[-12.320001],"VISIB":[26.970001],"WDSP":[23.009998],"WNDDIR":[238.5],"time":[1549364858]}