{"CLDC":[68.880005],"DEWP":[-0.05],"FRSHTT":[100000],"PRCP":[0.36999997],"SLP":[994.4],"SNDP":[0],"STP":[995.70996],"TEMP":[0],"VISIB":[3.6299999],"WDSP":[21.85],"WNDDIR":[21.5],"time":[1549364858]}