{"CLDC":[57.839996,58.329994],"DEWP":[-21.900002,-21.54],"FRSHTT":[1110000,1110000],"PRCP":[0.14,0.14],"SLP":[1006,1006],"SNDP":[50.299995,50.399998],"STP":[981.9601,981.85],"TEMP":[-18.92,-19.060001],"VISIB":[26.869999,26.45],"WDSP":[24.4,24.899998],"WNDDIR":[9.2,10.3],"time":[1549364858,1549364916]}