{"CLDC":[50.080006,50.269997],"DEWP":[-10.77,-11.220001],"FRSHTT":[1110000,1110000],"PRCP":[0.13,0.13],"SLP":[1009.7999,1010],"SNDP":[8.599999,8.599999],"STP":[995.66003,995.74005],"TEMP":[-8.620001,-8.5],"VISIB":[14.63,14.340001],"WDSP":[27.170002,27.320002],"WNDDIR":[72.9,74],"time":[1549364858,1549364916]}