{"CLDC":[99.020004],"DEWP":[-21.86],"FRSHTT":[1110000],"PRCP":[0.09000001],"SLP":[1007.82],"SNDP":[8.099999],"STP":[1004.5],"TEMP":[-17.939999],"VISIB":[17.24],"WDSP":[22.47],"WNDDIR":[128.6],"time":[1549364858]}