{"CLDC":[50.090004,50.239998],"DEWP":[-2.7800002,-2.71],"FRSHTT":[1100000,1100000],"PRCP":[0.07,0.07],"SLP":[1018,1017.99005],"SNDP":[0,0],"STP":[1011.2999,1011.38],"TEMP":[-0.20000002,-0.20000002],"VISIB":[9.609999,9.559999],"WDSP":[12.99,13.629999],"WNDDIR":[358.5,358.6],"time":[1549364859,1549364917]}