{"CLDC":[50.090004],"DEWP":[-20.54],"FRSHTT":[1110000],"PRCP":[0.15999998],"SLP":[1011.38995],"SNDP":[26.5],"STP":[1008.7699],"TEMP":[-16.600002],"VISIB":[17.130001],"WDSP":[15.95],"WNDDIR":[262.7],"time":[1549364858]}