{"CLDC":[68.880005,69.049995],"DEWP":[-0.05,-0.080000006],"FRSHTT":[100000,100000],"PRCP":[0.36999997,0.36999997],"SLP":[994.4,994.5],"SNDP":[0,0],"STP":[995.70996,999.18994],"TEMP":[0,0],"VISIB":[3.6299999,3.8700001],"WDSP":[21.85,21.59],"WNDDIR":[21.5,20.3],"time":[1549364858,1549364916]}