{"CLDC":[57.839996],"DEWP":[-21.900002],"FRSHTT":[1110000],"PRCP":[0.14],"SLP":[1006],"SNDP":[50.299995],"STP":[981.9601],"TEMP":[-18.92],"VISIB":[26.869999],"WDSP":[24.4],"WNDDIR":[9.2],"time":[1549364858]}