{"CLDC":[50.279995],"DEWP":[-1.8400002],"FRSHTT":[1100000],"PRCP":[0.19000001],"SLP":[993.99005],"SNDP":[0],"STP":[987.6],"TEMP":[-0.5],"VISIB":[10.15],"WDSP":[18.23],"WNDDIR":[93.9],"time":[1549364858]}