{"CLDC":[50.090004,50.13],"DEWP":[-20.54,-20.400002],"FRSHTT":[1110000,1110000],"PRCP":[0.15999998,0.15999998],"SLP":[1011.38995,1011.36005],"SNDP":[26.5,26.600002],"STP":[1008.7699,1008.77997],"TEMP":[-16.600002,-16.400002],"VISIB":[17.130001,16.929998],"WDSP":[15.95,15.88],"WNDDIR":[262.7,262.1],"time":[1549364858,1549364916]}