{"CLDC":[90.3],"DEWP":[-7.000001],"FRSHTT":[1110000],"PRCP":[0.38999996],"SLP":[1012.19006],"SNDP":[4],"STP":[1011.1],"TEMP":[-4.8200006],"VISIB":[9.58],"WDSP":[30.170002],"WNDDIR":[125.9],"time":[1549364858]}