{"CLDC":[50.090004],"DEWP":[-2.7800002],"FRSHTT":[1100000],"PRCP":[0.07],"SLP":[1018],"SNDP":[0],"STP":[1011.2999],"TEMP":[-0.20000002],"VISIB":[9.609999],"WDSP":[12.99],"WNDDIR":[358.5],"time":[1549364859]}