{"CLDC":[9.639999,9.85],"DEWP":[-25.05,-24.999998],"FRSHTT":[1000000,1000000],"PRCP":[0,0],"SLP":[1011.9,1011.9],"SNDP":[0,0],"STP":[1008.0199,1008.13],"TEMP":[-19.220001,-19.44],"VISIB":[19.1,19.54],"WDSP":[16.420002,17.939999],"WNDDIR":[290.7,291.5],"time":[1549364858,1549364917]}