{"CLDC":[93.68001,93.63],"DEWP":[-14.67,-14.67],"FRSHTT":[1110000,1110000],"PRCP":[0.019999998,0.019999998],"SLP":[1018.77,1018.63],"SNDP":[24.179998,24.199999],"STP":[1014.11,1014.2501],"TEMP":[-11.999998,-11.899999],"VISIB":[23.92,23.55],"WDSP":[7.1799994,5.7],"WNDDIR":[282,280.3],"time":[1549364858,1549364917]}