{"CLDC":[50.02],"DEWP":[-2.2800002],"FRSHTT":[110000],"PRCP":[0.14],"SLP":[1013.2999],"SNDP":[0.20000002],"STP":[980.56995],"TEMP":[0.6999999],"VISIB":[12.11],"WDSP":[21.110003],"WNDDIR":[88.6],"time":[1549364859]}