{"CLDC":[61.54],"DEWP":[-24.660002],"FRSHTT":[1110000],"PRCP":[0.029999997],"SLP":[1014.7999],"SNDP":[16.199999],"STP":[1008.16003],"TEMP":[-19.3],"VISIB":[30.51],"WDSP":[16.59],"WNDDIR":[232.9],"time":[1549364858]}