{"CLDC":[61.910004,61.869995],"DEWP":[-26.3,-26.469997],"FRSHTT":[1110000,1110000],"PRCP":[0.009999999,0.009999999],"SLP":[1006.75995,1006.5],"SNDP":[31.7,31.7],"STP":[1005.2601,1005.11],"TEMP":[-21.15,-21.6],"VISIB":[18.52,18.46],"WDSP":[21.16,20.49],"WNDDIR":[48.7,47.7],"time":[1549364858,1549364917]}