{"CLDC":[52.909996,52.809998],"DEWP":[-19.44,-19.259998],"FRSHTT":[1110000,1110000],"PRCP":[0.34999996,0.34999996],"SLP":[1009.36,1009.44006],"SNDP":[40.799995,40.889996],"STP":[999.38,999.1501],"TEMP":[-16.26,-16.220001],"VISIB":[15.7,15.910001],"WDSP":[27.65,28.080002],"WNDDIR":[81,80.4],"time":[1549364858,1549364917]}