{"CLDC":[77.09999,77.71],"DEWP":[-21.02,-21.259998],"FRSHTT":[1000000,1000000],"PRCP":[0,0],"SLP":[1009.5,1009.69006],"SNDP":[0,0],"STP":[1010.33997,1010.2899],"TEMP":[-17.7,-17.94],"VISIB":[16.320002,16.66],"WDSP":[23.390001,24.77],"WNDDIR":[251.3,251.6],"time":[1549364858,1549364917]}