{"CLDC":[50.02,50.010002],"DEWP":[-2.2800002,-2.4600003],"FRSHTT":[110000,110000],"PRCP":[0.14,0.14],"SLP":[1013.2999,1013.5],"SNDP":[0.20000002,0.20000002],"STP":[980.56995,980.63],"TEMP":[0.6999999,0.6999999],"VISIB":[12.11,12.549999],"WDSP":[21.110003,21.41],"WNDDIR":[88.6,90.7],"time":[1549364859,1549364917]}