{"CLDC":[89.81],"DEWP":[-33.079998],"FRSHTT":[1000000],"PRCP":[0],"SLP":[1019.36],"SNDP":[0],"STP":[1018.1],"TEMP":[-28.680002],"VISIB":[15.19],"WDSP":[12.619998],"WNDDIR":[153.3],"time":[1549364858]}