{"CLDC":[67.30999,67.44],"DEWP":[-19.4,-19.3],"FRSHTT":[1000000,1000000],"PRCP":[0,0],"SLP":[1005.04004,1004.9699],"SNDP":[0,0],"STP":[1001.63,1001.25],"TEMP":[-15.05,-14.960001],"VISIB":[15.070002,15.469999],"WDSP":[15.569998,16.329998],"WNDDIR":[216,216.2],"time":[1549364858,1549364917]}