{"CLDC":[93.68001],"DEWP":[-14.67],"FRSHTT":[1110000],"PRCP":[0.019999998],"SLP":[1018.77],"SNDP":[24.179998],"STP":[1014.11],"TEMP":[-11.999998],"VISIB":[23.92],"WDSP":[7.1799994],"WNDDIR":[282],"time":[1549364858]}