{"CLDC":[77.020004,76.85],"DEWP":[-14.1,-14.179998],"FRSHTT":[1110000,1110000],"PRCP":[0.09000001,0.09000001],"SLP":[1011.5,1011.5],"SNDP":[14.300001,14.300001],"STP":[1009.30994,1009.31995],"TEMP":[-10.52,-10.519999],"VISIB":[15.639999,15.889999],"WDSP":[20.570002,20.930002],"WNDDIR":[353.9,353.7],"time":[1549364858,1549364917]}