{"CLDC":[67.30999],"DEWP":[-19.4],"FRSHTT":[1000000],"PRCP":[0],"SLP":[1005.04004],"SNDP":[0],"STP":[1001.63],"TEMP":[-15.05],"VISIB":[15.070002],"WDSP":[15.569998],"WNDDIR":[216],"time":[1549364858]}