{"CLDC":[50.06],"DEWP":[-27.180002],"FRSHTT":[1100000],"PRCP":[0.14],"SLP":[999.59],"SNDP":[0],"STP":[976.68005],"TEMP":[-24.189999],"VISIB":[15.770001],"WDSP":[34.780003],"WNDDIR":[81.2],"time":[1549364858]}