{"CLDC":[51.5],"DEWP":[-22.599998],"FRSHTT":[1110000],"PRCP":[0.10000001],"SLP":[1011.4],"SNDP":[12.800001],"STP":[1010.5],"TEMP":[-18.81],"VISIB":[17.220001],"WDSP":[17.19],"WNDDIR":[338.4],"time":[1549364858]}