{"CLDC":[50.249996,50.220005],"DEWP":[-18.66,-18.66],"FRSHTT":[1110000,1110000],"PRCP":[0.059999995,0.062],"SLP":[1018.4,1018.4],"SNDP":[19.800001,19.899998],"STP":[968.1,968.1],"TEMP":[-14.9,-15],"VISIB":[16.210001,16.5],"WDSP":[9.83,10.66],"WNDDIR":[266.9,269.4],"time":[1549364858,1549364917]}