{"CLDC":[72.29],"DEWP":[-17.5],"FRSHTT":[1110000],"PRCP":[0.059999995],"SLP":[1015.5],"SNDP":[18.600002],"STP":[989.2999],"TEMP":[-13.85],"VISIB":[15.55],"WDSP":[15.92],"WNDDIR":[356.6],"time":[1549364859]}