{"CLDC":[50.170006,50.220005],"DEWP":[-13.540001,-13.420001],"FRSHTT":[1110000,1110000],"PRCP":[0.09000001,0.09000001],"SLP":[1010.16003,1010.29004],"SNDP":[23.699999,23.699999],"STP":[1011.87,1012.17004],"TEMP":[-11.74,-11.5],"VISIB":[21.25,21.34],"WDSP":[8.400001,7.8700004],"WNDDIR":[48,49.4],"time":[1549364859,1549364917]}