{"CLDC":[8.52,8.84],"DEWP":[-28.05,-28.049997],"FRSHTT":[1000000,1000000],"PRCP":[0,0],"SLP":[1017.68005,1017.7001],"SNDP":[0,0],"STP":[1011.55994,1011.74005],"TEMP":[-24,-23.86],"VISIB":[19.82,19.28],"WDSP":[11.92,12.31],"WNDDIR":[349.9,354],"time":[1549364858,1549364917]}