{"CLDC":[51.829998],"DEWP":[-15.299998],"FRSHTT":[1110000],"PRCP":[0.019999998],"SLP":[1023.9],"SNDP":[27.8],"STP":[953.7001],"TEMP":[-12.26],"VISIB":[22.480001],"WDSP":[12.08],"WNDDIR":[305.7],"time":[1549364859]}