{"CLDC":[72.29,72.42],"DEWP":[-17.5,-17.36],"FRSHTT":[1110000,1110000],"PRCP":[0.059999995,0.059999995],"SLP":[1015.5,1015.4],"SNDP":[18.600002,18.600002],"STP":[989.2999,989.2999],"TEMP":[-13.85,-13.839999],"VISIB":[15.55,15.7],"WDSP":[15.92,16.33],"WNDDIR":[356.6,354],"time":[1549364859,1549364917]}