{"CLDC":[50.05],"DEWP":[-31.76],"FRSHTT":[1110000],"PRCP":[0.07],"SLP":[1014.7999],"SNDP":[34.359997],"STP":[944],"TEMP":[-27.14],"VISIB":[16.989998],"WDSP":[14.07],"WNDDIR":[11.2],"time":[1549364858]}