{"CLDC":[51.829998,51.97],"DEWP":[-15.299998,-15.499998],"FRSHTT":[1110000,1110000],"PRCP":[0.019999998,0.019999998],"SLP":[1023.9,1023.9],"SNDP":[27.8,27.8],"STP":[953.7001,953.7001],"TEMP":[-12.26,-12.26],"VISIB":[22.480001,22.089998],"WDSP":[12.08,12.790001],"WNDDIR":[305.7,307.2],"time":[1549364859,1549364917]}