{"CLDC":[8.52],"DEWP":[-28.05],"FRSHTT":[1000000],"PRCP":[0],"SLP":[1017.68005],"SNDP":[0],"STP":[1011.55994],"TEMP":[-24],"VISIB":[19.82],"WDSP":[11.92],"WNDDIR":[349.9],"time":[1549364858]}