{"CLDC":[50.170006],"DEWP":[-13.540001],"FRSHTT":[1110000],"PRCP":[0.09000001],"SLP":[1010.16003],"SNDP":[23.699999],"STP":[1011.87],"TEMP":[-11.74],"VISIB":[21.25],"WDSP":[8.400001],"WNDDIR":[48],"time":[1549364859]}