{"CLDC":[50.339996,50.600002],"DEWP":[-32.62,-32.5],"FRSHTT":[1110000,1110000],"PRCP":[0.07,0.07],"SLP":[1014.2001,1014.2001],"SNDP":[14.5,14.5],"STP":[948.7999,948.6],"TEMP":[-27.799997,-27.8],"VISIB":[14.19,14.109999],"WDSP":[15.67,16.21],"WNDDIR":[53.3,53.4],"time":[1549364859,1549364917]}