{"CLDC":[50.23],"DEWP":[-10.26],"FRSHTT":[1110000],"PRCP":[0.059999995],"SLP":[1020.43],"SNDP":[25.199999],"STP":[990.9],"TEMP":[-6.0999994],"VISIB":[18.990002],"WDSP":[12.410001],"WNDDIR":[211.9],"time":[1549364859]}