{"CLDC":[66.28999],"DEWP":[-11.15],"FRSHTT":[1110000],"PRCP":[0.019999998],"SLP":[1020.63],"SNDP":[23.5],"STP":[975.61],"TEMP":[-6.65],"VISIB":[19.6],"WDSP":[11.559999],"WNDDIR":[246],"time":[1549364859]}