{"CLDC":[2.8499997,2.5800002],"DEWP":[-26.630001,-26.000004],"FRSHTT":[1000000,1000000],"PRCP":[0,0],"SLP":[1025.9401,1025.98],"SNDP":[0,0],"STP":[1022.88007,1023.36005],"TEMP":[-22.150002,-21.77],"VISIB":[22.84,22.79],"WDSP":[6.7600007,5.5799994],"WNDDIR":[56.2,56.7],"time":[1549364859,1549364917]}