{"CLDC":[94.47],"DEWP":[-10.1],"FRSHTT":[1100000],"PRCP":[0.009999999],"SLP":[1022.5399],"SNDP":[0],"STP":[1021.2899],"TEMP":[-7.3599997],"VISIB":[11.370001],"WDSP":[11.97],"WNDDIR":[25],"time":[1549364859]}