{"CLDC":[9.55,9.599999],"DEWP":[-24.509998,-24.25],"FRSHTT":[1000000,1000000],"PRCP":[0,0],"SLP":[992.07996,991.2],"SNDP":[0,0],"STP":[996.42004,997.02],"TEMP":[-20.68,-20.609999],"VISIB":[21.600002,22.110003],"WDSP":[13.410001,13.659999],"WNDDIR":[242.3,242.8],"time":[1549364859,1549364917]}