{"CLDC":[94.47,94.40001],"DEWP":[-10.1,-10.309999],"FRSHTT":[1100000,1100000],"PRCP":[0.009999999,0.009999999],"SLP":[1022.5399,1022.2201],"SNDP":[0,0],"STP":[1021.2899,1021.49005],"TEMP":[-7.3599997,-7.4800005],"VISIB":[11.370001,11.54],"WDSP":[11.97,12.5199995],"WNDDIR":[25,22.1],"time":[1549364859,1549364917]}