{"CLDC":[50.310005],"DEWP":[-17.199999],"FRSHTT":[1110000],"PRCP":[0.019999998],"SLP":[1018.7001],"SNDP":[22.699999],"STP":[970.2001],"TEMP":[-14.640001],"VISIB":[16.93],"WDSP":[11.67],"WNDDIR":[78.3],"time":[1549364859]}