{"CLDC":[40.799995,41.050003],"DEWP":[-13.860001,-13.860001],"FRSHTT":[1000000,1000000],"PRCP":[0,0],"SLP":[1030.98,1030.9501],"SNDP":[0,0],"STP":[1001.17004,1001.2101],"TEMP":[-10.780001,-11.02],"VISIB":[13.870001,14.17],"WDSP":[7.84,8.01],"WNDDIR":[120.3,120.3],"time":[1549364859,1549364917]}