{"CLDC":[70.509995],"DEWP":[-18.45],"FRSHTT":[1110000],"PRCP":[0.019999998],"SLP":[1021.1],"SNDP":[22.699999],"STP":[971.33997],"TEMP":[-14.67],"VISIB":[19.259998],"WDSP":[10.66],"WNDDIR":[206.2],"time":[1549364859]}