{"CLDC":[26.34,26],"DEWP":[-13.860001,-13.860001],"FRSHTT":[1000000,1000000],"PRCP":[0,0],"SLP":[1021.9,1021.7899],"SNDP":[0,0],"STP":[1016.54004,1016.23],"TEMP":[-9.219999,-9.219999],"VISIB":[18.29,19.2],"WDSP":[11.499999,10.99],"WNDDIR":[115.9,116.7],"time":[1549364859,1549364917]}