{"CLDC":[97.15001,97.58999],"DEWP":[-13.6,-13.8],"FRSHTT":[1000000,1000000],"PRCP":[0,0],"SLP":[1021.37,1021.49005],"SNDP":[0,0],"STP":[1018.1501,1018.44006],"TEMP":[-10.26,-10.450001],"VISIB":[17.52,17.310001],"WDSP":[11.07,11.380001],"WNDDIR":[17,19.3],"time":[1549364859,1549364917]}