{"CLDC":[50.04],"DEWP":[-10.799999],"FRSHTT":[1110000],"PRCP":[0.009999999],"SLP":[1018],"SNDP":[30.600002],"STP":[976.2999],"TEMP":[-8.2699995],"VISIB":[18.71],"WDSP":[10.820001],"WNDDIR":[196.4],"time":[1549364859]}