{"CLDC":[26.34],"DEWP":[-13.860001],"FRSHTT":[1000000],"PRCP":[0],"SLP":[1021.9],"SNDP":[0],"STP":[1016.54004],"TEMP":[-9.219999],"VISIB":[18.29],"WDSP":[11.499999],"WNDDIR":[115.9],"time":[1549364859]}