{"CLDC":[73.22001,73.09],"DEWP":[-12.100001,-11.750002],"FRSHTT":[1010000,1010000],"PRCP":[0,0],"SLP":[1015.93,1016],"SNDP":[45,45],"STP":[1022.7101,1022.7601],"TEMP":[-9.839999,-9.459999],"VISIB":[16.7,16.839998],"WDSP":[8.809999,8.45],"WNDDIR":[245.8,246.1],"time":[1549364859,1549364917]}