{"CLDC":[70.509995,70.72001],"DEWP":[-18.45,-18.710003],"FRSHTT":[1110000,1110000],"PRCP":[0.019999998,0.019999998],"SLP":[1021.1,1021.19006],"SNDP":[22.699999,22.699999],"STP":[971.33997,971.2799],"TEMP":[-14.67,-14.7],"VISIB":[19.259998,18.949999],"WDSP":[10.66,10.300001],"WNDDIR":[206.2,212.8],"time":[1549364859,1549364917]}