{"CLDC":[50,50.190006],"DEWP":[-15.24,-14.979999],"FRSHTT":[1110000,1110000],"PRCP":[0.009999999,0.009999999],"SLP":[1021.13007,1021.1],"SNDP":[22,22.090002],"STP":[1002.4,1002.4],"TEMP":[-13.020001,-12.440001],"VISIB":[19.41,19.609999],"WDSP":[12.64,12.79],"WNDDIR":[282.9,283.4],"time":[1549364859,1549364917]}