{"CLDC":[50.07],"DEWP":[-14.299998],"FRSHTT":[1110000],"PRCP":[0.039999995],"SLP":[1020.2101],"SNDP":[4.7000003],"STP":[985.91003],"TEMP":[-10.750001],"VISIB":[18.66],"WDSP":[17.44],"WNDDIR":[132.7],"time":[1549364859]}