{"CLDC":[74.15001],"DEWP":[-20.86],"FRSHTT":[1010000],"PRCP":[0],"SLP":[1044.61],"SNDP":[16.699999],"STP":[1013.7],"TEMP":[-18.130001],"VISIB":[24.02],"WDSP":[11.679999],"WNDDIR":[357.6],"time":[1549364859]}