{"CLDC":[50.199997,50.200005],"DEWP":[-24.62,-23.91],"FRSHTT":[1110000,1110000],"PRCP":[0.019999998,0.019999998],"SLP":[1017.7899,1017.7999],"SNDP":[12,12],"STP":[989,989],"TEMP":[-20.7,-20.72],"VISIB":[16.92,15.959999],"WDSP":[17.51,17.14],"WNDDIR":[203,198.4],"time":[1549364859,1549364918]}