{"CLDC":[53.01],"DEWP":[-15.49],"FRSHTT":[1110000],"PRCP":[0.019999998],"SLP":[1020.7999],"SNDP":[21.899998],"STP":[976.7899],"TEMP":[-12.559999],"VISIB":[18.23],"WDSP":[10.26],"WNDDIR":[199.8],"time":[1549364859]}