{"CLDC":[74.15001,74.48],"DEWP":[-20.86,-21.050001],"FRSHTT":[1010000,1010000],"PRCP":[0,0],"SLP":[1044.61,1045.0199],"SNDP":[16.699999,16.800001],"STP":[1013.7,1013.68],"TEMP":[-18.130001,-18.500002],"VISIB":[24.02,24.11],"WDSP":[11.679999,11.820002],"WNDDIR":[357.6,355.3],"time":[1549364859,1549364918]}