{"CLDC":[78.31999],"DEWP":[-17.000002],"FRSHTT":[1000000],"PRCP":[0],"SLP":[1021.11],"SNDP":[0],"STP":[1017.4],"TEMP":[-13.3],"VISIB":[19.82],"WDSP":[10.069999],"WNDDIR":[264.9],"time":[1549364860]}