{"CLDC":[50.07,50.47],"DEWP":[-14.299998,-14.179998],"FRSHTT":[1110000,1110000],"PRCP":[0.039999995,0.039999995],"SLP":[1020.2101,1020.2001],"SNDP":[4.7000003,4.7000003],"STP":[985.91003,985.9],"TEMP":[-10.750001,-10.829999],"VISIB":[18.66,17.95],"WDSP":[17.44,17.63],"WNDDIR":[132.7,131.7],"time":[1549364859,1549364918]}