{"CLDC":[83.40001,83.56999],"DEWP":[-18.599998,-18.48],"FRSHTT":[1110000,1110000],"PRCP":[0.009999999,0.009999999],"SLP":[1022.68,1022.61],"SNDP":[5.2999997,5.2999997],"STP":[947,947],"TEMP":[-15.500002,-15.579999],"VISIB":[19.64,20.24],"WDSP":[16.869999,17.75],"WNDDIR":[346.5,349.7],"time":[1549364860,1549364918]}