{"CLDC":[50.24],"DEWP":[-15.039999],"FRSHTT":[1110000],"PRCP":[0.050000004],"SLP":[1021.1],"SNDP":[9.400001],"STP":[966.7999],"TEMP":[-10.6],"VISIB":[20.84],"WDSP":[11.51],"WNDDIR":[25.4],"time":[1549364860]}