{"CLDC":[50.140003],"DEWP":[-20.2],"FRSHTT":[1110000],"PRCP":[0.029999997],"SLP":[1020.4],"SNDP":[12.5],"STP":[985.2999],"TEMP":[-16.64],"VISIB":[19.710001],"WDSP":[13.51],"WNDDIR":[248],"time":[1549364860]}