{"CLDC":[50.239994],"DEWP":[-15.49],"FRSHTT":[1010000],"PRCP":[0],"SLP":[1020.75],"SNDP":[9.800001],"STP":[980.64],"TEMP":[-11.48],"VISIB":[22.929998],"WDSP":[11.420001],"WNDDIR":[263.6],"time":[1549364860]}