{"CLDC":[83.40001],"DEWP":[-18.599998],"FRSHTT":[1110000],"PRCP":[0.009999999],"SLP":[1022.68],"SNDP":[5.2999997],"STP":[947],"TEMP":[-15.500002],"VISIB":[19.64],"WDSP":[16.869999],"WNDDIR":[346.5],"time":[1549364860]}