{"CLDC":[50.239994,50.58],"DEWP":[-15.49,-15.460001],"FRSHTT":[1010000,1010000],"PRCP":[0,0],"SLP":[1020.75,1020.77997],"SNDP":[9.800001,9.800001],"STP":[980.64,980.61],"TEMP":[-11.48,-11.48],"VISIB":[22.929998,22.7],"WDSP":[11.420001,10.879999],"WNDDIR":[263.6,264.4],"time":[1549364860,1549364918]}