{"CLDC":[83.07,82.85],"DEWP":[-2.1499999,-2.1499999],"FRSHTT":[1100000,1100000],"PRCP":[0.11999999,0.11999999],"SLP":[1013.87,1014.2301],"SNDP":[0,0],"STP":[999.7001,999.81995],"TEMP":[-0.20000002,-0.20000002],"VISIB":[8.12,8.5],"WDSP":[20.630001,20.630001],"WNDDIR":[349.5,353.7],"time":[1549364859,1549364917]}