{"CLDC":[50.090004],"DEWP":[-16.45],"FRSHTT":[1110000],"PRCP":[0.019999998],"SLP":[1022.2999],"SNDP":[3.6],"STP":[952.4],"TEMP":[-13.55],"VISIB":[15.610001],"WDSP":[20.51],"WNDDIR":[289.3],"time":[1549364860]}