{"CLDC":[95.22001,95.68],"DEWP":[-12.36,-12.599999],"FRSHTT":[1110000,1110000],"PRCP":[0.029999997,0.029999997],"SLP":[1020.4,1020.2899],"SNDP":[2.2999997,2.2999997],"STP":[948.97003,949.1],"TEMP":[-9.58,-9.5],"VISIB":[20.08,19.95],"WDSP":[22.02,22.12],"WNDDIR":[166,165.9],"time":[1549364860,1549364918]}