{"CLDC":[63.22001],"DEWP":[-20.22],"FRSHTT":[1110000],"PRCP":[0.009999999],"SLP":[1023.4699],"SNDP":[4.2000003],"STP":[952.2999],"TEMP":[-17.359997],"VISIB":[17.6],"WDSP":[17.07],"WNDDIR":[229],"time":[1549364860]}