{"CLDC":[50.090004,50.16],"DEWP":[-16.45,-16.45],"FRSHTT":[1110000,1110000],"PRCP":[0.019999998,0.019999998],"SLP":[1022.2999,1022.2799],"SNDP":[3.6,3.6],"STP":[952.4,952.2001],"TEMP":[-13.55,-13.7],"VISIB":[15.610001,15.5],"WDSP":[20.51,21.070002],"WNDDIR":[289.3,289.9],"time":[1549364860,1549364918]}