{"CLDC":[71.659996],"DEWP":[-12.180001],"FRSHTT":[1110000],"PRCP":[0.029999997],"SLP":[1019.2999],"SNDP":[3.2000003],"STP":[950.99005],"TEMP":[-7.600001],"VISIB":[31.949997],"WDSP":[11.050001],"WNDDIR":[112.4],"time":[1549364860]}