{"CLDC":[71.659996,71.490005],"DEWP":[-12.180001,-12.740001],"FRSHTT":[1110000,1110000],"PRCP":[0.029999997,0.029999997],"SLP":[1019.2999,1019.4],"SNDP":[3.2000003,3.23],"STP":[950.99005,951.07996],"TEMP":[-7.600001,-7.54],"VISIB":[31.949997,31.77],"WDSP":[11.050001,10.67],"WNDDIR":[112.4,109.4],"time":[1549364860,1549364918]}