{"CLDC":[90.759995,90.850006],"DEWP":[-14.139999,-14.029999],"FRSHTT":[1110000,1110000],"PRCP":[0.039999995,0.039999995],"SLP":[1020.5,1020.55994],"SNDP":[3.7000003,3.7000003],"STP":[957.2001,957.2001],"TEMP":[-11.059999,-11.099999],"VISIB":[19.61,19.130001],"WDSP":[16.34,16.249998],"WNDDIR":[28.2,23.9],"time":[1549364860,1549364918]}