{"CLDC":[95.22001],"DEWP":[-12.36],"FRSHTT":[1110000],"PRCP":[0.029999997],"SLP":[1020.4],"SNDP":[2.2999997],"STP":[948.97003],"TEMP":[-9.58],"VISIB":[20.08],"WDSP":[22.02],"WNDDIR":[166],"time":[1549364860]}