{"CLDC":[49.429996],"DEWP":[-8.7],"FRSHTT":[1000000],"PRCP":[0],"SLP":[1022.2899],"SNDP":[0],"STP":[1029.6399],"TEMP":[-2.2399998],"VISIB":[13.33],"WDSP":[23.77],"WNDDIR":[69.3],"time":[1549364860]}