{"CLDC":[51.309998,51.02],"DEWP":[-11.400001,-11.020001],"FRSHTT":[1010000,1010000],"PRCP":[0,0],"SLP":[1021.50995,1021.5],"SNDP":[4.5,4.5],"STP":[923.6,923.6],"TEMP":[-8.599999,-8.799999],"VISIB":[17.859999,17.43],"WDSP":[19.27,19.849998],"WNDDIR":[89.2,88],"time":[1549364860,1549364918]}