{"CLDC":[86.09999,86.15],"DEWP":[-11.499999,-11.82],"FRSHTT":[1000000,1000000],"PRCP":[0,0],"SLP":[1020.04004,1020.08997],"SNDP":[0,0],"STP":[1005.11,1005.23],"TEMP":[-8.279999,-8.339999],"VISIB":[22.25,22.040003],"WDSP":[8.7699995,8.75],"WNDDIR":[87.6,87.2],"time":[1549364860,1549364918]}