{"CLDC":[50.13],"DEWP":[-12.449999],"FRSHTT":[1110000],"PRCP":[0.009999999],"SLP":[1020.1],"SNDP":[1.5],"STP":[912.4],"TEMP":[-6.35],"VISIB":[46.13],"WDSP":[19.96],"WNDDIR":[15],"time":[1549364860]}