{"CLDC":[50.15],"DEWP":[-15.539999],"FRSHTT":[1010000],"PRCP":[0],"SLP":[1020.81995],"SNDP":[8.900001],"STP":[944.2699],"TEMP":[-12.920001],"VISIB":[22],"WDSP":[13.49],"WNDDIR":[255.7],"time":[1549364860]}