{"CLDC":[50.279995],"DEWP":[-12.5],"FRSHTT":[1110000],"PRCP":[0.019999998],"SLP":[1020.2999],"SNDP":[7.4000006],"STP":[937.1],"TEMP":[-9.480001],"VISIB":[19.72],"WDSP":[14.8],"WNDDIR":[1.2],"time":[1549364860]}