{"CLDC":[4.9300003,4.8599997],"DEWP":[-14.57,-14.35],"FRSHTT":[1000000,1000000],"PRCP":[0,0],"SLP":[1022.91,1022.94006],"SNDP":[0,0],"STP":[1019.02997,1019.2399],"TEMP":[-8.15,-8.12],"VISIB":[41.480003,41.96],"WDSP":[15.530001,14.769999],"WNDDIR":[110.1,109.5],"time":[1549364860,1549364918]}