{"CLDC":[50.13,50],"DEWP":[-12.449999,-12.299998],"FRSHTT":[1110000,1110000],"PRCP":[0.009999999,0.009999999],"SLP":[1020.1,1020.1],"SNDP":[1.5,1.5],"STP":[912.4,912.4],"TEMP":[-6.35,-6.3200006],"VISIB":[46.13,46.919994],"WDSP":[19.96,21.25],"WNDDIR":[15,15.3],"time":[1549364860,1549364918]}