{"CLDC":[64.21999],"DEWP":[-13.440001],"FRSHTT":[1110000],"PRCP":[0.029999997],"SLP":[1020.5],"SNDP":[7.2],"STP":[910.1],"TEMP":[-9.32],"VISIB":[20.140001],"WDSP":[10.969999],"WNDDIR":[116.9],"time":[1549364860]}