{"CLDC":[69.799995,69.770004],"DEWP":[-14.55,-14.33],"FRSHTT":[1110000,1110000],"PRCP":[0.019999998,0.019999998],"SLP":[1019.2999,1019.2999],"SNDP":[4.2000003,4.2000003],"STP":[936.2999,936.2999],"TEMP":[-10.759999,-10.82],"VISIB":[19.080002,19.16],"WDSP":[11.31,12.119999],"WNDDIR":[316.1,316.6],"time":[1549364860,1549364918]}