{"CLDC":[50.170002,50.329994],"DEWP":[-9.850001,-9.630001],"FRSHTT":[1110000,1110000],"PRCP":[0.009999999,0.009999999],"SLP":[1020.08997,1020],"SNDP":[2.3999999,2.3999999],"STP":[920.4,920.4],"TEMP":[-6.5199995,-6.6],"VISIB":[15.649999,15.42],"WDSP":[22.359999,22.92],"WNDDIR":[289.3,288.4],"time":[1549364860,1549364918]}