{"CLDC":[51.309998],"DEWP":[-11.400001],"FRSHTT":[1010000],"PRCP":[0],"SLP":[1021.50995],"SNDP":[4.5],"STP":[923.6],"TEMP":[-8.599999],"VISIB":[17.859999],"WDSP":[19.27],"WNDDIR":[89.2],"time":[1549364860]}