{"CLDC":[69.799995],"DEWP":[-14.55],"FRSHTT":[1110000],"PRCP":[0.019999998],"SLP":[1019.2999],"SNDP":[4.2000003],"STP":[936.2999],"TEMP":[-10.759999],"VISIB":[19.080002],"WDSP":[11.31],"WNDDIR":[316.1],"time":[1549364860]}