{"CLDC":[50.170002],"DEWP":[-9.850001],"FRSHTT":[1110000],"PRCP":[0.009999999],"SLP":[1020.08997],"SNDP":[2.3999999],"STP":[920.4],"TEMP":[-6.5199995],"VISIB":[15.649999],"WDSP":[22.359999],"WNDDIR":[289.3],"time":[1549364860]}