{"CLDC":[91.020004],"DEWP":[-15.360001],"FRSHTT":[1000000],"PRCP":[0],"SLP":[1021.75],"SNDP":[0],"STP":[918.43],"TEMP":[-7.3700004],"VISIB":[29.909998],"WDSP":[27.080002],"WNDDIR":[66.1],"time":[1549364860]}