{"CLDC":[50.010002,50.050003],"DEWP":[-11.249999,-11.15],"FRSHTT":[1110000,1110000],"PRCP":[0.039999995,0.039999995],"SLP":[1020.4,1020.5],"SNDP":[7.3,7.3],"STP":[951.7001,951.7001],"TEMP":[-8.240001,-8.030001],"VISIB":[18.919998,18.490002],"WDSP":[14.970001,14.75],"WNDDIR":[66,71.1],"time":[1549364860,1549364918]}