{"CLDC":[1.3],"DEWP":[-4.2599998],"FRSHTT":[1000000],"PRCP":[0],"SLP":[1024.53],"SNDP":[0],"STP":[940.18],"TEMP":[-0.6999999],"VISIB":[23.530003],"WDSP":[4.29],"WNDDIR":[324.8],"time":[1549364860]}