{"CLDC":[66.87,66.5],"DEWP":[-11.450001,-11.58],"FRSHTT":[1110000,1110000],"PRCP":[0.009999999,0.009999999],"SLP":[1022.6,1022.6],"SNDP":[8.900001,9],"STP":[901.9,901.9],"TEMP":[-7.65,-7.6799994],"VISIB":[36.939995,36.700005],"WDSP":[8.190001,7.69],"WNDDIR":[59.6,59.7],"time":[1549364860,1549364918]}