{"CLDC":[93.850006],"DEWP":[-25.180002],"FRSHTT":[1000000],"PRCP":[0],"SLP":[988.02997],"SNDP":[0],"STP":[1011],"TEMP":[-20.18],"VISIB":[22.810001],"WDSP":[10.790001],"WNDDIR":[45.5],"time":[1549364860]}