{"CLDC":[62.089996,61.85],"DEWP":[-7.7,-7.8599997],"FRSHTT":[1110000,1110000],"PRCP":[0.019999998,0.019999998],"SLP":[1022,1021.93994],"SNDP":[2.7999997,2.7999997],"STP":[978.7999,978.7999],"TEMP":[-3.55,-3.55],"VISIB":[33.93,33.689995],"WDSP":[12.11,12.049999],"WNDDIR":[120.4,122.8],"time":[1549364860,1549364918]}