{"CLDC":[30.009998],"DEWP":[-9.000001],"FRSHTT":[1000000],"PRCP":[0],"SLP":[1035.5999],"SNDP":[0],"STP":[1020.1],"TEMP":[-6.0200005],"VISIB":[19.990002],"WDSP":[2.7999997],"WNDDIR":[335],"time":[1549364860]}