{"CLDC":[50.309998],"DEWP":[-6.75],"FRSHTT":[1010000],"PRCP":[0],"SLP":[1025.0999],"SNDP":[2.2999997],"STP":[1007.2899],"TEMP":[-3.0800002],"VISIB":[17.509998],"WDSP":[8.36],"WNDDIR":[284.7],"time":[1549364861]}