{"CLDC":[93.850006,93.740005],"DEWP":[-25.180002,-24.540003],"FRSHTT":[1000000,1000000],"PRCP":[0,0],"SLP":[988.02997,988.15],"SNDP":[0,0],"STP":[1011,1010.95],"TEMP":[-20.18,-20.470001],"VISIB":[22.810001,22.009998],"WDSP":[10.790001,10.679999],"WNDDIR":[45.5,41.5],"time":[1549364860,1549364918]}