{"CLDC":[51.06,50.899994],"DEWP":[-14.990001,-15.059999],"FRSHTT":[1110000,1110000],"PRCP":[0.029999997,0.029999997],"SLP":[1019.7001,1019.7001],"SNDP":[6.7,6.7],"STP":[907.2999,907.2999],"TEMP":[-11.109999,-11.139998],"VISIB":[35.93,35.949997],"WDSP":[7.3900003,7.7700005],"WNDDIR":[67.5,65],"time":[1549364860,1549364918]}