{"CLDC":[50.160004,50.170006],"DEWP":[-6.65,-6.65],"FRSHTT":[1110000,1110000],"PRCP":[0.029999997,0.029999997],"SLP":[1022.7001,1022.61],"SNDP":[0.5,0.5],"STP":[980.1,980.1],"TEMP":[-2.1,-2.16],"VISIB":[21.24,20.670002],"WDSP":[13.35,12.77],"WNDDIR":[286.3,285.9],"time":[1549364860,1549364918]}