{"CLDC":[69.490005],"DEWP":[-3.3800004],"FRSHTT":[1000000],"PRCP":[0],"SLP":[1006.7001],"SNDP":[0],"STP":[981.9],"TEMP":[-2.14],"VISIB":[15.090001],"WDSP":[1.1400001],"WNDDIR":[178.2],"time":[1549364860]}