{"CLDC":[62.089996],"DEWP":[-7.7],"FRSHTT":[1110000],"PRCP":[0.019999998],"SLP":[1022],"SNDP":[2.7999997],"STP":[978.7999],"TEMP":[-3.55],"VISIB":[33.93],"WDSP":[12.11],"WNDDIR":[120.4],"time":[1549364860]}