{"CLDC":[50.170002],"DEWP":[-9.360002],"FRSHTT":[1110000],"PRCP":[0.009999999],"SLP":[1023.2001],"SNDP":[7.5],"STP":[910.2999],"TEMP":[-5.35],"VISIB":[32.300003],"WDSP":[5.2099996],"WNDDIR":[30.4],"time":[1549364860]}