{"CLDC":[85.52999],"DEWP":[3.5],"FRSHTT":[100000],"PRCP":[0.6999999],"SLP":[994.9],"SNDP":[0],"STP":[994.2001],"TEMP":[6.5],"VISIB":[17.48],"WDSP":[37.760002],"WNDDIR":[76.8],"time":[1549364861]}