{"CLDC":[52.51],"DEWP":[-0.73999995],"FRSHTT":[100000],"PRCP":[0.16999999],"SLP":[1017.27997],"SNDP":[0],"STP":[1014.2999],"TEMP":[1.44],"VISIB":[21.740002],"WDSP":[12.79],"WNDDIR":[75.9],"time":[1549364861]}