{"CLDC":[82.77999,82.8],"DEWP":[-1.15,-1.2900001],"FRSHTT":[100000,100000],"PRCP":[0.009999999,0.009999999],"SLP":[1017.17004,1017.1],"SNDP":[0,0],"STP":[1016.44006,1016.5],"TEMP":[0.7299999,0.7299999],"VISIB":[22.060001,21.509998],"WDSP":[4.6499996,4.9500003],"WNDDIR":[202.3,204.5],"time":[1549364861,1549364918]}