{"CLDC":[86.83],"DEWP":[-5.6499996],"FRSHTT":[1110000],"PRCP":[0.050000004],"SLP":[1020.9],"SNDP":[0.6999999],"STP":[992.23],"TEMP":[-2.35],"VISIB":[16.19],"WDSP":[10.690001],"WNDDIR":[338.1],"time":[1549364861]}