{"CLDC":[29.459997,29.849997],"DEWP":[-0.3,-0.50000006],"FRSHTT":[0,0],"PRCP":[0,0],"SLP":[1013.43994,1013.6],"SNDP":[0,0],"STP":[1045.0801,1044.47],"TEMP":[1.76,1.74],"VISIB":[17.59,17.33],"WDSP":[9.83,10.87],"WNDDIR":[48,48],"time":[1549364861,1549364918]}