{"CLDC":[52.51,52.230003],"DEWP":[-0.73999995,-0.8],"FRSHTT":[100000,100000],"PRCP":[0.16999999,0.16999999],"SLP":[1017.27997,1017.2999],"SNDP":[0,0],"STP":[1014.2999,1014.2999],"TEMP":[1.44,1.4000001],"VISIB":[21.740002,21.369997],"WDSP":[12.79,12.970001],"WNDDIR":[75.9,73.3],"time":[1549364861,1549364918]}