{"CLDC":[84.93],"DEWP":[-5.2000003],"FRSHTT":[1000000],"PRCP":[0],"SLP":[971],"SNDP":[0],"STP":[986.67004],"TEMP":[-1.7],"VISIB":[15.920001],"WDSP":[0.59999996],"WNDDIR":[344.8],"time":[1549364861]}