{"CLDC":[50.299995,50.31],"DEWP":[-0.82,-0.98],"FRSHTT":[100000,100000],"PRCP":[0.019999998,0.019999998],"SLP":[1008.56995,1008.22003],"SNDP":[0,0],"STP":[1010.72003,1010.48],"TEMP":[1.7,1.7400001],"VISIB":[40.389996,40.740005],"WDSP":[12.51,13.0199995],"WNDDIR":[4.6,5.9],"time":[1549364861,1549364919]}