{"CLDC":[35.909996,35.839996],"DEWP":[0.19999999,0.14999999],"FRSHTT":[0,0],"PRCP":[0,0],"SLP":[1015.31995,1015.45996],"SNDP":[0,0],"STP":[1016.0501,1016.45],"TEMP":[2.5,2.52],"VISIB":[13.589999,12.669999],"WDSP":[11.679999,12.5199995],"WNDDIR":[299,305.3],"time":[1549364861,1549364918]}