{"CLDC":[95.700005],"DEWP":[-1.9200001],"FRSHTT":[110000],"PRCP":[0.11999999],"SLP":[1018.42004],"SNDP":[0.10000001],"STP":[1018.5],"TEMP":[0.93],"VISIB":[25.929998],"WDSP":[11.570001],"WNDDIR":[334.3],"time":[1549364861]}