{"CLDC":[78.270004,78.23],"DEWP":[1.6199999,1.7],"FRSHTT":[100000,100000],"PRCP":[0.14,0.14],"SLP":[1007.25995,1007.2799],"SNDP":[0,0],"STP":[1002.4,1002.5],"TEMP":[3.52,3.5],"VISIB":[23.41,22.819998],"WDSP":[25.130001,27.679998],"WNDDIR":[37.7,38.2],"time":[1549364861,1549364919]}