{"CLDC":[78.270004],"DEWP":[1.6199999],"FRSHTT":[100000],"PRCP":[0.14],"SLP":[1007.25995],"SNDP":[0],"STP":[1002.4],"TEMP":[3.52],"VISIB":[23.41],"WDSP":[25.130001],"WNDDIR":[37.7],"time":[1549364861]}