{"CLDC":[50.279995,50.130005],"DEWP":[-2.54,-2.6199996],"FRSHTT":[110000,110000],"PRCP":[0.31999996,0.31999996],"SLP":[1012.2001,1012.1],"SNDP":[0.59999996,0.59999996],"STP":[1008.06995,1008],"TEMP":[0.62,0.59999996],"VISIB":[17.719997,18.480001],"WDSP":[15.37,17.189999],"WNDDIR":[357.8,353.4],"time":[1549364861,1549364919]}