{"CLDC":[11],"DEWP":[-2.06],"FRSHTT":[0],"PRCP":[0],"SLP":[1002.36],"SNDP":[0],"STP":[999.73],"TEMP":[4.12],"VISIB":[21.939999],"WDSP":[26.689999],"WNDDIR":[100.5],"time":[1549364861]}