{"CLDC":[95.700005,96.05999],"DEWP":[-1.9200001,-1.9200001],"FRSHTT":[110000,110000],"PRCP":[0.11999999,0.11999999],"SLP":[1018.42004,1018.5],"SNDP":[0.10000001,0.10000001],"STP":[1018.5,1018.5],"TEMP":[0.93,0.93999994],"VISIB":[25.929998,25.9],"WDSP":[11.570001,11.469999],"WNDDIR":[334.3,339.6],"time":[1549364861,1549364918]}