{"CLDC":[11,11.01],"DEWP":[-2.06,-1.95],"FRSHTT":[0,0],"PRCP":[0,0],"SLP":[1002.36,1002.65],"SNDP":[0,0],"STP":[999.73,999.87],"TEMP":[4.12,4.1],"VISIB":[21.939999,21.21],"WDSP":[26.689999,27.61],"WNDDIR":[100.5,100],"time":[1549364861,1549364919]}