{"CLDC":[84.71001,84.37001],"DEWP":[-1.85,-1.64],"FRSHTT":[0,0],"PRCP":[0,0],"SLP":[1017.7001,1017.7001],"SNDP":[0,0],"STP":[1019.4,1019.4],"TEMP":[0.04,0.05],"VISIB":[17.650003,17.3],"WDSP":[7.3700004,7.7700005],"WNDDIR":[176.5,173.6],"time":[1549364861,1549364918]}