{"CLDC":[50.34,50.349995],"DEWP":[-19.759998,-20.17],"FRSHTT":[1110000,1110000],"PRCP":[0.039999995,0.039999995],"SLP":[1013.1,1013.1],"SNDP":[15.300001,15.4],"STP":[1008.91003,1008.88],"TEMP":[-15.42,-15.94],"VISIB":[22.419998,22.16],"WDSP":[13.210001,12.35],"WNDDIR":[106.9,106.4],"time":[1549364856,1549364916]}