{"CLDC":[50.110004,50.170006],"DEWP":[-21.380001,-21.320002],"FRSHTT":[1110000,1110000],"PRCP":[0.15999998,0.15999998],"SLP":[1007.93,1007.9],"SNDP":[20.399998,20.399998],"STP":[1006.5,1006.49005],"TEMP":[-18.77,-18.33],"VISIB":[14.51,14.06],"WDSP":[34.989998,36.590004],"WNDDIR":[316.8,316],"time":[1549364856,1549364916]}