{"CLDC":[85.96],"DEWP":[-19.7],"FRSHTT":[1110000],"PRCP":[0.09000001],"SLP":[1011.2999],"SNDP":[6.5999994],"STP":[1006.91],"TEMP":[-14.420001],"VISIB":[18.6],"WDSP":[17.130001],"WNDDIR":[69.7],"time":[1549364856]}