{"CLDC":[50.110004],"DEWP":[-21.380001],"FRSHTT":[1110000],"PRCP":[0.15999998],"SLP":[1007.93],"SNDP":[20.399998],"STP":[1006.5],"TEMP":[-18.77],"VISIB":[14.51],"WDSP":[34.989998],"WNDDIR":[316.8],"time":[1549364856]}