{"CLDC":[50.010002],"DEWP":[-3.0500002],"FRSHTT":[1100000],"PRCP":[0.059999995],"SLP":[1019.5],"SNDP":[0],"STP":[1010.55],"TEMP":[-0.22999999],"VISIB":[8.400001],"WDSP":[12.049999],"WNDDIR":[170.1],"time":[1549364860]}