{"CLDC":[50],"DEWP":[-27.2],"FRSHTT":[1110000],"PRCP":[0.13],"SLP":[1007.2999],"SNDP":[24.100002],"STP":[1008.1],"TEMP":[-23.63],"VISIB":[17.149998],"WDSP":[20.78],"WNDDIR":[59.7],"time":[1549364856]}