{"CLDC":[50,50.329994],"DEWP":[-27.2,-27.2],"FRSHTT":[1110000,1110000],"PRCP":[0.13,0.13],"SLP":[1007.2999,1007.2999],"SNDP":[24.100002,24.100002],"STP":[1008.1,1008],"TEMP":[-23.63,-23.63],"VISIB":[17.149998,17.19],"WDSP":[20.78,21.390001],"WNDDIR":[59.7,61.2],"time":[1549364856,1549364916]}