{"CLDC":[50.010002,50.229996],"DEWP":[-3.0500002,-2.98],"FRSHTT":[1100000,1100000],"PRCP":[0.059999995,0.059999995],"SLP":[1019.5,1019.5],"SNDP":[0,0],"STP":[1010.55,1010.7899],"TEMP":[-0.22999999,-0.25000003],"VISIB":[8.400001,8.6],"WDSP":[12.049999,12.88],"WNDDIR":[170.1,166.3],"time":[1549364860,1549364918]}