{"CLDC":[51.23,51.030003],"DEWP":[-11.660001,-11.62],"FRSHTT":[1000000,1000000],"PRCP":[0,0],"SLP":[1018.5,1018.5],"SNDP":[0,0],"STP":[1007.65,1005.66003],"TEMP":[-11.32,-11.099999],"VISIB":[16.05,15.729999],"WDSP":[18.87,19.189999],"WNDDIR":[328.4,328.1],"time":[1549364856,1549364916]}