{"CLDC":[50.060005],"DEWP":[-16.759998],"FRSHTT":[1110000],"PRCP":[0.050000004],"SLP":[1018.1],"SNDP":[16.5],"STP":[1015.4],"TEMP":[-12.339999],"VISIB":[18.15],"WDSP":[16.37],"WNDDIR":[30.6],"time":[1549364856]}