{"CLDC":[50.259995,50.43],"DEWP":[-16.32,-16.219997],"FRSHTT":[1110000,1110000],"PRCP":[0.029999997,0.029999997],"SLP":[1016.5,1016.5],"SNDP":[9.199999,9.199999],"STP":[1014.2999,1014.2999],"TEMP":[-11.679999,-12],"VISIB":[15.01,14.959999],"WDSP":[19.31,19.09],"WNDDIR":[250.1,252.6],"time":[1549364856,1549364916]}