{"CLDC":[50.34],"DEWP":[-19.759998],"FRSHTT":[1110000],"PRCP":[0.039999995],"SLP":[1013.1],"SNDP":[15.300001],"STP":[1008.91003],"TEMP":[-15.42],"VISIB":[22.419998],"WDSP":[13.210001],"WNDDIR":[106.9],"time":[1549364856]}