{"CLDC":[28.570002],"DEWP":[-25.139997],"FRSHTT":[1000000],"PRCP":[0],"SLP":[1028.25],"SNDP":[0],"STP":[1027.7899],"TEMP":[-21.419998],"VISIB":[18.93],"WDSP":[12.380001],"WNDDIR":[100.2],"time":[1549364857]}