{"CLDC":[54.45],"DEWP":[-21.509998],"FRSHTT":[1110000],"PRCP":[0.009999999],"SLP":[1014.5],"SNDP":[11.440001],"STP":[1005.2999],"TEMP":[-15.990001],"VISIB":[16.76],"WDSP":[21.91],"WNDDIR":[356.8],"time":[1549364857]}