{"CLDC":[57.47],"DEWP":[-24.5],"FRSHTT":[1010000],"PRCP":[0],"SLP":[1030.6901],"SNDP":[25.899998],"STP":[1029.7999],"TEMP":[-18.539999],"VISIB":[23.2],"WDSP":[6.4199996],"WNDDIR":[289.9],"time":[1549364857]}