{"CLDC":[83.32,82.93],"DEWP":[-17.16,-16.9],"FRSHTT":[1110000,1110000],"PRCP":[0.009999999,0.009999999],"SLP":[1020,1020.0801],"SNDP":[8,8],"STP":[1015.5,1015.4601],"TEMP":[-13.15,-12.9],"VISIB":[17.26,17.1],"WDSP":[22.25,21.56],"WNDDIR":[4,2.9],"time":[1549364857,1549364916]}