{"CLDC":[28.570002,28.710001],"DEWP":[-25.139997,-24.499998],"FRSHTT":[1000000,1000000],"PRCP":[0,0],"SLP":[1028.25,1028.55],"SNDP":[0,0],"STP":[1027.7899,1027.88],"TEMP":[-21.419998,-21.499996],"VISIB":[18.93,19.369999],"WDSP":[12.380001,12.75],"WNDDIR":[100.2,99.6],"time":[1549364857,1549364916]}