{"CLDC":[64.45,64.59999],"DEWP":[-35.24,-34.770004],"FRSHTT":[1010000,1010000],"PRCP":[0,0],"SLP":[1004.4,1004.4601],"SNDP":[10.699999,10.699999],"STP":[1003,1003],"TEMP":[-32.140003,-31.830002],"VISIB":[18.59,18.37],"WDSP":[5.9400005,5.9700003],"WNDDIR":[236.4,235.1],"time":[1549364857,1549364916]}