{"CLDC":[65.25,65.189995],"DEWP":[-15.42,-15.419998],"FRSHTT":[1110000,1110000],"PRCP":[0.029999997,0.029999997],"SLP":[1011.2001,1011.2001],"SNDP":[12.099999,12.099999],"STP":[1004.6,1004.6],"TEMP":[-11.280001,-11.620001],"VISIB":[13.960001,14.25],"WDSP":[16.92,18.61],"WNDDIR":[173.3,172.6],"time":[1549364857,1549364916]}