{"CLDC":[91.020004,91.34001],"DEWP":[-20.02,-19.990002],"FRSHTT":[1110000,1110000],"PRCP":[0.019999998,0.019999998],"SLP":[1018.7999,1018.9],"SNDP":[18.300001,18.300001],"STP":[1016.5,1016.57],"TEMP":[-15.599998,-15.780001],"VISIB":[16.36,16.21],"WDSP":[28.16,28.11],"WNDDIR":[219.9,219.2],"time":[1549364857,1549364916]}