{"CLDC":[56.409996,56.05],"DEWP":[-14.76,-14.120001],"FRSHTT":[1110000,1110000],"PRCP":[0.009999999,0.009999999],"SLP":[1019.88007,1019.9],"SNDP":[5.2999997,5.2999997],"STP":[900.4,900.4],"TEMP":[-10.44,-10.499998],"VISIB":[47.07,47.249996],"WDSP":[6.8700004,7.09],"WNDDIR":[113.4,113.4],"time":[1549364857,1549364916]}