{"CLDC":[52.750008,53.060005],"DEWP":[-28.66,-28.98],"FRSHTT":[1110000,1110000],"PRCP":[0.009999999,0.009999999],"SLP":[1018.32,1018.36993],"SNDP":[10.199999,10.199999],"STP":[1014.4,1014.4],"TEMP":[-24.6,-24.759998],"VISIB":[15.17,15.149999],"WDSP":[16.109999,15.909999],"WNDDIR":[235.2,238.7],"time":[1549364857,1549364916]}