{"CLDC":[50.170006],"DEWP":[-28.330002],"FRSHTT":[1110000],"PRCP":[0.009999999],"SLP":[1014.30994],"SNDP":[8.699999],"STP":[1005.5],"TEMP":[-24.05],"VISIB":[15.210001],"WDSP":[22.099998],"WNDDIR":[339.9],"time":[1549364857]}