{"CLDC":[50.170006,50.140003],"DEWP":[-28.330002,-28.290003],"FRSHTT":[1110000,1110000],"PRCP":[0.009999999,0.009999999],"SLP":[1014.30994,1014.4],"SNDP":[8.699999,8.699999],"STP":[1005.5,1005.5],"TEMP":[-24.05,-24],"VISIB":[15.210001,15.82],"WDSP":[22.099998,21.949999],"WNDDIR":[339.9,342.4],"time":[1549364857,1549364916]}