{"CLDC":[28.570002],"DEWP":[-24.36],"FRSHTT":[1000000],"PRCP":[0],"SLP":[1013.1],"SNDP":[0],"STP":[1014.7899],"TEMP":[-19.349998],"VISIB":[8.139999],"WDSP":[37.65],"WNDDIR":[40.8],"time":[1549364857]}