{"CLDC":[67.16,67.37],"DEWP":[-15.199999,-14.999998],"FRSHTT":[1110000,1110000],"PRCP":[0.11,0.11],"SLP":[1013.98,1014.11],"SNDP":[19.399998,19.49],"STP":[952.2999,952.2999],"TEMP":[-12.200001,-12.320001],"VISIB":[20.630001,20.560001],"WDSP":[13.06,13.12],"WNDDIR":[237,234.6],"time":[1549364857,1549364916]}