{"CLDC":[91.020004],"DEWP":[-20.02],"FRSHTT":[1110000],"PRCP":[0.019999998],"SLP":[1018.7999],"SNDP":[18.300001],"STP":[1016.5],"TEMP":[-15.599998],"VISIB":[16.36],"WDSP":[28.16],"WNDDIR":[219.9],"time":[1549364857]}