{"CLDC":[73.990005,73.86001],"DEWP":[-25.05,-24.880001],"FRSHTT":[1000000,1000000],"PRCP":[0,0],"SLP":[1030.29,1031.2301],"SNDP":[0,0],"STP":[1022.64,1022.06006],"TEMP":[-19.88,-20.05],"VISIB":[22.41,22.049997],"WDSP":[15.94,17.39],"WNDDIR":[76.3,79.7],"time":[1549364857,1549364916]}