{"CLDC":[50.030003],"DEWP":[-14.25],"FRSHTT":[1110000],"PRCP":[0.029999997],"SLP":[1020.9],"SNDP":[13.300001],"STP":[990.6],"TEMP":[-11.380001],"VISIB":[18.53],"WDSP":[10.21],"WNDDIR":[340.8],"time":[1549364858]}