{"CLDC":[50.110004],"DEWP":[-19.139997],"FRSHTT":[1110000],"PRCP":[0.019999998],"SLP":[1019.5],"SNDP":[18.800001],"STP":[992.7001],"TEMP":[-17.02],"VISIB":[19.91],"WDSP":[12.129999],"WNDDIR":[177.3],"time":[1549364858]}