{"CLDC":[50.339996,50.239998],"DEWP":[-19.400002,-19.4],"FRSHTT":[1110000,1110000],"PRCP":[0.009999999,0.009999999],"SLP":[1020.85,1020.88],"SNDP":[17.800001,17.899998],"STP":[1017.7001,1017.7001],"TEMP":[-17.599998,-17.100002],"VISIB":[15.890001,15.589999],"WDSP":[19.28,20.16],"WNDDIR":[216.7,213.8],"time":[1549364858,1549364916]}