{"CLDC":[50.180004],"DEWP":[-11.88],"FRSHTT":[1110000],"PRCP":[0.019999998],"SLP":[1019.05994],"SNDP":[10.800001],"STP":[924.2001],"TEMP":[-8.030001],"VISIB":[20.8],"WDSP":[7.5699997],"WNDDIR":[271],"time":[1549364858]}