{"CLDC":[76.85],"DEWP":[-18.75],"FRSHTT":[1110000],"PRCP":[0.029999997],"SLP":[1019.81995],"SNDP":[17.5],"STP":[997.9],"TEMP":[-15.01],"VISIB":[21.6],"WDSP":[13.57],"WNDDIR":[51.4],"time":[1549364858]}