{"CLDC":[50.339996],"DEWP":[-19.400002],"FRSHTT":[1110000],"PRCP":[0.009999999],"SLP":[1020.85],"SNDP":[17.800001],"STP":[1017.7001],"TEMP":[-17.599998],"VISIB":[15.890001],"WDSP":[19.28],"WNDDIR":[216.7],"time":[1549364858]}