{"CLDC":[50.230003,50.06],"DEWP":[-23.2,-23.3],"FRSHTT":[1110000,1110000],"PRCP":[0.029999997,0.029999997],"SLP":[1020.7999,1020.7001],"SNDP":[14.699999,14.699999],"STP":[993.4,993.4],"TEMP":[-18.890001,-18.98],"VISIB":[19.259998,20.169998],"WDSP":[12.85,11.91],"WNDDIR":[170.3,165.8],"time":[1549364858,1549364916]}