{"CLDC":[50.030003,50.090004],"DEWP":[-14.25,-13.82],"FRSHTT":[1110000,1110000],"PRCP":[0.029999997,0.029999997],"SLP":[1020.9,1020.9],"SNDP":[13.300001,13.300001],"STP":[990.6,990.6],"TEMP":[-11.380001,-11.100001],"VISIB":[18.53,18.630001],"WDSP":[10.21,10.43],"WNDDIR":[340.8,340.7],"time":[1549364858,1549364916]}