{"CLDC":[50.23,50.329994],"DEWP":[-17.78,-17.609999],"FRSHTT":[1110000,1110000],"PRCP":[0.019999998,0.019999998],"SLP":[1019.7999,1019.7799],"SNDP":[9.300001,9.300001],"STP":[972.4,972.4],"TEMP":[-13.44,-13.58],"VISIB":[20.170002,19.73],"WDSP":[11.400001,11.070001],"WNDDIR":[355.8,359],"time":[1549364858,1549364916]}