{"CLDC":[50.230003],"DEWP":[-23.2],"FRSHTT":[1110000],"PRCP":[0.029999997],"SLP":[1020.7999],"SNDP":[14.699999],"STP":[993.4],"TEMP":[-18.890001],"VISIB":[19.259998],"WDSP":[12.85],"WNDDIR":[170.3],"time":[1549364858]}