{"CLDC":[76.85,76.53999],"DEWP":[-18.75,-18.75],"FRSHTT":[1110000,1110000],"PRCP":[0.029999997,0.029999997],"SLP":[1019.81995,1019.7999],"SNDP":[17.5,17.51],"STP":[997.9,997.9],"TEMP":[-15.01,-15],"VISIB":[21.6,21.07],"WDSP":[13.57,12.93],"WNDDIR":[51.4,53.6],"time":[1549364858,1549364916]}