{"CLDC":[50.289997,50.379997],"DEWP":[-14.9,-14.850001],"FRSHTT":[1110000,1110000],"PRCP":[0.050000004,0.050000004],"SLP":[1019.7999,1019.7999],"SNDP":[12,12],"STP":[943.2001,943.1],"TEMP":[-11.2,-10.969999],"VISIB":[33.28,33.32],"WDSP":[7.2399993,7.3299994],"WNDDIR":[101.2,98],"time":[1549364858,1549364917]}