{"CLDC":[52.819996],"DEWP":[-10.199999],"FRSHTT":[1110000],"PRCP":[0.14999999],"SLP":[1019.1],"SNDP":[13.199999],"STP":[934.34],"TEMP":[-7.5100007],"VISIB":[14.360001],"WDSP":[6.1600003],"WNDDIR":[2.9],"time":[1549364858]}