{"CLDC":[77.09,76.89001],"DEWP":[-19.500002,-19.400002],"FRSHTT":[1000000,1000000],"PRCP":[0,0],"SLP":[1007.4601,1007.09],"SNDP":[0,0],"STP":[1004,1003.1499],"TEMP":[-16.900002,-16.800001],"VISIB":[21.28,21.5],"WDSP":[9.78,9.33],"WNDDIR":[277.1,278.2],"time":[1549364858,1549364917]}