{"CLDC":[50.050003],"DEWP":[-20.380001],"FRSHTT":[1110000],"PRCP":[0.039999995],"SLP":[1020.4],"SNDP":[21.899998],"STP":[999.5],"TEMP":[-17.119999],"VISIB":[21.609999],"WDSP":[8.690001],"WNDDIR":[191.5],"time":[1549364858]}