{"CLDC":[95.880005],"DEWP":[-18.6],"FRSHTT":[1110000],"PRCP":[0.039999995],"SLP":[1018.7001],"SNDP":[20.359997],"STP":[970],"TEMP":[-14.63],"VISIB":[42.65],"WDSP":[4.71],"WNDDIR":[320.3],"time":[1549364858]}