{"CLDC":[52.819996,52.839996],"DEWP":[-10.199999,-10.099999],"FRSHTT":[1110000,1110000],"PRCP":[0.14999999,0.14999999],"SLP":[1019.1,1019.05],"SNDP":[13.199999,13.199999],"STP":[934.34,934.39],"TEMP":[-7.5100007,-7.78],"VISIB":[14.360001,14.74],"WDSP":[6.1600003,6.7400002],"WNDDIR":[2.9,3.9],"time":[1549364858,1549364917]}