{"CLDC":[95.880005,95.81999],"DEWP":[-18.6,-18.33],"FRSHTT":[1110000,1110000],"PRCP":[0.039999995,0.039999995],"SLP":[1018.7001,1018.7001],"SNDP":[20.359997,20.399998],"STP":[970,970.0199],"TEMP":[-14.63,-15.0199995],"VISIB":[42.65,42.859997],"WDSP":[4.71,5.25],"WNDDIR":[320.3,321.8],"time":[1549364858,1549364917]}