{"CLDC":[86.68,86.72],"DEWP":[-24.999996,-24.699997],"FRSHTT":[1110000,1110000],"PRCP":[0.050000004,0.050000004],"SLP":[1022.02,1022.02997],"SNDP":[7.4000006,7.4000006],"STP":[1019.00995,1019.1],"TEMP":[-22.990002,-22.42],"VISIB":[14.429998,15.090001],"WDSP":[22.2,22.02],"WNDDIR":[234.3,239.3],"time":[1549364858,1549364917]}