{"CLDC":[68.13,68.24],"DEWP":[-8.960001,-9.280001],"FRSHTT":[1000000,1000000],"PRCP":[0,0],"SLP":[1015.5,1015.5],"SNDP":[0,0],"STP":[1018.88,1019],"TEMP":[-3.5899997,-3.5899997],"VISIB":[40.760002,40.63],"WDSP":[8.190001,8.349999],"WNDDIR":[345.5,349.6],"time":[1549364858,1549364917]}