{"CLDC":[38.53],"DEWP":[-26.959997],"FRSHTT":[1000000],"PRCP":[0],"SLP":[1020.94006],"SNDP":[0],"STP":[1018.94006],"TEMP":[-23.95],"VISIB":[14.05],"WDSP":[25.65],"WNDDIR":[24.2],"time":[1549364859]}