{"CLDC":[50.140003],"DEWP":[-29],"FRSHTT":[1110000],"PRCP":[0.009999999],"SLP":[1020.45],"SNDP":[14.6],"STP":[1011],"TEMP":[-25.059998],"VISIB":[26.13],"WDSP":[8.95],"WNDDIR":[252.2],"time":[1549364858]}