{"CLDC":[50.070004,50.11001],"DEWP":[-21.779999,-21.64],"FRSHTT":[1110000,1110000],"PRCP":[0.029999997,0.029999997],"SLP":[1013.49005,1013.2999],"SNDP":[15.1,15.1],"STP":[946.2001,946.2101],"TEMP":[-18.2,-18.14],"VISIB":[34.239998,34.700005],"WDSP":[5.2200003,4.4799995],"WNDDIR":[205,205.5],"time":[1549364859,1549364917]}