{"CLDC":[50.070004],"DEWP":[-21.779999],"FRSHTT":[1110000],"PRCP":[0.029999997],"SLP":[1013.49005],"SNDP":[15.1],"STP":[946.2001],"TEMP":[-18.2],"VISIB":[34.239998],"WDSP":[5.2200003],"WNDDIR":[205],"time":[1549364859]}