{"CLDC":[59.7],"DEWP":[-26.810001],"FRSHTT":[1000000],"PRCP":[0],"SLP":[1016.72003],"SNDP":[0],"STP":[997.95996],"TEMP":[-23.619999],"VISIB":[14.759999],"WDSP":[13.870001],"WNDDIR":[51],"time":[1549364859]}