{"CLDC":[71.479996],"DEWP":[-4.8599997],"FRSHTT":[1110000],"PRCP":[0.31999996],"SLP":[1015.4],"SNDP":[8],"STP":[988.5],"TEMP":[-2.14],"VISIB":[17.35],"WDSP":[15.99],"WNDDIR":[168.2],"time":[1549364859]}