{"CLDC":[50.190002],"DEWP":[-21.09],"FRSHTT":[1010000],"PRCP":[0],"SLP":[1033.3699],"SNDP":[18.100002],"STP":[983.7999],"TEMP":[-19.05],"VISIB":[18.94],"WDSP":[2.1500003],"WNDDIR":[305.3],"time":[1549364859]}