{"CLDC":[50.190002,50.06],"DEWP":[-21.09,-21.06],"FRSHTT":[1010000,1010000],"PRCP":[0,0],"SLP":[1033.3699,1033.59],"SNDP":[18.100002,18.199999],"STP":[983.7999,983.75995],"TEMP":[-19.05,-19.219997],"VISIB":[18.94,19.250002],"WDSP":[2.1500003,2.0900002],"WNDDIR":[305.3,304.3],"time":[1549364859,1549364917]}