{"CLDC":[89.58999],"DEWP":[-32.239998],"FRSHTT":[1010000],"PRCP":[0],"SLP":[1004.2499],"SNDP":[7.4000006],"STP":[1002.8],"TEMP":[-29.95],"VISIB":[12.41],"WDSP":[28.720001],"WNDDIR":[93.3],"time":[1549364859]}