{"CLDC":[50.04],"DEWP":[-14.95],"FRSHTT":[1110000],"PRCP":[0.029999997],"SLP":[1013.8099],"SNDP":[10.300001],"STP":[936.1],"TEMP":[-11.059999],"VISIB":[44.899994],"WDSP":[18.339998],"WNDDIR":[306],"time":[1549364859]}