{"CLDC":[88.259995],"DEWP":[-20.140001],"FRSHTT":[1000000],"PRCP":[0],"SLP":[1012.6],"SNDP":[0],"STP":[1018.0301],"TEMP":[-15.62],"VISIB":[29.2],"WDSP":[15.33],"WNDDIR":[198.2],"time":[1549364859]}