{"CLDC":[52.389996],"DEWP":[-2.4199998],"FRSHTT":[100000],"PRCP":[0.059999995],"SLP":[1014.1],"SNDP":[0],"STP":[1014.9699],"TEMP":[0.20000002],"VISIB":[9.089999],"WDSP":[16.25],"WNDDIR":[304],"time":[1549364859]}