{"CLDC":[52.389996,52.15],"DEWP":[-2.4199998,-2.42],"FRSHTT":[100000,100000],"PRCP":[0.059999995,0.062],"SLP":[1014.1,1014.06995],"SNDP":[0,0],"STP":[1014.9699,1015.45996],"TEMP":[0.20000002,0.20000002],"VISIB":[9.089999,8.59],"WDSP":[16.25,17.259998],"WNDDIR":[304,301.5],"time":[1549364859,1549364918]}