{"CLDC":[50,50.11],"DEWP":[1.34,1.3000001],"FRSHTT":[100000,100000],"PRCP":[0.07999999,0.07999999],"SLP":[1017.1,1017.1],"SNDP":[0,0],"STP":[1018.7601,1018.52],"TEMP":[5.1000004,5.1],"VISIB":[13.2,12.85],"WDSP":[29.959997,30.15],"WNDDIR":[204.1,200.7],"time":[1549364855,1549364915]}