{"CLDC":[50.170002,50.289997],"DEWP":[3.1599998,3.1599998],"FRSHTT":[100000,100000],"PRCP":[0.11,0.11],"SLP":[1016.27997,1016.11],"SNDP":[0,0],"STP":[1009.6,1009.6],"TEMP":[5.2200003,5.1799994],"VISIB":[11.8,11.46],"WDSP":[17.96,18.329998],"WNDDIR":[134,135.3],"time":[1549364855,1549364915]}