{"CLDC":[41.939995,41.859997],"DEWP":[-0.35,0],"FRSHTT":[0,0],"PRCP":[0,0],"SLP":[1038.4099,1036.96],"SNDP":[0,0],"STP":[1024.2899,1024.2001],"TEMP":[0.66999996,0.65],"VISIB":[5.7400002,5.8599997],"WDSP":[13.910001,14.2300005],"WNDDIR":[269,269.2],"time":[1549364857,1549364916]}