{"CLDC":[22.619999],"DEWP":[5.500001],"FRSHTT":[0],"PRCP":[0],"SLP":[1002.20996],"SNDP":[0],"STP":[997.55],"TEMP":[6.7200003],"VISIB":[10.1],"WDSP":[12.4400015],"WNDDIR":[297],"time":[1549364857]}