{"CLDC":[45.28,45.21],"DEWP":[0.4,0.3],"FRSHTT":[0,0],"PRCP":[0,0],"SLP":[1040.76,1040.2101],"SNDP":[0,0],"STP":[1027.7999,1027.7499],"TEMP":[5.0999994,5.14],"VISIB":[15.470001,14.94],"WDSP":[19.419998,17.990002],"WNDDIR":[19.8,18.7],"time":[1549364857,1549364916]}