{"CLDC":[41.939995],"DEWP":[-0.35],"FRSHTT":[0],"PRCP":[0],"SLP":[1038.4099],"SNDP":[0],"STP":[1024.2899],"TEMP":[0.66999996],"VISIB":[5.7400002],"WDSP":[13.910001],"WNDDIR":[269],"time":[1549364857]}