{"CLDC":[8.65],"DEWP":[-5.120001],"FRSHTT":[0],"PRCP":[0],"SLP":[957.7001],"SNDP":[0],"STP":[976.12],"TEMP":[2.15],"VISIB":[15.820002],"WDSP":[12.320001],"WNDDIR":[20.8],"time":[1549364857]}