{"CLDC":[37.729996,37.89],"DEWP":[-9.26,-9.05],"FRSHTT":[1000000,1000000],"PRCP":[0,0],"SLP":[1023.74005,1023.65],"SNDP":[0,0],"STP":[1012.4,1011.34],"TEMP":[-2.6000001,-2.6000001],"VISIB":[15.900002,15.410001],"WDSP":[10.35,9.83],"WNDDIR":[133,134.5],"time":[1549364857,1549364916]}