{"CLDC":[50.170002],"DEWP":[3.1599998],"FRSHTT":[100000],"PRCP":[0.11],"SLP":[1016.27997],"SNDP":[0],"STP":[1009.6],"TEMP":[5.2200003],"VISIB":[11.8],"WDSP":[17.96],"WNDDIR":[134],"time":[1549364855]}