{"CLDC":[55.77,55.859997],"DEWP":[-0.53999996,-0.35999998],"FRSHTT":[0,0],"PRCP":[0,0],"SLP":[995.55994,996.07996],"SNDP":[0,0],"STP":[992.59,992.61],"TEMP":[0.8300001,0.85],"VISIB":[6.2599998,5.65],"WDSP":[12.71,12.17],"WNDDIR":[85.5,86.9],"time":[1549364857,1549364916]}