{"CLDC":[8.65,8.33],"DEWP":[-5.120001,-5.12],"FRSHTT":[0,0],"PRCP":[0,0],"SLP":[957.7001,957.6],"SNDP":[0,0],"STP":[976.12,976.4699],"TEMP":[2.15,2.15],"VISIB":[15.820002,15.76],"WDSP":[12.320001,12.350001],"WNDDIR":[20.8,20.4],"time":[1549364857,1549364916]}