{"CLDC":[37.729996],"DEWP":[-9.26],"FRSHTT":[1000000],"PRCP":[0],"SLP":[1023.74005],"SNDP":[0],"STP":[1012.4],"TEMP":[-2.6000001],"VISIB":[15.900002],"WDSP":[10.35],"WNDDIR":[133],"time":[1549364857]}