{"CLDC":[74.56999,74.340004],"DEWP":[-1.1600001,-1.4800001],"FRSHTT":[0,0],"PRCP":[0,0],"SLP":[1053.58,1053.6199],"SNDP":[0,0],"STP":[1018.8301,1018.89],"TEMP":[2.75,2.8899999],"VISIB":[15.340001,15.090001],"WDSP":[25.679998,24.35],"WNDDIR":[294.8,296],"time":[1549364857,1549364916]}