{"CLDC":[22.939999],"DEWP":[-4.3999996],"FRSHTT":[1000000],"PRCP":[0],"SLP":[963.31006],"SNDP":[0],"STP":[977.2],"TEMP":[-0.17000002],"VISIB":[15.930002],"WDSP":[7.649999],"WNDDIR":[178.8],"time":[1549364857]}