{"CLDC":[71.71],"DEWP":[7.75],"FRSHTT":[0],"PRCP":[0],"SLP":[1008.94006],"SNDP":[0],"STP":[1008.13],"TEMP":[12],"VISIB":[13.720001],"WDSP":[11.469999],"WNDDIR":[255.1],"time":[1549364857]}