{"CLDC":[20.060001],"DEWP":[-17.08],"FRSHTT":[1000000],"PRCP":[0],"SLP":[1024.26],"SNDP":[0],"STP":[993.36],"TEMP":[-11.100001],"VISIB":[13.9],"WDSP":[13],"WNDDIR":[34.8],"time":[1549364857]}