{"CLDC":[7.7600007,7.71],"DEWP":[3.65,3.5399997],"FRSHTT":[0,0],"PRCP":[0,0],"SLP":[958.7101,954.43],"SNDP":[0,0],"STP":[976.9699,977.14],"TEMP":[7.4899993,7.4199996],"VISIB":[15.890001,15],"WDSP":[18.990002,19.77],"WNDDIR":[105,105],"time":[1549364857,1549364916]}