{"CLDC":[34.02,34.070004],"DEWP":[0.85,0.7],"FRSHTT":[0,0],"PRCP":[0,0],"SLP":[1000.41,1000.5],"SNDP":[0,0],"STP":[980.91,980.02],"TEMP":[2.45,2.4199998],"VISIB":[12.719999,12.47],"WDSP":[9.799999,11.269999],"WNDDIR":[293.7,291.2],"time":[1549364857,1549364916]}