{"CLDC":[86.06999],"DEWP":[-0.029999997],"FRSHTT":[0],"PRCP":[0],"SLP":[989.25],"SNDP":[0],"STP":[981.47003],"TEMP":[0.29999998],"VISIB":[5.83],"WDSP":[13.280001],"WNDDIR":[118.8],"time":[1549364857]}