{"CLDC":[11.440001,11.45],"DEWP":[-5.37,-5.37],"FRSHTT":[1000000,1000000],"PRCP":[0,0],"SLP":[999.05994,999.09],"SNDP":[0,0],"STP":[1005.34,1005.16003],"TEMP":[-0.59999996,-0.59999996],"VISIB":[15.7,15.759999],"WDSP":[6.3900003,6.1099997],"WNDDIR":[64,67.9],"time":[1549364857,1549364916]}