{"CLDC":[20.060001,19.769999],"DEWP":[-17.08,-16.960001],"FRSHTT":[1000000,1000000],"PRCP":[0,0],"SLP":[1024.26,1024.74],"SNDP":[0,0],"STP":[993.36,994.8],"TEMP":[-11.100001,-11.360001],"VISIB":[13.9,14.2300005],"WDSP":[13,13.360001],"WNDDIR":[34.8,37],"time":[1549364857,1549364916]}