{"CLDC":[74.56999],"DEWP":[-1.1600001],"FRSHTT":[0],"PRCP":[0],"SLP":[1053.58],"SNDP":[0],"STP":[1018.8301],"TEMP":[2.75],"VISIB":[15.340001],"WDSP":[25.679998],"WNDDIR":[294.8],"time":[1549364857]}