{"CLDC":[16.6,16.34],"DEWP":[-16.499998,-16.26],"FRSHTT":[1000000,1000000],"PRCP":[0,0],"SLP":[1029.25,1030.33],"SNDP":[0,0],"STP":[1012.66003,1012.88],"TEMP":[-0.96000004,-0.93999994],"VISIB":[16.09,15.900002],"WDSP":[6.81,6.5800004],"WNDDIR":[302.2,301.9],"time":[1549364857,1549364916]}