{"CLDC":[0.74],"DEWP":[-10.140001],"FRSHTT":[1000000],"PRCP":[0],"SLP":[988.68],"SNDP":[0],"STP":[1010.34],"TEMP":[-5.6],"VISIB":[16.37],"WDSP":[0.90999997],"WNDDIR":[256.2],"time":[1549364857]}