{"CLDC":[1.3499999,1.2700001],"DEWP":[6.7600007,7.000001],"FRSHTT":[0,0],"PRCP":[0,0],"SLP":[970.6501,969.97003],"SNDP":[0,0],"STP":[986.77,986.9],"TEMP":[10.79,10.58],"VISIB":[13.710001,14.49],"WDSP":[11.5199995,12.49],"WNDDIR":[276.9,276.2],"time":[1549364857,1549364916]}