{"CLDC":[29.48],"DEWP":[4.2400002],"FRSHTT":[0],"PRCP":[0],"SLP":[1004.35],"SNDP":[0],"STP":[996.9499],"TEMP":[7.15],"VISIB":[11.219999],"WDSP":[20.74],"WNDDIR":[18.2],"time":[1549364857]}