{"CLDC":[29.180002],"DEWP":[0.14],"FRSHTT":[0],"PRCP":[0],"SLP":[994.93],"SNDP":[0],"STP":[993.82996],"TEMP":[0.36],"VISIB":[6.5399995],"WDSP":[11.97],"WNDDIR":[117.5],"time":[1549364857]}