{"CLDC":[40.32],"DEWP":[0.28],"FRSHTT":[0],"PRCP":[0],"SLP":[987.8],"SNDP":[0],"STP":[999.3999],"TEMP":[4.4999995],"VISIB":[13.790001],"WDSP":[23.189999],"WNDDIR":[160.5],"time":[1549364857]}