{"CLDC":[45.44,45.510002],"DEWP":[-6.55,-6.55],"FRSHTT":[1000000,1000000],"PRCP":[0,0],"SLP":[1020.47986,1022.34],"SNDP":[0,0],"STP":[1007.45,1007.62],"TEMP":[-0.020000001,-0.060000002],"VISIB":[15.01,14.69],"WDSP":[7.1,7.469999],"WNDDIR":[26.9,26.4],"time":[1549364857,1549364916]}