{"CLDC":[0.42000002,0.68999994],"DEWP":[-5.04,-5.2000003],"FRSHTT":[1000000,1000000],"PRCP":[0,0],"SLP":[1001.74005,1000.70996],"SNDP":[0,0],"STP":[994.45,994.18],"TEMP":[0.060000002,0.02],"VISIB":[12.77,12.5],"WDSP":[3.31,3.0600002],"WNDDIR":[241,238.5],"time":[1549364857,1549364916]}