{"CLDC":[75.56,75.759995],"DEWP":[2.58,2.3],"FRSHTT":[0,0],"PRCP":[0,0],"SLP":[1006.55,1008.52],"SNDP":[0,0],"STP":[992.02997,992.32996],"TEMP":[5.479999,5.5999994],"VISIB":[12.689999,12.7699995],"WDSP":[9.99,10.03],"WNDDIR":[181.3,181],"time":[1549364857,1549364916]}