{"CLDC":[27.310001,27.310001],"DEWP":[-3.02,-2.8799996],"FRSHTT":[1000000,1000000],"PRCP":[0,0],"SLP":[999.35,1003.15],"SNDP":[0,0],"STP":[991.9,990.4601],"TEMP":[-1.26,-1.24],"VISIB":[9.459999,10.509999],"WDSP":[16.97,16.890001],"WNDDIR":[3.4,6.5],"time":[1549364857,1549364916]}