{"CLDC":[67.34001,67.31999],"DEWP":[-3.9899998,-4.12],"FRSHTT":[0,0],"PRCP":[0,0],"SLP":[1013.57996,1015.87],"SNDP":[0,0],"STP":[1005.66003,1005.32],"TEMP":[0.13000001,0.13000003],"VISIB":[14.679998,13.67],"WDSP":[14.040001,13.76],"WNDDIR":[205.6,205.7],"time":[1549364857,1549364916]}