{"CLDC":[32.44,32.200005],"DEWP":[-0.71999997,-0.75],"FRSHTT":[1000000,1000000],"PRCP":[0,0],"SLP":[981.82996,984.32996],"SNDP":[0,0],"STP":[1005.6699,1005.07],"TEMP":[0,0],"VISIB":[10.8,10.01],"WDSP":[16.03,16.9],"WNDDIR":[84,85],"time":[1549364858,1549364916]}