{"CLDC":[19.99,19.929998],"DEWP":[5.63,5.96],"FRSHTT":[0,0],"PRCP":[0,0],"SLP":[1002.79004,1002.35],"SNDP":[0,0],"STP":[990.36005,989.99005],"TEMP":[10.92,10.8],"VISIB":[15.390001,15.509999],"WDSP":[16.09,17.789999],"WNDDIR":[254.2,256.3],"time":[1549364858,1549364916]}