{"CLDC":[88.62999],"DEWP":[0.47999996],"FRSHTT":[0],"PRCP":[0],"SLP":[984.45996],"SNDP":[0],"STP":[997.42004],"TEMP":[0.56],"VISIB":[5.0799994],"WDSP":[23.03],"WNDDIR":[119.4],"time":[1549364858]}