{"CLDC":[59.07],"DEWP":[-5.75],"FRSHTT":[0],"PRCP":[0],"SLP":[994.82],"SNDP":[0],"STP":[983.30994],"TEMP":[0.89000005],"VISIB":[14.290001],"WDSP":[21.46],"WNDDIR":[196.3],"time":[1549364858]}