{"CLDC":[21,20.949999],"DEWP":[9.0199995,9.02],"FRSHTT":[0,0],"PRCP":[0,0],"SLP":[1019.13,1018.20996],"SNDP":[0,0],"STP":[1013.91,1013.55994],"TEMP":[11.15,11.15],"VISIB":[14.95,14.8],"WDSP":[20.310001,19.53],"WNDDIR":[358.1,355.8],"time":[1549364858,1549364916]}