{"CLDC":[1.5700002,1.3000001],"DEWP":[-7.5399995,-6.44],"FRSHTT":[1000000,1000000],"PRCP":[0,0],"SLP":[1022.06006,1022.16],"SNDP":[0,0],"STP":[1007.8,1007.73],"TEMP":[-1.1999999,-1.1999999],"VISIB":[15.539999,15.76],"WDSP":[2.6200004,2.4299998],"WNDDIR":[301.2,304.4],"time":[1549364858,1549364916]}