{"CLDC":[87.53999],"DEWP":[-0.20000002],"FRSHTT":[0],"PRCP":[0],"SLP":[996.2999],"SNDP":[0],"STP":[998.97003],"TEMP":[1.86],"VISIB":[14.109999],"WDSP":[18.56],"WNDDIR":[32.9],"time":[1549364858]}