{"CLDC":[42.110004,41.989998],"DEWP":[8.749999,8.749999],"FRSHTT":[0,0],"PRCP":[0,0],"SLP":[994.67004,994.50995],"SNDP":[0,0],"STP":[1007.06995,1007.1501],"TEMP":[11.259999,11.099999],"VISIB":[8.84,8.99],"WDSP":[16.750002,15.9800005],"WNDDIR":[9.6,9.5],"time":[1549364858,1549364916]}