{"CLDC":[34.31,34.580006],"DEWP":[-4.9799995,-4.8],"FRSHTT":[1000000,1000000],"PRCP":[0,0],"SLP":[978.30994,977.63007],"SNDP":[0,0],"STP":[1008.2601,1008.12],"TEMP":[-2.94,-2.98],"VISIB":[12.920001,13.69],"WDSP":[7.7,7.6400003],"WNDDIR":[315.9,312.8],"time":[1549364858,1549364916]}