{"CLDC":[19.699999,19.77],"DEWP":[-2.87,-2.4499998],"FRSHTT":[0,0],"PRCP":[0,0],"SLP":[1044.55,1044.1099],"SNDP":[0,0],"STP":[1012.93005,1012.57],"TEMP":[1.4200001,1.4],"VISIB":[11.809999,11.05],"WDSP":[9.450001,10.05],"WNDDIR":[240.8,237.3],"time":[1549364858,1549364916]}