{"CLDC":[30.99,30.529999],"DEWP":[-8.44,-8.7699995],"FRSHTT":[1000000,1000000],"PRCP":[0,0],"SLP":[968.7801,970.2499],"SNDP":[0,0],"STP":[993.15,993.38007],"TEMP":[-3.78,-3.9900002],"VISIB":[16.710001,16.259998],"WDSP":[16.33,17.150002],"WNDDIR":[343.2,339.4],"time":[1549364858,1549364916]}