{"CLDC":[52.819996],"DEWP":[-5.5499997],"FRSHTT":[1000000],"PRCP":[0],"SLP":[1047.75],"SNDP":[0],"STP":[1017.7999],"TEMP":[-3],"VISIB":[7.65],"WDSP":[12.719999],"WNDDIR":[251.6],"time":[1549364858]}