{"CLDC":[48.670006],"DEWP":[-3.3200002],"FRSHTT":[1000000],"PRCP":[0],"SLP":[983.07],"SNDP":[0],"STP":[1000.98],"TEMP":[-1.0600001],"VISIB":[9.18],"WDSP":[13.790001],"WNDDIR":[162.6],"time":[1549364858]}