{"CLDC":[31.38,31.309998],"DEWP":[-3.28,-3.19],"FRSHTT":[1000000,1000000],"PRCP":[0,0],"SLP":[988.27997,986.57],"SNDP":[0,0],"STP":[997.68994,995.94006],"TEMP":[-1.3499999,-1.37],"VISIB":[14.5199995,14.300001],"WDSP":[12.569999,12.65],"WNDDIR":[248.8,252.4],"time":[1549364858,1549364916]}