{"CLDC":[91.000015,91.049995],"DEWP":[-1.9999998,-2.2999997],"FRSHTT":[0,0],"PRCP":[0,0],"SLP":[983.86993,983.57],"SNDP":[0,0],"STP":[985.79004,986.00995],"TEMP":[1.5,1.3999999],"VISIB":[14.219998,14.559999],"WDSP":[17.09,17.869999],"WNDDIR":[58.6,58],"time":[1549364858,1549364916]}