{"CLDC":[70.27],"DEWP":[-3.44],"FRSHTT":[1100000],"PRCP":[0.18000002],"SLP":[1011.7999],"SNDP":[0],"STP":[1041.2],"TEMP":[-1.8599999],"VISIB":[12.830002],"WDSP":[13.81],"WNDDIR":[141],"time":[1549364858]}