{"CLDC":[91.000015],"DEWP":[-1.9999998],"FRSHTT":[0],"PRCP":[0],"SLP":[983.86993],"SNDP":[0],"STP":[985.79004],"TEMP":[1.5],"VISIB":[14.219998],"WDSP":[17.09],"WNDDIR":[58.6],"time":[1549364858]}