{"CLDC":[55.6,55.760002],"DEWP":[-6.12,-5.4399996],"FRSHTT":[1000000,1000000],"PRCP":[0,0],"SLP":[1012.88,1013.9699],"SNDP":[0,0],"STP":[996.62,996.68005],"TEMP":[-3.6399999,-3.6799996],"VISIB":[15.270001,15.25],"WDSP":[8.410001,9.120001],"WNDDIR":[331.5,331.1],"time":[1549364858,1549364916]}