{"CLDC":[96.38001],"DEWP":[-19.84],"FRSHTT":[1000000],"PRCP":[0],"SLP":[1022.9],"SNDP":[0],"STP":[1013.80994],"TEMP":[-16.78],"VISIB":[12.129999],"WDSP":[7.559999],"WNDDIR":[218.2],"time":[1549364858]}