{"CLDC":[96.38001,96.729996],"DEWP":[-19.84,-19.26],"FRSHTT":[1000000,1000000],"PRCP":[0,0],"SLP":[1022.9,1022.9],"SNDP":[0,0],"STP":[1013.80994,1013.12],"TEMP":[-16.78,-16.92],"VISIB":[12.129999,12.95],"WDSP":[7.559999,7.1299996],"WNDDIR":[218.2,216.4],"time":[1549364858,1549364916]}