{"CLDC":[85.31999],"DEWP":[0.6],"FRSHTT":[0],"PRCP":[0],"SLP":[963.58997],"SNDP":[0],"STP":[985.27],"TEMP":[3.15],"VISIB":[14.9],"WDSP":[13.030001],"WNDDIR":[322.8],"time":[1549364858]}