{"CLDC":[88.32],"DEWP":[-10.219999],"FRSHTT":[0],"PRCP":[0],"SLP":[1006.99005],"SNDP":[0],"STP":[1009.94006],"TEMP":[1.41],"VISIB":[15.969999],"WDSP":[20.960001],"WNDDIR":[40.1],"time":[1549364858]}