{"CLDC":[44.130005],"DEWP":[0.48000002],"FRSHTT":[0],"PRCP":[0],"SLP":[1009.25],"SNDP":[0],"STP":[985.68005],"TEMP":[0.64],"VISIB":[5.7799997],"WDSP":[12.059999],"WNDDIR":[337.7],"time":[1549364858]}