{"CLDC":[26.969997,27.080002],"DEWP":[-4.61,-4.4900002],"FRSHTT":[1000000,1000000],"PRCP":[0,0],"SLP":[1001.6201,1006.1499],"SNDP":[0,0],"STP":[1001.5,1002.8999],"TEMP":[-1.9,-1.8799999],"VISIB":[13.5,13.109999],"WDSP":[8.89,8.370001],"WNDDIR":[276.6,281.5],"time":[1549364858,1549364916]}