{"CLDC":[97.479996],"DEWP":[3.72],"FRSHTT":[0],"PRCP":[0],"SLP":[992.31995],"SNDP":[0],"STP":[997.38995],"TEMP":[5.9800005],"VISIB":[12.9],"WDSP":[18.73],"WNDDIR":[153.1],"time":[1549364858]}