{"CLDC":[7.890001],"DEWP":[-0.88],"FRSHTT":[1000000],"PRCP":[0],"SLP":[1006],"SNDP":[0],"STP":[1002.17004],"TEMP":[0],"VISIB":[11.200001],"WDSP":[9.07],"WNDDIR":[46.1],"time":[1549364858]}