{"CLDC":[87.53999,87.69],"DEWP":[-0.20000002,-0.4],"FRSHTT":[0,0],"PRCP":[0,0],"SLP":[996.2999,996.2999],"SNDP":[0,0],"STP":[998.97003,998.5499],"TEMP":[1.86,1.9],"VISIB":[14.109999,14.45],"WDSP":[18.56,19.25],"WNDDIR":[32.9,33.4],"time":[1549364858,1549364916]}