{"CLDC":[16.850002,17.01],"DEWP":[-21.470001,-21.249998],"FRSHTT":[1000000,1000000],"PRCP":[0,0],"SLP":[981.81006,981.50995],"SNDP":[0,0],"STP":[984.4199,983.92004],"TEMP":[-14.280001,-14.300001],"VISIB":[16.06,15.910001],"WDSP":[11.99,13.33],"WNDDIR":[338,336.7],"time":[1549364858,1549364916]}