{"CLDC":[1.5700002],"DEWP":[-7.5399995],"FRSHTT":[1000000],"PRCP":[0],"SLP":[1022.06006],"SNDP":[0],"STP":[1007.8],"TEMP":[-1.1999999],"VISIB":[15.539999],"WDSP":[2.6200004],"WNDDIR":[301.2],"time":[1549364858]}