{"CLDC":[31.38],"DEWP":[-3.28],"FRSHTT":[1000000],"PRCP":[0],"SLP":[988.27997],"SNDP":[0],"STP":[997.68994],"TEMP":[-1.3499999],"VISIB":[14.5199995],"WDSP":[12.569999],"WNDDIR":[248.8],"time":[1549364858]}