{"CLDC":[52.819996,52.49],"DEWP":[-5.5499997,-5.6499996],"FRSHTT":[1000000,1000000],"PRCP":[0,0],"SLP":[1047.75,1047.87],"SNDP":[0,0],"STP":[1017.7999,1017.5801],"TEMP":[-3,-3],"VISIB":[7.65,8.08],"WDSP":[12.719999,12.3],"WNDDIR":[251.6,250.1],"time":[1549364858,1549364916]}