{"CLDC":[7.890001,7.44],"DEWP":[-0.88,-0.83000004],"FRSHTT":[1000000,1000000],"PRCP":[0,0],"SLP":[1006,1004.73],"SNDP":[0,0],"STP":[1002.17004,1002.7601],"TEMP":[0,0],"VISIB":[11.200001,11.119999],"WDSP":[9.07,8.89],"WNDDIR":[46.1,44.1],"time":[1549364858,1549364916]}