{"CLDC":[74.55],"DEWP":[-9.42],"FRSHTT":[1000000],"PRCP":[0],"SLP":[971.59],"SNDP":[0],"STP":[992.59],"TEMP":[-1.6200001],"VISIB":[16.37],"WDSP":[7.0799994],"WNDDIR":[263.7],"time":[1549364858]}