{"CLDC":[50,50.200005],"DEWP":[-1.68,-1.5199999],"FRSHTT":[100000,100000],"PRCP":[1.5100001,1.5100001],"SLP":[1009.9,1009.9],"SNDP":[0,0],"STP":[993.9801,993.7399],"TEMP":[0.45,0.42],"VISIB":[9.81,9.98],"WDSP":[20.359997,20.73],"WNDDIR":[291.4,292.5],"time":[1549364858,1549364916]}