{"CLDC":[53.530006,53.49],"DEWP":[-8.45,-8.450001],"FRSHTT":[1000000,1000000],"PRCP":[0,0],"SLP":[1010.13,1009.63],"SNDP":[0,0],"STP":[1005.30994,1005.1],"TEMP":[-0.26999998,-0.25],"VISIB":[14.99,15.559998],"WDSP":[20.580002,21.630001],"WNDDIR":[58.2,54.6],"time":[1549364858,1549364916]}