{"CLDC":[71.05,71.06999],"DEWP":[-12.860001,-12.860001],"FRSHTT":[1000000,1000000],"PRCP":[0,0],"SLP":[990.97003,995.05],"SNDP":[0,0],"STP":[1005.65,1005.93],"TEMP":[-8.12,-8.250001],"VISIB":[14.1,13.8],"WDSP":[8.6,8.089999],"WNDDIR":[6,9.2],"time":[1549364858,1549364916]}