{"CLDC":[71.32,71.04],"DEWP":[-2.1200001,-1.4799999],"FRSHTT":[0,0],"PRCP":[0,0],"SLP":[1000.7399,1000.85],"SNDP":[0,0],"STP":[993.49005,991.25995],"TEMP":[2.58,2.6399999],"VISIB":[15.259999,15.830002],"WDSP":[23.51,23.919998],"WNDDIR":[79.7,83.3],"time":[1549364858,1549364916]}