{"CLDC":[46.769997],"DEWP":[-11.88],"FRSHTT":[1000000],"PRCP":[0],"SLP":[994.7501],"SNDP":[0],"STP":[998.61993],"TEMP":[-7.22],"VISIB":[16.01],"WDSP":[5.5399995],"WNDDIR":[126],"time":[1549364858]}