{"CLDC":[46.769997,46.379997],"DEWP":[-11.88,-11.88],"FRSHTT":[1000000,1000000],"PRCP":[0,0],"SLP":[994.7501,993.45996],"SNDP":[0,0],"STP":[998.61993,997.98],"TEMP":[-7.22,-7.22],"VISIB":[16.01,15.93],"WDSP":[5.5399995,5.73],"WNDDIR":[126,122.2],"time":[1549364858,1549364916]}