{"CLDC":[96.049995,96.15999],"DEWP":[-13.75,-13.580002],"FRSHTT":[1000000,1000000],"PRCP":[0,0],"SLP":[997.13007,997.9],"SNDP":[0,0],"STP":[1015.5101,1015.45996],"TEMP":[-9.9800005,-9.950001],"VISIB":[8.95,9.49],"WDSP":[11.030001,10.23],"WNDDIR":[97,95.8],"time":[1549364858,1549364916]}