{"CLDC":[21.960001],"DEWP":[-7.9799995],"FRSHTT":[0],"PRCP":[0],"SLP":[1015.8],"SNDP":[0],"STP":[990.75995],"TEMP":[0.04],"VISIB":[15.969999],"WDSP":[19.8],"WNDDIR":[31.1],"time":[1549364858]}