{"CLDC":[19.99],"DEWP":[5.63],"FRSHTT":[0],"PRCP":[0],"SLP":[1002.79004],"SNDP":[0],"STP":[990.36005],"TEMP":[10.92],"VISIB":[15.390001],"WDSP":[16.09],"WNDDIR":[254.2],"time":[1549364858]}