{"CLDC":[42.110004],"DEWP":[8.749999],"FRSHTT":[0],"PRCP":[0],"SLP":[994.67004],"SNDP":[0],"STP":[1007.06995],"TEMP":[11.259999],"VISIB":[8.84],"WDSP":[16.750002],"WNDDIR":[9.6],"time":[1549364858]}