{"CLDC":[61.660004,61.5],"DEWP":[3.58,3.0999997],"FRSHTT":[0,0],"PRCP":[0,0],"SLP":[1001.43994,1001.86],"SNDP":[0,0],"STP":[998,998],"TEMP":[5.9999995,6.0499997],"VISIB":[13.210001,13.26],"WDSP":[1.8,1.71],"WNDDIR":[138.1,141.4],"time":[1549364858,1549364916]}