{"CLDC":[16.429998],"DEWP":[1.22],"FRSHTT":[0],"PRCP":[0],"SLP":[1012.43],"SNDP":[0],"STP":[1022.69006],"TEMP":[4.2799997],"VISIB":[12.95],"WDSP":[7.0399995],"WNDDIR":[314.9],"time":[1549364858]}