{"CLDC":[53.530006],"DEWP":[-8.45],"FRSHTT":[1000000],"PRCP":[0],"SLP":[1010.13],"SNDP":[0],"STP":[1005.30994],"TEMP":[-0.26999998],"VISIB":[14.99],"WDSP":[20.580002],"WNDDIR":[58.2],"time":[1549364858]}