{"CLDC":[95.72001],"DEWP":[6.4800005],"FRSHTT":[0],"PRCP":[0],"SLP":[985.45],"SNDP":[0],"STP":[1014.57996],"TEMP":[7.1500006],"VISIB":[6.84],"WDSP":[6.3500004],"WNDDIR":[190.2],"time":[1549364858]}