{"CLDC":[95.72001,95.58999],"DEWP":[6.4800005,6.69],"FRSHTT":[0,0],"PRCP":[0,0],"SLP":[985.45,982.68994],"SNDP":[0,0],"STP":[1014.57996,1016.62],"TEMP":[7.1500006,7.200001],"VISIB":[6.84,7.1099997],"WDSP":[6.3500004,6.8599997],"WNDDIR":[190.2,187.9],"time":[1549364858,1549364917]}