{"CLDC":[78.24999,78.13],"DEWP":[-5.080001,-4.86],"FRSHTT":[0,0],"PRCP":[0,0],"SLP":[977.2499,977.05],"SNDP":[0,0],"STP":[984.97003,985.2201],"TEMP":[1.5200001,1.4799999],"VISIB":[15.7699995,15.120001],"WDSP":[18.960001,20.880001],"WNDDIR":[297.7,299.7],"time":[1549364858,1549364917]}