{"CLDC":[78.24999],"DEWP":[-5.080001],"FRSHTT":[0],"PRCP":[0],"SLP":[977.2499],"SNDP":[0],"STP":[984.97003],"TEMP":[1.5200001],"VISIB":[15.7699995],"WDSP":[18.960001],"WNDDIR":[297.7],"time":[1549364858]}