{"CLDC":[74.22,74.75001],"DEWP":[1.5999999,1.5000001],"FRSHTT":[100000,100000],"PRCP":[0.11,0.11],"SLP":[1017.2001,1017.2001],"SNDP":[0,0],"STP":[1009.7999,1009.73],"TEMP":[3.6499996,3.65],"VISIB":[8.249999,7.7700005],"WDSP":[19.33,18.61],"WNDDIR":[157.9,158.2],"time":[1549364855,1549364915]}