{"CLDC":[50.090004],"DEWP":[3.02],"FRSHTT":[100000],"PRCP":[0.07999999],"SLP":[1017.2999],"SNDP":[0],"STP":[1016.2399],"TEMP":[4.7],"VISIB":[11.420001],"WDSP":[27.74],"WNDDIR":[27.2],"time":[1549364855]}