{"CLDC":[26.550003],"DEWP":[0.2],"FRSHTT":[0],"PRCP":[0],"SLP":[1009.2899],"SNDP":[0],"STP":[1008.2699],"TEMP":[5.419999],"VISIB":[15.990001],"WDSP":[13.83],"WNDDIR":[98.6],"time":[1549364860]}