{"CLDC":[50.010002,50.02],"DEWP":[11.200001,11.36],"FRSHTT":[100000,100000],"PRCP":[0.10000001,0.10000001],"SLP":[1019.4,1019.4],"SNDP":[0,0],"STP":[1021.3,1020.88995],"TEMP":[15.719999,16.27],"VISIB":[10.789999,10.880001],"WDSP":[10.88,10.77],"WNDDIR":[4.5,4],"time":[1549364860,1549364918]}