{"CLDC":[79.04],"DEWP":[-0.8999999],"FRSHTT":[0],"PRCP":[0],"SLP":[986.9701],"SNDP":[0],"STP":[998.2001],"TEMP":[0.43],"VISIB":[6.6299996],"WDSP":[18.449999],"WNDDIR":[244.2],"time":[1549364860]}