{"CLDC":[55.140003],"DEWP":[-7.5500007],"FRSHTT":[1000000],"PRCP":[0],"SLP":[983.72003],"SNDP":[0],"STP":[1006.81995],"TEMP":[-2.6999998],"VISIB":[10.34],"WDSP":[15.390001],"WNDDIR":[113.2],"time":[1549364860]}