{"CLDC":[60.769997,60.859997],"DEWP":[-0.7,-1.08],"FRSHTT":[0,0],"PRCP":[0,0],"SLP":[994.68994,996.99005],"SNDP":[0,0],"STP":[982.67004,984.11],"TEMP":[5.1499996,4.97],"VISIB":[14.81,15.24],"WDSP":[20.579998,20.990002],"WNDDIR":[195.1,195.3],"time":[1549364860,1549364918]}