{"CLDC":[98.10999],"DEWP":[-7.8199997],"FRSHTT":[1000000],"PRCP":[0],"SLP":[1004.39],"SNDP":[0],"STP":[992.52997],"TEMP":[-3.95],"VISIB":[16.01],"WDSP":[20.99],"WNDDIR":[303.9],"time":[1549364860]}