{"CLDC":[50.030003],"DEWP":[11],"FRSHTT":[100000],"PRCP":[0.14],"SLP":[1021.1],"SNDP":[0],"STP":[1009.30994],"TEMP":[15.85],"VISIB":[15.219999],"WDSP":[16.31],"WNDDIR":[296.9],"time":[1549364860]}