{"CLDC":[4.81],"DEWP":[-18.359999],"FRSHTT":[1000000],"PRCP":[0],"SLP":[1015.24005],"SNDP":[0],"STP":[1015.27],"TEMP":[-2.5700002],"VISIB":[16.23],"WDSP":[3.7],"WNDDIR":[146.6],"time":[1549364860]}