{"CLDC":[87.71001],"DEWP":[2.8500001],"FRSHTT":[0],"PRCP":[0],"SLP":[1010.85],"SNDP":[0],"STP":[1008.7699],"TEMP":[8.519999],"VISIB":[27.570002],"WDSP":[8.499999],"WNDDIR":[328.4],"time":[1549364860]}