{"CLDC":[68.35],"DEWP":[-18.8],"FRSHTT":[1000000],"PRCP":[0],"SLP":[1021.7999],"SNDP":[0],"STP":[1023.5499],"TEMP":[-0.5],"VISIB":[16.509998],"WDSP":[17.280003],"WNDDIR":[115.6],"time":[1549364860]}