{"CLDC":[60.23,60.6],"DEWP":[-3.1599996,-3.52],"FRSHTT":[100000,100000],"PRCP":[0.09000001,0.09000001],"SLP":[1020.2999,1020.2201],"SNDP":[0,0],"STP":[1018.5,1018.5],"TEMP":[3.08,3.0800002],"VISIB":[10.390001,10.179998],"WDSP":[10.65,9.55],"WNDDIR":[39.7,35.3],"time":[1549364860,1549364918]}