{"CLDC":[83.40001,83.44],"DEWP":[-8.000001,-7.7],"FRSHTT":[0,0],"PRCP":[0,0],"SLP":[967.5101,967.39],"SNDP":[0,0],"STP":[996.69006,996.77997],"TEMP":[1.5799998,1.76],"VISIB":[16.22,16.399998],"WDSP":[12.29,12.7699995],"WNDDIR":[9.6,8.6],"time":[1549364860,1549364918]}