{"CLDC":[61.15,61.440002],"DEWP":[8.429999,8.32],"FRSHTT":[100000,100000],"PRCP":[0.13,0.13],"SLP":[1019.5,1019.5],"SNDP":[0,0],"STP":[1019.9,1019.9],"TEMP":[13.859999,14.179998],"VISIB":[14.85,14.8],"WDSP":[17.15,16.95],"WNDDIR":[117.1,117],"time":[1549364860,1549364918]}