{"CLDC":[97.34001],"DEWP":[-5],"FRSHTT":[0],"PRCP":[0],"SLP":[977.2001],"SNDP":[0],"STP":[976.57996],"TEMP":[0.56],"VISIB":[13.179998],"WDSP":[15.820002],"WNDDIR":[100.7],"time":[1549364860]}