{"CLDC":[55.239998],"DEWP":[-10.5],"FRSHTT":[1000000],"PRCP":[0],"SLP":[1023],"SNDP":[0],"STP":[1043.6001],"TEMP":[-0.70000005],"VISIB":[22.640001],"WDSP":[7.12],"WNDDIR":[171.5],"time":[1549364860]}