{"CLDC":[79.04,79.38001],"DEWP":[-0.8999999,-0.9499999],"FRSHTT":[0,0],"PRCP":[0,0],"SLP":[986.9701,986.85],"SNDP":[0,0],"STP":[998.2001,998.2001],"TEMP":[0.43,0.47000003],"VISIB":[6.6299996,6.3],"WDSP":[18.449999,19.150002],"WNDDIR":[244.2,245.7],"time":[1549364860,1549364918]}