{"CLDC":[0.5,0.65],"DEWP":[-22,-21.899998],"FRSHTT":[1000000,1000000],"PRCP":[0,0],"SLP":[1010.9,1012.91003],"SNDP":[0,0],"STP":[1000.94006,1000.67004],"TEMP":[-17.05,-17.16],"VISIB":[13.88,13.31],"WDSP":[4.4399996,4.26],"WNDDIR":[145.6,145.8],"time":[1549364860,1549364918]}