{"CLDC":[93.009995,92.97],"DEWP":[-2.6499999,-2.78],"FRSHTT":[100000,100000],"PRCP":[0.039999995,0.039999995],"SLP":[1020.3499,1020.4],"SNDP":[0,0],"STP":[1017.42004,1017.4],"TEMP":[4.4500003,4.4000006],"VISIB":[10.17,10.860002],"WDSP":[12.51,14.049998],"WNDDIR":[234.3,232.4],"time":[1549364860,1549364918]}