{"CLDC":[84.32001],"DEWP":[12.94],"FRSHTT":[100000],"PRCP":[0.029999997],"SLP":[1019],"SNDP":[0],"STP":[1018.1],"TEMP":[18.1],"VISIB":[15.65],"WDSP":[19.29],"WNDDIR":[8.4],"time":[1549364860]}