{"CLDC":[26.100002],"DEWP":[10.469999],"FRSHTT":[0],"PRCP":[0],"SLP":[1021.39],"SNDP":[0],"STP":[1016.4],"TEMP":[15.059999],"VISIB":[15.169998],"WDSP":[12.27],"WNDDIR":[193.4],"time":[1549364860]}