{"CLDC":[4.4900002,4.48],"DEWP":[-1.9200001,-2.2800002],"FRSHTT":[0,0],"PRCP":[0,0],"SLP":[1039.8899,1040.7201],"SNDP":[0,0],"STP":[1011.18,1011.13995],"TEMP":[1.55,1.3],"VISIB":[14.55,14.410001],"WDSP":[19.77,20.43],"WNDDIR":[356.8,355.8],"time":[1549364860,1549364918]}