{"CLDC":[34.4],"DEWP":[-8.6],"FRSHTT":[1000000],"PRCP":[0],"SLP":[988.2899],"SNDP":[0],"STP":[996.80994],"TEMP":[-5.4399996],"VISIB":[15.719999],"WDSP":[18.3],"WNDDIR":[101.2],"time":[1549364860]}