{"CLDC":[97.149994,97.22],"DEWP":[-4.7,-4.76],"FRSHTT":[0,0],"PRCP":[0,0],"SLP":[1013.80994,1013.48],"SNDP":[0,0],"STP":[1012.9899,1013.31995],"TEMP":[2.2,2.26],"VISIB":[10.950001,10.669999],"WDSP":[19.29,20.900002],"WNDDIR":[78.9,77.6],"time":[1549364860,1549364918]}