{"CLDC":[87.71001,88.03999],"DEWP":[2.8500001,2.9800003],"FRSHTT":[0,0],"PRCP":[0,0],"SLP":[1010.85,1011],"SNDP":[0,0],"STP":[1008.7699,1009.09],"TEMP":[8.519999,8.24],"VISIB":[27.570002,27.329998],"WDSP":[8.499999,9.28],"WNDDIR":[328.4,327.5],"time":[1549364860,1549364918]}