{"CLDC":[50.04,50.220005],"DEWP":[9.900001,9.700001],"FRSHTT":[100000,100000],"PRCP":[0.07999999,0.07999999],"SLP":[1009.50995,1009.1],"SNDP":[0,0],"STP":[1009.44006,1009.14],"TEMP":[14.6,14.599998],"VISIB":[14.360001,14.590001],"WDSP":[14.45,13.289999],"WNDDIR":[92.5,88.8],"time":[1549364860,1549364918]}