{"CLDC":[83.46],"DEWP":[13.26],"FRSHTT":[100000],"PRCP":[0.09000001],"SLP":[1019.2999],"SNDP":[0],"STP":[1008.80994],"TEMP":[19.000002],"VISIB":[14.640001],"WDSP":[15.539999],"WNDDIR":[63.3],"time":[1549364860]}