{"CLDC":[10.129999],"DEWP":[-0.040000003],"FRSHTT":[0],"PRCP":[0],"SLP":[1003.35],"SNDP":[0],"STP":[1007.1],"TEMP":[7.05],"VISIB":[15.789999],"WDSP":[15.960001],"WNDDIR":[17.8],"time":[1549364860]}