{"CLDC":[70.270004,70.509995],"DEWP":[-5.98,-5.8999996],"FRSHTT":[0,0],"PRCP":[0,0],"SLP":[1029.5999,1029.5999],"SNDP":[0,0],"STP":[1057.8899,1057.99],"TEMP":[1.3900001,1.5100001],"VISIB":[16.039999,16.04],"WDSP":[7.47,8.059999],"WNDDIR":[88.8,86.1],"time":[1549364860,1549364918]}