{"CLDC":[4.4900002],"DEWP":[-1.9200001],"FRSHTT":[0],"PRCP":[0],"SLP":[1039.8899],"SNDP":[0],"STP":[1011.18],"TEMP":[1.55],"VISIB":[14.55],"WDSP":[19.77],"WNDDIR":[356.8],"time":[1549364860]}