{"CLDC":[67.31,67.38],"DEWP":[-0.20000002,-0.20000002],"FRSHTT":[0,0],"PRCP":[0,0],"SLP":[1030.7,1031.33],"SNDP":[0,0],"STP":[1002.52,1002.00995],"TEMP":[0,0],"VISIB":[9.26,8.890001],"WDSP":[12.05,12.76],"WNDDIR":[322.7,323.5],"time":[1549364860,1549364918]}