{"CLDC":[71.990005,72.509995],"DEWP":[-12.51,-12.059999],"FRSHTT":[1000000,1000000],"PRCP":[0,0],"SLP":[1037.9,1036.7301],"SNDP":[0,0],"STP":[1019.7001,1019.7301],"TEMP":[-7.15,-7.15],"VISIB":[16.39,16.980001],"WDSP":[12.129999,12.910001],"WNDDIR":[342.6,346.5],"time":[1549364860,1549364918]}