{"CLDC":[50.010002],"DEWP":[11.200001],"FRSHTT":[100000],"PRCP":[0.10000001],"SLP":[1019.4],"SNDP":[0],"STP":[1021.3],"TEMP":[15.719999],"VISIB":[10.789999],"WDSP":[10.88],"WNDDIR":[4.5],"time":[1549364860]}