{"CLDC":[50.030003,50.369995],"DEWP":[11,10.92],"FRSHTT":[100000,100000],"PRCP":[0.14,0.14],"SLP":[1021.1,1021.1],"SNDP":[0,0],"STP":[1009.30994,1009.77997],"TEMP":[15.85,15.65],"VISIB":[15.219999,15.160001],"WDSP":[16.31,16.27],"WNDDIR":[296.9,295.8],"time":[1549364860,1549364918]}