{"CLDC":[50.04,50.010002],"DEWP":[0.78000003,0.78000003],"FRSHTT":[100000,100000],"PRCP":[0.029999997,0.029999997],"SLP":[1019.9,1020],"SNDP":[0,0],"STP":[1016.43005,1016.4],"TEMP":[6.63,6.700001],"VISIB":[14.7300005,15.26],"WDSP":[14.250002,14.209999],"WNDDIR":[211.9,212.1],"time":[1549364860,1549364918]}