{"CLDC":[12.9,12.780001],"DEWP":[-2.8400002,-2.12],"FRSHTT":[0,0],"PRCP":[0,0],"SLP":[984.2999,984.2001],"SNDP":[0,0],"STP":[999.54004,999.48],"TEMP":[0.9500001,1.2],"VISIB":[11.5199995,11.340001],"WDSP":[15.42,14.350001],"WNDDIR":[339.2,338],"time":[1549364860,1549364918]}