{"CLDC":[61.15],"DEWP":[8.429999],"FRSHTT":[100000],"PRCP":[0.13],"SLP":[1019.5],"SNDP":[0],"STP":[1019.9],"TEMP":[13.859999],"VISIB":[14.85],"WDSP":[17.15],"WNDDIR":[117.1],"time":[1549364860]}