{"CLDC":[60.23],"DEWP":[-3.1599996],"FRSHTT":[100000],"PRCP":[0.09000001],"SLP":[1020.2999],"SNDP":[0],"STP":[1018.5],"TEMP":[3.08],"VISIB":[10.390001],"WDSP":[10.65],"WNDDIR":[39.7],"time":[1549364860]}