{"CLDC":[61.5,61.269997],"DEWP":[12.52,12.640001],"FRSHTT":[100000,100000],"PRCP":[0.039999995,0.039999995],"SLP":[1019,1019],"SNDP":[0,0],"STP":[1017.7999,1017.7899],"TEMP":[18.399998,18.099998],"VISIB":[10.700002,10.07],"WDSP":[16.660002,16.369999],"WNDDIR":[8.6,8.5],"time":[1549364860,1549364918]}