{"CLDC":[12.9],"DEWP":[-2.8400002],"FRSHTT":[0],"PRCP":[0],"SLP":[984.2999],"SNDP":[0],"STP":[999.54004],"TEMP":[0.9500001],"VISIB":[11.5199995],"WDSP":[15.42],"WNDDIR":[339.2],"time":[1549364860]}