{"CLDC":[43.389996],"DEWP":[-0.79999995],"FRSHTT":[0],"PRCP":[0],"SLP":[1009.2001],"SNDP":[0],"STP":[1009],"TEMP":[4.6],"VISIB":[11.639999],"WDSP":[10.9],"WNDDIR":[187.5],"time":[1549364860]}