{"CLDC":[73.34001],"DEWP":[-0.87999994],"FRSHTT":[100000],"PRCP":[0.029999997],"SLP":[1011.9601],"SNDP":[0],"STP":[1002.99005],"TEMP":[5.04],"VISIB":[15.5],"WDSP":[11.160001],"WNDDIR":[230.5],"time":[1549364860]}