{"CLDC":[50.06],"DEWP":[-8.5199995],"FRSHTT":[100000],"PRCP":[0.050000004],"SLP":[1024.3401],"SNDP":[0],"STP":[1020.31995],"TEMP":[0.060000002],"VISIB":[20.01],"WDSP":[5.23],"WNDDIR":[190.9],"time":[1549364860]}