{"CLDC":[71.990005],"DEWP":[-12.51],"FRSHTT":[1000000],"PRCP":[0],"SLP":[1037.9],"SNDP":[0],"STP":[1019.7001],"TEMP":[-7.15],"VISIB":[16.39],"WDSP":[12.129999],"WNDDIR":[342.6],"time":[1549364860]}