{"CLDC":[50.43,50.310005],"DEWP":[-6.12,-6.2000003],"FRSHTT":[100000,100000],"PRCP":[0.039999995,0.039999995],"SLP":[1028.7001,1028.7001],"SNDP":[0,0],"STP":[1019.55,1020.81006],"TEMP":[2.72,2.78],"VISIB":[15.690001,15.38],"WDSP":[8.109999,8.679999],"WNDDIR":[227.8,225],"time":[1549364860,1549364918]}