{"CLDC":[15.579999,15.5199995],"DEWP":[-7.7400002,-7.7400007],"FRSHTT":[1000000,1000000],"PRCP":[0,0],"SLP":[983.9199,983.88],"SNDP":[0,0],"STP":[998.39,999.22003],"TEMP":[-0.29999998,-0.29999998],"VISIB":[16.140001,15.37],"WDSP":[15.1,13.81],"WNDDIR":[233.5,234.6],"time":[1549364860,1549364918]}