{"CLDC":[78.01],"DEWP":[3.3799999],"FRSHTT":[0],"PRCP":[0],"SLP":[1017.02997],"SNDP":[0],"STP":[1008.5],"TEMP":[6.3000007],"VISIB":[12.760001],"WDSP":[18.850002],"WNDDIR":[52.1],"time":[1549364860]}