{"CLDC":[83.40001],"DEWP":[-8.000001],"FRSHTT":[0],"PRCP":[0],"SLP":[967.5101],"SNDP":[0],"STP":[996.69006],"TEMP":[1.5799998],"VISIB":[16.22],"WDSP":[12.29],"WNDDIR":[9.6],"time":[1549364860]}