{"CLDC":[70.270004],"DEWP":[-5.98],"FRSHTT":[0],"PRCP":[0],"SLP":[1029.5999],"SNDP":[0],"STP":[1057.8899],"TEMP":[1.3900001],"VISIB":[16.039999],"WDSP":[7.47],"WNDDIR":[88.8],"time":[1549364860]}