{"CLDC":[50.249996,50.220005],"DEWP":[-5.7599998,-5.7599998],"FRSHTT":[100000,100000],"PRCP":[0.07999999,0.07999999],"SLP":[1020.6501,1020.7001],"SNDP":[0,0],"STP":[1018.2999,1018.2999],"TEMP":[1.0999999,1.1399999],"VISIB":[15.18,15.280001],"WDSP":[14.390001,14.159999],"WNDDIR":[132.5,134.9],"time":[1549364860,1549364918]}