{"CLDC":[44.720005,44.200005],"DEWP":[3.4999995,3.3999996],"FRSHTT":[0,0],"PRCP":[0,0],"SLP":[1020.1,1020.1],"SNDP":[0,0],"STP":[1001.92004,1001.86005],"TEMP":[7.9,7.9000006],"VISIB":[11.699999,10.69],"WDSP":[5.4900002,6.8300004],"WNDDIR":[356.7,358.7],"time":[1549364860,1549364918]}