{"CLDC":[70.94,70.56999],"DEWP":[-3.0400002,-3.04],"FRSHTT":[0,0],"PRCP":[0,0],"SLP":[1020,1020.1],"SNDP":[0,0],"STP":[1016.2301,1016.1],"TEMP":[3.08,3.0099998],"VISIB":[13.8,13.25],"WDSP":[12.11,12.29],"WNDDIR":[151.2,148.6],"time":[1549364860,1549364918]}