{"CLDC":[57.289997],"DEWP":[9.1],"FRSHTT":[100000],"PRCP":[0.13],"SLP":[1019.5],"SNDP":[0],"STP":[1017.6],"TEMP":[15.06],"VISIB":[13.270001],"WDSP":[16.380001],"WNDDIR":[73],"time":[1549364860]}