{"CLDC":[44.720005],"DEWP":[3.4999995],"FRSHTT":[0],"PRCP":[0],"SLP":[1020.1],"SNDP":[0],"STP":[1001.92004],"TEMP":[7.9],"VISIB":[11.699999],"WDSP":[5.4900002],"WNDDIR":[356.7],"time":[1549364860]}