{"CLDC":[55.239998,55.52],"DEWP":[-10.5,-10.14],"FRSHTT":[1000000,1000000],"PRCP":[0,0],"SLP":[1023,1022.98],"SNDP":[0,0],"STP":[1043.6001,1048.5801],"TEMP":[-0.70000005,-0.70000005],"VISIB":[22.640001,23.27],"WDSP":[7.12,7.29],"WNDDIR":[171.5,175.2],"time":[1549364860,1549364918]}