{"CLDC":[60.769997],"DEWP":[-0.7],"FRSHTT":[0],"PRCP":[0],"SLP":[994.68994],"SNDP":[0],"STP":[982.67004],"TEMP":[5.1499996],"VISIB":[14.81],"WDSP":[20.579998],"WNDDIR":[195.1],"time":[1549364860]}