{"CLDC":[59],"DEWP":[-3.8799999],"FRSHTT":[0],"PRCP":[0],"SLP":[1000.74005],"SNDP":[0],"STP":[994.6],"TEMP":[2.8600001],"VISIB":[13.4],"WDSP":[7.94],"WNDDIR":[336.3],"time":[1549364860]}