{"CLDC":[50.160004,50.05],"DEWP":[13.000002,13.000002],"FRSHTT":[100000,100000],"PRCP":[0.93,0.93],"SLP":[1025.4001,1025.4001],"SNDP":[0,0],"STP":[1050.3,1048.8801],"TEMP":[16.7,16.7],"VISIB":[14.6,14.92],"WDSP":[20.6,21.75],"WNDDIR":[257.6,255.3],"time":[1549364860,1549364918]}