{"CLDC":[92.81],"DEWP":[-7],"FRSHTT":[0],"PRCP":[0],"SLP":[988.95],"SNDP":[0],"STP":[991.57],"TEMP":[0.060000002],"VISIB":[15.99],"WDSP":[11.889999],"WNDDIR":[33.5],"time":[1549364860]}