{"CLDC":[81.94001,82.37001],"DEWP":[-7.8799996,-7.8799996],"FRSHTT":[100000,100000],"PRCP":[0.050000004,0.050000004],"SLP":[1021.7999,1021.7999],"SNDP":[0,0],"STP":[1011.58997,1009.92004],"TEMP":[1.3499999,1.3499999],"VISIB":[15.0199995,14.95],"WDSP":[12.39,10.59],"WNDDIR":[250.1,250.5],"time":[1549364861,1549364918]}