{"CLDC":[51.289997,51.299995],"DEWP":[-0.34999996,-0.73],"FRSHTT":[0,0],"PRCP":[0,0],"SLP":[978.5301,978.9999],"SNDP":[0,0],"STP":[996.3999,996.4499],"TEMP":[2.3000002,2.4],"VISIB":[13.8,13.270001],"WDSP":[17.619999,18.58],"WNDDIR":[37.7,39.9],"time":[1549364861,1549364918]}