{"CLDC":[54.799995],"DEWP":[-4.6400003],"FRSHTT":[1000000],"PRCP":[0],"SLP":[1026.05],"SNDP":[0],"STP":[1005.11],"TEMP":[-1.1999999],"VISIB":[13.63],"WDSP":[13.35],"WNDDIR":[266.2],"time":[1549364861]}