{"CLDC":[30.939999,31.3],"DEWP":[-20.8,-20.899998],"FRSHTT":[1000000,1000000],"PRCP":[0,0],"SLP":[993.7,994.5001],"SNDP":[0,0],"STP":[1003.02,1003],"TEMP":[-13.45,-13.4],"VISIB":[13.56,13.01],"WDSP":[13.37,12.9800005],"WNDDIR":[29.7,32.3],"time":[1549364861,1549364918]}