{"CLDC":[28.25,28.02],"DEWP":[-6.7300005,-6.2200003],"FRSHTT":[0,0],"PRCP":[0,0],"SLP":[1024.05,1024.09],"SNDP":[0,0],"STP":[1015.22003,1015.2001],"TEMP":[1.06,1.1],"VISIB":[37.49,41.200005],"WDSP":[10.26,10.800001],"WNDDIR":[149.1,153.8],"time":[1549364861,1549364918]}