{"CLDC":[97.95,97.740005],"DEWP":[-8.25,-8.34],"FRSHTT":[0,0],"PRCP":[0,0],"SLP":[1015.25,1015.27],"SNDP":[0,0],"STP":[1016,1016],"TEMP":[0.44000006,0.5],"VISIB":[14.69,14.15],"WDSP":[11.719999,11.61],"WNDDIR":[354.3,351.3],"time":[1549364861,1549364918]}