{"CLDC":[49.510002],"DEWP":[-2.36],"FRSHTT":[1000000],"PRCP":[0],"SLP":[1025.1],"SNDP":[0],"STP":[996.43],"TEMP":[-1.04],"VISIB":[12.67],"WDSP":[13.790001],"WNDDIR":[302.9],"time":[1549364861]}