{"CLDC":[89.24999],"DEWP":[-8.450001],"FRSHTT":[1000000],"PRCP":[0],"SLP":[1050.5599],"SNDP":[0],"STP":[1017.56995],"TEMP":[-3.2400002],"VISIB":[13.81],"WDSP":[8.940001],"WNDDIR":[242.8],"time":[1549364861]}