{"CLDC":[81.630005],"DEWP":[0.44],"FRSHTT":[0],"PRCP":[0],"SLP":[988.95996],"SNDP":[0],"STP":[988.05],"TEMP":[0.66999996],"VISIB":[5.08],"WDSP":[22.93],"WNDDIR":[297.9],"time":[1549364861]}