{"CLDC":[50.29],"DEWP":[-3.2600002],"FRSHTT":[100000],"PRCP":[0.059999995],"SLP":[1020.7001],"SNDP":[0],"STP":[1020.82],"TEMP":[3.02],"VISIB":[13.139999],"WDSP":[10.51],"WNDDIR":[357.5],"time":[1549364861]}