{"CLDC":[71.49],"DEWP":[1.4000001],"FRSHTT":[0],"PRCP":[0],"SLP":[1030.1301],"SNDP":[0],"STP":[1007.7001],"TEMP":[5.5000005],"VISIB":[15.24],"WDSP":[11.969999],"WNDDIR":[341],"time":[1549364861]}