{"CLDC":[71.49,71.520004],"DEWP":[1.4000001,1.48],"FRSHTT":[0,0],"PRCP":[0,0],"SLP":[1030.1301,1030.55],"SNDP":[0,0],"STP":[1007.7001,1007.7001],"TEMP":[5.5000005,5.2599998],"VISIB":[15.24,15.31],"WDSP":[11.969999,12.07],"WNDDIR":[341,343.8],"time":[1549364861,1549364918]}