{"CLDC":[57.22],"DEWP":[-1],"FRSHTT":[100000],"PRCP":[0.07999999],"SLP":[1008.38007],"SNDP":[0],"STP":[1004.77],"TEMP":[4.7999997],"VISIB":[10.83],"WDSP":[12.01],"WNDDIR":[335.1],"time":[1549364861]}