{"CLDC":[39.29],"DEWP":[-0.8500001],"FRSHTT":[0],"PRCP":[0],"SLP":[1033.14],"SNDP":[0],"STP":[998.8999],"TEMP":[2.4500003],"VISIB":[11.33],"WDSP":[10.89],"WNDDIR":[46.5],"time":[1549364861]}