{"CLDC":[6.56],"DEWP":[-3.3600001],"FRSHTT":[0],"PRCP":[0],"SLP":[1019.32996],"SNDP":[0],"STP":[1009.7999],"TEMP":[2.7499998],"VISIB":[17.92],"WDSP":[10.9],"WNDDIR":[277.5],"time":[1549364861]}