{"CLDC":[74.39],"DEWP":[-1.8100001],"FRSHTT":[1000000],"PRCP":[0],"SLP":[1004.8],"SNDP":[0],"STP":[1000.7101],"TEMP":[-0.6999999],"VISIB":[6.02],"WDSP":[20.84],"WNDDIR":[81.8],"time":[1549364861]}