{"CLDC":[37.329998,37.48],"DEWP":[-17.960001,-18.2],"FRSHTT":[1000000,1000000],"PRCP":[0,0],"SLP":[997.16003,997.64],"SNDP":[0,0],"STP":[1000.9199,1002.61005],"TEMP":[-12.01,-12.01],"VISIB":[13.770001,14.55],"WDSP":[5.96,6.12],"WNDDIR":[182.2,184.4],"time":[1549364861,1549364918]}