{"CLDC":[93.78001],"DEWP":[-2.02],"FRSHTT":[0],"PRCP":[0],"SLP":[986.97003],"SNDP":[0],"STP":[1000.45],"TEMP":[3.7400002],"VISIB":[14.81],"WDSP":[11.31],"WNDDIR":[156.5],"time":[1549364861]}