{"CLDC":[32.329998],"DEWP":[-4.8499994],"FRSHTT":[1000000],"PRCP":[0],"SLP":[1023.05],"SNDP":[0],"STP":[1021.80994],"TEMP":[-2.24],"VISIB":[12.549999],"WDSP":[10.54],"WNDDIR":[36.5],"time":[1549364861]}