{"CLDC":[11.340001],"DEWP":[-2.97],"FRSHTT":[0],"PRCP":[0],"SLP":[1023.4],"SNDP":[0],"STP":[1006.63995],"TEMP":[0.75],"VISIB":[10.920001],"WDSP":[10.88],"WNDDIR":[344.3],"time":[1549364861]}