{"CLDC":[50.15,50.120003],"DEWP":[-2.3400002,-2.4199998],"FRSHTT":[100000,100000],"PRCP":[0.009999999,0.009999999],"SLP":[1020.4,1020.4],"SNDP":[0,0],"STP":[1018.17004,1018.1],"TEMP":[4.98,4.9],"VISIB":[15.99,16.25],"WDSP":[18.750002,18.02],"WNDDIR":[36.8,35.5],"time":[1549364861,1549364918]}