{"CLDC":[55.6,55.590004],"DEWP":[-4.95,-5.17],"FRSHTT":[100000,100000],"PRCP":[0.059999995,0.059999995],"SLP":[1020.2999,1020.2999],"SNDP":[0,0],"STP":[1011.1,1011.1],"TEMP":[2.3899999,2.5099998],"VISIB":[16.2,16.39],"WDSP":[10.629999,10.65],"WNDDIR":[267.8,266.3],"time":[1549364861,1549364918]}