{"CLDC":[13.280002],"DEWP":[-18.899998],"FRSHTT":[1000000],"PRCP":[0],"SLP":[1026.3401],"SNDP":[0],"STP":[1032.15],"TEMP":[-6.2799997],"VISIB":[16.490002],"WDSP":[17.939999],"WNDDIR":[100.8],"time":[1549364861]}