{"CLDC":[91.079994,91.25],"DEWP":[6.660001,6.6800003],"FRSHTT":[0,0],"PRCP":[0,0],"SLP":[1009.1,1009.1],"SNDP":[0,0],"STP":[1004.36,1003.52],"TEMP":[9.26,9.530001],"VISIB":[15.860001,15.33],"WDSP":[22.470001,22.130001],"WNDDIR":[40.8,42.4],"time":[1549364861,1549364918]}