{"CLDC":[62.46,62.52],"DEWP":[-1.89,-2.15],"FRSHTT":[100000,100000],"PRCP":[0.059999995,0.059999995],"SLP":[1020.2999,1020.31995],"SNDP":[0,0],"STP":[1018.7001,1018.7999],"TEMP":[4.61,4.75],"VISIB":[22.92,24.02],"WDSP":[13.08,12.93],"WNDDIR":[298,299.2],"time":[1549364861,1549364918]}