{"CLDC":[91.83],"DEWP":[-15.82],"FRSHTT":[1000000],"PRCP":[0],"SLP":[996.4],"SNDP":[0],"STP":[986.36],"TEMP":[-7.5800004],"VISIB":[14.059999],"WDSP":[12.95],"WNDDIR":[261],"time":[1549364861]}