{"CLDC":[6.1099997,6.4200006],"DEWP":[0.099999994,0.14000002],"FRSHTT":[0,0],"PRCP":[0,0],"SLP":[1017.3301,1017.31995],"SNDP":[0,0],"STP":[1008.19006,1008.2201],"TEMP":[0.53,0.54],"VISIB":[5.6099997,5.72],"WDSP":[24.419998,23.349998],"WNDDIR":[101.8,101.7],"time":[1549364861,1549364918]}