{"CLDC":[50.08,50.010002],"DEWP":[-3.56,-3.4199996],"FRSHTT":[100000,100000],"PRCP":[0.029999997,0.029999997],"SLP":[1020.5,1020.57996],"SNDP":[0,0],"STP":[1019.17004,1019.43],"TEMP":[2.25,2.3],"VISIB":[12.31,12.5],"WDSP":[10.9800005,10.96],"WNDDIR":[294.2,293.9],"time":[1549364861,1549364918]}