{"CLDC":[50.180004],"DEWP":[-5.9999995],"FRSHTT":[100000],"PRCP":[0.16999999],"SLP":[1008.14],"SNDP":[0],"STP":[1013.05],"TEMP":[0.98],"VISIB":[12.049999],"WDSP":[9.829999],"WNDDIR":[190.4],"time":[1549364861]}