{"CLDC":[41.359997,40.700005],"DEWP":[0.84,0.7],"FRSHTT":[0,0],"PRCP":[0,0],"SLP":[1003.63007,997.3701],"SNDP":[0,0],"STP":[999.02997,999.77997],"TEMP":[5.15,5.2399993],"VISIB":[12.119999,12.639999],"WDSP":[10.17,11.31],"WNDDIR":[152.3,147],"time":[1549364861,1549364918]}