{"CLDC":[55.80999],"DEWP":[3.3799999],"FRSHTT":[100000],"PRCP":[1.4400002],"SLP":[999.14],"SNDP":[0],"STP":[1007.72003],"TEMP":[5.9199996],"VISIB":[11.93],"WDSP":[24.329998],"WNDDIR":[159.3],"time":[1549364861]}