{"CLDC":[50.02],"DEWP":[-6.4],"FRSHTT":[100000],"PRCP":[0.25],"SLP":[1020.4],"SNDP":[0],"STP":[1028.05],"TEMP":[1.2600001],"VISIB":[14.660001],"WDSP":[9.750001],"WNDDIR":[312.9],"time":[1549364861]}