{"CLDC":[85.920006],"DEWP":[-7.1999993],"FRSHTT":[100000],"PRCP":[0.11999999],"SLP":[1021.1],"SNDP":[0],"STP":[1016.2999],"TEMP":[0.35000002],"VISIB":[14.900002],"WDSP":[10.92],"WNDDIR":[21.5],"time":[1549364861]}