{"CLDC":[0.3],"DEWP":[-9.640001],"FRSHTT":[1000000],"PRCP":[0],"SLP":[1006.48],"SNDP":[0],"STP":[979.95],"TEMP":[-1.2700001],"VISIB":[15.18],"WDSP":[12.410001],"WNDDIR":[271.6],"time":[1549364861]}