{"CLDC":[50.08],"DEWP":[-3.56],"FRSHTT":[100000],"PRCP":[0.029999997],"SLP":[1020.5],"SNDP":[0],"STP":[1019.17004],"TEMP":[2.25],"VISIB":[12.31],"WDSP":[10.9800005],"WNDDIR":[294.2],"time":[1549364861]}