{"CLDC":[83.86],"DEWP":[0.5400001],"FRSHTT":[0],"PRCP":[0],"SLP":[992.62],"SNDP":[0],"STP":[1007.16003],"TEMP":[1.05],"VISIB":[8.2300005],"WDSP":[19.59],"WNDDIR":[203.4],"time":[1549364861]}