{"CLDC":[78.83],"DEWP":[-0.26000005],"FRSHTT":[100000],"PRCP":[0.009999999],"SLP":[1005.59],"SNDP":[0],"STP":[1006.2999],"TEMP":[6.02],"VISIB":[15.57],"WDSP":[17.01],"WNDDIR":[30.4],"time":[1549364861]}