{"CLDC":[90.15],"DEWP":[3.8799999],"FRSHTT":[0],"PRCP":[0],"SLP":[1017.1],"SNDP":[0],"STP":[1014.7],"TEMP":[7.3900003],"VISIB":[21.039999],"WDSP":[13.45],"WNDDIR":[317.8],"time":[1549364861]}