{"CLDC":[6.1099997],"DEWP":[0.099999994],"FRSHTT":[0],"PRCP":[0],"SLP":[1017.3301],"SNDP":[0],"STP":[1008.19006],"TEMP":[0.53],"VISIB":[5.6099997],"WDSP":[24.419998],"WNDDIR":[101.8],"time":[1549364861]}