{"CLDC":[28.25],"DEWP":[-6.7300005],"FRSHTT":[0],"PRCP":[0],"SLP":[1024.05],"SNDP":[0],"STP":[1015.22003],"TEMP":[1.06],"VISIB":[37.49],"WDSP":[10.26],"WNDDIR":[149.1],"time":[1549364861]}