{"CLDC":[19.3],"DEWP":[-9.539999],"FRSHTT":[1000000],"PRCP":[0],"SLP":[1014.7],"SNDP":[0],"STP":[1002.61],"TEMP":[-7.9799995],"VISIB":[14.250002],"WDSP":[15.92],"WNDDIR":[255.8],"time":[1549364861]}