{"CLDC":[68.92,69.23],"DEWP":[-14.339999,-14.459999],"FRSHTT":[1000000,1000000],"PRCP":[0,0],"SLP":[1009.4999,1010.02997],"SNDP":[0,0],"STP":[988.16003,990.14],"TEMP":[-1.6400001,-1.6300001],"VISIB":[16.220001,15.69],"WDSP":[21.460001,23.520002],"WNDDIR":[297.8,296.7],"time":[1549364861,1549364918]}