{"CLDC":[50.090004],"DEWP":[-6.1200004],"FRSHTT":[100000],"PRCP":[0.11999999],"SLP":[1020.7301],"SNDP":[0],"STP":[1010.9],"TEMP":[1.2499999],"VISIB":[15.890001],"WDSP":[12.27],"WNDDIR":[35.3],"time":[1549364861]}