{"CLDC":[57.22,57.4],"DEWP":[-1,-1.12],"FRSHTT":[100000,100000],"PRCP":[0.07999999,0.07999999],"SLP":[1008.38007,1008.38],"SNDP":[0,0],"STP":[1004.77,1005.19006],"TEMP":[4.7999997,4.7999997],"VISIB":[10.83,11.280001],"WDSP":[12.01,11.89],"WNDDIR":[335.1,334],"time":[1549364861,1549364918]}