{"CLDC":[55.6],"DEWP":[-4.95],"FRSHTT":[100000],"PRCP":[0.059999995],"SLP":[1020.2999],"SNDP":[0],"STP":[1011.1],"TEMP":[2.3899999],"VISIB":[16.2],"WDSP":[10.629999],"WNDDIR":[267.8],"time":[1549364861]}