{"CLDC":[34.859993,34.56],"DEWP":[-8.18,-8.1],"FRSHTT":[1000000,1000000],"PRCP":[0,0],"SLP":[994.9899,994.5101],"SNDP":[0,0],"STP":[1017.00995,1017],"TEMP":[-6.45,-6.410001],"VISIB":[12.629999,14.210001],"WDSP":[8.27,8.360001],"WNDDIR":[37.1,41.2],"time":[1549364861,1549364918]}