{"CLDC":[68.13999],"DEWP":[-2.5499997],"FRSHTT":[1000000],"PRCP":[0],"SLP":[1006.67004],"SNDP":[0],"STP":[985.34],"TEMP":[-1.2599999],"VISIB":[12.230001],"WDSP":[12.890001],"WNDDIR":[118.5],"time":[1549364861]}