{"CLDC":[50.02,50.230003],"DEWP":[-6.4,-6.2799997],"FRSHTT":[100000,100000],"PRCP":[0.25,0.25],"SLP":[1020.4,1020.5],"SNDP":[0,0],"STP":[1028.05,1028.8899],"TEMP":[1.2600001,1.1800001],"VISIB":[14.660001,14.840001],"WDSP":[9.750001,9.820001],"WNDDIR":[312.9,313.4],"time":[1549364861,1549364918]}