{"CLDC":[97.95],"DEWP":[-8.25],"FRSHTT":[0],"PRCP":[0],"SLP":[1015.25],"SNDP":[0],"STP":[1016],"TEMP":[0.44000006],"VISIB":[14.69],"WDSP":[11.719999],"WNDDIR":[354.3],"time":[1549364861]}