{"CLDC":[2.3],"DEWP":[-6.8],"FRSHTT":[0],"PRCP":[0],"SLP":[1021.5],"SNDP":[0],"STP":[1020.72003],"TEMP":[0.34000003],"VISIB":[14.040001],"WDSP":[8.5],"WNDDIR":[266.2],"time":[1549364861]}