{"CLDC":[50.170006],"DEWP":[-4.14],"FRSHTT":[100000],"PRCP":[0.050000004],"SLP":[1013.38],"SNDP":[0],"STP":[1011.9],"TEMP":[2.1],"VISIB":[12.99],"WDSP":[11.52],"WNDDIR":[179.1],"time":[1549364861]}