{"CLDC":[55.319996],"DEWP":[-1.14],"FRSHTT":[0],"PRCP":[0],"SLP":[1020.92004],"SNDP":[0],"STP":[1019.8499],"TEMP":[1.9500002],"VISIB":[13.38],"WDSP":[11.940001],"WNDDIR":[17.4],"time":[1549364861]}