{"CLDC":[95.31999],"DEWP":[-12.85],"FRSHTT":[0],"PRCP":[0],"SLP":[993.04004],"SNDP":[0],"STP":[997.32996],"TEMP":[1.58],"VISIB":[15.7300005],"WDSP":[20.279999],"WNDDIR":[193.5],"time":[1549364861]}