{"CLDC":[77.63999],"DEWP":[0.37999997],"FRSHTT":[0],"PRCP":[0],"SLP":[1013.9199],"SNDP":[0],"STP":[1006.84],"TEMP":[6.2],"VISIB":[15.2699995],"WDSP":[14.33],"WNDDIR":[351.2],"time":[1549364861]}