{"CLDC":[18.240002,18.189999],"DEWP":[1.22,1.3300002],"FRSHTT":[0,0],"PRCP":[0,0],"SLP":[991.7001,991.7001],"SNDP":[0,0],"STP":[996.9,997.19006],"TEMP":[8.8,8.76],"VISIB":[27.670002,27.36],"WDSP":[12.37,12.490001],"WNDDIR":[50.2,49.2],"time":[1549364861,1549364918]}