{"CLDC":[83.86,84.26],"DEWP":[0.5400001,0.56000006],"FRSHTT":[0,0],"PRCP":[0,0],"SLP":[992.62,991.18],"SNDP":[0,0],"STP":[1007.16003,1008.1],"TEMP":[1.05,0.96000004],"VISIB":[8.2300005,8.95],"WDSP":[19.59,19.61],"WNDDIR":[203.4,204.8],"time":[1549364861,1549364918]}