{"CLDC":[50.190006,50.050003],"DEWP":[-5.4200006,-5.6800003],"FRSHTT":[100000,100000],"PRCP":[0.029999997,0.029999997],"SLP":[1009.1901,1009.38],"SNDP":[0,0],"STP":[1011.2999,1011.2999],"TEMP":[1.9200001,1.89],"VISIB":[13.759999,13.159999],"WDSP":[11.870001,12.860001],"WNDDIR":[313.5,314.9],"time":[1549364861,1549364918]}