{"CLDC":[48.43],"DEWP":[-2.92],"FRSHTT":[1000000],"PRCP":[0],"SLP":[982.1],"SNDP":[0],"STP":[1007.54004],"TEMP":[-2.05],"VISIB":[8.870001],"WDSP":[22.179998],"WNDDIR":[182.9],"time":[1549364861]}