{"CLDC":[55.319996,55.109997],"DEWP":[-1.14,-1.86],"FRSHTT":[0,0],"PRCP":[0,0],"SLP":[1020.92004,1020.8999],"SNDP":[0,0],"STP":[1019.8499,1018.9899],"TEMP":[1.9500002,2],"VISIB":[13.38,14.360001],"WDSP":[11.940001,12.4],"WNDDIR":[17.4,11.4],"time":[1549364861,1549364918]}