{"CLDC":[27.15],"DEWP":[0.22],"FRSHTT":[0],"PRCP":[0],"SLP":[966.1001],"SNDP":[0],"STP":[986.69006],"TEMP":[3.5],"VISIB":[12.01],"WDSP":[15.089999],"WNDDIR":[37.9],"time":[1549364861]}