{"CLDC":[50.289997],"DEWP":[-5.4200006],"FRSHTT":[100000],"PRCP":[0.13],"SLP":[1020.2001],"SNDP":[0],"STP":[1018.47986],"TEMP":[0.32000002],"VISIB":[13.26],"WDSP":[13.69],"WNDDIR":[94.1],"time":[1549364861]}