{"CLDC":[27.15,27.16],"DEWP":[0.22,-0.020000005],"FRSHTT":[0,0],"PRCP":[0,0],"SLP":[966.1001,962.33997],"SNDP":[0,0],"STP":[986.69006,986.7399],"TEMP":[3.5,3.6199996],"VISIB":[12.01,11.099999],"WDSP":[15.089999,13.129999],"WNDDIR":[37.9,37.9],"time":[1549364861,1549364918]}