{"CLDC":[85.920006,85.81],"DEWP":[-7.1999993,-7.649999],"FRSHTT":[100000,100000],"PRCP":[0.11999999,0.11999999],"SLP":[1021.1,1021.07],"SNDP":[0,0],"STP":[1016.2999,1016.4],"TEMP":[0.35000002,0.35000002],"VISIB":[14.900002,15.15],"WDSP":[10.92,9.83],"WNDDIR":[21.5,24.5],"time":[1549364861,1549364918]}