{"CLDC":[70.149994,70.19],"DEWP":[-1.2499999,-1.26],"FRSHTT":[1000000,1000000],"PRCP":[0,0],"SLP":[982.54004,985.23],"SNDP":[0,0],"STP":[995.27,997.92004],"TEMP":[0,0],"VISIB":[11.800001,11.629999],"WDSP":[13.33,14.05],"WNDDIR":[184.1,183.9],"time":[1549364861,1549364918]}