{"CLDC":[68.68,68.89],"DEWP":[-2.8000004,-2.9500003],"FRSHTT":[0,0],"PRCP":[0,0],"SLP":[1030.6799,1030.3401],"SNDP":[0,0],"STP":[1019.63007,1018.74005],"TEMP":[1.5000001,1.45],"VISIB":[10.9800005,12.04],"WDSP":[9.74,10.089999],"WNDDIR":[107.9,110.1],"time":[1549364861,1549364918]}