{"CLDC":[74.39,74.06],"DEWP":[-1.8100001,-1.8099998],"FRSHTT":[1000000,1000000],"PRCP":[0,0],"SLP":[1004.8,1005.05994],"SNDP":[0,0],"STP":[1000.7101,1001.56006],"TEMP":[-0.6999999,-0.6999999],"VISIB":[6.02,6.3199997],"WDSP":[20.84,19.16],"WNDDIR":[81.8,83.3],"time":[1549364861,1549364918]}