{"CLDC":[70.149994],"DEWP":[-1.2499999],"FRSHTT":[1000000],"PRCP":[0],"SLP":[982.54004],"SNDP":[0],"STP":[995.27],"TEMP":[0],"VISIB":[11.800001],"WDSP":[13.33],"WNDDIR":[184.1],"time":[1549364861]}