{"CLDC":[69.53001,69.509995],"DEWP":[-21.140003,-20.960001],"FRSHTT":[1000000,1000000],"PRCP":[0,0],"SLP":[1021.00995,1021.14],"SNDP":[0,0],"STP":[989.2899,991.11005],"TEMP":[-15.550001,-15.400002],"VISIB":[13.7300005,13.730001],"WDSP":[8.86,8.41],"WNDDIR":[314.7,316.2],"time":[1549364861,1549364918]}