{"CLDC":[59.090004,59.150005],"DEWP":[5.4399996,5.1999993],"FRSHTT":[0,0],"PRCP":[0,0],"SLP":[1021.2001,1021.2001],"SNDP":[0,0],"STP":[1020.1,1020],"TEMP":[10.62,10.780001],"VISIB":[15.18,14.69],"WDSP":[12.960001,13.790001],"WNDDIR":[293.9,296.3],"time":[1549364861,1549364918]}