{"CLDC":[66.42,66.52],"DEWP":[3.69,3.7600002],"FRSHTT":[0,0],"PRCP":[0,0],"SLP":[969.27997,969.11],"SNDP":[0,0],"STP":[982.7001,982.7001],"TEMP":[9.450001,9.42],"VISIB":[14.37,14.619998],"WDSP":[16.609999,16.369999],"WNDDIR":[140.4,140.2],"time":[1549364861,1549364918]}