{"CLDC":[48.43,47.919994],"DEWP":[-2.92,-2.9200003],"FRSHTT":[1000000,1000000],"PRCP":[0,0],"SLP":[982.1,982.1],"SNDP":[0,0],"STP":[1007.54004,1007.30994],"TEMP":[-2.05,-2.02],"VISIB":[8.870001,8.960001],"WDSP":[22.179998,21.98],"WNDDIR":[182.9,184.8],"time":[1549364861,1549364918]}