{"CLDC":[95.31999,95.65999],"DEWP":[-12.85,-12.979999],"FRSHTT":[0,0],"PRCP":[0,0],"SLP":[993.04004,987.0701],"SNDP":[0,0],"STP":[997.32996,998.11005],"TEMP":[1.58,1.56],"VISIB":[15.7300005,15.26],"WDSP":[20.279999,19.84],"WNDDIR":[193.5,195.8],"time":[1549364861,1549364918]}