{"CLDC":[11.340001,11.310001],"DEWP":[-2.97,-3.1600003],"FRSHTT":[0,0],"PRCP":[0,0],"SLP":[1023.4,1023.4],"SNDP":[0,0],"STP":[1006.63995,1007.17004],"TEMP":[0.75,0.68999994],"VISIB":[10.920001,10.65],"WDSP":[10.88,10.759998],"WNDDIR":[344.3,340],"time":[1549364861,1549364918]}