{"CLDC":[50.190006],"DEWP":[-5.4200006],"FRSHTT":[100000],"PRCP":[0.029999997],"SLP":[1009.1901],"SNDP":[0],"STP":[1011.2999],"TEMP":[1.9200001],"VISIB":[13.759999],"WDSP":[11.870001],"WNDDIR":[313.5],"time":[1549364861]}