{"CLDC":[2.3,2.3299997],"DEWP":[-6.8,-6.44],"FRSHTT":[0,0],"PRCP":[0,0],"SLP":[1021.5,1021.4],"SNDP":[0,0],"STP":[1020.72003,1020.22003],"TEMP":[0.34000003,0.28000003],"VISIB":[14.040001,14.229999],"WDSP":[8.5,8.54],"WNDDIR":[266.2,267],"time":[1549364861,1549364918]}