{"CLDC":[66.42],"DEWP":[3.69],"FRSHTT":[0],"PRCP":[0],"SLP":[969.27997],"SNDP":[0],"STP":[982.7001],"TEMP":[9.450001],"VISIB":[14.37],"WDSP":[16.609999],"WNDDIR":[140.4],"time":[1549364861]}