{"CLDC":[33.309998],"DEWP":[-6.3400006],"FRSHTT":[1000000],"PRCP":[0],"SLP":[984.09],"SNDP":[0],"STP":[995.45996],"TEMP":[-4.78],"VISIB":[11],"WDSP":[17.51],"WNDDIR":[114.3],"time":[1549364861]}