{"CLDC":[50.090004,50.05],"DEWP":[-6.1200004,-5.9],"FRSHTT":[100000,100000],"PRCP":[0.11999999,0.11999999],"SLP":[1020.7301,1020.7001],"SNDP":[0,0],"STP":[1010.9,1010.9],"TEMP":[1.2499999,1.16],"VISIB":[15.890001,15.459999],"WDSP":[12.27,12.24],"WNDDIR":[35.3,40.4],"time":[1549364861,1549364918]}