{"CLDC":[85.200005],"DEWP":[-3.9],"FRSHTT":[100000],"PRCP":[0.22999999],"SLP":[1020.1],"SNDP":[0],"STP":[1013.73],"TEMP":[2.1],"VISIB":[8.71],"WDSP":[11.01],"WNDDIR":[306.3],"time":[1549364861]}