{"CLDC":[6.9399996],"DEWP":[-12.75],"FRSHTT":[1000000],"PRCP":[0],"SLP":[989.4299],"SNDP":[0],"STP":[989.22003],"TEMP":[-3.1000001],"VISIB":[15.129999],"WDSP":[5.7999997],"WNDDIR":[310.5],"time":[1549364861]}