{"CLDC":[39.299995],"DEWP":[-6.65],"FRSHTT":[0],"PRCP":[0],"SLP":[1021.49005],"SNDP":[0],"STP":[1022.5],"TEMP":[1.16],"VISIB":[11.740001],"WDSP":[10.89],"WNDDIR":[264.8],"time":[1549364861]}