{"CLDC":[20.530003,20.53],"DEWP":[-1.76,-1.54],"FRSHTT":[0,0],"PRCP":[0,0],"SLP":[998.5,998.6],"SNDP":[0,0],"STP":[995.7899,995.2301],"TEMP":[4.3500004,4.55],"VISIB":[15.31,15.15],"WDSP":[11.91,12.910001],"WNDDIR":[38.7,35.4],"time":[1549364861,1549364919]}