{"CLDC":[42.46,42.110004],"DEWP":[5.2599998,5.26],"FRSHTT":[0,0],"PRCP":[0,0],"SLP":[1015.5,1015.50995],"SNDP":[0,0],"STP":[1035.73,1035.0901],"TEMP":[8.699999,8.599999],"VISIB":[11.710001,12.179998],"WDSP":[9.23,8.070002],"WNDDIR":[148.7,149.6],"time":[1549364861,1549364919]}