{"CLDC":[39.299995,39.200005],"DEWP":[-6.65,-6.39],"FRSHTT":[0,0],"PRCP":[0,0],"SLP":[1021.49005,1021.48],"SNDP":[0,0],"STP":[1022.5,1022.5],"TEMP":[1.16,1.24],"VISIB":[11.740001,11.240001],"WDSP":[10.89,11.370001],"WNDDIR":[264.8,267.9],"time":[1549364861,1549364919]}