{"CLDC":[32.21,31.949997],"DEWP":[7.7400002,7.6799994],"FRSHTT":[0,0],"PRCP":[0,0],"SLP":[1016.18005,1016.2501],"SNDP":[0,0],"STP":[1012.7999,1012.9],"TEMP":[8.9,8.82],"VISIB":[11.15,10.37],"WDSP":[18.289999,18.68],"WNDDIR":[280.3,281.3],"time":[1549364861,1549364919]}