{"CLDC":[50.510002,50.48],"DEWP":[-6.0600004,-6.540001],"FRSHTT":[100000,100000],"PRCP":[0.14999999,0.14999999],"SLP":[1020.7999,1020.7999],"SNDP":[0,0],"STP":[1017.7001,1017.7001],"TEMP":[1.4999999,1.5400001],"VISIB":[11.940001,12.679998],"WDSP":[10.880001,10.490001],"WNDDIR":[77.7,76.5],"time":[1549364861,1549364919]}