{"CLDC":[76.01,76.06999],"DEWP":[-3.5999997,-3.6999996],"FRSHTT":[0,0],"PRCP":[0,0],"SLP":[1014.59,1014.77997],"SNDP":[0,0],"STP":[1013.63007,1013.62],"TEMP":[1.9399999,1.9399999],"VISIB":[13.259999,13.12],"WDSP":[13.870001,14.05],"WNDDIR":[46.5,47.5],"time":[1549364861,1549364919]}