{"CLDC":[86.06999,86.10999],"DEWP":[-0.26000002,-0.4],"FRSHTT":[100000,100000],"PRCP":[0.20000002,0.20000002],"SLP":[1019.82996,1020],"SNDP":[0,0],"STP":[1021.2899,1021.32996],"TEMP":[5.6100006,5.55],"VISIB":[9.569999,9.55],"WDSP":[15.969999,16.710001],"WNDDIR":[311.5,311.7],"time":[1549364861,1549364919]}