{"CLDC":[75.5],"DEWP":[-6.600001],"FRSHTT":[0],"PRCP":[0],"SLP":[1020.7999],"SNDP":[0],"STP":[1016.7899],"TEMP":[1.2799999],"VISIB":[14.67],"WDSP":[10.5199995],"WNDDIR":[32.5],"time":[1549364861]}