{"CLDC":[65.520004,65.53999],"DEWP":[-4.74,-4.65],"FRSHTT":[0,0],"PRCP":[0,0],"SLP":[1015.6,1015.7001],"SNDP":[0,0],"STP":[1015.41003,1015.2101],"TEMP":[3.05,3.12],"VISIB":[15.490001,15.800001],"WDSP":[13.99,14.729999],"WNDDIR":[137,133.7],"time":[1549364861,1549364919]}