{"CLDC":[71],"DEWP":[-2],"FRSHTT":[100000],"PRCP":[0.59000003],"SLP":[1000.43],"SNDP":[0],"STP":[1004.29004],"TEMP":[3.2600002],"VISIB":[16.28],"WDSP":[13.609999],"WNDDIR":[196.4],"time":[1549364861]}