{"CLDC":[61.190002],"DEWP":[-1.9],"FRSHTT":[100000],"PRCP":[0.059999995],"SLP":[1018.1],"SNDP":[0],"STP":[1014.6],"TEMP":[2.6399999],"VISIB":[18.42],"WDSP":[13.06],"WNDDIR":[221.5],"time":[1549364861]}