{"CLDC":[90.45001],"DEWP":[-4.75],"FRSHTT":[100000],"PRCP":[0.15999998],"SLP":[1019.2001],"SNDP":[0],"STP":[1013.2999],"TEMP":[1.9],"VISIB":[16.009998],"WDSP":[10.530001],"WNDDIR":[328.4],"time":[1549364861]}