{"CLDC":[50.02,50.35],"DEWP":[-5.5799994,-5.7],"FRSHTT":[100000,100000],"PRCP":[0.059999995,0.059999995],"SLP":[1021.6,1021.6],"SNDP":[0,0],"STP":[1023.45996,1023.7101],"TEMP":[0.7,0.72],"VISIB":[12.09,12.659999],"WDSP":[11.89,11.85],"WNDDIR":[193.4,190.8],"time":[1549364861,1549364919]}