{"CLDC":[64.950005],"DEWP":[13.25],"FRSHTT":[0],"PRCP":[0],"SLP":[1018.22003],"SNDP":[0],"STP":[999.9501],"TEMP":[17.039999],"VISIB":[13.18],"WDSP":[11.59],"WNDDIR":[269.7],"time":[1549364861]}