{"CLDC":[80.25,80.729996],"DEWP":[-0.89,-0.37999997],"FRSHTT":[0,0],"PRCP":[0,0],"SLP":[991.1,991],"SNDP":[0,0],"STP":[1005.14,1004.95],"TEMP":[2.9600003,2.72],"VISIB":[13.770001,13],"WDSP":[9.43,11.529999],"WNDDIR":[266.3,267.7],"time":[1549364861,1549364919]}