{"CLDC":[32.879997],"DEWP":[-0.65999997],"FRSHTT":[0],"PRCP":[0],"SLP":[990.54004],"SNDP":[0],"STP":[1016.02],"TEMP":[2.75],"VISIB":[13.469999],"WDSP":[13.01],"WNDDIR":[153.7],"time":[1549364861]}