{"CLDC":[67.00001,67.27],"DEWP":[2.5,2.62],"FRSHTT":[0,0],"PRCP":[0,0],"SLP":[1021.65,1019.11005],"SNDP":[0,0],"STP":[995.9499,995.38],"TEMP":[10.759999,10.699999],"VISIB":[14.67,14.63],"WDSP":[16.989998,16.98],"WNDDIR":[111,110.3],"time":[1549364861,1549364919]}