{"CLDC":[69.670006],"DEWP":[-5.42],"FRSHTT":[1000000],"PRCP":[0],"SLP":[970.57996],"SNDP":[0],"STP":[977.7001],"TEMP":[-4.58],"VISIB":[9.2300005],"WDSP":[21.21],"WNDDIR":[27.2],"time":[1549364861]}