{"CLDC":[69.840004],"DEWP":[-14.95],"FRSHTT":[1000000],"PRCP":[0],"SLP":[988.11005],"SNDP":[0],"STP":[1007.95996],"TEMP":[-7.46],"VISIB":[13.51],"WDSP":[9.089999],"WNDDIR":[281.4],"time":[1549364861]}