{"CLDC":[47.859993],"DEWP":[-2.2199998],"FRSHTT":[0],"PRCP":[0],"SLP":[1027.5],"SNDP":[0],"STP":[1017.57],"TEMP":[3.7199998],"VISIB":[15.76],"WDSP":[16.49],"WNDDIR":[149.1],"time":[1549364861]}