{"CLDC":[50.510002],"DEWP":[-6.0600004],"FRSHTT":[100000],"PRCP":[0.14999999],"SLP":[1020.7999],"SNDP":[0],"STP":[1017.7001],"TEMP":[1.4999999],"VISIB":[11.940001],"WDSP":[10.880001],"WNDDIR":[77.7],"time":[1549364861]}