{"CLDC":[87.299995],"DEWP":[-3.5300002],"FRSHTT":[100000],"PRCP":[0.10000001],"SLP":[1017.05],"SNDP":[0],"STP":[1016.39],"TEMP":[3.5899997],"VISIB":[13.87],"WDSP":[14.69],"WNDDIR":[288.3],"time":[1549364861]}