{"CLDC":[95.10999],"DEWP":[-6.7399993],"FRSHTT":[100000],"PRCP":[0.059999995],"SLP":[1020.72003],"SNDP":[0],"STP":[1007.69006],"TEMP":[1.0799999],"VISIB":[15.719999],"WDSP":[12.540001],"WNDDIR":[58.3],"time":[1549364861]}