{"CLDC":[21.640001],"DEWP":[-4.51],"FRSHTT":[0],"PRCP":[0],"SLP":[1021.61005],"SNDP":[0],"STP":[1020.11],"TEMP":[2.6399999],"VISIB":[14.01],"WDSP":[10.249999],"WNDDIR":[193.5],"time":[1549364861]}