{"CLDC":[82.58999,82.189995],"DEWP":[-4.84,-4.7200003],"FRSHTT":[100000,100000],"PRCP":[0.11999999,0.11999999],"SLP":[1020.2399,1020.17004],"SNDP":[0,0],"STP":[1014.4,1014.30994],"TEMP":[2.4800003,2.4],"VISIB":[12.78,13.089999],"WDSP":[9.490001,9.320001],"WNDDIR":[49.9,48.4],"time":[1549364861,1549364919]}