{"CLDC":[55.309998,55.420002],"DEWP":[-6.45,-6.2600007],"FRSHTT":[1000000,1000000],"PRCP":[0,0],"SLP":[978.4999,978.3301],"SNDP":[0,0],"STP":[998.1,998.3],"TEMP":[-1.5,-1.5],"VISIB":[13.56,13.43],"WDSP":[22.68,22.35],"WNDDIR":[345.9,348.8],"time":[1549364861,1549364919]}