{"CLDC":[50.070004,50.170006],"DEWP":[-7.5800004,-7.3600006],"FRSHTT":[100000,100000],"PRCP":[0.050000004,0.050000004],"SLP":[1020.93,1021],"SNDP":[0,0],"STP":[999.7999,999.7999],"TEMP":[0.5,0.48000002],"VISIB":[14.5,14.620001],"WDSP":[10.400001,10.449999],"WNDDIR":[35.6,36.4],"time":[1549364861,1549364919]}