{"CLDC":[48.909996,49.359997],"DEWP":[-6.62,-6.96],"FRSHTT":[1000000,1000000],"PRCP":[0,0],"SLP":[1002,1001.99005],"SNDP":[0,0],"STP":[992.32996,992.23],"TEMP":[-0.9,-0.9],"VISIB":[15.790001,16.04],"WDSP":[5.38,5.1099997],"WNDDIR":[170.5,167.8],"time":[1549364861,1549364919]}