{"CLDC":[66.420006],"DEWP":[-4.8199997],"FRSHTT":[100000],"PRCP":[0.22],"SLP":[1020.77997],"SNDP":[0],"STP":[1011.9],"TEMP":[1.5500001],"VISIB":[14.740001],"WDSP":[16.24],"WNDDIR":[248.1],"time":[1549364861]}