{"CLDC":[90.67],"DEWP":[-5.65],"FRSHTT":[100000],"PRCP":[0.10000001],"SLP":[1021.6],"SNDP":[0],"STP":[1006.00995],"TEMP":[1.4200001],"VISIB":[13.460001],"WDSP":[13.0199995],"WNDDIR":[288.6],"time":[1549364861]}