{"CLDC":[50,50.16],"DEWP":[-3.6,-4.15],"FRSHTT":[100000,100000],"PRCP":[0.11,0.11],"SLP":[1019.2799,1019.2601],"SNDP":[0,0],"STP":[1026.61,1026.6699],"TEMP":[1.76,1.7599999],"VISIB":[12.7699995,13.350001],"WDSP":[14.51,15.509999],"WNDDIR":[201.8,197.3],"time":[1549364861,1549364919]}