{"CLDC":[50.100002],"DEWP":[-0.3],"FRSHTT":[100000],"PRCP":[0.029999997],"SLP":[1020.5],"SNDP":[0],"STP":[1019],"TEMP":[4.3499994],"VISIB":[10.5199995],"WDSP":[14.94],"WNDDIR":[94.5],"time":[1549364861]}