{"CLDC":[86.06999],"DEWP":[-0.26000002],"FRSHTT":[100000],"PRCP":[0.20000002],"SLP":[1019.82996],"SNDP":[0],"STP":[1021.2899],"TEMP":[5.6100006],"VISIB":[9.569999],"WDSP":[15.969999],"WNDDIR":[311.5],"time":[1549364861]}