{"CLDC":[50.010002,50.05],"DEWP":[-3.7,-4.3],"FRSHTT":[100000,100000],"PRCP":[0.11999999,0.11999999],"SLP":[1019.7999,1019.82996],"SNDP":[0,0],"STP":[1015.7301,1015.89],"TEMP":[2.6500003,2.3500001],"VISIB":[13.040001,12.850001],"WDSP":[12.72,13.2699995],"WNDDIR":[127.9,128.5],"time":[1549364861,1549364919]}