{"CLDC":[11.750001,12.199999],"DEWP":[3.8800004,4],"FRSHTT":[0,0],"PRCP":[0,0],"SLP":[1021.7999,1021.7999],"SNDP":[0,0],"STP":[1017.5,1017.5],"TEMP":[7.8599997,7.8199997],"VISIB":[8.440001,8.530001],"WDSP":[12.15,12.49],"WNDDIR":[93,94.9],"time":[1549364861,1549364919]}