{"CLDC":[6.9399996,7.0799994],"DEWP":[-12.75,-12.75],"FRSHTT":[1000000,1000000],"PRCP":[0,0],"SLP":[989.4299,988.7999],"SNDP":[0,0],"STP":[989.22003,989.44006],"TEMP":[-3.1000001,-3.1000001],"VISIB":[15.129999,14.710001],"WDSP":[5.7999997,5.1400003],"WNDDIR":[310.5,311.2],"time":[1549364861,1549364919]}