{"CLDC":[47.859993,47.39],"DEWP":[-2.2199998,-2.38],"FRSHTT":[0,0],"PRCP":[0,0],"SLP":[1027.5,1027.92],"SNDP":[0,0],"STP":[1017.57,1017.49005],"TEMP":[3.7199998,3.6399999],"VISIB":[15.76,15.9],"WDSP":[16.49,16.11],"WNDDIR":[149.1,154.3],"time":[1549364861,1549364919]}