{"CLDC":[91.82],"DEWP":[-4.3599997],"FRSHTT":[100000],"PRCP":[0.14999999],"SLP":[1021.2101],"SNDP":[0],"STP":[1017],"TEMP":[1.7],"VISIB":[11.209999],"WDSP":[14.910001],"WNDDIR":[246],"time":[1549364861]}