{"CLDC":[46.250004],"DEWP":[-5.7799997],"FRSHTT":[1000000],"PRCP":[0],"SLP":[995.32996],"SNDP":[0],"STP":[1002.9699],"TEMP":[-4.08],"VISIB":[12.190001],"WDSP":[14.610001],"WNDDIR":[177.8],"time":[1549364861]}