{"CLDC":[98.52999,98.520004],"DEWP":[-1.4999999,-1.1999999],"FRSHTT":[100000,100000],"PRCP":[0.34999996,0.34999996],"SLP":[1016.1,1016.1],"SNDP":[0,0],"STP":[1007.11005,1007.07996],"TEMP":[5,5.0199995],"VISIB":[10.559999,10.589999],"WDSP":[12.589998,12.370001],"WNDDIR":[246.3,246.7],"time":[1549364861,1549364919]}