{"CLDC":[46.250004,46.299995],"DEWP":[-5.7799997,-6.0199995],"FRSHTT":[1000000,1000000],"PRCP":[0,0],"SLP":[995.32996,995.44006],"SNDP":[0,0],"STP":[1002.9699,1003.20996],"TEMP":[-4.08,-4.1800003],"VISIB":[12.190001,12.289999],"WDSP":[14.610001,14.229999],"WNDDIR":[177.8,177.7],"time":[1549364861,1549364919]}