{"CLDC":[66.84001,66.92],"DEWP":[-2.9,-2.94],"FRSHTT":[1000000,1000000],"PRCP":[0,0],"SLP":[1007.52997,1011.2101],"SNDP":[0,0],"STP":[1011.52,1010.5399],"TEMP":[-1.3199999,-1.2999998],"VISIB":[6.4800005,7.0099998],"WDSP":[20.27,21.01],"WNDDIR":[220.3,222.6],"time":[1549364861,1549364919]}