{"CLDC":[58.609997,58.829998],"DEWP":[-1.49,-1.42],"FRSHTT":[0,0],"PRCP":[0,0],"SLP":[1001.7899,1000.9199],"SNDP":[0,0],"STP":[1002.05,1001.9601],"TEMP":[2.38,2.44],"VISIB":[8.190001,7.9900007],"WDSP":[11.14,11.089999],"WNDDIR":[57.2,57],"time":[1549364855,1549364915]}