{"CLDC":[30.34,30.310001],"DEWP":[3.0499997,2.9999995],"FRSHTT":[0,0],"PRCP":[0,0],"SLP":[1015.64,1015.48],"SNDP":[0,0],"STP":[1017.04004,1017.14],"TEMP":[6.1800003,5.9100003],"VISIB":[15.469999,15.62],"WDSP":[24.109999,23.259998],"WNDDIR":[124,126.9],"time":[1549364855,1549364915]}