{"CLDC":[50.319996],"DEWP":[-2.22],"FRSHTT":[100000],"PRCP":[0.26],"SLP":[1020.7001],"SNDP":[0],"STP":[1019.4],"TEMP":[2.8200002],"VISIB":[13.609999],"WDSP":[14.339999],"WNDDIR":[347.9],"time":[1549364855]}