{"CLDC":[94.52,94.59],"DEWP":[-4.6000004,-4.48],"FRSHTT":[100000,100000],"PRCP":[0.059999995,0.059999995],"SLP":[1020.50995,1020.5],"SNDP":[0,0],"STP":[1011.1,1011.1],"TEMP":[1.8,1.8399999],"VISIB":[13.589999,13.75],"WDSP":[14.610001,15.75],"WNDDIR":[191.8,190.1],"time":[1549364855,1549364915]}