{"CLDC":[37.419994,37.739998],"DEWP":[2.94,2.8200002],"FRSHTT":[0,0],"PRCP":[0,0],"SLP":[960.30994,960.38995],"SNDP":[0,0],"STP":[989.45996,990.77997],"TEMP":[5.62,5.62],"VISIB":[13.770001,13.67],"WDSP":[16.060001,16.59],"WNDDIR":[12.9,12.5],"time":[1549364855,1549364915]}