{"CLDC":[50.200005],"DEWP":[2.69],"FRSHTT":[100000],"PRCP":[0.19000001],"SLP":[1019.7001],"SNDP":[0],"STP":[1023.45],"TEMP":[5.8],"VISIB":[11.639999],"WDSP":[17.050001],"WNDDIR":[27.7],"time":[1549364855]}