{"CLDC":[52.57,52.72],"DEWP":[9.200001,9.1],"FRSHTT":[0,0],"PRCP":[0,0],"SLP":[1006.65,1006.7001],"SNDP":[0,0],"STP":[986.30994,986.38],"TEMP":[11.900002,11.600001],"VISIB":[15.920001,15.909999],"WDSP":[21.329998,21.73],"WNDDIR":[151.9,151.2],"time":[1549364855,1549364915]}