{"CLDC":[96.43001,96.740005],"DEWP":[-4.12,-3.8800004],"FRSHTT":[100000,100000],"PRCP":[0.13,0.13],"SLP":[1020.0801,1020.1],"SNDP":[0,0],"STP":[1009.5,1009.6],"TEMP":[1.1399999,1.22],"VISIB":[15.590001,15.19],"WDSP":[14.609999,14.85],"WNDDIR":[78.4,79.8],"time":[1549364855,1549364915]}