{"CLDC":[64.54],"DEWP":[12.31],"FRSHTT":[0],"PRCP":[0],"SLP":[993.85],"SNDP":[0],"STP":[1005.6],"TEMP":[14.450002],"VISIB":[13.300001],"WDSP":[22.189999],"WNDDIR":[68.9],"time":[1549364855]}