{"CLDC":[85.43001],"DEWP":[-3.0500002],"FRSHTT":[100000],"PRCP":[0.22],"SLP":[1019.74005],"SNDP":[0],"STP":[1019.7001],"TEMP":[2.1200001],"VISIB":[12.35],"WDSP":[14.960001],"WNDDIR":[106.9],"time":[1549364855]}