{"CLDC":[40.63,40.45],"DEWP":[-14.700002,-14.4],"FRSHTT":[0,0],"PRCP":[0,0],"SLP":[996.68005,996.85],"SNDP":[0,0],"STP":[1023.13,1023.45],"TEMP":[2.6,2.4999998],"VISIB":[15.640001,15.63],"WDSP":[16.01,16.779999],"WNDDIR":[82.9,85.4],"time":[1549364855,1549364915]}