{"CLDC":[72.31,72.54],"DEWP":[-2.3899996,-2.5400002],"FRSHTT":[1000000,1000000],"PRCP":[0,0],"SLP":[1008.57,1002.86],"SNDP":[0,0],"STP":[1000.75,1000.5399],"TEMP":[-0.95,-0.94000006],"VISIB":[14.07,14],"WDSP":[9.440001,9.96],"WNDDIR":[238.1,236.5],"time":[1549364855,1549364915]}