{"CLDC":[85.43001,85.53],"DEWP":[-3.0500002,-2.94],"FRSHTT":[100000,100000],"PRCP":[0.22,0.22],"SLP":[1019.74005,1019.7001],"SNDP":[0,0],"STP":[1019.7001,1019.7001],"TEMP":[2.1200001,2.06],"VISIB":[12.35,12.5],"WDSP":[14.960001,16.31],"WNDDIR":[106.9,111],"time":[1549364855,1549364915]}