{"CLDC":[50.239998],"DEWP":[-3.97],"FRSHTT":[100000],"PRCP":[0.25],"SLP":[1021.5],"SNDP":[0],"STP":[1011.94006],"TEMP":[2.05],"VISIB":[8.91],"WDSP":[7.72],"WNDDIR":[76.4],"time":[1549364855]}