{"CLDC":[53.3,53.419994],"DEWP":[7.05,6.95],"FRSHTT":[0,0],"PRCP":[0,0],"SLP":[1007.6501,1015.56006],"SNDP":[0,0],"STP":[1007.92004,1008.41],"TEMP":[9.349999,9.499999],"VISIB":[12.94,13.129999],"WDSP":[24.04,24.61],"WNDDIR":[355.2,357.7],"time":[1549364855,1549364915]}