{"CLDC":[60.75],"DEWP":[-3.45],"FRSHTT":[100000],"PRCP":[0.34999996],"SLP":[1021.2999],"SNDP":[0],"STP":[1017.2999],"TEMP":[1.8399999],"VISIB":[11.279999],"WDSP":[11.26],"WNDDIR":[35.1],"time":[1549364855]}