{"CLDC":[64.54,64.08],"DEWP":[12.31,12.25],"FRSHTT":[0,0],"PRCP":[0,0],"SLP":[993.85,995.4999],"SNDP":[0,0],"STP":[1005.6,1005.49005],"TEMP":[14.450002,14.31],"VISIB":[13.300001,13.179998],"WDSP":[22.189999,21.46],"WNDDIR":[68.9,65.5],"time":[1549364855,1549364915]}