{"CLDC":[50.100002,50.110004],"DEWP":[0.099999994,-0.10000001],"FRSHTT":[100000,100000],"PRCP":[0.28,0.28],"SLP":[1020.2001,1020.1],"SNDP":[0,0],"STP":[1019.1,1019.1],"TEMP":[4.88,4.84],"VISIB":[9.109999,9.169999],"WDSP":[12.209999,12.87],"WNDDIR":[96.8,100.9],"time":[1549364855,1549364915]}