{"CLDC":[89.78],"DEWP":[-2.1399999],"FRSHTT":[100000],"PRCP":[0.19000001],"SLP":[1021.1],"SNDP":[0],"STP":[1019.7001],"TEMP":[3.2600002],"VISIB":[9.57],"WDSP":[10.679999],"WNDDIR":[203],"time":[1549364855]}