{"CLDC":[98.799995],"DEWP":[-0.85],"FRSHTT":[100000],"PRCP":[0.28],"SLP":[1019],"SNDP":[0],"STP":[1019.4199],"TEMP":[4.12],"VISIB":[14.340001],"WDSP":[17.93],"WNDDIR":[117],"time":[1549364855]}