{"CLDC":[96.43001],"DEWP":[-4.12],"FRSHTT":[100000],"PRCP":[0.13],"SLP":[1020.0801],"SNDP":[0],"STP":[1009.5],"TEMP":[1.1399999],"VISIB":[15.590001],"WDSP":[14.609999],"WNDDIR":[78.4],"time":[1549364855]}