{"CLDC":[51.160004,50.980003],"DEWP":[-7.6399994,-7.6400003],"FRSHTT":[0,0],"PRCP":[0,0],"SLP":[1021.5301,1021.6],"SNDP":[0,0],"STP":[1021.97003,1021.70996],"TEMP":[1.25,1.31],"VISIB":[14.750002,14.629999],"WDSP":[9.48,9.669999],"WNDDIR":[170.1,174.7],"time":[1549364855,1549364915]}