{"CLDC":[50.319996,50.409996],"DEWP":[-2.22,-2.66],"FRSHTT":[100000,100000],"PRCP":[0.26,0.26],"SLP":[1020.7001,1020.7001],"SNDP":[0,0],"STP":[1019.4,1019.4],"TEMP":[2.8200002,2.7800002],"VISIB":[13.609999,13.45],"WDSP":[14.339999,14.910001],"WNDDIR":[347.9,347.4],"time":[1549364855,1549364915]}