{"CLDC":[62.019997],"DEWP":[-6.999999],"FRSHTT":[0],"PRCP":[0],"SLP":[1020.7001],"SNDP":[0],"STP":[1017.70996],"TEMP":[0.94000006],"VISIB":[14.24],"WDSP":[11.309999],"WNDDIR":[141.2],"time":[1549364855]}