{"CLDC":[51.160004],"DEWP":[-7.6399994],"FRSHTT":[0],"PRCP":[0],"SLP":[1021.5301],"SNDP":[0],"STP":[1021.97003],"TEMP":[1.25],"VISIB":[14.750002],"WDSP":[9.48],"WNDDIR":[170.1],"time":[1549364855]}