{"CLDC":[37.419994],"DEWP":[2.94],"FRSHTT":[0],"PRCP":[0],"SLP":[960.30994],"SNDP":[0],"STP":[989.45996],"TEMP":[5.62],"VISIB":[13.770001],"WDSP":[16.060001],"WNDDIR":[12.9],"time":[1549364855]}