{"CLDC":[52.57],"DEWP":[9.200001],"FRSHTT":[0],"PRCP":[0],"SLP":[1006.65],"SNDP":[0],"STP":[986.30994],"TEMP":[11.900002],"VISIB":[15.920001],"WDSP":[21.329998],"WNDDIR":[151.9],"time":[1549364855]}