{"CLDC":[50],"DEWP":[-0.5],"FRSHTT":[100000],"PRCP":[0.33999997],"SLP":[1017.6],"SNDP":[0],"STP":[1016.7001],"TEMP":[5.06],"VISIB":[14.039999],"WDSP":[15.250002],"WNDDIR":[265.9],"time":[1549364855]}