{"CLDC":[77.63,77.81],"DEWP":[-2.4699998,-2.36],"FRSHTT":[0,0],"PRCP":[0,0],"SLP":[1020.6,1020.7001],"SNDP":[0,0],"STP":[1008.18005,1008.55],"TEMP":[4.4900007,4.5200005],"VISIB":[21.07,19.4],"WDSP":[11.51,11.25],"WNDDIR":[10,8.6],"time":[1549364855,1549364915]}