{"CLDC":[98.799995,98.579994],"DEWP":[-0.85,-0.98999995],"FRSHTT":[100000,100000],"PRCP":[0.28,0.28],"SLP":[1019,1019.02997],"SNDP":[0,0],"STP":[1019.4199,1019.41003],"TEMP":[4.12,4.1200004],"VISIB":[14.340001,13.69],"WDSP":[17.93,18.369999],"WNDDIR":[117,119.6],"time":[1549364855,1549364915]}