{"CLDC":[50.100002],"DEWP":[0.099999994],"FRSHTT":[100000],"PRCP":[0.28],"SLP":[1020.2001],"SNDP":[0],"STP":[1019.1],"TEMP":[4.88],"VISIB":[9.109999],"WDSP":[12.209999],"WNDDIR":[96.8],"time":[1549364855]}