{"CLDC":[94.52],"DEWP":[-4.6000004],"FRSHTT":[100000],"PRCP":[0.059999995],"SLP":[1020.50995],"SNDP":[0],"STP":[1011.1],"TEMP":[1.8],"VISIB":[13.589999],"WDSP":[14.610001],"WNDDIR":[191.8],"time":[1549364855]}