{"CLDC":[62.069996,62.1],"DEWP":[-12.820002,-12.480001],"FRSHTT":[0,0],"PRCP":[0,0],"SLP":[997.9,997.54004],"SNDP":[0,0],"STP":[1007.2501,1007.23],"TEMP":[5.5,5.5800004],"VISIB":[15.99,15.38],"WDSP":[18.280003,17.939999],"WNDDIR":[232.1,231.9],"time":[1549364855,1549364915]}