{"CLDC":[71.18001],"DEWP":[-2.55],"FRSHTT":[100000],"PRCP":[0.16999999],"SLP":[1021.13007],"SNDP":[0],"STP":[1019.09],"TEMP":[2.12],"VISIB":[15.520001],"WDSP":[14.35],"WNDDIR":[126.9],"time":[1549364855]}