{"CLDC":[66.799995,66.44],"DEWP":[-5.16,-5.2],"FRSHTT":[0,0],"PRCP":[0,0],"SLP":[1019.63,1019.67004],"SNDP":[0,0],"STP":[1020.9801,1020.31995],"TEMP":[1.4200001,1.4599999],"VISIB":[14.360001,14.280002],"WDSP":[12.75,12.639998],"WNDDIR":[201.4,199.1],"time":[1549364855,1549364915]}