{"CLDC":[92.759995],"DEWP":[-1.5000001],"FRSHTT":[100000],"PRCP":[0.27],"SLP":[1021.2999],"SNDP":[0],"STP":[1011.2999],"TEMP":[3.0800002],"VISIB":[12.68],"WDSP":[13.460001],"WNDDIR":[132.4],"time":[1549364855]}