{"CLDC":[79.409996,80.19],"DEWP":[-4.75,-4.75],"FRSHTT":[0,0],"PRCP":[0,0],"SLP":[1029.2999,1029.25],"SNDP":[0,0],"STP":[1011.5199,1009.41],"TEMP":[2.5099998,2.4199998],"VISIB":[12.2699995,12.089999],"WDSP":[6.04,6.0699997],"WNDDIR":[42.8,46.5],"time":[1549364855,1549364915]}