{"CLDC":[97.27,97.340004],"DEWP":[-3.1599998,-3.81],"FRSHTT":[100000,100000],"PRCP":[0.09000001,0.09000001],"SLP":[1020.2001,1020.13],"SNDP":[0,0],"STP":[1014.95996,1015],"TEMP":[1.28,1.22],"VISIB":[15.030002,15.3],"WDSP":[9.870001,9.980001],"WNDDIR":[145.6,142.7],"time":[1549364855,1549364915]}