{"CLDC":[71.18001,71.18],"DEWP":[-2.55,-2.44],"FRSHTT":[100000,100000],"PRCP":[0.16999999,0.16999999],"SLP":[1021.13007,1021.05],"SNDP":[0,0],"STP":[1019.09,1019.37],"TEMP":[2.12,2.1799998],"VISIB":[15.520001,14.960001],"WDSP":[14.35,14.31],"WNDDIR":[126.9,128.7],"time":[1549364855,1549364915]}