{"CLDC":[57.700005],"DEWP":[-5.0600004],"FRSHTT":[100000],"PRCP":[0.14999999],"SLP":[1019.57],"SNDP":[0],"STP":[1030.66],"TEMP":[1.0199999],"VISIB":[14.38],"WDSP":[15.469999],"WNDDIR":[344.2],"time":[1549364855]}