{"CLDC":[89.64],"DEWP":[-1.7999998],"FRSHTT":[100000],"PRCP":[0.47999996],"SLP":[1020.5],"SNDP":[0],"STP":[1026.2001],"TEMP":[2.8200002],"VISIB":[13.720001],"WDSP":[20.51],"WNDDIR":[259],"time":[1549364855]}