{"CLDC":[97.27],"DEWP":[-3.1599998],"FRSHTT":[100000],"PRCP":[0.09000001],"SLP":[1020.2001],"SNDP":[0],"STP":[1014.95996],"TEMP":[1.28],"VISIB":[15.030002],"WDSP":[9.870001],"WNDDIR":[145.6],"time":[1549364855]}