{"CLDC":[56.920002,56.690002],"DEWP":[-3.44,-3.8799999],"FRSHTT":[100000,100000],"PRCP":[0.13,0.13],"SLP":[1020.07996,1020.00995],"SNDP":[0,0],"STP":[1019.7499,1019.80994],"TEMP":[1.1899999,1.2500001],"VISIB":[13.590001,14.38],"WDSP":[13.5199995,13.01],"WNDDIR":[316.1,309.7],"time":[1549364855,1549364915]}