{"CLDC":[67.39,67.29],"DEWP":[-9.620001,-9.84],"FRSHTT":[0,0],"PRCP":[0,0],"SLP":[978.2101,977.15],"SNDP":[0,0],"STP":[982.67004,982.89],"TEMP":[2.99,3.0200002],"VISIB":[23.18,22.85],"WDSP":[24.16,23.640001],"WNDDIR":[199.5,197.7],"time":[1549364855,1549364915]}