{"CLDC":[93,93.06],"DEWP":[-0.06999999,-0.15999997],"FRSHTT":[100000,100000],"PRCP":[0.11999999,0.11999999],"SLP":[1014.1,1014.1],"SNDP":[0,0],"STP":[1015.4,1015.4],"TEMP":[3.65,3.7],"VISIB":[14.059999,14.719998],"WDSP":[12.29,12.77],"WNDDIR":[224.3,225.2],"time":[1549364855,1549364915]}