{"CLDC":[50.050003],"DEWP":[-1.9999998],"FRSHTT":[100000],"PRCP":[0.20000002],"SLP":[1020.7999],"SNDP":[0],"STP":[1019.6],"TEMP":[2.5],"VISIB":[12.809999],"WDSP":[19.15],"WNDDIR":[309.1],"time":[1549364855]}