{"CLDC":[92.24,92.350006],"DEWP":[-1.03,-0.85],"FRSHTT":[100000,100000],"PRCP":[0.13,0.13],"SLP":[1016.16,1016.2999],"SNDP":[0,0],"STP":[1014.13,1014.12],"TEMP":[3.6799998,3.6599998],"VISIB":[17.33,16.33],"WDSP":[13.809999,13.33],"WNDDIR":[98.5,101],"time":[1549364855,1549364915]}