{"CLDC":[50.28,50.15],"DEWP":[-4.5199995,-4.0399995],"FRSHTT":[100000,100000],"PRCP":[0.20000002,0.20000002],"SLP":[1018.4,1018.4],"SNDP":[0,0],"STP":[1028.54,1028.5499],"TEMP":[1.7,1.6800001],"VISIB":[15.320002,15.25],"WDSP":[13.089999,12.23],"WNDDIR":[228.7,227.6],"time":[1549364855,1549364915]}