{"CLDC":[50.090004,50.100006],"DEWP":[-0.96000004,-1.18],"FRSHTT":[100000,100000],"PRCP":[0.20000002,0.20000002],"SLP":[1020.7999,1020.7999],"SNDP":[0,0],"STP":[1020.44006,1020.2001],"TEMP":[3.5399997,3.45],"VISIB":[18.560001,18.77],"WDSP":[11.999999,12.059999],"WNDDIR":[81.3,80.9],"time":[1549364855,1549364915]}