{"CLDC":[83.56],"DEWP":[-2.1000001],"FRSHTT":[100000],"PRCP":[0.10000001],"SLP":[1019.6],"SNDP":[0],"STP":[1016.11],"TEMP":[3.0800004],"VISIB":[20.94],"WDSP":[13.49],"WNDDIR":[210.4],"time":[1549364855]}