{"CLDC":[50.100002,50.010002],"DEWP":[-2.9999998,-2.6999998],"FRSHTT":[100000,100000],"PRCP":[0.07,0.07],"SLP":[1007.88,1007.6],"SNDP":[0,0],"STP":[1009.00995,1009.38],"TEMP":[1.3399999,1.3],"VISIB":[17.899998,18.320002],"WDSP":[11.95,11.179999],"WNDDIR":[24.2,27.8],"time":[1549364855,1549364915]}