{"CLDC":[50.18],"DEWP":[0.26000002],"FRSHTT":[100000],"PRCP":[0.6999999],"SLP":[954.25],"SNDP":[0],"STP":[972.7999],"TEMP":[1.78],"VISIB":[14.12],"WDSP":[14.83],"WNDDIR":[254.5],"time":[1549364855]}