{"CLDC":[89.64,89.50001],"DEWP":[-1.7999998,-1.8],"FRSHTT":[100000,100000],"PRCP":[0.47999996,0.47999996],"SLP":[1020.5,1020.5],"SNDP":[0,0],"STP":[1026.2001,1026.16],"TEMP":[2.8200002,2.5799997],"VISIB":[13.720001,13.790001],"WDSP":[20.51,20.890001],"WNDDIR":[259,259],"time":[1549364855,1549364915]}