{"CLDC":[50.269997,50.409996],"DEWP":[-2.36,-1.9199998],"FRSHTT":[100000,100000],"PRCP":[0.30999997,0.30999997],"SLP":[1019.7999,1019.7999],"SNDP":[0,0],"STP":[1017.7999,1017.7999],"TEMP":[1.9000002,2.02],"VISIB":[15.35,16.04],"WDSP":[16.570002,16.47],"WNDDIR":[319.9,320.4],"time":[1549364855,1549364915]}