{"CLDC":[61.72,61.889996],"DEWP":[-1.55,-1.7],"FRSHTT":[100000,100000],"PRCP":[0.21000001,0.21000001],"SLP":[1021.2001,1021.2001],"SNDP":[0,0],"STP":[1017.6,1017.6],"TEMP":[3.02,3.05],"VISIB":[11.609999,11.370001],"WDSP":[15.0199995,14.780001],"WNDDIR":[78.9,81.2],"time":[1549364855,1549364915]}