{"CLDC":[59.360004],"DEWP":[-1.3],"FRSHTT":[100000],"PRCP":[0.18000002],"SLP":[1014.2999],"SNDP":[0],"STP":[1013.72003],"TEMP":[3.6600003],"VISIB":[14.43],"WDSP":[15.890001],"WNDDIR":[115],"time":[1549364855]}