{"CLDC":[50.07,50.409996],"DEWP":[-3.36,-3.25],"FRSHTT":[100000,100000],"PRCP":[0.29999998,0.29999998],"SLP":[1021.39,1021.2999],"SNDP":[0,0],"STP":[1010.7999,1010.7999],"TEMP":[1.8399999,1.8199999],"VISIB":[14.32,13.970001],"WDSP":[13.7300005,12.290001],"WNDDIR":[15.6,14.4],"time":[1549364855,1549364915]}