{"CLDC":[56.920002],"DEWP":[-3.44],"FRSHTT":[100000],"PRCP":[0.13],"SLP":[1020.07996],"SNDP":[0],"STP":[1019.7499],"TEMP":[1.1899999],"VISIB":[13.590001],"WDSP":[13.5199995],"WNDDIR":[316.1],"time":[1549364855]}