{"CLDC":[40.720005,40.74],"DEWP":[1.02,0.9],"FRSHTT":[0,0],"PRCP":[0,0],"SLP":[1017.82,1017.57996],"SNDP":[0,0],"STP":[1017.34,1017.2101],"TEMP":[5.3200006,5.56],"VISIB":[14.45,14.51],"WDSP":[18.15,19.21],"WNDDIR":[100.1,97.5],"time":[1549364855,1549364915]}