{"CLDC":[87.34,86.96999],"DEWP":[-2.2000003,-2.43],"FRSHTT":[0,0],"PRCP":[0,0],"SLP":[1011.5701,1011.9601],"SNDP":[0,0],"STP":[1002.2001,1002.2001],"TEMP":[3.7599998,3.5800004],"VISIB":[9.589999,10.180001],"WDSP":[16.6,16.539999],"WNDDIR":[193.1,191.2],"time":[1549364855,1549364915]}