{"CLDC":[86],"DEWP":[-0.55],"FRSHTT":[100000],"PRCP":[0.009999999],"SLP":[1007.61],"SNDP":[0],"STP":[1005.6],"TEMP":[3.4000003],"VISIB":[11.14],"WDSP":[23.85],"WNDDIR":[51.1],"time":[1549364855]}