{"CLDC":[50.269997],"DEWP":[-2.36],"FRSHTT":[100000],"PRCP":[0.30999997],"SLP":[1019.7999],"SNDP":[0],"STP":[1017.7999],"TEMP":[1.9000002],"VISIB":[15.35],"WDSP":[16.570002],"WNDDIR":[319.9],"time":[1549364855]}