{"CLDC":[52.920002,53.2],"DEWP":[14.549998,14.499998],"FRSHTT":[0,0],"PRCP":[0,0],"SLP":[997.0301,998.97003],"SNDP":[0,0],"STP":[1011.56995,1011.25],"TEMP":[15.219999,15.1],"VISIB":[13.269999,13.770001],"WDSP":[26.560001,26.329998],"WNDDIR":[18,18.7],"time":[1549364855,1549364915]}