{"CLDC":[94.86],"DEWP":[-3.58],"FRSHTT":[100000],"PRCP":[0.019999998],"SLP":[1018.4],"SNDP":[0],"STP":[1023.91],"TEMP":[2.9500003],"VISIB":[13.840001],"WDSP":[15.17],"WNDDIR":[87],"time":[1549364855]}