{"CLDC":[40.720005],"DEWP":[1.02],"FRSHTT":[0],"PRCP":[0],"SLP":[1017.82],"SNDP":[0],"STP":[1017.34],"TEMP":[5.3200006],"VISIB":[14.45],"WDSP":[18.15],"WNDDIR":[100.1],"time":[1549364855]}