{"CLDC":[66.799995],"DEWP":[-5.16],"FRSHTT":[0],"PRCP":[0],"SLP":[1019.63],"SNDP":[0],"STP":[1020.9801],"TEMP":[1.4200001],"VISIB":[14.360001],"WDSP":[12.75],"WNDDIR":[201.4],"time":[1549364855]}