{"CLDC":[61.72],"DEWP":[-1.55],"FRSHTT":[100000],"PRCP":[0.21000001],"SLP":[1021.2001],"SNDP":[0],"STP":[1017.6],"TEMP":[3.02],"VISIB":[11.609999],"WDSP":[15.0199995],"WNDDIR":[78.9],"time":[1549364855]}