{"CLDC":[83.149994],"DEWP":[-4.819999],"FRSHTT":[0],"PRCP":[0],"SLP":[987.8799],"SNDP":[0],"STP":[992],"TEMP":[3.48],"VISIB":[17.27],"WDSP":[17.929998],"WNDDIR":[256.6],"time":[1549364856]}