{"CLDC":[50.239994,50.050003],"DEWP":[-4.84,-4.48],"FRSHTT":[110000,110000],"PRCP":[0.11,0.11],"SLP":[1021.9,1021.9],"SNDP":[0.10000001,0.10000001],"STP":[999.1,999.1],"TEMP":[1.0199999,0.9599999],"VISIB":[15.94,15.35],"WDSP":[17.51,17.070002],"WNDDIR":[188.9,189.6],"time":[1549364856,1549364915]}