{"CLDC":[50.190006],"DEWP":[1.72],"FRSHTT":[100000],"PRCP":[0.22999999],"SLP":[1019.7001],"SNDP":[0],"STP":[1018],"TEMP":[5.29],"VISIB":[11.199999],"WDSP":[17.53],"WNDDIR":[92.2],"time":[1549364856]}