{"CLDC":[50.339993],"DEWP":[-4.47],"FRSHTT":[100000],"PRCP":[0.050000004],"SLP":[1020],"SNDP":[0],"STP":[1004.7001],"TEMP":[2.15],"VISIB":[17.54],"WDSP":[16.490002],"WNDDIR":[264.9],"time":[1549364856]}