{"CLDC":[50],"DEWP":[-4.2000003],"FRSHTT":[100000],"PRCP":[0.19000001],"SLP":[1014.2001],"SNDP":[0],"STP":[1014.83997],"TEMP":[1.76],"VISIB":[14.42],"WDSP":[16.43],"WNDDIR":[205.9],"time":[1549364856]}