{"CLDC":[68.57],"DEWP":[-3.9],"FRSHTT":[0],"PRCP":[0],"SLP":[1017.27997],"SNDP":[0],"STP":[993.2999],"TEMP":[2.8200002],"VISIB":[31.98],"WDSP":[18.78],"WNDDIR":[163.2],"time":[1549364856]}