{"CLDC":[50.140003],"DEWP":[-3.7699997],"FRSHTT":[100000],"PRCP":[0.09000001],"SLP":[1019.4],"SNDP":[0],"STP":[1006.2999],"TEMP":[2.1499999],"VISIB":[23.32],"WDSP":[14.65],"WNDDIR":[275.2],"time":[1549364856]}