{"CLDC":[50.06],"DEWP":[1.36],"FRSHTT":[100000],"PRCP":[0.009999999],"SLP":[1012.24005],"SNDP":[0],"STP":[1011.00995],"TEMP":[6.1200004],"VISIB":[26.580002],"WDSP":[19.03],"WNDDIR":[214],"time":[1549364856]}