{"CLDC":[90.31,90.40001],"DEWP":[-3.7399998,-3.6599998],"FRSHTT":[100000,100000],"PRCP":[0.16999999,0.16999999],"SLP":[1019.2001,1019.2001],"SNDP":[0,0],"STP":[1015.29004,1015.50995],"TEMP":[3.5,3.7],"VISIB":[14.039999,13.960001],"WDSP":[10.320001,11.420001],"WNDDIR":[210.4,209.8],"time":[1549364856,1549364915]}