{"CLDC":[74.53,74.38],"DEWP":[11.299999,11.2],"FRSHTT":[0,0],"PRCP":[0,0],"SLP":[1006.1,1007.3],"SNDP":[0,0],"STP":[1000.93,998.4],"TEMP":[14.320002,14.110001],"VISIB":[14.55,13.890001],"WDSP":[20.58,20.15],"WNDDIR":[228.8,229.6],"time":[1549364856,1549364915]}