{"CLDC":[28.660004],"DEWP":[-2.4199998],"FRSHTT":[0],"PRCP":[0],"SLP":[997.64],"SNDP":[0],"STP":[1008.39],"TEMP":[2.1],"VISIB":[43.120003],"WDSP":[13.160001],"WNDDIR":[155.4],"time":[1549364856]}