{"CLDC":[78.41,78.259995],"DEWP":[0.8999999,0.6],"FRSHTT":[100000,100000],"PRCP":[0.019999998,0.019999998],"SLP":[1018,1018],"SNDP":[0,0],"STP":[1017.02997,1017.1],"TEMP":[4.9,4.9],"VISIB":[13.759999,13.970001],"WDSP":[17.369999,15.860001],"WNDDIR":[68,68.6],"time":[1549364856,1549364915]}