{"CLDC":[74.15,74.009995],"DEWP":[-0.65,-0.43],"FRSHTT":[100000,100000],"PRCP":[0.07,0.07],"SLP":[1019.9,1019.7999],"SNDP":[0,0],"STP":[1015.8499,1015.9],"TEMP":[3.75,3.75],"VISIB":[13.75,13.290001],"WDSP":[17.630001,17.38],"WNDDIR":[118.9,118.9],"time":[1549364856,1549364915]}