{"CLDC":[28.660004,28.419998],"DEWP":[-2.4199998,-2.18],"FRSHTT":[0,0],"PRCP":[0,0],"SLP":[997.64,997.72003],"SNDP":[0,0],"STP":[1008.39,1008.38],"TEMP":[2.1,2.1000001],"VISIB":[43.120003,43.04],"WDSP":[13.160001,11.48],"WNDDIR":[155.4,153.2],"time":[1549364856,1549364915]}