{"CLDC":[90.33001,90.02],"DEWP":[-1.14,-0.86],"FRSHTT":[100000,100000],"PRCP":[0.67999995,0.67999995],"SLP":[986.4501,987.19006],"SNDP":[0,0],"STP":[998.97003,998.67004],"TEMP":[3.2400002,3.2],"VISIB":[13.609999,14.490001],"WDSP":[21.41,22.34],"WNDDIR":[42.5,39.9],"time":[1549364856,1549364915]}