{"CLDC":[44.45],"DEWP":[-4.1500006],"FRSHTT":[0],"PRCP":[0],"SLP":[1016.2999],"SNDP":[0],"STP":[998],"TEMP":[4.9399996],"VISIB":[20.22],"WDSP":[16.99],"WNDDIR":[1.1],"time":[1549364856]}