{"CLDC":[96.490005],"DEWP":[-4.84],"FRSHTT":[100000],"PRCP":[0.11999999],"SLP":[1018.8499],"SNDP":[0],"STP":[993.75],"TEMP":[2.2000003],"VISIB":[17.3],"WDSP":[16.07],"WNDDIR":[182.5],"time":[1549364856]}