{"CLDC":[67.06999],"DEWP":[-3.1],"FRSHTT":[100000],"PRCP":[0.14],"SLP":[1013.2101],"SNDP":[0],"STP":[1015.50995],"TEMP":[4.8999996],"VISIB":[16.960001],"WDSP":[10.95],"WNDDIR":[156.5],"time":[1549364856]}