{"CLDC":[50.070004,50.439995],"DEWP":[-2.4999998,-2.0099998],"FRSHTT":[100000,100000],"PRCP":[0.059999995,0.059999995],"SLP":[1018.5,1018.5],"SNDP":[0,0],"STP":[1006.4,1006.45],"TEMP":[3.6800003,3.85],"VISIB":[26.399998,26.12],"WDSP":[12.139999,11.809999],"WNDDIR":[39.8,40.9],"time":[1549364856,1549364915]}