{"CLDC":[80.36,80.36],"DEWP":[2.9999995,2.8999996],"FRSHTT":[100000,100000],"PRCP":[0.13,0.13],"SLP":[1020.2001,1020.2999],"SNDP":[0,0],"STP":[1018.7899,1018.7301],"TEMP":[5.96,6.04],"VISIB":[12.330001,13.030001],"WDSP":[18.859999,18.25],"WNDDIR":[182.1,181.9],"time":[1549364856,1549364915]}