{"CLDC":[50.220005,50.02],"DEWP":[-3.72,-3.4],"FRSHTT":[100000,100000],"PRCP":[0.059999995,0.059999995],"SLP":[1018.2001,1018.2999],"SNDP":[0,0],"STP":[1013.57,1013.55],"TEMP":[2.0499997,2.2199998],"VISIB":[13.8,13.320002],"WDSP":[12.710001,12.23],"WNDDIR":[293.4,289],"time":[1549364856,1549364915]}