{"CLDC":[50.03],"DEWP":[-6.1400003],"FRSHTT":[100000],"PRCP":[0.16999999],"SLP":[1020.1],"SNDP":[0],"STP":[1019.84],"TEMP":[0.43999997],"VISIB":[14.68],"WDSP":[15.089999],"WNDDIR":[306.3],"time":[1549364856]}