{"CLDC":[50.13],"DEWP":[-4.8500004],"FRSHTT":[100000],"PRCP":[0.019999998],"SLP":[1009.4],"SNDP":[0],"STP":[1007.6],"TEMP":[1.5600001],"VISIB":[14.99],"WDSP":[18.77],"WNDDIR":[333.5],"time":[1549364856]}