{"CLDC":[90.31],"DEWP":[-3.7399998],"FRSHTT":[100000],"PRCP":[0.16999999],"SLP":[1019.2001],"SNDP":[0],"STP":[1015.29004],"TEMP":[3.5],"VISIB":[14.039999],"WDSP":[10.320001],"WNDDIR":[210.4],"time":[1549364856]}