{"CLDC":[84.88001,85.29],"DEWP":[-5.2599998,-5.26],"FRSHTT":[100000,100000],"PRCP":[0.07,0.07],"SLP":[1016.5,1016.5],"SNDP":[0,0],"STP":[1019.98,1020.1901],"TEMP":[1.12,1.12],"VISIB":[12.88,13.039999],"WDSP":[15.31,14.359999],"WNDDIR":[208.6,208.4],"time":[1549364856,1549364915]}