{"CLDC":[69.71001,69.66],"DEWP":[2.7000003,2.8000004],"FRSHTT":[100000,100000],"PRCP":[0.14,0.14],"SLP":[1020.2001,1020.2899],"SNDP":[0,0],"STP":[1019.9801,1020.0199],"TEMP":[6.899999,6.9799995],"VISIB":[10.450001,10.880001],"WDSP":[15.679998,14.33],"WNDDIR":[93.8,90.3],"time":[1549364856,1549364915]}