{"CLDC":[50.06,50.02],"DEWP":[1.36,1.1999999],"FRSHTT":[100000,100000],"PRCP":[0.009999999,0.009999999],"SLP":[1012.24005,1012.2101],"SNDP":[0,0],"STP":[1011.00995,1011.05994],"TEMP":[6.1200004,5.9800005],"VISIB":[26.580002,27.939999],"WDSP":[19.03,19.6],"WNDDIR":[214,215.3],"time":[1549364856,1549364915]}