{"CLDC":[50.090004],"DEWP":[-5.74],"FRSHTT":[100000],"PRCP":[0.07],"SLP":[1017.80994],"SNDP":[0],"STP":[1019.7899],"TEMP":[0.91999996],"VISIB":[14.6],"WDSP":[16.57],"WNDDIR":[41.7],"time":[1549364856]}