{"CLDC":[84.920006],"DEWP":[-5.4200006],"FRSHTT":[100000],"PRCP":[0.029999997],"SLP":[1020.1],"SNDP":[0],"STP":[1005.41003],"TEMP":[1.1600001],"VISIB":[21.640001],"WDSP":[15.789999],"WNDDIR":[258.8],"time":[1549364856]}