{"CLDC":[50.279995,50.46],"DEWP":[-2.6600003,-2.66],"FRSHTT":[100000,100000],"PRCP":[0.26,0.26],"SLP":[993.2999,993.2899],"SNDP":[0,0],"STP":[997.07,996.84],"TEMP":[2.3500001,2.5500002],"VISIB":[13.32,13.5199995],"WDSP":[13.179998,12.35],"WNDDIR":[143.8,147],"time":[1549364856,1549364915]}