{"CLDC":[50.05],"DEWP":[-0.9],"FRSHTT":[100000],"PRCP":[0.059999995],"SLP":[1018.7999],"SNDP":[0],"STP":[1004.7999],"TEMP":[5.2200003],"VISIB":[25.660004],"WDSP":[13.709999],"WNDDIR":[276],"time":[1549364856]}