{"CLDC":[52.700005,52.6],"DEWP":[-4.8500004,-4.7200003],"FRSHTT":[0,0],"PRCP":[0,0],"SLP":[1007.77997,1007.34],"SNDP":[0,0],"STP":[1007.86,1007.7201],"TEMP":[1.15,1.12],"VISIB":[15.440001,15.45],"WDSP":[15.01,14.990001],"WNDDIR":[328.9,322.8],"time":[1549364856,1549364915]}