{"CLDC":[50.090004],"DEWP":[-2.1799998],"FRSHTT":[100000],"PRCP":[0.059999995],"SLP":[1019.1],"SNDP":[0],"STP":[991.81995],"TEMP":[3.9300003],"VISIB":[16.630001],"WDSP":[14.870001],"WNDDIR":[119.1],"time":[1549364856]}