{"CLDC":[50.120003,50.190006],"DEWP":[0.5,0.75],"FRSHTT":[100000,100000],"PRCP":[0.22999999,0.22999999],"SLP":[1020.32996,1020.4],"SNDP":[0,0],"STP":[1016,1016.09],"TEMP":[4.92,4.8500004],"VISIB":[8.920001,8.65],"WDSP":[14.85,16.43],"WNDDIR":[305.5,306.7],"time":[1549364856,1549364915]}