{"CLDC":[50.279995],"DEWP":[-2.6600003],"FRSHTT":[100000],"PRCP":[0.26],"SLP":[993.2999],"SNDP":[0],"STP":[997.07],"TEMP":[2.3500001],"VISIB":[13.32],"WDSP":[13.179998],"WNDDIR":[143.8],"time":[1549364856]}