{"CLDC":[50.239994],"DEWP":[-4.84],"FRSHTT":[110000],"PRCP":[0.11],"SLP":[1021.9],"SNDP":[0.10000001],"STP":[999.1],"TEMP":[1.0199999],"VISIB":[15.94],"WDSP":[17.51],"WNDDIR":[188.9],"time":[1549364856]}