{"CLDC":[50.130005],"DEWP":[-1.8],"FRSHTT":[100000],"PRCP":[0.13],"SLP":[1016.44006],"SNDP":[0],"STP":[1005.7301],"TEMP":[3.1],"VISIB":[24.000002],"WDSP":[13.19],"WNDDIR":[54],"time":[1549364856]}