{"CLDC":[84.88001],"DEWP":[-5.2599998],"FRSHTT":[100000],"PRCP":[0.07],"SLP":[1016.5],"SNDP":[0],"STP":[1019.98],"TEMP":[1.12],"VISIB":[12.88],"WDSP":[15.31],"WNDDIR":[208.6],"time":[1549364856]}