{"CLDC":[41.96,41.760002],"DEWP":[-6.1200004,-5.4199996],"FRSHTT":[0,0],"PRCP":[0,0],"SLP":[999.65,1000.17004],"SNDP":[0,0],"STP":[999.81995,999.7301],"TEMP":[0.58,0.58000004],"VISIB":[14.75,15.110001],"WDSP":[16.380001,15.940001],"WNDDIR":[47.2,49],"time":[1549364856,1549364915]}