{"CLDC":[52.700005],"DEWP":[-4.8500004],"FRSHTT":[0],"PRCP":[0],"SLP":[1007.77997],"SNDP":[0],"STP":[1007.86],"TEMP":[1.15],"VISIB":[15.440001],"WDSP":[15.01],"WNDDIR":[328.9],"time":[1549364856]}