{"CLDC":[50.090004,50.19],"DEWP":[-2.1799998,-2.1800003],"FRSHTT":[100000,100000],"PRCP":[0.059999995,0.059999995],"SLP":[1019.1,1019.1],"SNDP":[0,0],"STP":[991.81995,991.82],"TEMP":[3.9300003,4.1700006],"VISIB":[16.630001,16.22],"WDSP":[14.870001,14.93],"WNDDIR":[119.1,118.2],"time":[1549364856,1549364915]}