{"CLDC":[35.86],"DEWP":[0.20000002],"FRSHTT":[0],"PRCP":[0],"SLP":[1005.9],"SNDP":[0],"STP":[1006.1],"TEMP":[6.8599997],"VISIB":[24.78],"WDSP":[14.57],"WNDDIR":[102.5],"time":[1549364856]}