{"CLDC":[82.8],"DEWP":[2.1],"FRSHTT":[0],"PRCP":[0],"SLP":[1049.5199],"SNDP":[0],"STP":[1012.57996],"TEMP":[9.000001],"VISIB":[14.350001],"WDSP":[11.320001],"WNDDIR":[145.7],"time":[1549364856]}