{"CLDC":[50.200005],"DEWP":[-3.0599997],"FRSHTT":[100000],"PRCP":[0.13],"SLP":[1020.94006],"SNDP":[0],"STP":[1002.2001],"TEMP":[2.3],"VISIB":[17.24],"WDSP":[16.130001],"WNDDIR":[315.2],"time":[1549364856]}