{"CLDC":[50.239998],"DEWP":[-2.3600001],"FRSHTT":[100000],"PRCP":[0.039999995],"SLP":[1004.68005],"SNDP":[0],"STP":[1002.18005],"TEMP":[2.5],"VISIB":[19.6],"WDSP":[18.060001],"WNDDIR":[255.8],"time":[1549364856]}