{"CLDC":[50.120003],"DEWP":[0.5],"FRSHTT":[100000],"PRCP":[0.22999999],"SLP":[1020.32996],"SNDP":[0],"STP":[1016],"TEMP":[4.92],"VISIB":[8.920001],"WDSP":[14.85],"WNDDIR":[305.5],"time":[1549364856]}