{"CLDC":[74.53],"DEWP":[11.299999],"FRSHTT":[0],"PRCP":[0],"SLP":[1006.1],"SNDP":[0],"STP":[1000.93],"TEMP":[14.320002],"VISIB":[14.55],"WDSP":[20.58],"WNDDIR":[228.8],"time":[1549364856]}