{"CLDC":[50.03],"DEWP":[-0.029999996],"FRSHTT":[100000],"PRCP":[0.059999995],"SLP":[1018.9],"SNDP":[0],"STP":[1017.7001],"TEMP":[3.9500003],"VISIB":[16.259998],"WDSP":[19.97],"WNDDIR":[186.5],"time":[1549364856]}