{"CLDC":[50.339993,50.24],"DEWP":[-4.47,-4.25],"FRSHTT":[100000,100000],"PRCP":[0.050000004,0.050000004],"SLP":[1020,1020],"SNDP":[0,0],"STP":[1004.7001,1004.5],"TEMP":[2.15,2.1799998],"VISIB":[17.54,17.52],"WDSP":[16.490002,16.670002],"WNDDIR":[264.9,264.5],"time":[1549364856,1549364915]}