{"CLDC":[70.9,70.91],"DEWP":[-2.42,-2.4200003],"FRSHTT":[100000,100000],"PRCP":[0.009999999,0.009999999],"SLP":[1018.9,1018.7999],"SNDP":[0,0],"STP":[1019.38,1019.36],"TEMP":[4.48,4.3],"VISIB":[14.05,14.2699995],"WDSP":[10.6,9.78],"WNDDIR":[86.6,87.7],"time":[1549364856,1549364915]}