{"CLDC":[67.06999,67.18001],"DEWP":[-3.1,-2.8899999],"FRSHTT":[100000,100000],"PRCP":[0.14,0.14],"SLP":[1013.2101,1013.25],"SNDP":[0,0],"STP":[1015.50995,1013.82996],"TEMP":[4.8999996,4.8499994],"VISIB":[16.960001,16.749998],"WDSP":[10.95,11.79],"WNDDIR":[156.5,153.6],"time":[1549364856,1549364915]}