{"CLDC":[50.13,50.289997],"DEWP":[-4.8500004,-4.8500004],"FRSHTT":[100000,100000],"PRCP":[0.019999998,0.019999998],"SLP":[1009.4,1009.36],"SNDP":[0,0],"STP":[1007.6,1007.6],"TEMP":[1.5600001,1.4799998],"VISIB":[14.99,15.609999],"WDSP":[18.77,18.45],"WNDDIR":[333.5,329.9],"time":[1549364856,1549364915]}