{"CLDC":[50.210003],"DEWP":[3.52],"FRSHTT":[100000],"PRCP":[0.009999999],"SLP":[1017.9],"SNDP":[0],"STP":[1010.8299],"TEMP":[7.5],"VISIB":[15.140001],"WDSP":[17.230001],"WNDDIR":[108.3],"time":[1549364856]}