{"CLDC":[60.22],"DEWP":[-1.5999999],"FRSHTT":[100000],"PRCP":[0.07999999],"SLP":[1021.2001],"SNDP":[0],"STP":[1023.37],"TEMP":[3.9499996],"VISIB":[14.579999],"WDSP":[14.039999],"WNDDIR":[199.4],"time":[1549364856]}