{"CLDC":[67.87001,67.8],"DEWP":[-4.45,-4.2300005],"FRSHTT":[100000,100000],"PRCP":[0.019999998,0.019999998],"SLP":[1013.7001,1013.7001],"SNDP":[0,0],"STP":[998.5,998.50995],"TEMP":[2.02,2.02],"VISIB":[21.01,22.039999],"WDSP":[18.3,17.31],"WNDDIR":[73.4,70.3],"time":[1549364856,1549364915]}