{"CLDC":[2.5400002],"DEWP":[1.25],"FRSHTT":[0],"PRCP":[0],"SLP":[1002.18005],"SNDP":[0],"STP":[999.47003],"TEMP":[4.95],"VISIB":[13.18],"WDSP":[10.51],"WNDDIR":[183.5],"time":[1549364856]}