{"CLDC":[50.140003,50.239998],"DEWP":[-3.7699997,-3.55],"FRSHTT":[100000,100000],"PRCP":[0.09000001,0.09000001],"SLP":[1019.4,1019.4],"SNDP":[0,0],"STP":[1006.2999,1006.52997],"TEMP":[2.1499999,1.9],"VISIB":[23.32,23.45],"WDSP":[14.65,15.390001],"WNDDIR":[275.2,279.1],"time":[1549364856,1549364915]}