{"CLDC":[90.33001],"DEWP":[-1.14],"FRSHTT":[100000],"PRCP":[0.67999995],"SLP":[986.4501],"SNDP":[0],"STP":[998.97003],"TEMP":[3.2400002],"VISIB":[13.609999],"WDSP":[21.41],"WNDDIR":[42.5],"time":[1549364856]}