{"CLDC":[61.269997],"DEWP":[0.9999999],"FRSHTT":[100000],"PRCP":[0.019999998],"SLP":[1018.9],"SNDP":[0],"STP":[1023.7999],"TEMP":[5.2599993],"VISIB":[13.579999],"WDSP":[16.79],"WNDDIR":[309.8],"time":[1549364856]}