{"CLDC":[76.71001],"DEWP":[-6.3399997],"FRSHTT":[1000000],"PRCP":[0],"SLP":[984.17004],"SNDP":[0],"STP":[1010.33997],"TEMP":[-0.26000005],"VISIB":[14.83],"WDSP":[20.23],"WNDDIR":[146.8],"time":[1549364856]}