{"CLDC":[50.15],"DEWP":[-5.6499996],"FRSHTT":[110000],"PRCP":[0.11999999],"SLP":[1022.09],"SNDP":[0.20000002],"STP":[1011.61],"TEMP":[0.55],"VISIB":[15.7699995],"WDSP":[11.99],"WNDDIR":[20.2],"time":[1549364856]}