{"CLDC":[75.740005],"DEWP":[-8.14],"FRSHTT":[100000],"PRCP":[0.050000004],"SLP":[1018.2999],"SNDP":[0],"STP":[933.6],"TEMP":[0.17000002],"VISIB":[20.630001],"WDSP":[17.39],"WNDDIR":[312.5],"time":[1549364856]}