{"CLDC":[86.299995,86.549995],"DEWP":[-6.8199997,-6.8199997],"FRSHTT":[0,0],"PRCP":[0,0],"SLP":[1017.4,1017.41003],"SNDP":[0,0],"STP":[941.52,941.5],"TEMP":[1.6200001,1.68],"VISIB":[29.5,29.12],"WDSP":[17.880001,17.09],"WNDDIR":[232.8,237],"time":[1549364856,1549364916]}