{"CLDC":[74.61999],"DEWP":[-10.98],"FRSHTT":[100000],"PRCP":[0.009999999],"SLP":[1015.2999],"SNDP":[0],"STP":[989.2101],"TEMP":[0.35999998],"VISIB":[22.989998],"WDSP":[13.389999],"WNDDIR":[148.7],"time":[1549364856]}