{"CLDC":[64.95],"DEWP":[-3.5399997],"FRSHTT":[100000],"PRCP":[0.11999999],"SLP":[1019.9],"SNDP":[0],"STP":[999.7001],"TEMP":[3.6399999],"VISIB":[22.429998],"WDSP":[11.85],"WNDDIR":[114.5],"time":[1549364856]}