{"CLDC":[17.670002],"DEWP":[-6.02],"FRSHTT":[0],"PRCP":[0],"SLP":[1013.1],"SNDP":[0],"STP":[1001.88007],"TEMP":[0.05],"VISIB":[20.02],"WDSP":[14.390002],"WNDDIR":[118.1],"time":[1549364856]}