{"CLDC":[64.689995,64.84],"DEWP":[-12.85,-12.9800005],"FRSHTT":[1100000,1100000],"PRCP":[0.009999999,0.009999999],"SLP":[1017.2001,1017.2999],"SNDP":[0,0],"STP":[1017.02,1016.93],"TEMP":[-4.3300004,-4.36],"VISIB":[14.87,14.910001],"WDSP":[24.42,25.289997],"WNDDIR":[177.8,177.8],"time":[1549364856,1549364916]}