{"CLDC":[78.10999,77.92],"DEWP":[-9.82,-10],"FRSHTT":[1000000,1000000],"PRCP":[0,0],"SLP":[976.56006,976.95],"SNDP":[0,0],"STP":[995.68,998.05],"TEMP":[-4,-4.04],"VISIB":[15.93,15.55],"WDSP":[17.810001,17.9],"WNDDIR":[275.1,274.7],"time":[1549364856,1549364916]}