{"CLDC":[69.06,69.18],"DEWP":[-6.2200003,-6.6100006],"FRSHTT":[110000,110000],"PRCP":[0.050000004,0.050000004],"SLP":[1019.4,1019.4],"SNDP":[0.20000002,0.20000002],"STP":[963.92004,963.52],"TEMP":[1.02,1.0200001],"VISIB":[27.060001,26.950003],"WDSP":[18.710001,17.73],"WNDDIR":[253.3,249.1],"time":[1549364856,1549364916]}