{"CLDC":[64.95,65.18],"DEWP":[-3.5399997,-3.7000003],"FRSHTT":[100000,100000],"PRCP":[0.11999999,0.11999999],"SLP":[1019.9,1019.9],"SNDP":[0,0],"STP":[999.7001,999.7001],"TEMP":[3.6399999,3.7599998],"VISIB":[22.429998,22.470001],"WDSP":[11.85,13.65],"WNDDIR":[114.5,115.9],"time":[1549364856,1549364916]}