{"CLDC":[73.560005,73.62999],"DEWP":[-10.59,-11.04],"FRSHTT":[1000000,1000000],"PRCP":[0,0],"SLP":[988.2001,988.2001],"SNDP":[0,0],"STP":[998.7201,998.66],"TEMP":[0.060000002,0.030000001],"VISIB":[15.559999,15.590001],"WDSP":[13.7699995,14.860001],"WNDDIR":[126.6,129.7],"time":[1549364856,1549364916]}