{"CLDC":[52.180004],"DEWP":[-4.1],"FRSHTT":[100000],"PRCP":[0.16999999],"SLP":[1017.4],"SNDP":[0],"STP":[983.04004],"TEMP":[4.7200003],"VISIB":[20.8],"WDSP":[13.85],"WNDDIR":[218.4],"time":[1549364856]}