{"CLDC":[50.15],"DEWP":[-9.04],"FRSHTT":[1110000],"PRCP":[0.07],"SLP":[1018.9],"SNDP":[0.59999996],"STP":[920.9],"TEMP":[-1.6500002],"VISIB":[18.34],"WDSP":[20.91],"WNDDIR":[68.6],"time":[1549364856]}