{"CLDC":[7.7799997],"DEWP":[-10.300001],"FRSHTT":[0],"PRCP":[0],"SLP":[1017.2001],"SNDP":[0],"STP":[920.9],"TEMP":[0.26000002],"VISIB":[74.479996],"WDSP":[8.61],"WNDDIR":[292.3],"time":[1549364856]}