{"CLDC":[93.119995,93.29],"DEWP":[-9.249999,-8.949999],"FRSHTT":[0,0],"PRCP":[0,0],"SLP":[1017.1,1017],"SNDP":[0,0],"STP":[927.4,927.4],"TEMP":[1.0400001,0.89000005],"VISIB":[20.72,20.68],"WDSP":[20.619999,21.279999],"WNDDIR":[43.8,41.9],"time":[1549364856,1549364916]}