{"CLDC":[86.54999,86.850006],"DEWP":[-5.6400003,-5.75],"FRSHTT":[1000000,1000000],"PRCP":[0,0],"SLP":[990.00995,989.97003],"SNDP":[0,0],"STP":[971.83997,971.77997],"TEMP":[-0.59999996,-0.59999996],"VISIB":[15.5,15.2699995],"WDSP":[18.519999,17.64],"WNDDIR":[104.7,108],"time":[1549364856,1549364916]}