{"CLDC":[50.02],"DEWP":[-11.179999],"FRSHTT":[1100000],"PRCP":[0.019999998],"SLP":[1012.27],"SNDP":[0],"STP":[1015.1001],"TEMP":[-4.92],"VISIB":[14.609999],"WDSP":[20.6],"WNDDIR":[47.7],"time":[1549364856]}