{"CLDC":[86.299995],"DEWP":[-6.8199997],"FRSHTT":[0],"PRCP":[0],"SLP":[1017.4],"SNDP":[0],"STP":[941.52],"TEMP":[1.6200001],"VISIB":[29.5],"WDSP":[17.880001],"WNDDIR":[232.8],"time":[1549364856]}