{"CLDC":[89.11999],"DEWP":[-16.53],"FRSHTT":[0],"PRCP":[0],"SLP":[1011.18005],"SNDP":[0],"STP":[1038.45],"TEMP":[2.11],"VISIB":[15.709999],"WDSP":[19.61],"WNDDIR":[333.7],"time":[1549364856]}