{"CLDC":[75.740005,75.72],"DEWP":[-8.14,-7.8199997],"FRSHTT":[100000,100000],"PRCP":[0.050000004,0.050000004],"SLP":[1018.2999,1018.2999],"SNDP":[0,0],"STP":[933.6,933.6],"TEMP":[0.17000002,0.16000001],"VISIB":[20.630001,21.119999],"WDSP":[17.39,17.48],"WNDDIR":[312.5,311.1],"time":[1549364856,1549364916]}