{"CLDC":[51.710003,52.210003],"DEWP":[-13.3,-13.15],"FRSHTT":[0,0],"PRCP":[0,0],"SLP":[998.93,998.4899],"SNDP":[0,0],"STP":[989.43,989.4199],"TEMP":[3.25,3.31],"VISIB":[16.350002,16.32],"WDSP":[14.829999,11.460001],"WNDDIR":[262.2,262.2],"time":[1549364856,1549364916]}