{"CLDC":[89.65999,89.56],"DEWP":[-10.2,-10.2],"FRSHTT":[110000,110000],"PRCP":[0.029999997,0.029999997],"SLP":[1015.18,1015.11],"SNDP":[0.10000001,0.10000001],"STP":[998.7001,998.61],"TEMP":[0.7200001,0.7],"VISIB":[48.379997,49.260002],"WDSP":[15.45,16.11],"WNDDIR":[24,26.1],"time":[1549364856,1549364916]}