{"CLDC":[57.230003],"DEWP":[-9.240001],"FRSHTT":[1110000],"PRCP":[0.019999998],"SLP":[1016.6501],"SNDP":[0.6999999],"STP":[1023],"TEMP":[-2.5],"VISIB":[18.59],"WDSP":[17.289999],"WNDDIR":[31],"time":[1549364856]}