{"CLDC":[64.689995],"DEWP":[-12.85],"FRSHTT":[1100000],"PRCP":[0.009999999],"SLP":[1017.2001],"SNDP":[0],"STP":[1017.02],"TEMP":[-4.3300004],"VISIB":[14.87],"WDSP":[24.42],"WNDDIR":[177.8],"time":[1549364856]}