{"CLDC":[89.65999],"DEWP":[-10.2],"FRSHTT":[110000],"PRCP":[0.029999997],"SLP":[1015.18],"SNDP":[0.10000001],"STP":[998.7001],"TEMP":[0.7200001],"VISIB":[48.379997],"WDSP":[15.45],"WNDDIR":[24],"time":[1549364856]}