{"CLDC":[59.9,59.859997],"DEWP":[-9.440001,-9.58],"FRSHTT":[1110000,1110000],"PRCP":[0.039999995,0.039999995],"SLP":[1019.9,1019.9],"SNDP":[0.29999998,0.29999998],"STP":[966.8,967.0199],"TEMP":[-0.98,-0.96000004],"VISIB":[29.59,29.399998],"WDSP":[15.67,14.209999],"WNDDIR":[52.9,56.5],"time":[1549364856,1549364916]}