{"CLDC":[50.15],"DEWP":[-9.95],"FRSHTT":[1110000],"PRCP":[0.019999998],"SLP":[1018.1],"SNDP":[0.20000002],"STP":[928.91],"TEMP":[-1.26],"VISIB":[30.640003],"WDSP":[18.380001],"WNDDIR":[244.4],"time":[1549364856]}