{"CLDC":[59.9],"DEWP":[-9.440001],"FRSHTT":[1110000],"PRCP":[0.039999995],"SLP":[1019.9],"SNDP":[0.29999998],"STP":[966.8],"TEMP":[-0.98],"VISIB":[29.59],"WDSP":[15.67],"WNDDIR":[52.9],"time":[1549364856]}