{"CLDC":[74.61999,74.69],"DEWP":[-10.98,-10.979999],"FRSHTT":[100000,100000],"PRCP":[0.009999999,0.009999999],"SLP":[1015.2999,1015.2999],"SNDP":[0,0],"STP":[989.2101,988.9699],"TEMP":[0.35999998,0.39999998],"VISIB":[22.989998,23.52],"WDSP":[13.389999,12.549999],"WNDDIR":[148.7,150.8],"time":[1549364856,1549364916]}