{"CLDC":[50.15,50.47],"DEWP":[-9.95,-10.1],"FRSHTT":[1110000,1110000],"PRCP":[0.019999998,0.019999998],"SLP":[1018.1,1018.1],"SNDP":[0.20000002,0.20000002],"STP":[928.91,928.9],"TEMP":[-1.26,-1.26],"VISIB":[30.640003,30.320002],"WDSP":[18.380001,17.63],"WNDDIR":[244.4,244.2],"time":[1549364856,1549364916]}