{"CLDC":[64.69],"DEWP":[-11.25],"FRSHTT":[1100000],"PRCP":[0.039999995],"SLP":[1006.6],"SNDP":[0],"STP":[1008.1],"TEMP":[-0.060000002],"VISIB":[69.27],"WDSP":[16.259998],"WNDDIR":[221.8],"time":[1549364857]}