{"CLDC":[50.060005],"DEWP":[-10.08],"FRSHTT":[100000],"PRCP":[0.029999997],"SLP":[1015.6],"SNDP":[0],"STP":[925.36993],"TEMP":[2.3799999],"VISIB":[62.72001],"WDSP":[9.390001],"WNDDIR":[34.5],"time":[1549364857]}