{"CLDC":[77.71001],"DEWP":[-12.309999],"FRSHTT":[1100000],"PRCP":[0.059999995],"SLP":[1016.7101],"SNDP":[0],"STP":[1019.43],"TEMP":[-0.5],"VISIB":[15.820002],"WDSP":[8.25],"WNDDIR":[133.7],"time":[1549364857]}