{"CLDC":[50.140007,50.050003],"DEWP":[-11.05,-10.8],"FRSHTT":[100000,100000],"PRCP":[0.059999995,0.059999995],"SLP":[1016.7999,1016.7999],"SNDP":[0,0],"STP":[1017.2999,1016.93005],"TEMP":[0.26000002,0.24000001],"VISIB":[46.839996,46.66],"WDSP":[13.350001,14.2699995],"WNDDIR":[160.2,165.2],"time":[1549364857,1549364916]}