{"CLDC":[83.06],"DEWP":[-10.799999],"FRSHTT":[100000],"PRCP":[0.10000001],"SLP":[1016.4],"SNDP":[0],"STP":[935.32],"TEMP":[2.42],"VISIB":[44.379997],"WDSP":[11.79],"WNDDIR":[100.6],"time":[1549364857]}