{"CLDC":[3.3699996],"DEWP":[-9.3],"FRSHTT":[0],"PRCP":[0],"SLP":[1017.4],"SNDP":[0],"STP":[997.00995],"TEMP":[3.6200001],"VISIB":[39.46],"WDSP":[7.8700004],"WNDDIR":[116.7],"time":[1549364857]}