{"CLDC":[50.219997],"DEWP":[-8.95],"FRSHTT":[100000],"PRCP":[0.050000004],"SLP":[1016.2001],"SNDP":[0],"STP":[968.88],"TEMP":[4.2],"VISIB":[55.869995],"WDSP":[9.199999],"WNDDIR":[36],"time":[1549364857]}