{"CLDC":[50.060005,50.100006],"DEWP":[-10.08,-9.960001],"FRSHTT":[100000,100000],"PRCP":[0.029999997,0.029999997],"SLP":[1015.6,1015.6],"SNDP":[0,0],"STP":[925.36993,925.4],"TEMP":[2.3799999,2.4199998],"VISIB":[62.72001,62.52],"WDSP":[9.390001,8.88],"WNDDIR":[34.5,29.7],"time":[1549364857,1549364916]}