{"CLDC":[96.33,96.53001],"DEWP":[-9.6,-9.76],"FRSHTT":[0,0],"PRCP":[0,0],"SLP":[1020.82996,1020.61],"SNDP":[0,0],"STP":[1000.5,1000.5],"TEMP":[0.91999996,0.94000006],"VISIB":[16.630001,16.6],"WDSP":[7.7300005,8.309999],"WNDDIR":[263.9,261.8],"time":[1549364857,1549364916]}