{"CLDC":[79.02999,78.979996],"DEWP":[-10.400001,-10.700001],"FRSHTT":[100000,100000],"PRCP":[0.050000004,0.050000004],"SLP":[1017.2001,1017.2001],"SNDP":[0,0],"STP":[1022.89,1023.3499],"TEMP":[1.05,1.1099999],"VISIB":[14.99,14.229999],"WDSP":[11.249999,11.289999],"WNDDIR":[87.3,84.6],"time":[1549364857,1549364916]}