{"CLDC":[80.060005],"DEWP":[-14.76],"FRSHTT":[1100000],"PRCP":[0.019999998],"SLP":[1019.08997],"SNDP":[0],"STP":[1019.6],"TEMP":[-8.09],"VISIB":[16.02],"WDSP":[5.73],"WNDDIR":[303.3],"time":[1549364857]}