{"CLDC":[73.39001,74.07],"DEWP":[-15.44,-15.440001],"FRSHTT":[0,0],"PRCP":[0,0],"SLP":[967.36993,968.02997],"SNDP":[0,0],"STP":[978.07,977.73],"TEMP":[6.96,6.839999],"VISIB":[64.23,62.93],"WDSP":[13.17,13.300001],"WNDDIR":[13.3,15],"time":[1549364857,1549364916]}