{"CLDC":[66.94],"DEWP":[-6.840001],"FRSHTT":[0],"PRCP":[0],"SLP":[1013.11],"SNDP":[0],"STP":[986.36],"TEMP":[3.9],"VISIB":[41.71],"WDSP":[6.9200006],"WNDDIR":[290.3],"time":[1549364857]}