{"CLDC":[50.219997,50.339996],"DEWP":[-8.95,-9.28],"FRSHTT":[100000,100000],"PRCP":[0.050000004,0.050000004],"SLP":[1016.2001,1016.2899],"SNDP":[0,0],"STP":[968.88,968.83997],"TEMP":[4.2,4.2],"VISIB":[55.869995,56.160004],"WDSP":[9.199999,8.85],"WNDDIR":[36,34],"time":[1549364857,1549364916]}