{"CLDC":[50.309994],"DEWP":[-13.649999],"FRSHTT":[1100000],"PRCP":[0.009999999],"SLP":[1015.47003],"SNDP":[0],"STP":[965.19006],"TEMP":[0.05],"VISIB":[15.790001],"WDSP":[14.2],"WNDDIR":[110],"time":[1549364857]}