{"CLDC":[5.950001,5.86],"DEWP":[-5.18,-5.5400004],"FRSHTT":[0,0],"PRCP":[0,0],"SLP":[965.15,965.54004],"SNDP":[0,0],"STP":[984.67004,984.85],"TEMP":[4.78,4.5899997],"VISIB":[58.25,58.039997],"WDSP":[9.47,8.930001],"WNDDIR":[91.5,91],"time":[1549364857,1549364916]}