{"CLDC":[73.39001],"DEWP":[-15.44],"FRSHTT":[0],"PRCP":[0],"SLP":[967.36993],"SNDP":[0],"STP":[978.07],"TEMP":[6.96],"VISIB":[64.23],"WDSP":[13.17],"WNDDIR":[13.3],"time":[1549364857]}