{"CLDC":[71.78],"DEWP":[-10.210001],"FRSHTT":[100000],"PRCP":[0.07999999],"SLP":[1016],"SNDP":[0],"STP":[1014.1],"TEMP":[2.9],"VISIB":[15.890001],"WDSP":[7.3900003],"WNDDIR":[253.4],"time":[1549364857]}