{"CLDC":[5.5099998,5.96],"DEWP":[-4.600001,-4.6000004],"FRSHTT":[0,0],"PRCP":[0,0],"SLP":[1018.5,1018.5],"SNDP":[0,0],"STP":[1028.5,1028.6799],"TEMP":[7.2,7.2400002],"VISIB":[14.549998,14.569998],"WDSP":[2.2099998,2.1000001],"WNDDIR":[39.3,39.6],"time":[1549364857,1549364916]}