{"CLDC":[59.95,60.32],"DEWP":[5.0499997,4.9999995],"FRSHTT":[100000,100000],"PRCP":[0.009999999,0.009999999],"SLP":[1012.30994,1012.49005],"SNDP":[0,0],"STP":[1020.68,1019.17004],"TEMP":[9.440001,8.76],"VISIB":[16.05,16.01],"WDSP":[20.59,21.88],"WNDDIR":[45.3,47.9],"time":[1549364857,1549364916]}