{"CLDC":[50.52],"DEWP":[-5.18],"FRSHTT":[100000],"PRCP":[0.059999995],"SLP":[1018.98],"SNDP":[0],"STP":[1025.99],"TEMP":[3.7400002],"VISIB":[13.2300005],"WDSP":[7.1400003],"WNDDIR":[148.7],"time":[1549364857]}