{"CLDC":[94.25001],"DEWP":[-6.3],"FRSHTT":[100000],"PRCP":[0.07],"SLP":[1018.1],"SNDP":[0],"STP":[992.4],"TEMP":[3.0999997],"VISIB":[25.23],"WDSP":[6.47],"WNDDIR":[16.2],"time":[1549364857]}