{"CLDC":[17.280003],"DEWP":[-4.12],"FRSHTT":[0],"PRCP":[0],"SLP":[1015.32],"SNDP":[0],"STP":[1015.7999],"TEMP":[6.700001],"VISIB":[18.41],"WDSP":[8.929999],"WNDDIR":[189.8],"time":[1549364857]}