{"CLDC":[30.259998],"DEWP":[-4.05],"FRSHTT":[0],"PRCP":[0],"SLP":[1019.13995],"SNDP":[0],"STP":[1030.4099],"TEMP":[3.8],"VISIB":[32.389996],"WDSP":[6.13],"WNDDIR":[165.9],"time":[1549364857]}