{"CLDC":[85.88],"DEWP":[-7.4600005],"FRSHTT":[100000],"PRCP":[0.029999997],"SLP":[1017.2001],"SNDP":[0],"STP":[1010.8499],"TEMP":[6.3499994],"VISIB":[28.090002],"WDSP":[11.83],"WNDDIR":[59],"time":[1549364857]}