{"CLDC":[4.56,4.75],"DEWP":[-12.719999,-12.58],"FRSHTT":[0,0],"PRCP":[0,0],"SLP":[1015.44006,1015.7801],"SNDP":[0,0],"STP":[1003.75995,1003.67004],"TEMP":[8.32,8.440001],"VISIB":[11.65,11.460001],"WDSP":[17.250002,17.740002],"WNDDIR":[269.5,266.2],"time":[1549364857,1549364916]}