{"CLDC":[5.5099998],"DEWP":[-4.600001],"FRSHTT":[0],"PRCP":[0],"SLP":[1018.5],"SNDP":[0],"STP":[1028.5],"TEMP":[7.2],"VISIB":[14.549998],"WDSP":[2.2099998],"WNDDIR":[39.3],"time":[1549364857]}