{"CLDC":[73.36],"DEWP":[-5.38],"FRSHTT":[0],"PRCP":[0],"SLP":[1009.1],"SNDP":[0],"STP":[1005.2899],"TEMP":[5.8799996],"VISIB":[23.520002],"WDSP":[11.410001],"WNDDIR":[214.8],"time":[1549364857]}