{"CLDC":[50.030003],"DEWP":[-10.0199995],"FRSHTT":[100000],"PRCP":[0.029999997],"SLP":[1016.63],"SNDP":[0],"STP":[1030.64],"TEMP":[2.6999998],"VISIB":[14.089999],"WDSP":[9.17],"WNDDIR":[297.3],"time":[1549364857]}