{"CLDC":[30.259998,30.100002],"DEWP":[-4.05,-4.62],"FRSHTT":[0,0],"PRCP":[0,0],"SLP":[1019.13995,1019.04004],"SNDP":[0,0],"STP":[1030.4099,1031.8099],"TEMP":[3.8,3.75],"VISIB":[32.389996,32.659996],"WDSP":[6.13,4.8],"WNDDIR":[165.9,161.8],"time":[1549364857,1549364916]}