{"CLDC":[57.110004],"DEWP":[-5.97],"FRSHTT":[100000],"PRCP":[0.059999995],"SLP":[1009.77],"SNDP":[0],"STP":[999.65],"TEMP":[3.6499996],"VISIB":[26.320002],"WDSP":[14.74],"WNDDIR":[210.8],"time":[1549364857]}