{"CLDC":[85.88,85.65],"DEWP":[-7.4600005,-8.02],"FRSHTT":[100000,100000],"PRCP":[0.029999997,0.029999997],"SLP":[1017.2001,1017.2001],"SNDP":[0,0],"STP":[1010.8499,1010.65],"TEMP":[6.3499994,6.3499994],"VISIB":[28.090002,27.939999],"WDSP":[11.83,11.450001],"WNDDIR":[59,54.1],"time":[1549364857,1549364916]}