{"CLDC":[90.990005,91.09],"DEWP":[-7.35,-7.1799994],"FRSHTT":[1000000,1000000],"PRCP":[0,0],"SLP":[1021.3499,1021.0801],"SNDP":[0,0],"STP":[1020.4999,1020.19006],"TEMP":[-0.35999998,-0.36000004],"VISIB":[16.230001,16.72],"WDSP":[7.75,7.9300003],"WNDDIR":[171.2,169.7],"time":[1549364857,1549364916]}