{"CLDC":[50.15,50.389996],"DEWP":[-3.42,-3.42],"FRSHTT":[100000,100000],"PRCP":[0.059999995,0.059999995],"SLP":[1013.2899,1013.14],"SNDP":[0,0],"STP":[1009,1009],"TEMP":[4.5,4.62],"VISIB":[25.130001,24.54],"WDSP":[9.8,9.45],"WNDDIR":[119.9,119.2],"time":[1549364857,1549364916]}