{"CLDC":[57.110004,57.43],"DEWP":[-5.97,-5.75],"FRSHTT":[100000,100000],"PRCP":[0.059999995,0.059999995],"SLP":[1009.77,1010.8],"SNDP":[0,0],"STP":[999.65,1000.56006],"TEMP":[3.6499996,3.4499996],"VISIB":[26.320002,27.45],"WDSP":[14.74,15.090001],"WNDDIR":[210.8,211.9],"time":[1549364857,1549364916]}