{"CLDC":[6.9900002],"DEWP":[9.449999],"FRSHTT":[0],"PRCP":[0],"SLP":[1011.69006],"SNDP":[0],"STP":[1004.49005],"TEMP":[13.620001],"VISIB":[16.150003],"WDSP":[12.549999],"WNDDIR":[35],"time":[1549364857]}