{"CLDC":[59.95],"DEWP":[5.0499997],"FRSHTT":[100000],"PRCP":[0.009999999],"SLP":[1012.30994],"SNDP":[0],"STP":[1020.68],"TEMP":[9.440001],"VISIB":[16.05],"WDSP":[20.59],"WNDDIR":[45.3],"time":[1549364857]}