{"CLDC":[55.200005,55.379997],"DEWP":[-11.679999,-11.839999],"FRSHTT":[100000,100000],"PRCP":[0.009999999,0.009999999],"SLP":[1017.32996,1017.2999],"SNDP":[0,0],"STP":[1006.1,1006.17004],"TEMP":[4.3900003,4.18],"VISIB":[23.48,24.259998],"WDSP":[11.089999,11.1],"WNDDIR":[231.1,230.8],"time":[1549364857,1549364916]}