{"CLDC":[4.56],"DEWP":[-12.719999],"FRSHTT":[0],"PRCP":[0],"SLP":[1015.44006],"SNDP":[0],"STP":[1003.75995],"TEMP":[8.32],"VISIB":[11.65],"WDSP":[17.250002],"WNDDIR":[269.5],"time":[1549364857]}