{"CLDC":[62.630005],"DEWP":[0.84],"FRSHTT":[100000],"PRCP":[0.039999995],"SLP":[1017.6],"SNDP":[0],"STP":[1017.2001],"TEMP":[7.160001],"VISIB":[15.25],"WDSP":[7.3600006],"WNDDIR":[185.1],"time":[1549364858]}