{"CLDC":[44.170006,44.35],"DEWP":[-4.66,-4.95],"FRSHTT":[0,0],"PRCP":[0,0],"SLP":[1008.7101,1008.5801],"SNDP":[0,0],"STP":[1001.57996,1001.72003],"TEMP":[6.1500006,5.9000006],"VISIB":[30.05,29.730001],"WDSP":[10.16,10.309999],"WNDDIR":[210.1,210.4],"time":[1549364858,1549364916]}