{"CLDC":[50.15,50.15],"DEWP":[-3.4000003,-3.1200004],"FRSHTT":[100000,100000],"PRCP":[0.039999995,0.039999995],"SLP":[1017.7999,1017.82996],"SNDP":[0,0],"STP":[1016.00995,1016],"TEMP":[6.0200005,6.18],"VISIB":[10.02,9.99],"WDSP":[6.72,6.0700006],"WNDDIR":[138.3,138.9],"time":[1549364858,1549364916]}