{"CLDC":[50.200005,50.230003],"DEWP":[-0.54,-0.17999999],"FRSHTT":[100000,100000],"PRCP":[0.050000004,0.050000004],"SLP":[1018.2001,1018.2001],"SNDP":[0,0],"STP":[1018.4,1018.45996],"TEMP":[5.4200006,5.589999],"VISIB":[14.07,13.629999],"WDSP":[7.850001,7.9700003],"WNDDIR":[253.5,252.7],"time":[1549364858,1549364916]}