{"CLDC":[44.170006],"DEWP":[-4.66],"FRSHTT":[0],"PRCP":[0],"SLP":[1008.7101],"SNDP":[0],"STP":[1001.57996],"TEMP":[6.1500006],"VISIB":[30.05],"WDSP":[10.16],"WNDDIR":[210.1],"time":[1549364858]}