{"CLDC":[58.55,58.4],"DEWP":[-3.3400002,-4.19],"FRSHTT":[0,0],"PRCP":[0,0],"SLP":[1018.39,1018.2999],"SNDP":[0,0],"STP":[1019.12,1019.20996],"TEMP":[2.66,2.75],"VISIB":[13.4,13.790001],"WDSP":[5.85,5.63],"WNDDIR":[173.7,175.5],"time":[1549364858,1549364916]}