{"CLDC":[36.769997],"DEWP":[-0.53999996],"FRSHTT":[0],"PRCP":[0],"SLP":[990.6501],"SNDP":[0],"STP":[988.11],"TEMP":[0.45999998],"VISIB":[8.55],"WDSP":[21.510002],"WNDDIR":[237.5],"time":[1549364858]}