{"CLDC":[53.769997,54],"DEWP":[0.38000003,0.38000003],"FRSHTT":[100000,100000],"PRCP":[0.029999997,0.029999997],"SLP":[1018.6,1018.6],"SNDP":[0,0],"STP":[999.80994,999.8099],"TEMP":[5.48,5.5499997],"VISIB":[24.02,23.53],"WDSP":[14.18,14.289999],"WNDDIR":[277.8,278.5],"time":[1549364858,1549364916]}