{"CLDC":[43.210003,43.06],"DEWP":[-2.2999997,-2.24],"FRSHTT":[0,0],"PRCP":[0,0],"SLP":[1017.7999,1017.7999],"SNDP":[0,0],"STP":[1026.05,1025.25],"TEMP":[7.8100004,7.72],"VISIB":[9.890001,9.780001],"WDSP":[8.650001,8.990001],"WNDDIR":[204.7,205.6],"time":[1549364858,1549364916]}