{"CLDC":[68.380005,68.96001],"DEWP":[-0.16,-0.07],"FRSHTT":[100000,100000],"PRCP":[0.32999998,0.32999998],"SLP":[998.84,1000.8],"SNDP":[0,0],"STP":[1009.07,1008.62],"TEMP":[3.0500004,2.9500003],"VISIB":[17.720001,17.27],"WDSP":[6.8300004,6.17],"WNDDIR":[7.6,10.9],"time":[1549364858,1549364916]}