{"CLDC":[50.090004,50.269997],"DEWP":[4.28,4.3],"FRSHTT":[100000,100000],"PRCP":[0.009999999,0.009999999],"SLP":[1017.4,1017.44006],"SNDP":[0,0],"STP":[1011.7001,1011.42004],"TEMP":[7.4499993,7.4799995],"VISIB":[18.49,17.99],"WDSP":[9.52,9.730001],"WNDDIR":[75.9,78.7],"time":[1549364858,1549364916]}