{"CLDC":[50],"DEWP":[-7.1800003],"FRSHTT":[100000],"PRCP":[0.07],"SLP":[1004.77997],"SNDP":[0],"STP":[1003.24005],"TEMP":[4.0099998],"VISIB":[45.680004],"WDSP":[13.25],"WNDDIR":[111.4],"time":[1549364858]}