{"CLDC":[50.309998],"DEWP":[-2.4800003],"FRSHTT":[100000],"PRCP":[0.009999999],"SLP":[1018.2999],"SNDP":[0],"STP":[1012.2301],"TEMP":[7.4499993],"VISIB":[14],"WDSP":[4.34],"WNDDIR":[285],"time":[1549364858]}