{"CLDC":[79.36001,79.44],"DEWP":[-3.42,-3.0600002],"FRSHTT":[100000,100000],"PRCP":[0.029999997,0.029999997],"SLP":[1016.92004,1016.9],"SNDP":[0,0],"STP":[1012.72003,1012.7699],"TEMP":[5.5000005,5.46],"VISIB":[19.929998,19.86],"WDSP":[7.94,7.65],"WNDDIR":[221.5,218.2],"time":[1549364858,1549364916]}