{"CLDC":[74.729996,74.92],"DEWP":[-3.2600002,-4.2200003],"FRSHTT":[100000,100000],"PRCP":[0.07,0.07],"SLP":[1019.4,1019.4],"SNDP":[0,0],"STP":[1018.13007,1018.22003],"TEMP":[2.59,2.6799998],"VISIB":[10.92,10.950001],"WDSP":[5.16,4.7699995],"WNDDIR":[248,244.5],"time":[1549364858,1549364916]}