{"CLDC":[50.25,50.03],"DEWP":[-1.55,-1.22],"FRSHTT":[100000,100000],"PRCP":[0.09000001,0.09000001],"SLP":[1017.7001,1017.7001],"SNDP":[0,0],"STP":[1002.7001,1002.7001],"TEMP":[5.2999997,5.2999997],"VISIB":[11.679999,12.04],"WDSP":[7.2299995,8.19],"WNDDIR":[275.5,277.7],"time":[1549364858,1549364916]}