{"CLDC":[50.090004],"DEWP":[4.28],"FRSHTT":[100000],"PRCP":[0.009999999],"SLP":[1017.4],"SNDP":[0],"STP":[1011.7001],"TEMP":[7.4499993],"VISIB":[18.49],"WDSP":[9.52],"WNDDIR":[75.9],"time":[1549364858]}