{"CLDC":[86.020004,85.60999],"DEWP":[-1.5799999,-1.5],"FRSHTT":[100000,100000],"PRCP":[0.029999997,0.029999997],"SLP":[1017.7001,1017.7001],"SNDP":[0,0],"STP":[1025.2001,1025.3699],"TEMP":[6.75,6.78],"VISIB":[19.449999,19.91],"WDSP":[7.2400002,5.88],"WNDDIR":[26.2,25],"time":[1549364858,1549364916]}