{"CLDC":[68.22,67.71],"DEWP":[-2.88,-2.3300002],"FRSHTT":[0,0],"PRCP":[0,0],"SLP":[1022.69006,1022.82996],"SNDP":[0,0],"STP":[1029.86,1030.1101],"TEMP":[3.48,3.5400002],"VISIB":[12.230001,12.82],"WDSP":[8.61,8.75],"WNDDIR":[304.4,306.1],"time":[1549364858,1549364916]}