{"CLDC":[50.090004],"DEWP":[0.1],"FRSHTT":[100000],"PRCP":[0.039999995],"SLP":[1018.2001],"SNDP":[0],"STP":[1018],"TEMP":[7.6],"VISIB":[15.209999],"WDSP":[9.05],"WNDDIR":[63.9],"time":[1549364858]}