{"CLDC":[39.99,40.130005],"DEWP":[-2.75,-2.9899998],"FRSHTT":[0,0],"PRCP":[0,0],"SLP":[1004.67004,1004.9601],"SNDP":[0,0],"STP":[1006.87,1006.2199],"TEMP":[5.5199995,5.4599996],"VISIB":[24.59,24.920002],"WDSP":[9.58,9.1],"WNDDIR":[7.2,3.8],"time":[1549364858,1549364916]}