{"CLDC":[43.210003],"DEWP":[-2.2999997],"FRSHTT":[0],"PRCP":[0],"SLP":[1017.7999],"SNDP":[0],"STP":[1026.05],"TEMP":[7.8100004],"VISIB":[9.890001],"WDSP":[8.650001],"WNDDIR":[204.7],"time":[1549364858]}