{"CLDC":[50.100002,50.25],"DEWP":[-3.7400002,-3.7599998],"FRSHTT":[100000,100000],"PRCP":[0.050000004,0.050000004],"SLP":[1009.2499,1009.3299],"SNDP":[0,0],"STP":[1007.42004,1007.7001],"TEMP":[5.8599997,5.8599997],"VISIB":[20.390001,20.12],"WDSP":[7.62,8.500001],"WNDDIR":[88.3,86.7],"time":[1549364858,1549364916]}