{"CLDC":[86.020004],"DEWP":[-1.5799999],"FRSHTT":[100000],"PRCP":[0.029999997],"SLP":[1017.7001],"SNDP":[0],"STP":[1025.2001],"TEMP":[6.75],"VISIB":[19.449999],"WDSP":[7.2400002],"WNDDIR":[26.2],"time":[1549364858]}