{"CLDC":[50],"DEWP":[7.81],"FRSHTT":[100000],"PRCP":[0.28],"SLP":[1013.92004],"SNDP":[0],"STP":[1012.7001],"TEMP":[8.0199995],"VISIB":[14.1],"WDSP":[7.41],"WNDDIR":[20.7],"time":[1549364858]}