{"CLDC":[50.25],"DEWP":[-1.55],"FRSHTT":[100000],"PRCP":[0.09000001],"SLP":[1017.7001],"SNDP":[0],"STP":[1002.7001],"TEMP":[5.2999997],"VISIB":[11.679999],"WDSP":[7.2299995],"WNDDIR":[275.5],"time":[1549364858]}