{"CLDC":[50.130005,50.180004],"DEWP":[-7.6,-8.000001],"FRSHTT":[100000,100000],"PRCP":[0.11,0.11],"SLP":[1020.2001,1020.2501],"SNDP":[0,0],"STP":[1017.2001,1017.15],"TEMP":[0.5,0.5],"VISIB":[14.559999,14.35],"WDSP":[11.58,11.73],"WNDDIR":[219.1,217.5],"time":[1549364859,1549364918]}