{"CLDC":[95.81999,95.520004],"DEWP":[-7.13,-7.46],"FRSHTT":[1000000,1000000],"PRCP":[0,0],"SLP":[964.45,965.63007],"SNDP":[0,0],"STP":[998.0101,998.1499],"TEMP":[-3,-3],"VISIB":[14.609999,15.520001],"WDSP":[7.28,6.9199996],"WNDDIR":[160.3,161.6],"time":[1549364859,1549364918]}