{"CLDC":[75.89],"DEWP":[-9.38],"FRSHTT":[0],"PRCP":[0],"SLP":[1002.3499],"SNDP":[0],"STP":[1008.9],"TEMP":[0.6999999],"VISIB":[15.420001],"WDSP":[11.33],"WNDDIR":[183.8],"time":[1549364859]}