{"CLDC":[50.090004,50.04],"DEWP":[-7.7300005,-7.95],"FRSHTT":[100000,100000],"PRCP":[0.029999997,0.029999997],"SLP":[1005.4,1005.63007],"SNDP":[0,0],"STP":[1006.2101,1006.2001],"TEMP":[0.26,0.24000001],"VISIB":[12.85,12.7699995],"WDSP":[13.81,13.75],"WNDDIR":[199.1,197.7],"time":[1549364859,1549364917]}