{"CLDC":[3.2100003,3.02],"DEWP":[-4.2,-3.9599998],"FRSHTT":[0,0],"PRCP":[0,0],"SLP":[1024,1024],"SNDP":[0,0],"STP":[1019.45996,1019.47003],"TEMP":[3.02,2.96],"VISIB":[13.920001,14.68],"WDSP":[17.869999,16.32],"WNDDIR":[109.3,105.9],"time":[1549364859,1549364917]}