{"CLDC":[94.78999,94.83],"DEWP":[-7.1700006,-6.95],"FRSHTT":[100000,100000],"PRCP":[0.11,0.11],"SLP":[1020.19006,1020.2001],"SNDP":[0,0],"STP":[1013.9601,1013.8499],"TEMP":[0.35999998,0.32999998],"VISIB":[11.320002,11.119999],"WDSP":[8.45,8.16],"WNDDIR":[94.4,95.9],"time":[1549364859,1549364917]}