{"CLDC":[87.17,87.619995],"DEWP":[12.800001,12.800001],"FRSHTT":[100000,100000],"PRCP":[0.009999999,0.009999999],"SLP":[1019.19006,1019.14],"SNDP":[0,0],"STP":[1036.05,1036.0999],"TEMP":[15.119998,14.92],"VISIB":[12.070001,11.01],"WDSP":[15.509999,15.290001],"WNDDIR":[164.7,165.7],"time":[1549364859,1549364917]}