{"CLDC":[66.06],"DEWP":[-2.2999997],"FRSHTT":[100000],"PRCP":[0.07999999],"SLP":[1020.1],"SNDP":[0],"STP":[1019.7001],"TEMP":[2.72],"VISIB":[11.729999],"WDSP":[16.69],"WNDDIR":[155.4],"time":[1549364859]}