{"CLDC":[50.130005],"DEWP":[-7.6],"FRSHTT":[100000],"PRCP":[0.11],"SLP":[1020.2001],"SNDP":[0],"STP":[1017.2001],"TEMP":[0.5],"VISIB":[14.559999],"WDSP":[11.58],"WNDDIR":[219.1],"time":[1549364859]}