{"CLDC":[89.53999,89.490005],"DEWP":[-4.38,-4.4999995],"FRSHTT":[100000,100000],"PRCP":[0.11999999,0.11999999],"SLP":[1020.2999,1020.2999],"SNDP":[0,0],"STP":[1017.7001,1017.7001],"TEMP":[2.13,2.15],"VISIB":[10.43,10.049999],"WDSP":[11.110001,10.309999],"WNDDIR":[78.5,79.4],"time":[1549364859,1549364918]}