{"CLDC":[67.490005,67.689995],"DEWP":[-6.5,-6.3],"FRSHTT":[110000,110000],"PRCP":[0.11,0.11],"SLP":[1020.4,1020.4],"SNDP":[0.10000001,0.10000001],"STP":[1020.5,1020.6],"TEMP":[1,1],"VISIB":[10.599999,10.719999],"WDSP":[17.81,17.53],"WNDDIR":[172.2,171.3],"time":[1549364859,1549364918]}