{"CLDC":[57.27,57.129997],"DEWP":[-6.6800003,-6.6800003],"FRSHTT":[1110000,1110000],"PRCP":[0.44,0.44],"SLP":[1020.2999,1020.2999],"SNDP":[0.40000004,0.40000004],"STP":[1018.2899,1018.2001],"TEMP":[-0.10000001,-0.10000001],"VISIB":[13.74,13.139999],"WDSP":[17.47,19.85],"WNDDIR":[265.7,265],"time":[1549364859,1549364918]}