{"CLDC":[3.2100003],"DEWP":[-4.2],"FRSHTT":[0],"PRCP":[0],"SLP":[1024],"SNDP":[0],"STP":[1019.45996],"TEMP":[3.02],"VISIB":[13.920001],"WDSP":[17.869999],"WNDDIR":[109.3],"time":[1549364859]}