{"CLDC":[89.53999],"DEWP":[-4.38],"FRSHTT":[100000],"PRCP":[0.11999999],"SLP":[1020.2999],"SNDP":[0],"STP":[1017.7001],"TEMP":[2.13],"VISIB":[10.43],"WDSP":[11.110001],"WNDDIR":[78.5],"time":[1549364859]}