{"CLDC":[84.65001,84.979996],"DEWP":[-8.92,-8.660001],"FRSHTT":[1100000,1100000],"PRCP":[0.07,0.07],"SLP":[1020.5801,1020.54004],"SNDP":[0,0],"STP":[1004.7001,1004.7999],"TEMP":[-1.0500001,-1.05],"VISIB":[18.03,17.779999],"WDSP":[12.429999,13.19],"WNDDIR":[244.2,243.9],"time":[1549364859,1549364918]}