{"CLDC":[90.5,90.45],"DEWP":[-5.5199995,-5.2799997],"FRSHTT":[100000,100000],"PRCP":[0.10000001,0.10000001],"SLP":[1021.1,1021.1],"SNDP":[0,0],"STP":[1022.7899,1022.69006],"TEMP":[1.8999999,1.8999999],"VISIB":[12.66,12.32],"WDSP":[12.22,12.75],"WNDDIR":[279.4,279],"time":[1549364859,1549364918]}