{"CLDC":[90.39001,90.72],"DEWP":[-6.8000007,-6.78],"FRSHTT":[100000,100000],"PRCP":[0.15999998,0.15999998],"SLP":[1012.1,1012.1],"SNDP":[0,0],"STP":[1019.30994,1018.41003],"TEMP":[0.28000003,0.20000002],"VISIB":[12.24,12.34],"WDSP":[12.15,11.900001],"WNDDIR":[159.1,159.6],"time":[1549364859,1549364918]}