{"CLDC":[50.23],"DEWP":[-8.04],"FRSHTT":[1100000],"PRCP":[0.23999998],"SLP":[1019],"SNDP":[0],"STP":[1004.24005],"TEMP":[-0.63],"VISIB":[14.610001],"WDSP":[12.179999],"WNDDIR":[204.9],"time":[1549364859]}