{"CLDC":[50.23,50.570004],"DEWP":[-8.04,-7.78],"FRSHTT":[1100000,1100000],"PRCP":[0.23999998,0.23999998],"SLP":[1019,1019],"SNDP":[0,0],"STP":[1004.24005,1004.2101],"TEMP":[-0.63,-0.66999996],"VISIB":[14.610001,14.87],"WDSP":[12.179999,12.65],"WNDDIR":[204.9,205.2],"time":[1549364859,1549364918]}