{"CLDC":[66.75,67.4],"DEWP":[-6.200001,-6.4000006],"FRSHTT":[110000,110000],"PRCP":[0.27,0.27],"SLP":[1020.1,1020.2001],"SNDP":[0.20000002,0.20000002],"STP":[1019,1019],"TEMP":[0.59999996,0.59999996],"VISIB":[9.95,9.97],"WDSP":[13.530001,13.55],"WNDDIR":[353.5,352.6],"time":[1549364859,1549364918]}