{"CLDC":[95.67,95.74999],"DEWP":[-4.14,-3.78],"FRSHTT":[100000,100000],"PRCP":[0.10000001,0.10000001],"SLP":[1020.57,1020.6],"SNDP":[0,0],"STP":[1017.7699,1017.82996],"TEMP":[2.7000003,2.7000003],"VISIB":[12.430001,13.040001],"WDSP":[14.13,14.339999],"WNDDIR":[287.4,286.9],"time":[1549364859,1549364917]}