{"CLDC":[76.34001],"DEWP":[-7.55],"FRSHTT":[1110000],"PRCP":[0.33999997],"SLP":[1001.00995],"SNDP":[0.20000002],"STP":[999.2699],"TEMP":[-0.5],"VISIB":[12.65],"WDSP":[14.45],"WNDDIR":[300.9],"time":[1549364859]}