{"CLDC":[50.02,50.379997],"DEWP":[-0.04,0.20000002],"FRSHTT":[100000,100000],"PRCP":[0.10000001,0.10000001],"SLP":[1016.9,1016.9],"SNDP":[0,0],"STP":[1013.52,1013.13],"TEMP":[2.98,2.94],"VISIB":[9.5,9.139999],"WDSP":[14.17,14.2699995],"WNDDIR":[102.3,99.6],"time":[1549364856,1549364916]}