{"CLDC":[75.37001,75.69],"DEWP":[-5.7,-6.1200004],"FRSHTT":[100000,100000],"PRCP":[0.09000001,0.09000001],"SLP":[1020.9,1021],"SNDP":[0,0],"STP":[1019.0199,1019.0399],"TEMP":[2.3999999,2.3999999],"VISIB":[15.45,16.18],"WDSP":[13.629999,14.770001],"WNDDIR":[27.5,27.7],"time":[1549364859,1549364917]}