{"CLDC":[24.879997,25.070004],"DEWP":[-5.54,-5.54],"FRSHTT":[0,0],"PRCP":[0,0],"SLP":[984.61005,984.7499],"SNDP":[0,0],"STP":[987.58997,987.50995],"TEMP":[2.1799998,2.16],"VISIB":[14.270001,13.780001],"WDSP":[15.99,14.63],"WNDDIR":[343.2,345],"time":[1549364859,1549364917]}