{"CLDC":[50.090004],"DEWP":[-8.820001],"FRSHTT":[1100000],"PRCP":[0.059999995],"SLP":[1022.2001],"SNDP":[0],"STP":[1021.36993],"TEMP":[-0.05],"VISIB":[13.31],"WDSP":[10.52],"WNDDIR":[247.7],"time":[1549364860]}