{"CLDC":[85.87001],"DEWP":[-9.140001],"FRSHTT":[1000000],"PRCP":[0],"SLP":[1020.68],"SNDP":[0],"STP":[1014.58997],"TEMP":[-0.55],"VISIB":[15.039999],"WDSP":[10.14],"WNDDIR":[7.6],"time":[1549364860]}