{"CLDC":[0.7600001],"DEWP":[-15.15],"FRSHTT":[0],"PRCP":[0],"SLP":[998.5],"SNDP":[0],"STP":[986.15],"TEMP":[1.9199998],"VISIB":[16.039999],"WDSP":[4.49],"WNDDIR":[345],"time":[1549364860]}