{"CLDC":[79.40001,79.52],"DEWP":[-9.12,-9.4],"FRSHTT":[1100000,1100000],"PRCP":[0.07,0.07],"SLP":[1020.1,1020],"SNDP":[0,0],"STP":[1014.05,1014.25995],"TEMP":[-0.020000001,-0.02],"VISIB":[19.54,19.71],"WDSP":[9.790001,8.639999],"WNDDIR":[293.4,294.5],"time":[1549364860,1549364918]}