{"CLDC":[33.840004],"DEWP":[-9.929999],"FRSHTT":[0],"PRCP":[0],"SLP":[1003.38],"SNDP":[0],"STP":[1002.57996],"TEMP":[0.18],"VISIB":[21.85],"WDSP":[11.729999],"WNDDIR":[117.6],"time":[1549364860]}