{"CLDC":[14.24,14.159999],"DEWP":[-1.2,-2],"FRSHTT":[0,0],"PRCP":[0,0],"SLP":[985.25995,985.6],"SNDP":[0,0],"STP":[994.5399,995.2899],"TEMP":[1.85,2.0000002],"VISIB":[14.35,14.530001],"WDSP":[9.889999,9.99],"WNDDIR":[72.4,69],"time":[1549364860,1549364918]}