{"CLDC":[50.220005],"DEWP":[-7.7399993],"FRSHTT":[100000],"PRCP":[0.07999999],"SLP":[1021.6],"SNDP":[0],"STP":[1021.33997],"TEMP":[0.26000002],"VISIB":[15.3],"WDSP":[12.289999],"WNDDIR":[126.6],"time":[1549364860]}