{"CLDC":[96.5,96.49],"DEWP":[-8.8,-8.66],"FRSHTT":[100000,100000],"PRCP":[0.050000004,0.050000004],"SLP":[1022.2999,1022.2999],"SNDP":[0,0],"STP":[1027.53,1027.9199],"TEMP":[0.62,0.62],"VISIB":[15.35,15.31],"WDSP":[8.390001,8.83],"WNDDIR":[128.7,130.4],"time":[1549364860,1549364918]}