{"CLDC":[60.180004],"DEWP":[-11.710001],"FRSHTT":[100000],"PRCP":[0.13],"SLP":[1022.7799],"SNDP":[0],"STP":[1018.32996],"TEMP":[0.16000001],"VISIB":[16.110003],"WDSP":[10.569999],"WNDDIR":[282],"time":[1549364860]}