{"CLDC":[58.4],"DEWP":[-9.679998],"FRSHTT":[1100000],"PRCP":[0.009999999],"SLP":[1025.53],"SNDP":[0],"STP":[1018.64],"TEMP":[-1.3999999],"VISIB":[13.83],"WDSP":[8.389999],"WNDDIR":[207.1],"time":[1549364860]}