{"CLDC":[60.180004,60.24],"DEWP":[-11.710001,-11.839999],"FRSHTT":[100000,100000],"PRCP":[0.13,0.13],"SLP":[1022.7799,1022.61],"SNDP":[0,0],"STP":[1018.32996,1018.39],"TEMP":[0.16000001,0.120000005],"VISIB":[16.110003,16.23],"WDSP":[10.569999,10.629999],"WNDDIR":[282,280.8],"time":[1549364860,1549364918]}