{"CLDC":[81.649994,81.649994],"DEWP":[-12.219999,-11.659999],"FRSHTT":[1100000,1100000],"PRCP":[0.059999995,0.063],"SLP":[1021.45996,1021.49005],"SNDP":[0,0],"STP":[1027.3099,1027.2999],"TEMP":[-0.52,-0.52],"VISIB":[13.93,13.860001],"WDSP":[10.950001,10.39],"WNDDIR":[137.8,136.4],"time":[1549364860,1549364918]}