{"CLDC":[86.840004,87.21],"DEWP":[-9.7,-9.820001],"FRSHTT":[1000000,1000000],"PRCP":[0,0],"SLP":[969.77997,969.43994],"SNDP":[0,0],"STP":[973.08997,973.1],"TEMP":[-1.14,-1.1500001],"VISIB":[16.18,16.11],"WDSP":[13.910001,14.320002],"WNDDIR":[146.4,147.9],"time":[1549364860,1549364918]}