{"CLDC":[78.990005,78.89001],"DEWP":[-7.5,-7.7],"FRSHTT":[100000,100000],"PRCP":[0.009999999,0.009999999],"SLP":[1012.11,1012.07],"SNDP":[0,0],"STP":[996.82996,996.9],"TEMP":[0.9999999,0.94000006],"VISIB":[19.949999,20.310001],"WDSP":[14.0199995,14.7699995],"WNDDIR":[155.2,153.8],"time":[1549364860,1549364918]}