{"CLDC":[90.240005],"DEWP":[-7.6999993],"FRSHTT":[1110000],"PRCP":[0.11],"SLP":[1020.6],"SNDP":[0.40000004],"STP":[964.7799],"TEMP":[-1.95],"VISIB":[16.74],"WDSP":[10.820001],"WNDDIR":[143],"time":[1549364860]}