{"CLDC":[78.619995,79.09],"DEWP":[-8.08,-7.69],"FRSHTT":[1100000,1100000],"PRCP":[0.14999999,0.14999999],"SLP":[1020.9,1020.9],"SNDP":[0,0],"STP":[993.7001,993.7001],"TEMP":[0.060000002,0.080000006],"VISIB":[15.08,15.139999],"WDSP":[12.22,12.059999],"WNDDIR":[26.9,21.2],"time":[1549364860,1549364918]}