{"CLDC":[14.24],"DEWP":[-1.2],"FRSHTT":[0],"PRCP":[0],"SLP":[985.25995],"SNDP":[0],"STP":[994.5399],"TEMP":[1.85],"VISIB":[14.35],"WDSP":[9.889999],"WNDDIR":[72.4],"time":[1549364860]}