{"CLDC":[58.4,58.1],"DEWP":[-9.679998,-9.679999],"FRSHTT":[1100000,1100000],"PRCP":[0.009999999,0.009999999],"SLP":[1025.53,1025.63],"SNDP":[0,0],"STP":[1018.64,1018.99005],"TEMP":[-1.3999999,-1.3999999],"VISIB":[13.83,13.860001],"WDSP":[8.389999,8.99],"WNDDIR":[207.1,208.7],"time":[1549364860,1549364918]}