{"CLDC":[65.18,65.52],"DEWP":[-9.1,-9.380001],"FRSHTT":[100000,100000],"PRCP":[0.029999997,0.029999997],"SLP":[1022.32996,1022.41003],"SNDP":[0,0],"STP":[1028.87,1029.0599],"TEMP":[1.2799999,1.3399999],"VISIB":[14.659999,15.139999],"WDSP":[11.91,12.33],"WNDDIR":[198.6,196.5],"time":[1549364860,1549364918]}