{"CLDC":[50.389996,50.510002],"DEWP":[-11.05,-10.6],"FRSHTT":[1100000,1100000],"PRCP":[0.059999995,0.063],"SLP":[1021.5,1021.5],"SNDP":[0,0],"STP":[1037.0599,1036.39],"TEMP":[0.04,0.05],"VISIB":[14.179998,14.12],"WDSP":[9.400001,8.8],"WNDDIR":[325.6,325],"time":[1549364860,1549364918]}