{"CLDC":[65.18],"DEWP":[-9.1],"FRSHTT":[100000],"PRCP":[0.029999997],"SLP":[1022.32996],"SNDP":[0],"STP":[1028.87],"TEMP":[1.2799999],"VISIB":[14.659999],"WDSP":[11.91],"WNDDIR":[198.6],"time":[1549364860]}