{"CLDC":[33.840004,34.399998],"DEWP":[-9.929999,-9.929999],"FRSHTT":[0,0],"PRCP":[0,0],"SLP":[1003.38,1002.86993],"SNDP":[0,0],"STP":[1002.57996,1002.5],"TEMP":[0.18,0.24000001],"VISIB":[21.85,22.03],"WDSP":[11.729999,10.880001],"WNDDIR":[117.6,112.2],"time":[1549364860,1549364918]}