{"CLDC":[50.090004,50.010002],"DEWP":[-9.25,-9.38],"FRSHTT":[1100000,1100000],"PRCP":[0.07999999,0.07999999],"SLP":[1020.2001,1020.2001],"SNDP":[0,0],"STP":[1022.81995,1022.85],"TEMP":[-0.35000002,-0.34],"VISIB":[20.060001,19.469997],"WDSP":[9.030001,8.500001],"WNDDIR":[184.1,182.5],"time":[1549364860,1549364918]}