{"CLDC":[50.090004],"DEWP":[-9.25],"FRSHTT":[1100000],"PRCP":[0.07999999],"SLP":[1020.2001],"SNDP":[0],"STP":[1022.81995],"TEMP":[-0.35000002],"VISIB":[20.060001],"WDSP":[9.030001],"WNDDIR":[184.1],"time":[1549364860]}