{"CLDC":[50.02,50.010002],"DEWP":[-9.499998,-9.78],"FRSHTT":[1110000,1110000],"PRCP":[0.14,0.14],"SLP":[1021.2999,1021.37],"SNDP":[0.6999999,0.6999999],"STP":[1009.4,1009.14],"TEMP":[-3,-3],"VISIB":[16.6,16.34],"WDSP":[7.7699995,8.34],"WNDDIR":[63.9,63.6],"time":[1549364860,1549364918]}