{"CLDC":[95.16,94.84999],"DEWP":[-2.3400002,-2.37],"FRSHTT":[1000000,1000000],"PRCP":[0,0],"SLP":[975.88,977.09],"SNDP":[0,0],"STP":[984.82,984.65],"TEMP":[-2.25,-2.24],"VISIB":[9.03,7.6800003],"WDSP":[11.059999,10.84],"WNDDIR":[219.5,218.5],"time":[1549364860,1549364918]}