{"CLDC":[88.33],"DEWP":[0.039999984],"FRSHTT":[0],"PRCP":[0],"SLP":[1033.75],"SNDP":[0],"STP":[1002.25],"TEMP":[2.0000002],"VISIB":[13.55],"WDSP":[15.33],"WNDDIR":[337.1],"time":[1549364860]}