{"CLDC":[68.450005],"DEWP":[-7.5999994],"FRSHTT":[100000],"PRCP":[0.11999999],"SLP":[1015.6],"SNDP":[0],"STP":[1015.7899],"TEMP":[0.48000002],"VISIB":[15.169998],"WDSP":[11.7300005],"WNDDIR":[244.4],"time":[1549364860]}