{"CLDC":[73.37001,73.05],"DEWP":[-13.3,-13.219999],"FRSHTT":[0,0],"PRCP":[0,0],"SLP":[1015,1015.2399],"SNDP":[0,0],"STP":[1004.82,1004.29004],"TEMP":[1.1,1.06],"VISIB":[15.7699995,15.88],"WDSP":[8.67,8.35],"WNDDIR":[66.9,63.9],"time":[1549364860,1549364918]}