{"CLDC":[80.799995],"DEWP":[-7.749999],"FRSHTT":[100000],"PRCP":[0.029999997],"SLP":[1022.13],"SNDP":[0],"STP":[1022.68005],"TEMP":[0.82],"VISIB":[12.550001],"WDSP":[13.62],"WNDDIR":[298.1],"time":[1549364860]}