{"CLDC":[88.33,88.19],"DEWP":[0.039999984,-0.2],"FRSHTT":[0,0],"PRCP":[0,0],"SLP":[1033.75,1031.1199],"SNDP":[0,0],"STP":[1002.25,1003.1],"TEMP":[2.0000002,2.1200001],"VISIB":[13.55,13.44],"WDSP":[15.33,15.33],"WNDDIR":[337.1,337.5],"time":[1549364860,1549364918]}