{"CLDC":[50.1],"DEWP":[-10.6],"FRSHTT":[1100000],"PRCP":[0.059999995],"SLP":[1026],"SNDP":[0],"STP":[1021.93],"TEMP":[-0.63],"VISIB":[13.910001],"WDSP":[9.969999],"WNDDIR":[277.8],"time":[1549364860]}