{"CLDC":[50.04,50.210007],"DEWP":[-1.02,-0.66],"FRSHTT":[100000,100000],"PRCP":[0.10000001,0.10000001],"SLP":[1020.7001,1020.6],"SNDP":[0,0],"STP":[1020.5,1020.45],"TEMP":[5.2,5.1600003],"VISIB":[13.45,13.470001],"WDSP":[16.210001,15.390001],"WNDDIR":[50.5,53.3],"time":[1549364860,1549364918]}