{"CLDC":[80.94,81.17999],"DEWP":[-9.15,-9.410001],"FRSHTT":[1100000,1100000],"PRCP":[0.11999999,0.11999999],"SLP":[1020.7001,1020.7999],"SNDP":[0,0],"STP":[993.94006,993.88],"TEMP":[-0.35,-0.34],"VISIB":[17.279999,16.93],"WDSP":[12.0199995,12.76],"WNDDIR":[133.3,129.6],"time":[1549364860,1549364918]}