{"CLDC":[86.840004],"DEWP":[-9.7],"FRSHTT":[1000000],"PRCP":[0],"SLP":[969.77997],"SNDP":[0],"STP":[973.08997],"TEMP":[-1.14],"VISIB":[16.18],"WDSP":[13.910001],"WNDDIR":[146.4],"time":[1549364860]}