{"CLDC":[50.090004,50.35],"DEWP":[-8.820001,-8.960001],"FRSHTT":[1100000,1100000],"PRCP":[0.059999995,0.063],"SLP":[1022.2001,1022.2001],"SNDP":[0,0],"STP":[1021.36993,1021.77],"TEMP":[-0.05,-0.060000002],"VISIB":[13.31,13.2],"WDSP":[10.52,10.51],"WNDDIR":[247.7,248.8],"time":[1549364860,1549364918]}