{"CLDC":[96.5],"DEWP":[-8.8],"FRSHTT":[100000],"PRCP":[0.050000004],"SLP":[1022.2999],"SNDP":[0],"STP":[1027.53],"TEMP":[0.62],"VISIB":[15.35],"WDSP":[8.390001],"WNDDIR":[128.7],"time":[1549364860]}