{"CLDC":[55.670002,55.73],"DEWP":[-6.1499996,-6.04],"FRSHTT":[1110000,1110000],"PRCP":[0.07,0.07],"SLP":[1020.2999,1020.2899],"SNDP":[0.10000001,0.10000001],"STP":[986.41003,986.44006],"TEMP":[-0.36000004,-0.33],"VISIB":[16.39,15.929998],"WDSP":[10.99,10.669999],"WNDDIR":[218.6,215.7],"time":[1549364860,1549364918]}