{"CLDC":[50.11],"DEWP":[-7.350001],"FRSHTT":[1110000],"PRCP":[0.07999999],"SLP":[1022.15],"SNDP":[0.29999998],"STP":[999.4],"TEMP":[-1.14],"VISIB":[15.51],"WDSP":[13.700002],"WNDDIR":[14.9],"time":[1549364860]}