{"CLDC":[78.67,78.509995],"DEWP":[-6.32,-6.1899996],"FRSHTT":[0,0],"PRCP":[0,0],"SLP":[1005.66003,1005.65],"SNDP":[0,0],"STP":[1001.83997,1001.7699],"TEMP":[0.25,0.25],"VISIB":[13.969999,13.56],"WDSP":[9.68,9.03],"WNDDIR":[111.1,115],"time":[1549364860,1549364918]}