{"CLDC":[78.67],"DEWP":[-6.32],"FRSHTT":[0],"PRCP":[0],"SLP":[1005.66003],"SNDP":[0],"STP":[1001.83997],"TEMP":[0.25],"VISIB":[13.969999],"WDSP":[9.68],"WNDDIR":[111.1],"time":[1549364860]}