{"CLDC":[50.050003,50.39],"DEWP":[-5.9600005,-5.7400002],"FRSHTT":[100000,100000],"PRCP":[0.10000001,0.10000001],"SLP":[1021.65,1021.7001],"SNDP":[0,0],"STP":[1022.7001,1023],"TEMP":[0.24000001,0.25000003],"VISIB":[13.609999,14.07],"WDSP":[11.690001,11.1],"WNDDIR":[352.3,354.2],"time":[1549364860,1549364918]}