{"CLDC":[50.160004],"DEWP":[-8.910001],"FRSHTT":[1100000],"PRCP":[0.009999999],"SLP":[1019.91003],"SNDP":[0],"STP":[1003.68005],"TEMP":[-0.24000001],"VISIB":[14.839999],"WDSP":[7.7699995],"WNDDIR":[113.5],"time":[1549364860]}