{"CLDC":[59.910004],"DEWP":[-7.799999],"FRSHTT":[1110000],"PRCP":[0.09000001],"SLP":[1021.39],"SNDP":[0.8000001],"STP":[1022.6],"TEMP":[-2.3999999],"VISIB":[13.229999],"WDSP":[10.469999],"WNDDIR":[216.8],"time":[1549364860]}