{"CLDC":[59.910004,59.859997],"DEWP":[-7.799999,-7.299999],"FRSHTT":[1110000,1110000],"PRCP":[0.09000001,0.09000001],"SLP":[1021.39,1021.4],"SNDP":[0.8000001,0.8000001],"STP":[1022.6,1022.58997],"TEMP":[-2.3999999,-2.3999999],"VISIB":[13.229999,13.280001],"WDSP":[10.469999,10.19],"WNDDIR":[216.8,218.1],"time":[1549364860,1549364918]}