{"CLDC":[7.880001],"DEWP":[-8.960001],"FRSHTT":[1000000],"PRCP":[0],"SLP":[1024.8601],"SNDP":[0],"STP":[1031.2999],"TEMP":[-1.1999999],"VISIB":[14.199999],"WDSP":[6.12],"WNDDIR":[344.6],"time":[1549364860]}