{"CLDC":[50.03,50.090004],"DEWP":[-7.25,-7.25],"FRSHTT":[1110000,1110000],"PRCP":[0.16999999,0.16999999],"SLP":[1021.6901,1021.7001],"SNDP":[0.10000001,0.10000001],"STP":[998.8499,998.9],"TEMP":[-0.53999996,-0.52],"VISIB":[17.619999,17.429998],"WDSP":[10.249999,9.73],"WNDDIR":[192,195.6],"time":[1549364860,1549364918]}