{"CLDC":[72.36,72.11],"DEWP":[-5.34,-5.25],"FRSHTT":[1110000,1110000],"PRCP":[0.13,0.13],"SLP":[1022.2001,1022.2001],"SNDP":[0.10000001,0.10000001],"STP":[1011.5,1011.5],"TEMP":[0.080000006,0.04],"VISIB":[9.41,9.259999],"WDSP":[10.04,9.460001],"WNDDIR":[304.4,310.1],"time":[1549364860,1549364918]}