{"CLDC":[72.93],"DEWP":[-10.35],"FRSHTT":[100000],"PRCP":[0.19000001],"SLP":[1002.06006],"SNDP":[0],"STP":[1012.63],"TEMP":[1.4599998],"VISIB":[15.139999],"WDSP":[10.129999],"WNDDIR":[23],"time":[1549364860]}