{"CLDC":[96.28999],"DEWP":[-7.5800004],"FRSHTT":[1100000],"PRCP":[0.13],"SLP":[1021.15],"SNDP":[0],"STP":[1011.4],"TEMP":[-0.25],"VISIB":[14.759999],"WDSP":[12.469999],"WNDDIR":[335],"time":[1549364860]}