{"CLDC":[63.9],"DEWP":[-5.7],"FRSHTT":[1110000],"PRCP":[0.11999999],"SLP":[1022.4],"SNDP":[0.20000002],"STP":[1025.89],"TEMP":[-0.40000004],"VISIB":[16.03],"WDSP":[14.2699995],"WNDDIR":[222],"time":[1549364860]}