{"CLDC":[97.04,96.86],"DEWP":[-3.36,-3.2699997],"FRSHTT":[100000,100000],"PRCP":[0.19000001,0.19000001],"SLP":[1018.55,1018.42004],"SNDP":[0,0],"STP":[1007.94006,1007.97003],"TEMP":[1.2299999,1.24],"VISIB":[8.950001,8.99],"WDSP":[14.44,14.3],"WNDDIR":[283.9,282.5],"time":[1549364860,1549364918]}