{"CLDC":[53.230003,53.28],"DEWP":[-5.2400007,-5.2400007],"FRSHTT":[100000,100000],"PRCP":[0.039999995,0.039999995],"SLP":[1018.6,1018.6],"SNDP":[0,0],"STP":[1029.7101,1029.0701],"TEMP":[0.20000002,0.16],"VISIB":[14.469999,14.56],"WDSP":[10.860001,10.92],"WNDDIR":[202,202.9],"time":[1549364860,1549364918]}