{"CLDC":[63.9,64.24],"DEWP":[-5.7,-5.7],"FRSHTT":[1110000,1110000],"PRCP":[0.11999999,0.11999999],"SLP":[1022.4,1022.5],"SNDP":[0.20000002,0.20000002],"STP":[1025.89,1025.7599],"TEMP":[-0.40000004,-0.40000004],"VISIB":[16.03,15.8],"WDSP":[14.2699995,13.76],"WNDDIR":[222,220.9],"time":[1549364860,1549364918]}