{"CLDC":[50.160004],"DEWP":[-5.84],"FRSHTT":[1100000],"PRCP":[0.07],"SLP":[1005.2001],"SNDP":[0],"STP":[1007.87],"TEMP":[-0.34],"VISIB":[14.539999],"WDSP":[13.94],"WNDDIR":[288.8],"time":[1549364860]}