{"CLDC":[50.160004,50.200005],"DEWP":[-5.84,-5.66],"FRSHTT":[1100000,1100000],"PRCP":[0.07,0.07],"SLP":[1005.2001,1005.3099],"SNDP":[0,0],"STP":[1007.87,1007.99005],"TEMP":[-0.34,-0.35],"VISIB":[14.539999,14.4800005],"WDSP":[13.94,14.709999],"WNDDIR":[288.8,291.8],"time":[1549364860,1549364918]}