{"CLDC":[50.04],"DEWP":[-5.899999],"FRSHTT":[1100000],"PRCP":[0.059999995],"SLP":[1023],"SNDP":[0],"STP":[1023.7001],"TEMP":[-0.6999999],"VISIB":[13.030001],"WDSP":[14.57],"WNDDIR":[350.8],"time":[1549364861]}