{"CLDC":[50.140003],"DEWP":[-5.9999995],"FRSHTT":[1100000],"PRCP":[0.21000001],"SLP":[996.1501],"SNDP":[0],"STP":[1008.61],"TEMP":[-0.56],"VISIB":[31.679998],"WDSP":[12.890001],"WNDDIR":[253.9],"time":[1549364861]}