{"CLDC":[0.46000004],"DEWP":[-8.35],"FRSHTT":[1000000],"PRCP":[0],"SLP":[1000.5801],"SNDP":[0],"STP":[992.68],"TEMP":[-0.7299999],"VISIB":[11.129999],"WDSP":[14.729999],"WNDDIR":[16.4],"time":[1549364861]}