{"CLDC":[61.07],"DEWP":[-5.1000004],"FRSHTT":[110000],"PRCP":[0.07],"SLP":[1020.7699],"SNDP":[0.10000001],"STP":[1013.72003],"TEMP":[0.82000005],"VISIB":[15.820002],"WDSP":[10.35],"WNDDIR":[38.5],"time":[1549364861]}