{"CLDC":[82.14],"DEWP":[-5.2200003],"FRSHTT":[100000],"PRCP":[0.19000001],"SLP":[1017.38],"SNDP":[0],"STP":[1014.4],"TEMP":[0.4],"VISIB":[13.51],"WDSP":[11.36],"WNDDIR":[260.1],"time":[1549364861]}