{"CLDC":[50.140003,50.379997],"DEWP":[-5.9999995,-6],"FRSHTT":[1100000,1100000],"PRCP":[0.21000001,0.21000001],"SLP":[996.1501,996.75],"SNDP":[0,0],"STP":[1008.61,1008.88],"TEMP":[-0.56,-0.56],"VISIB":[31.679998,31.02],"WDSP":[12.890001,11.910002],"WNDDIR":[253.9,256.9],"time":[1549364861,1549364918]}