{"CLDC":[95.229996,94.92],"DEWP":[-7.9,-7.3],"FRSHTT":[0,0],"PRCP":[0,0],"SLP":[977.4199,977.2],"SNDP":[0,0],"STP":[983.91,984.58997],"TEMP":[0.4,0.38],"VISIB":[15.460001,15.24],"WDSP":[10.759999,10.33],"WNDDIR":[77.1,80.4],"time":[1549364861,1549364918]}