{"CLDC":[54.349995,54.230003],"DEWP":[-7.5799994,-7.06],"FRSHTT":[0,0],"PRCP":[0,0],"SLP":[991.82,991.25],"SNDP":[0,0],"STP":[998.5101,998.75],"TEMP":[1.28,1.28],"VISIB":[15.089999,15.239998],"WDSP":[12.790001,12.27],"WNDDIR":[307.6,309.2],"time":[1549364861,1549364918]}