{"CLDC":[79.56999,79.509995],"DEWP":[-5.7,-5.7999997],"FRSHTT":[100000,100000],"PRCP":[0.11999999,0.11999999],"SLP":[1021.8099,1021.7999],"SNDP":[0,0],"STP":[1019.68,1019.86993],"TEMP":[1.0600001,1.0799999],"VISIB":[11.9800005,11.820001],"WDSP":[12.400001,12.289999],"WNDDIR":[49.3,49.7],"time":[1549364861,1549364918]}