{"CLDC":[50.050003,50.060005],"DEWP":[-4.55,-4.46],"FRSHTT":[110000,110000],"PRCP":[0.07999999,0.07999999],"SLP":[1020.9,1020.80994],"SNDP":[0.29999998,0.29999998],"STP":[1015.9,1015.9],"TEMP":[0.07000001,0.07000001],"VISIB":[16.28,15.770001],"WDSP":[13.69,13.079999],"WNDDIR":[57.8,58.2],"time":[1549364861,1549364918]}