{"CLDC":[88.18,88.43001],"DEWP":[-5.16,-4.89],"FRSHTT":[1110000,1110000],"PRCP":[0.13,0.13],"SLP":[1024.2999,1024.2001],"SNDP":[0.29999998,0.29999998],"STP":[1014.2999,1014.2999],"TEMP":[-0.26,-0.24000001],"VISIB":[13.55,13.6],"WDSP":[16.420002,17.85],"WNDDIR":[262.1,260.1],"time":[1549364861,1549364918]}