{"CLDC":[13.790001],"DEWP":[-4.73],"FRSHTT":[0],"PRCP":[0],"SLP":[1022.64],"SNDP":[0],"STP":[1024.73],"TEMP":[1.0999999],"VISIB":[14.81],"WDSP":[9.400001],"WNDDIR":[26.5],"time":[1549364861]}