{"CLDC":[79.08999,79.009995],"DEWP":[3.9500003,3.75],"FRSHTT":[0,0],"PRCP":[0,0],"SLP":[999.61,999.89],"SNDP":[0,0],"STP":[985.5801,985.32996],"TEMP":[6.9900002,7.0799994],"VISIB":[15.9,15.940001],"WDSP":[16.470001,16.869999],"WNDDIR":[244.3,240.4],"time":[1549364861,1549364918]}