{"CLDC":[79.82],"DEWP":[-7.94],"FRSHTT":[1100000],"PRCP":[0.14999999],"SLP":[1020],"SNDP":[0],"STP":[1022.61005],"TEMP":[-0.36],"VISIB":[12.910001],"WDSP":[10.539999],"WNDDIR":[216.1],"time":[1549364861]}