{"CLDC":[82.14,82.700005],"DEWP":[-5.2200003,-5.1000004],"FRSHTT":[100000,100000],"PRCP":[0.19000001,0.193],"SLP":[1017.38,1017.65],"SNDP":[0,0],"STP":[1014.4,1014.4],"TEMP":[0.4,0.43999997],"VISIB":[13.51,13.26],"WDSP":[11.36,10.25],"WNDDIR":[260.1,259],"time":[1549364861,1549364918]}