{"CLDC":[54.349995],"DEWP":[-7.5799994],"FRSHTT":[0],"PRCP":[0],"SLP":[991.82],"SNDP":[0],"STP":[998.5101],"TEMP":[1.28],"VISIB":[15.089999],"WDSP":[12.790001],"WNDDIR":[307.6],"time":[1549364861]}