{"CLDC":[90.78001,90.450005],"DEWP":[-6.6,-6.6],"FRSHTT":[1100000,1100000],"PRCP":[0.40000004,0.40000004],"SLP":[1020.4,1020.2999],"SNDP":[0,0],"STP":[1022.0101,1022.09],"TEMP":[-0.16000001,-0.120000005],"VISIB":[13.38,13.589999],"WDSP":[9.78,9.790001],"WNDDIR":[292.3,289.6],"time":[1549364861,1549364918]}