{"CLDC":[10.65,10.450001],"DEWP":[-3.6800003,-3.6799998],"FRSHTT":[0,0],"PRCP":[0,0],"SLP":[1014.2201,1014],"SNDP":[0,0],"STP":[1005.02,1005.0001],"TEMP":[3.8200002,3.7800002],"VISIB":[15.730001,16.03],"WDSP":[18.31,18.060001],"WNDDIR":[262.1,261],"time":[1549364861,1549364918]}