{"CLDC":[79.56999],"DEWP":[-5.7],"FRSHTT":[100000],"PRCP":[0.11999999],"SLP":[1021.8099],"SNDP":[0],"STP":[1019.68],"TEMP":[1.0600001],"VISIB":[11.9800005],"WDSP":[12.400001],"WNDDIR":[49.3],"time":[1549364861]}