{"CLDC":[90.78001],"DEWP":[-6.6],"FRSHTT":[1100000],"PRCP":[0.40000004],"SLP":[1020.4],"SNDP":[0],"STP":[1022.0101],"TEMP":[-0.16000001],"VISIB":[13.38],"WDSP":[9.78],"WNDDIR":[292.3],"time":[1549364861]}