{"CLDC":[80.93001,80.770004],"DEWP":[-5.8199997,-5.8199997],"FRSHTT":[1110000,1110000],"PRCP":[0.059999995,0.059999995],"SLP":[1020.68,1020.7001],"SNDP":[0.10000001,0.10000001],"STP":[1003.7999,1003.7999],"TEMP":[-0.16000001,-0.17000002],"VISIB":[20.19,19.170002],"WDSP":[13.95,14.19],"WNDDIR":[253.2,256.8],"time":[1549364861,1549364918]}