{"CLDC":[94.41001],"DEWP":[-5.58],"FRSHTT":[1000000],"PRCP":[0],"SLP":[993.50995],"SNDP":[0],"STP":[977.59],"TEMP":[-2.66],"VISIB":[10.11],"WDSP":[22.15],"WNDDIR":[168.5],"time":[1549364861]}