{"CLDC":[50.05,50.140003],"DEWP":[-8.960001,-9.070001],"FRSHTT":[1110000,1110000],"PRCP":[0.07999999,0.07999999],"SLP":[1023,1023],"SNDP":[0.20000002,0.20000002],"STP":[1023.7999,1023.9],"TEMP":[-2.7000003,-2.7000003],"VISIB":[14.76,14.55],"WDSP":[15.289999,15.410001],"WNDDIR":[282.3,279.3],"time":[1549364861,1549364918]}