{"CLDC":[10.65],"DEWP":[-3.6800003],"FRSHTT":[0],"PRCP":[0],"SLP":[1014.2201],"SNDP":[0],"STP":[1005.02],"TEMP":[3.8200002],"VISIB":[15.730001],"WDSP":[18.31],"WNDDIR":[262.1],"time":[1549364861]}