{"CLDC":[50],"DEWP":[-4.2999997],"FRSHTT":[100000],"PRCP":[0.07],"SLP":[1009.42004],"SNDP":[0],"STP":[1009.2999],"TEMP":[1.26],"VISIB":[16.27],"WDSP":[14.85],"WNDDIR":[140.1],"time":[1549364861]}