{"CLDC":[61.07,60.989998],"DEWP":[-5.1000004,-5.1000004],"FRSHTT":[110000,110000],"PRCP":[0.07,0.07],"SLP":[1020.7699,1020.7999],"SNDP":[0.10000001,0.10000001],"STP":[1013.72003,1013.7999],"TEMP":[0.82000005,0.75999993],"VISIB":[15.820002,16.189999],"WDSP":[10.35,9.66],"WNDDIR":[38.5,37.1],"time":[1549364861,1549364918]}