{"CLDC":[52.090004],"DEWP":[-8.500001],"FRSHTT":[1000000],"PRCP":[0],"SLP":[993.72003],"SNDP":[0],"STP":[995.65],"TEMP":[-0.5],"VISIB":[14.750002],"WDSP":[12.429999],"WNDDIR":[236.6],"time":[1549364861]}