{"CLDC":[50.570004],"DEWP":[-6.9],"FRSHTT":[100000],"PRCP":[0.10000001],"SLP":[1012.9],"SNDP":[0],"STP":[1011.45],"TEMP":[0.91999996],"VISIB":[19.27],"WDSP":[13.030001],"WNDDIR":[136.7],"time":[1549364861]}