{"CLDC":[50.140003,50.080006],"DEWP":[-7.1400003,-7.1400003],"FRSHTT":[1110000,1110000],"PRCP":[0.050000004,0.050000004],"SLP":[1019.7101,1019.7899],"SNDP":[0.20000002,0.20000002],"STP":[1016.6,1016.6],"TEMP":[-1.8999999,-1.8999999],"VISIB":[14.719999,14.840001],"WDSP":[13.81,13.440001],"WNDDIR":[168.7,167.1],"time":[1549364861,1549364918]}