{"CLDC":[50.570004,50.289993],"DEWP":[-6.9,-6.8],"FRSHTT":[100000,100000],"PRCP":[0.10000001,0.10000001],"SLP":[1012.9,1012.8099],"SNDP":[0,0],"STP":[1011.45,1011.57],"TEMP":[0.91999996,0.8800001],"VISIB":[19.27,18.630001],"WDSP":[13.030001,13.350001],"WNDDIR":[136.7,138.5],"time":[1549364861,1549364918]}