{"CLDC":[79.82,79.990005],"DEWP":[-7.94,-7.7599998],"FRSHTT":[1100000,1100000],"PRCP":[0.14999999,0.14999999],"SLP":[1020,1020],"SNDP":[0,0],"STP":[1022.61005,1023.7001],"TEMP":[-0.36,-0.37000006],"VISIB":[12.910001,13.219999],"WDSP":[10.539999,11.11],"WNDDIR":[216.1,217.2],"time":[1549364861,1549364918]}