{"CLDC":[63.839996],"DEWP":[-9.599999],"FRSHTT":[0],"PRCP":[0],"SLP":[992.4],"SNDP":[0],"STP":[1000.7999],"TEMP":[0.08],"VISIB":[15.410001],"WDSP":[10.280001],"WNDDIR":[143.5],"time":[1549364861]}