{"CLDC":[50.050003,50.309994],"DEWP":[-2.8000004,-2.6000004],"FRSHTT":[100000,100000],"PRCP":[0.09000001,0.09000001],"SLP":[1016.5,1016.5],"SNDP":[0,0],"STP":[1017.86,1018.11],"TEMP":[1.3599999,1.24],"VISIB":[27.060001,27.52],"WDSP":[17.33,16.15],"WNDDIR":[56.7,50.8],"time":[1549364861,1549364919]}