{"CLDC":[58.670002,58.4],"DEWP":[-6.2799997,-6.1699996],"FRSHTT":[110000,110000],"PRCP":[0.07999999,0.07999999],"SLP":[1019.9,1019.9],"SNDP":[0.10000001,0.10000001],"STP":[997.41,997.7001],"TEMP":[0.35999998,0.36],"VISIB":[21.92,22.39],"WDSP":[16.820002,16.35],"WNDDIR":[55.6,53.8],"time":[1549364861,1549364919]}