{"CLDC":[50.050003],"DEWP":[-5.7900004],"FRSHTT":[100000],"PRCP":[0.029999997],"SLP":[1020.2999],"SNDP":[0],"STP":[984.5399],"TEMP":[0.35999998],"VISIB":[17.72],"WDSP":[19.31],"WNDDIR":[20.4],"time":[1549364861]}