{"CLDC":[50.03],"DEWP":[-6.63],"FRSHTT":[1110000],"PRCP":[0.059999995],"SLP":[1020.7999],"SNDP":[0.10000001],"STP":[996.2999],"TEMP":[-0.65],"VISIB":[16.439999],"WDSP":[15.76],"WNDDIR":[353.4],"time":[1549364861]}