{"CLDC":[50.469997,50.93],"DEWP":[-0.82,-0.96000004],"FRSHTT":[100000,100000],"PRCP":[0.07999999,0.07999999],"SLP":[1018.6701,1018.74005],"SNDP":[0,0],"STP":[1011.6,1011.62],"TEMP":[2.27,2.29],"VISIB":[8.659999,9.1],"WDSP":[11.699999,12.240001],"WNDDIR":[69,68.1],"time":[1549364856,1549364916]}