{"CLDC":[72.479996,72.28],"DEWP":[-7.4600005,-7.35],"FRSHTT":[1100000,1100000],"PRCP":[0.059999995,0.059999995],"SLP":[1010.2999,1010.2001],"SNDP":[0,0],"STP":[1008.77,1008.7],"TEMP":[-1.57,-1.5600001],"VISIB":[13.930002,13.870001],"WDSP":[11.320002,10.77],"WNDDIR":[302.5,306.5],"time":[1549364861,1549364919]}