{"CLDC":[90.990005],"DEWP":[-6.8],"FRSHTT":[1110000],"PRCP":[0.039999995],"SLP":[1021.2101],"SNDP":[0.40000004],"STP":[1006.4],"TEMP":[-1.1000001],"VISIB":[23.11],"WDSP":[14.95],"WNDDIR":[84],"time":[1549364861]}