{"CLDC":[92.08999],"DEWP":[-6.0999994],"FRSHTT":[1000000],"PRCP":[0],"SLP":[998.31995],"SNDP":[0],"STP":[995.69006],"TEMP":[-0.6999999],"VISIB":[13.530001],"WDSP":[18.61],"WNDDIR":[343.5],"time":[1549364861]}