{"CLDC":[50.080006,50.46],"DEWP":[-6.1000004,-6.2000003],"FRSHTT":[1100000,1100000],"PRCP":[0.07,0.07],"SLP":[1023.39,1023.4],"SNDP":[0,0],"STP":[1026.2001,1026.0999],"TEMP":[-0.060000002,-0.02],"VISIB":[15.67,15.67],"WDSP":[17.829998,17.39],"WNDDIR":[334,328.2],"time":[1549364861,1549364919]}