{"CLDC":[50.050003,50.240005],"DEWP":[-5.7900004,-6.44],"FRSHTT":[100000,100000],"PRCP":[0.029999997,0.029999997],"SLP":[1020.2999,1020.2999],"SNDP":[0,0],"STP":[984.5399,984.5],"TEMP":[0.35999998,0.42],"VISIB":[17.72,18.019999],"WDSP":[19.31,18.76],"WNDDIR":[20.4,21.8],"time":[1549364861,1549364919]}