{"CLDC":[50.269997],"DEWP":[-7.3199997],"FRSHTT":[1110000],"PRCP":[0.029999997],"SLP":[1018.7001],"SNDP":[0.9],"STP":[981.7001],"TEMP":[-0.060000002],"VISIB":[12.340001],"WDSP":[21.899998],"WNDDIR":[204.6],"time":[1549364861]}