{"CLDC":[55.04,54.869995],"DEWP":[-3.6800003,-3.6799998],"FRSHTT":[0,0],"PRCP":[0,0],"SLP":[1017.52997,1017.59],"SNDP":[0,0],"STP":[1036.42,1036.7699],"TEMP":[0.55999994,0.54],"VISIB":[13.99,14.889999],"WDSP":[15.389999,15.089999],"WNDDIR":[223.5,223.4],"time":[1549364861,1549364919]}