{"CLDC":[50.02],"DEWP":[-6.3500004],"FRSHTT":[1110000],"PRCP":[0.07],"SLP":[1022.2001],"SNDP":[0.10000001],"STP":[1019.85],"TEMP":[-0.26999998],"VISIB":[15.33],"WDSP":[13.1],"WNDDIR":[45.3],"time":[1549364861]}