{"CLDC":[55.909996],"DEWP":[-4.7799997],"FRSHTT":[100000],"PRCP":[0.029999997],"SLP":[1020.4],"SNDP":[0],"STP":[1027.27],"TEMP":[0.1],"VISIB":[13.25],"WDSP":[14.25],"WNDDIR":[266.8],"time":[1549364861]}