{"CLDC":[50.030003],"DEWP":[-7.839999],"FRSHTT":[1110000],"PRCP":[0.07],"SLP":[1021.2999],"SNDP":[0.20000002],"STP":[1009.25],"TEMP":[-1.7],"VISIB":[16.38],"WDSP":[18.25],"WNDDIR":[73.1],"time":[1549364861]}