{"CLDC":[50.02,50.110004],"DEWP":[-6.3500004,-6.0199995],"FRSHTT":[1110000,1110000],"PRCP":[0.07,0.07],"SLP":[1022.2001,1022.2001],"SNDP":[0.10000001,0.10000001],"STP":[1019.85,1019.93],"TEMP":[-0.26999998,-0.25],"VISIB":[15.33,15.719999],"WDSP":[13.1,13.57],"WNDDIR":[45.3,46.7],"time":[1549364861,1549364919]}