{"CLDC":[92.08999,91.83],"DEWP":[-6.0999994,-6.0999994],"FRSHTT":[1000000,1000000],"PRCP":[0,0],"SLP":[998.31995,998.57],"SNDP":[0,0],"STP":[995.69006,995.2101],"TEMP":[-0.6999999,-0.6999999],"VISIB":[13.530001,13.92],"WDSP":[18.61,20.609999],"WNDDIR":[343.5,341.6],"time":[1549364861,1549364919]}