{"CLDC":[95.30999],"DEWP":[-4],"FRSHTT":[100000],"PRCP":[0.6399999],"SLP":[1010.6201],"SNDP":[0],"STP":[1034.7899],"TEMP":[0.58000004],"VISIB":[11.320002],"WDSP":[14.789999],"WNDDIR":[59.3],"time":[1549364861]}