{"CLDC":[50.349995],"DEWP":[-6.5],"FRSHTT":[110000],"PRCP":[0.029999997],"SLP":[1019.9],"SNDP":[0.10000001],"STP":[994.1501],"TEMP":[0.27],"VISIB":[21],"WDSP":[17.48],"WNDDIR":[261.4],"time":[1549364861]}