{"CLDC":[58.670002],"DEWP":[-6.2799997],"FRSHTT":[110000],"PRCP":[0.07999999],"SLP":[1019.9],"SNDP":[0.10000001],"STP":[997.41],"TEMP":[0.35999998],"VISIB":[21.92],"WDSP":[16.820002],"WNDDIR":[55.6],"time":[1549364861]}