{"CLDC":[50.080006],"DEWP":[-6.1000004],"FRSHTT":[1100000],"PRCP":[0.07],"SLP":[1023.39],"SNDP":[0],"STP":[1026.2001],"TEMP":[-0.060000002],"VISIB":[15.67],"WDSP":[17.829998],"WNDDIR":[334],"time":[1549364861]}