{"CLDC":[33.93],"DEWP":[-8.130001],"FRSHTT":[1000000],"PRCP":[0],"SLP":[1017.6],"SNDP":[0],"STP":[1028.0999],"TEMP":[-1.8],"VISIB":[79.03],"WDSP":[15.910001],"WNDDIR":[169],"time":[1549364855]}