{"CLDC":[50.010002],"DEWP":[-8.76],"FRSHTT":[1110000],"PRCP":[0.029999997],"SLP":[1018.5],"SNDP":[0.9],"STP":[903.5],"TEMP":[-1.3399999],"VISIB":[20.82],"WDSP":[21.48],"WNDDIR":[203.5],"time":[1549364855]}