{"CLDC":[42.399998],"DEWP":[-4.76],"FRSHTT":[1000000],"PRCP":[0],"SLP":[990.95996],"SNDP":[0],"STP":[986.70996],"TEMP":[0.060000002],"VISIB":[10.450001],"WDSP":[4.3600006],"WNDDIR":[12.3],"time":[1549364855]}