{"CLDC":[21.92,22.179998],"DEWP":[-9.92,-10.76],"FRSHTT":[1000000,1000000],"PRCP":[0,0],"SLP":[993.80994,993.7101],"SNDP":[0,0],"STP":[910.9,910.99005],"TEMP":[-0.9,-0.9],"VISIB":[33.32,33.27],"WDSP":[17.389997,17],"WNDDIR":[98.1,96.1],"time":[1549364855,1549364915]}