{"CLDC":[50.080006],"DEWP":[-8.36],"FRSHTT":[100000],"PRCP":[0.009999999],"SLP":[1018.7999],"SNDP":[0],"STP":[983.93],"TEMP":[1.04],"VISIB":[34.93],"WDSP":[18.84],"WNDDIR":[238.9],"time":[1549364855]}