{"CLDC":[50.080006,50.26],"DEWP":[-8.36,-9.04],"FRSHTT":[100000,100000],"PRCP":[0.009999999,0.009999999],"SLP":[1018.7999,1018.85],"SNDP":[0,0],"STP":[983.93,983.80994],"TEMP":[1.04,1.12],"VISIB":[34.93,35.18],"WDSP":[18.84,18.4],"WNDDIR":[238.9,239.5],"time":[1549364855,1549364915]}