{"CLDC":[50.110004],"DEWP":[-12.6],"FRSHTT":[1110000],"PRCP":[0.029999997],"SLP":[1012.7001],"SNDP":[0.10000001],"STP":[920.2999],"TEMP":[-3.9],"VISIB":[35.9],"WDSP":[18.43],"WNDDIR":[282.3],"time":[1549364855]}