{"CLDC":[42.399998,42.08],"DEWP":[-4.76,-4.12],"FRSHTT":[1000000,1000000],"PRCP":[0,0],"SLP":[990.95996,988.38995],"SNDP":[0,0],"STP":[986.70996,986.92004],"TEMP":[0.060000002,0.07000001],"VISIB":[10.450001,10.08],"WDSP":[4.3600006,3.65],"WNDDIR":[12.3,14.5],"time":[1549364855,1549364915]}