{"CLDC":[21.92],"DEWP":[-9.92],"FRSHTT":[1000000],"PRCP":[0],"SLP":[993.80994],"SNDP":[0],"STP":[910.9],"TEMP":[-0.9],"VISIB":[33.32],"WDSP":[17.389997],"WNDDIR":[98.1],"time":[1549364855]}