{"CLDC":[48.42,48.02],"DEWP":[-9.46,-9.700001],"FRSHTT":[1000000,1000000],"PRCP":[0,0],"SLP":[1007.39,1007.17004],"SNDP":[0,0],"STP":[956.91003,956.97003],"TEMP":[-2.0400002,-1.9399998],"VISIB":[44.219997,43.789997],"WDSP":[14.839999,14.690001],"WNDDIR":[62.1,60.1],"time":[1549364855,1549364915]}