{"CLDC":[86.83,86.520004],"DEWP":[-2.56,-2.6399999],"FRSHTT":[1000000,1000000],"PRCP":[0,0],"SLP":[998.72986,1001.31995],"SNDP":[0,0],"STP":[1008.27,1008.2899],"TEMP":[-1.78,-1.8699999],"VISIB":[12.55,13.970001],"WDSP":[5.65,6.0099998],"WNDDIR":[259.4,260],"time":[1549364855,1549364915]}