{"CLDC":[50.309994,50.250004],"DEWP":[-6.13,-6.35],"FRSHTT":[1100000,1100000],"PRCP":[0.059999995,0.059999995],"SLP":[1020.7001,1020.7899],"SNDP":[0,0],"STP":[1018.35,1018.55],"TEMP":[-0.27,-0.29],"VISIB":[20.52,20.630001],"WDSP":[15.31,16.47],"WNDDIR":[241.9,240.3],"time":[1549364855,1549364915]}