{"CLDC":[14.030001],"DEWP":[-9.9],"FRSHTT":[1000000],"PRCP":[0],"SLP":[1017.73],"SNDP":[0],"STP":[999.55],"TEMP":[-6.8599997],"VISIB":[15.460001],"WDSP":[8.3],"WNDDIR":[319.6],"time":[1549364855]}