{"CLDC":[50.110004,50.050003],"DEWP":[-12.6,-12.88],"FRSHTT":[1110000,1110000],"PRCP":[0.029999997,0.029999997],"SLP":[1012.7001,1012.7001],"SNDP":[0.10000001,0.10000001],"STP":[920.2999,920.23],"TEMP":[-3.9,-3.9],"VISIB":[35.9,36.58],"WDSP":[18.43,19.259998],"WNDDIR":[282.3,281.2],"time":[1549364855,1549364915]}