{"CLDC":[10.370001,10.2699995],"DEWP":[0.58,0.32],"FRSHTT":[0,0],"PRCP":[0,0],"SLP":[1024.3801,1024.45],"SNDP":[0,0],"STP":[1019.45996,1019.4199],"TEMP":[8.459999,8.5199995],"VISIB":[16.18,15.7],"WDSP":[19.99,18.14],"WNDDIR":[121.4,120.3],"time":[1549364855,1549364915]}