{"CLDC":[50.010002,50.02],"DEWP":[-8.76,-9.319999],"FRSHTT":[1110000,1110000],"PRCP":[0.029999997,0.029999997],"SLP":[1018.5,1018.5],"SNDP":[0.9,0.9],"STP":[903.5,903.3499],"TEMP":[-1.3399999,-1.3499999],"VISIB":[20.82,21.330002],"WDSP":[21.48,21.45],"WNDDIR":[203.5,205],"time":[1549364855,1549364915]}