{"CLDC":[11.57],"DEWP":[-19.670002],"FRSHTT":[1000000],"PRCP":[0],"SLP":[979.02],"SNDP":[0],"STP":[994.1001],"TEMP":[-4],"VISIB":[16.060001],"WDSP":[11.330001],"WNDDIR":[163.8],"time":[1549364855]}