{"CLDC":[83.979996],"DEWP":[-8.54],"FRSHTT":[100000],"PRCP":[0.009999999],"SLP":[1018.5],"SNDP":[0],"STP":[1019.2001],"TEMP":[0.16000003],"VISIB":[14.4],"WDSP":[15.870001],"WNDDIR":[153],"time":[1549364855]}