{"CLDC":[83.979996,83.47001],"DEWP":[-8.54,-8.299999],"FRSHTT":[100000,100000],"PRCP":[0.009999999,0.009999999],"SLP":[1018.5,1018.5],"SNDP":[0,0],"STP":[1019.2001,1019.2699],"TEMP":[0.16000003,0.13000001],"VISIB":[14.4,14.629999],"WDSP":[15.870001,15.55],"WNDDIR":[153,152.2],"time":[1549364855,1549364915]}