{"CLDC":[48.42],"DEWP":[-9.46],"FRSHTT":[1000000],"PRCP":[0],"SLP":[1007.39],"SNDP":[0],"STP":[956.91003],"TEMP":[-2.0400002],"VISIB":[44.219997],"WDSP":[14.839999],"WNDDIR":[62.1],"time":[1549364855]}