{"CLDC":[63.579998,63.75],"DEWP":[-19.7,-19.759998],"FRSHTT":[0,0],"PRCP":[0,0],"SLP":[1019.85,1017.7001],"SNDP":[0,0],"STP":[1007.82,1007.52997],"TEMP":[5.700001,5.9000006],"VISIB":[50.27,50.920002],"WDSP":[35.799995,36.22],"WNDDIR":[345.3,344.4],"time":[1549364855,1549364915]}