{"CLDC":[87.37001,87.13999],"DEWP":[-13.9,-14.26],"FRSHTT":[1110000,1110000],"PRCP":[0.059999995,0.059999995],"SLP":[1019.69006,1019.62],"SNDP":[0.59999996,0.59999996],"STP":[1008.44006,1008.32],"TEMP":[-5.0899997,-5.18],"VISIB":[17.51,17.16],"WDSP":[10.91,10.54],"WNDDIR":[118.1,117.8],"time":[1549364855,1549364915]}