{"CLDC":[50.190002,50.120003],"DEWP":[-14.05,-14.05],"FRSHTT":[1100000,1100000],"PRCP":[0.009999999,0.009999999],"SLP":[1021.50995,1021.5],"SNDP":[0,0],"STP":[1018.2999,1018.36005],"TEMP":[-8.05,-8.08],"VISIB":[15.44,15.749998],"WDSP":[7.72,7.66],"WNDDIR":[234.4,236.8],"time":[1549364855,1549364915]}