{"CLDC":[93.59999,93.04],"DEWP":[-13.42,-13.08],"FRSHTT":[1100000,1100000],"PRCP":[0.009999999,0.009999999],"SLP":[1018.77997,1018.7001],"SNDP":[0,0],"STP":[957.7999,957.7001],"TEMP":[-2.87,-2.8499997],"VISIB":[33.18,32.469997],"WDSP":[9.139998,9.469999],"WNDDIR":[75.2,74.4],"time":[1549364855,1549364915]}