{"CLDC":[82.78999,83.049995],"DEWP":[-11.14,-11.25],"FRSHTT":[1100000,1100000],"PRCP":[0.009999999,0.009999999],"SLP":[1019,1019.1],"SNDP":[0,0],"STP":[925.34,925.0199],"TEMP":[-0.89,-0.84000003],"VISIB":[14.7300005,14.5],"WDSP":[5.82,5.84],"WNDDIR":[345.5,341.1],"time":[1549364855,1549364915]}