{"CLDC":[82.78999],"DEWP":[-11.14],"FRSHTT":[1100000],"PRCP":[0.009999999],"SLP":[1019],"SNDP":[0],"STP":[925.34],"TEMP":[-0.89],"VISIB":[14.7300005],"WDSP":[5.82],"WNDDIR":[345.5],"time":[1549364855]}