{"CLDC":[53.93,54.24],"DEWP":[-12.300001,-12.000001],"FRSHTT":[1110000,1110000],"PRCP":[0.050000004,0.050000004],"SLP":[1019.2001,1019.2001],"SNDP":[5.5,5.5],"STP":[845.2001,845.2001],"TEMP":[-5.3500004,-5.38],"VISIB":[19.960001,19.970001],"WDSP":[10.300001,10.41],"WNDDIR":[116.3,115],"time":[1549364855,1549364915]}