{"CLDC":[80.450005,80.200005],"DEWP":[-12.33,-12.14],"FRSHTT":[1100000,1100000],"PRCP":[0.41000003,0.41000003],"SLP":[1019.49005,1019.44006],"SNDP":[0,0],"STP":[889.2301,889.2899],"TEMP":[-2.52,-2.6100001],"VISIB":[26.630001,26.76],"WDSP":[11.51,12.309999],"WNDDIR":[21.2,20.9],"time":[1549364855,1549364915]}