{"CLDC":[50.190002],"DEWP":[-14.05],"FRSHTT":[1100000],"PRCP":[0.009999999],"SLP":[1021.50995],"SNDP":[0],"STP":[1018.2999],"TEMP":[-8.05],"VISIB":[15.44],"WDSP":[7.72],"WNDDIR":[234.4],"time":[1549364855]}