{"CLDC":[50.289997,50.180004],"DEWP":[-6.5800004,-6.6400003],"FRSHTT":[1100000,1100000],"PRCP":[0.019999998,0.019999998],"SLP":[1021.2899,1021.39],"SNDP":[0,0],"STP":[993.66003,992.25],"TEMP":[-3.94,-3.94],"VISIB":[14.99,14.780001],"WDSP":[10.36,9.529999],"WNDDIR":[90.2,89.2],"time":[1549364855,1549364915]}