{"CLDC":[93.59999],"DEWP":[-13.42],"FRSHTT":[1100000],"PRCP":[0.009999999],"SLP":[1018.77997],"SNDP":[0],"STP":[957.7999],"TEMP":[-2.87],"VISIB":[33.18],"WDSP":[9.139998],"WNDDIR":[75.2],"time":[1549364855]}