{"CLDC":[89.94],"DEWP":[-15.3],"FRSHTT":[1000000],"PRCP":[0],"SLP":[1013.4],"SNDP":[0],"STP":[1007.11],"TEMP":[-4.7599998],"VISIB":[28.289999],"WDSP":[8.94],"WNDDIR":[221.9],"time":[1549364855]}