{"CLDC":[50.289997],"DEWP":[-6.5800004],"FRSHTT":[1100000],"PRCP":[0.019999998],"SLP":[1021.2899],"SNDP":[0],"STP":[993.66003],"TEMP":[-3.94],"VISIB":[14.99],"WDSP":[10.36],"WNDDIR":[90.2],"time":[1549364855]}