{"CLDC":[87.37001],"DEWP":[-13.9],"FRSHTT":[1110000],"PRCP":[0.059999995],"SLP":[1019.69006],"SNDP":[0.59999996],"STP":[1008.44006],"TEMP":[-5.0899997],"VISIB":[17.51],"WDSP":[10.91],"WNDDIR":[118.1],"time":[1549364855]}