{"CLDC":[53.15,53.110004],"DEWP":[3.1000004,2.9],"FRSHTT":[0,0],"PRCP":[0,0],"SLP":[1001.23,1004.08997],"SNDP":[0,0],"STP":[993.18005,993.50995],"TEMP":[6.9,6.7599998],"VISIB":[15.5199995,14.900002],"WDSP":[20.84,21.27],"WNDDIR":[192.7,192.8],"time":[1549364855,1549364915]}