{"CLDC":[63.579998],"DEWP":[-19.7],"FRSHTT":[0],"PRCP":[0],"SLP":[1019.85],"SNDP":[0],"STP":[1007.82],"TEMP":[5.700001],"VISIB":[50.27],"WDSP":[35.799995],"WNDDIR":[345.3],"time":[1549364855]}