{"CLDC":[78.270004],"DEWP":[-1.6099999],"FRSHTT":[1000000],"PRCP":[0],"SLP":[995.45],"SNDP":[0],"STP":[982.2799],"TEMP":[-0.62999994],"VISIB":[15.69],"WDSP":[12.179999],"WNDDIR":[207.5],"time":[1549364855]}