{"CLDC":[50.120003,50.250004],"DEWP":[-1.26,-1.78],"FRSHTT":[100000,100000],"PRCP":[0.039999995,0.039999995],"SLP":[1020.1,1020.1],"SNDP":[0,0],"STP":[1003,1003],"TEMP":[3.7600002,3.75],"VISIB":[17.030003,16.54],"WDSP":[9.200001,9.450001],"WNDDIR":[324.3,317.2],"time":[1549364856,1549364915]}