{"CLDC":[50.47,50.359997],"DEWP":[-8.74,-9.059999],"FRSHTT":[10000,10000],"PRCP":[0,0],"SLP":[1015.61005,1015.6],"SNDP":[0.29999998,0.29999998],"STP":[1006.64,1006.63],"TEMP":[0.02,0.060000002],"VISIB":[43.980003,44.23],"WDSP":[12.889999,12.249999],"WNDDIR":[159.7,157.4],"time":[1549364856,1549364915]}