{"CLDC":[50.660004],"DEWP":[-8.93],"FRSHTT":[0],"PRCP":[0],"SLP":[1017.7999],"SNDP":[0],"STP":[910.5],"TEMP":[1.8199999],"VISIB":[12.87],"WDSP":[21.95],"WNDDIR":[320.7],"time":[1549364856]}