{"CLDC":[50.180004,50.339996],"DEWP":[-12.959999,-12.259999],"FRSHTT":[100000,100000],"PRCP":[0.22999999,0.22999999],"SLP":[1019.5301,1019.6],"SNDP":[0,0],"STP":[947.2999,947.2999],"TEMP":[2.06,1.9399999],"VISIB":[41.93,41.519997],"WDSP":[13.33,13.210001],"WNDDIR":[122.3,119.7],"time":[1549364856,1549364915]}