{"CLDC":[57.6],"DEWP":[-11.66],"FRSHTT":[0],"PRCP":[0],"SLP":[1019.1],"SNDP":[0],"STP":[985.9199],"TEMP":[3.06],"VISIB":[42.100002],"WDSP":[9.210001],"WNDDIR":[163.2],"time":[1549364856]}