{"CLDC":[75.549995],"DEWP":[-0.24000001],"FRSHTT":[100000],"PRCP":[0.059999995],"SLP":[1020.5],"SNDP":[0],"STP":[1008.86],"TEMP":[3.67],"VISIB":[15.229999],"WDSP":[7.44],"WNDDIR":[218.5],"time":[1549364856]}