{"CLDC":[83.39,83.44001],"DEWP":[-10.550001,-10.700002],"FRSHTT":[0,0],"PRCP":[0,0],"SLP":[1019.1,1019.1],"SNDP":[0,0],"STP":[960.2001,960.2899],"TEMP":[2.81,2.75],"VISIB":[36.499996,36.140003],"WDSP":[13.99,13.15],"WNDDIR":[272.4,270.6],"time":[1549364856,1549364915]}