{"CLDC":[87.32,87.479996],"DEWP":[1.35,1.4199998],"FRSHTT":[0,0],"PRCP":[0,0],"SLP":[1010.62,1010.68],"SNDP":[0,0],"STP":[1011.55,1011.72003],"TEMP":[12.019999,12.089999],"VISIB":[38.93,39.950005],"WDSP":[25.919998,25.210001],"WNDDIR":[135.7,137.4],"time":[1549364856,1549364915]}