{"CLDC":[7.6099997,7.8],"DEWP":[-10.34,-10.2],"FRSHTT":[1000000,1000000],"PRCP":[0,0],"SLP":[1017,1017.08997],"SNDP":[0,0],"STP":[881.5,881.5],"TEMP":[-0.5,-0.5],"VISIB":[30.23,30.77],"WDSP":[11.299999,11.91],"WNDDIR":[208.5,207.8],"time":[1549364856,1549364915]}