{"CLDC":[50.660004,50.57],"DEWP":[-8.93,-8.8],"FRSHTT":[0,0],"PRCP":[0,0],"SLP":[1017.7999,1017.7001],"SNDP":[0,0],"STP":[910.5,910.5],"TEMP":[1.8199999,1.76],"VISIB":[12.87,13.56],"WDSP":[21.95,21.069998],"WNDDIR":[320.7,324.8],"time":[1549364856,1549364915]}