{"CLDC":[87.32],"DEWP":[1.35],"FRSHTT":[0],"PRCP":[0],"SLP":[1010.62],"SNDP":[0],"STP":[1011.55],"TEMP":[12.019999],"VISIB":[38.93],"WDSP":[25.919998],"WNDDIR":[135.7],"time":[1549364856]}