{"CLDC":[29.349997,29.429998],"DEWP":[-8.339999,-8.66],"FRSHTT":[0,0],"PRCP":[0,0],"SLP":[1019.1,1019.1],"SNDP":[0,0],"STP":[975.2799,975.2001],"TEMP":[1.8799999,1.9200001],"VISIB":[54.170002,54.670002],"WDSP":[10.95,10.33],"WNDDIR":[169.3,172],"time":[1549364856,1549364915]}