{"CLDC":[83.39],"DEWP":[-10.550001],"FRSHTT":[0],"PRCP":[0],"SLP":[1019.1],"SNDP":[0],"STP":[960.2001],"TEMP":[2.81],"VISIB":[36.499996],"WDSP":[13.99],"WNDDIR":[272.4],"time":[1549364856]}