{"CLDC":[60.05,60.210003],"DEWP":[-9.36,-9.52],"FRSHTT":[0,0],"PRCP":[0,0],"SLP":[1016.9699,1016.91],"SNDP":[0,0],"STP":[1015.2001,1015.31995],"TEMP":[0.88,0.9200001],"VISIB":[24.16,23.64],"WDSP":[11.250001,11.809999],"WNDDIR":[124.9,127.1],"time":[1549364856,1549364915]}