{"CLDC":[18.300001,18.49],"DEWP":[-9.259998,-9.539999],"FRSHTT":[0,0],"PRCP":[0,0],"SLP":[1019.05,1019.1],"SNDP":[0,0],"STP":[960.25,960.4],"TEMP":[2.44,2.4],"VISIB":[38.280003,39.03],"WDSP":[11.25,11.289999],"WNDDIR":[354.3,353.1],"time":[1549364856,1549364915]}