{"CLDC":[50.47],"DEWP":[-8.74],"FRSHTT":[10000],"PRCP":[0],"SLP":[1015.61005],"SNDP":[0.29999998],"STP":[1006.64],"TEMP":[0.02],"VISIB":[43.980003],"WDSP":[12.889999],"WNDDIR":[159.7],"time":[1549364856]}