{"CLDC":[29.349997],"DEWP":[-8.339999],"FRSHTT":[0],"PRCP":[0],"SLP":[1019.1],"SNDP":[0],"STP":[975.2799],"TEMP":[1.8799999],"VISIB":[54.170002],"WDSP":[10.95],"WNDDIR":[169.3],"time":[1549364856]}