{"CLDC":[78.53001,78.55999],"DEWP":[-1.5200001,-2.1100001],"FRSHTT":[0,0],"PRCP":[0,0],"SLP":[1014.22003,1014.62],"SNDP":[0,0],"STP":[1019.2301,1019.2999],"TEMP":[6.5200005,6.5500007],"VISIB":[19.97,20.16],"WDSP":[10.27,10.250001],"WNDDIR":[347.1,346.1],"time":[1549364856,1549364916]}