{"CLDC":[50.02,50.239998],"DEWP":[-3.7099998,-3.7099998],"FRSHTT":[100000,100000],"PRCP":[0.059999995,0.059999995],"SLP":[1016.1,1016.1],"SNDP":[0,0],"STP":[1016.17004,1015.97003],"TEMP":[3.25,3.2],"VISIB":[21.26,21.009998],"WDSP":[8.690001,7.5699997],"WNDDIR":[297.8,296.9],"time":[1549364856,1549364916]}