{"CLDC":[50.170006,50.359993],"DEWP":[-3.52,-3.04],"FRSHTT":[100000,100000],"PRCP":[0.11,0.11],"SLP":[1018.9,1018.9],"SNDP":[0,0],"STP":[1010.2999,1010.2999],"TEMP":[2.8,2.8000002],"VISIB":[29.01,28.38],"WDSP":[13.129999,12.83],"WNDDIR":[227.2,227.9],"time":[1549364856,1549364916]}