{"CLDC":[84.02,84.24],"DEWP":[-2.1799998,-2.1799998],"FRSHTT":[0,0],"PRCP":[0,0],"SLP":[1016.06995,1016.12],"SNDP":[0,0],"STP":[1016.4,1016.47003],"TEMP":[5.41,5.2599998],"VISIB":[21.789999,21.91],"WDSP":[10.949999,10.329999],"WNDDIR":[21.8,16.2],"time":[1549364856,1549364916]}