{"CLDC":[50.02],"DEWP":[-2.3999999],"FRSHTT":[100000],"PRCP":[0.07],"SLP":[1019.6],"SNDP":[0],"STP":[1015.61],"TEMP":[1.9399999],"VISIB":[19.439999],"WDSP":[8.4800005],"WNDDIR":[357],"time":[1549364856]}