{"CLDC":[28.529999],"DEWP":[9.94],"FRSHTT":[0],"PRCP":[0],"SLP":[1015.00995],"SNDP":[0],"STP":[1013.09],"TEMP":[12.100001],"VISIB":[18.27],"WDSP":[22.720003],"WNDDIR":[3.9],"time":[1549364856]}