{"CLDC":[73.56999,73.72],"DEWP":[-1.1,-0.9799999],"FRSHTT":[100000,100000],"PRCP":[0.059999995,0.059999995],"SLP":[1018,1018],"SNDP":[0,0],"STP":[1017.49005,1017.7101],"TEMP":[5.9499993,5.7999997],"VISIB":[12.79,12.490001],"WDSP":[10.71,10.21],"WNDDIR":[41.2,42.2],"time":[1549364856,1549364916]}