{"CLDC":[28.529999,28.720001],"DEWP":[9.94,9.859999],"FRSHTT":[0,0],"PRCP":[0,0],"SLP":[1015.00995,1015.38],"SNDP":[0,0],"STP":[1013.09,1013.41],"TEMP":[12.100001,12.050001],"VISIB":[18.27,18.500002],"WDSP":[22.720003,23.15],"WNDDIR":[3.9,3.3],"time":[1549364856,1549364916]}