{"CLDC":[73.56999],"DEWP":[-1.1],"FRSHTT":[100000],"PRCP":[0.059999995],"SLP":[1018],"SNDP":[0],"STP":[1017.49005],"TEMP":[5.9499993],"VISIB":[12.79],"WDSP":[10.71],"WNDDIR":[41.2],"time":[1549364856]}