{"CLDC":[50.02],"DEWP":[-3.7099998],"FRSHTT":[100000],"PRCP":[0.059999995],"SLP":[1016.1],"SNDP":[0],"STP":[1016.17004],"TEMP":[3.25],"VISIB":[21.26],"WDSP":[8.690001],"WNDDIR":[297.8],"time":[1549364856]}