{"CLDC":[80.59,80.659996],"DEWP":[-2.7199998,-3.0000002],"FRSHTT":[0,0],"PRCP":[0,0],"SLP":[1019.88,1019.7999],"SNDP":[0,0],"STP":[1022.7501,1021.4],"TEMP":[4.48,4.5399995],"VISIB":[11.61,10.85],"WDSP":[12.03,11.71],"WNDDIR":[147.2,147],"time":[1549364856,1549364916]}