{"CLDC":[78.53001],"DEWP":[-1.5200001],"FRSHTT":[0],"PRCP":[0],"SLP":[1014.22003],"SNDP":[0],"STP":[1019.2301],"TEMP":[6.5200005],"VISIB":[19.97],"WDSP":[10.27],"WNDDIR":[347.1],"time":[1549364856]}