{"CLDC":[84.02],"DEWP":[-2.1799998],"FRSHTT":[0],"PRCP":[0],"SLP":[1016.06995],"SNDP":[0],"STP":[1016.4],"TEMP":[5.41],"VISIB":[21.789999],"WDSP":[10.949999],"WNDDIR":[21.8],"time":[1549364856]}