{"CLDC":[78.17999],"DEWP":[-9],"FRSHTT":[1110000],"PRCP":[0.10000001],"SLP":[1019.5],"SNDP":[0.20000002],"STP":[1018.7],"TEMP":[-1.1000001],"VISIB":[14.920001],"WDSP":[14.909999],"WNDDIR":[220.3],"time":[1549364858]}