{"CLDC":[50.070004],"DEWP":[-12.679999],"FRSHTT":[1100000],"PRCP":[0.09000001],"SLP":[1013.57],"SNDP":[0],"STP":[1009.14],"TEMP":[-2.18],"VISIB":[24.68],"WDSP":[10.340001],"WNDDIR":[13.9],"time":[1549364858]}