{"CLDC":[64.44],"DEWP":[-25.420002],"FRSHTT":[1000000],"PRCP":[0],"SLP":[1023.99005],"SNDP":[0],"STP":[1012.63007],"TEMP":[-12.2],"VISIB":[15.860001],"WDSP":[18.630001],"WNDDIR":[218.6],"time":[1549364858]}