{"CLDC":[36.78],"DEWP":[5.2300005],"FRSHTT":[0],"PRCP":[0],"SLP":[984.66],"SNDP":[0],"STP":[995.1501],"TEMP":[6],"VISIB":[13.990001],"WDSP":[13],"WNDDIR":[277.8],"time":[1549364858]}