{"CLDC":[68],"DEWP":[-8.000001],"FRSHTT":[1110000],"PRCP":[0.33999997],"SLP":[1020.9],"SNDP":[0.20000002],"STP":[1025.7999],"TEMP":[-0.8000001],"VISIB":[10.27],"WDSP":[10.320001],"WNDDIR":[140.2],"time":[1549364858]}