{"CLDC":[59.170002],"DEWP":[-10.0199995],"FRSHTT":[1110000],"PRCP":[0.18000002],"SLP":[1020.7999],"SNDP":[0.40000004],"STP":[1008.9],"TEMP":[-2.74],"VISIB":[19.070002],"WDSP":[13.270001],"WNDDIR":[307.7],"time":[1549364858]}