{"CLDC":[60.849995],"DEWP":[-12.500002],"FRSHTT":[1100000],"PRCP":[0.039999995],"SLP":[1012],"SNDP":[0],"STP":[1006.5],"TEMP":[-4.5],"VISIB":[15.530001],"WDSP":[18.15],"WNDDIR":[150],"time":[1549364858]}