{"CLDC":[66.09],"DEWP":[-8.29],"FRSHTT":[1000000],"PRCP":[0],"SLP":[1001.7499],"SNDP":[0],"STP":[1002.7101],"TEMP":[-0.96000004],"VISIB":[13.26],"WDSP":[12.910001],"WNDDIR":[205.1],"time":[1549364858]}