{"CLDC":[44.750004,44.610004],"DEWP":[8.339999,8.339999],"FRSHTT":[0,0],"PRCP":[0,0],"SLP":[1006.43,1006.1],"SNDP":[0,0],"STP":[994.52997,994.81995],"TEMP":[12,11.919999],"VISIB":[14.69,14.43],"WDSP":[15.790001,14.910001],"WNDDIR":[263.8,262.9],"time":[1549364858,1549364917]}