{"CLDC":[50.100002,50.06],"DEWP":[-0.22,-0.14999999],"FRSHTT":[100000,100000],"PRCP":[0.11999999,0.11999999],"SLP":[1018,1018],"SNDP":[0,0],"STP":[1010.37,1010.36],"TEMP":[2.13,2.13],"VISIB":[9.320001,9.159999],"WDSP":[16.949999,15.890002],"WNDDIR":[81.1,81.9],"time":[1549364857,1549364916]}