{"CLDC":[50.200005],"DEWP":[-12.099998],"FRSHTT":[1110000],"PRCP":[0.13],"SLP":[1019.9],"SNDP":[0.10000001],"STP":[1018.2999],"TEMP":[-4.6],"VISIB":[17.42],"WDSP":[19.19],"WNDDIR":[52.2],"time":[1549364858]}