{"CLDC":[75.26,75.149994],"DEWP":[-6.0399995,-6.12],"FRSHTT":[100000,100000],"PRCP":[0.51000005,0.52],"SLP":[1017.17004,1017.09],"SNDP":[0,0],"STP":[1012.1,1011.59],"TEMP":[0.40000004,0.40000004],"VISIB":[14.159999,14.37],"WDSP":[15.499998,15.42],"WNDDIR":[116.6,120.1],"time":[1549364858,1549364917]}