{"CLDC":[61.7,61.729992],"DEWP":[-13.399999,-13.459999],"FRSHTT":[1000000,1000000],"PRCP":[0,0],"SLP":[975.36,976.18],"SNDP":[0,0],"STP":[975.77997,975.99005],"TEMP":[-4.04,-4.06],"VISIB":[11.750001,11.58],"WDSP":[7.8600006,7.9000006],"WNDDIR":[8.7,7.1],"time":[1549364858,1549364917]}