{"CLDC":[75.26],"DEWP":[-6.0399995],"FRSHTT":[100000],"PRCP":[0.51000005],"SLP":[1017.17004],"SNDP":[0],"STP":[1012.1],"TEMP":[0.40000004],"VISIB":[14.159999],"WDSP":[15.499998],"WNDDIR":[116.6],"time":[1549364858]}