{"CLDC":[92.6,92.41001],"DEWP":[-1.6899999,-1.1800001],"FRSHTT":[0,0],"PRCP":[0,0],"SLP":[1018.0501,1018.84],"SNDP":[0,0],"STP":[1015.82,1014.4],"TEMP":[0.9000001,0.96000004],"VISIB":[13.4800005,13.460001],"WDSP":[6.4300003,5.8900003],"WNDDIR":[118.3,116.4],"time":[1549364858,1549364917]}