{"CLDC":[63.559998,63.74],"DEWP":[-13.499998,-13.299998],"FRSHTT":[1110000,1110000],"PRCP":[0.10000001,0.10000001],"SLP":[1018.9,1018.9],"SNDP":[0.29999998,0.29999998],"STP":[1015.1,1015.1],"TEMP":[-6.5600004,-6.56],"VISIB":[10.96,11.2],"WDSP":[12.039999,12.609999],"WNDDIR":[61,62.1],"time":[1549364858,1549364917]}