{"CLDC":[50.160004],"DEWP":[-9.559999],"FRSHTT":[1100000],"PRCP":[0.07],"SLP":[1015.3],"SNDP":[0],"STP":[1017.87],"TEMP":[-2.5],"VISIB":[15.520001],"WDSP":[12.139999],"WNDDIR":[130.9],"time":[1549364858]}