{"CLDC":[45.389996],"DEWP":[-22.580002],"FRSHTT":[1000000],"PRCP":[0],"SLP":[999.3499],"SNDP":[0],"STP":[1011.86],"TEMP":[-5.5],"VISIB":[15.250002],"WDSP":[12.83],"WNDDIR":[144.8],"time":[1549364858]}