{"CLDC":[50.030003],"DEWP":[-8.969999],"FRSHTT":[1110000],"PRCP":[0.07999999],"SLP":[1020.1],"SNDP":[1.1000001],"STP":[1019.5],"TEMP":[-2.1399999],"VISIB":[11.690001],"WDSP":[13.109999],"WNDDIR":[238.2],"time":[1549364858]}