{"CLDC":[92.6],"DEWP":[-1.6899999],"FRSHTT":[0],"PRCP":[0],"SLP":[1018.0501],"SNDP":[0],"STP":[1015.82],"TEMP":[0.9000001],"VISIB":[13.4800005],"WDSP":[6.4300003],"WNDDIR":[118.3],"time":[1549364858]}