{"CLDC":[50.189995,50.130005],"DEWP":[-9.27,-9.450001],"FRSHTT":[1100000,1100000],"PRCP":[0.039999995,0.039999995],"SLP":[1016.68,1016.69006],"SNDP":[0,0],"STP":[1016.20996,1016.61005],"TEMP":[-2.6100001,-2.6300004],"VISIB":[14.18,14.710001],"WDSP":[14.709999,14.819998],"WNDDIR":[130.5,131.8],"time":[1549364858,1549364917]}