{"CLDC":[50.05],"DEWP":[-10.9],"FRSHTT":[1110000],"PRCP":[0.11],"SLP":[1019.7999],"SNDP":[0.10000001],"STP":[1017.2001],"TEMP":[-3.98],"VISIB":[16.990002],"WDSP":[17.89],"WNDDIR":[95.1],"time":[1549364858]}