{"CLDC":[63.559998],"DEWP":[-13.499998],"FRSHTT":[1110000],"PRCP":[0.10000001],"SLP":[1018.9],"SNDP":[0.29999998],"STP":[1015.1],"TEMP":[-6.5600004],"VISIB":[10.96],"WDSP":[12.039999],"WNDDIR":[61],"time":[1549364858]}