{"CLDC":[50.120003],"DEWP":[-8.44],"FRSHTT":[100000],"PRCP":[0.09000001],"SLP":[1019.50995],"SNDP":[0],"STP":[1017.16],"TEMP":[0.9],"VISIB":[15.259999],"WDSP":[11.599999],"WNDDIR":[85],"time":[1549364858]}