{"CLDC":[47.02],"DEWP":[-1.24],"FRSHTT":[0],"PRCP":[0],"SLP":[1027.0798],"SNDP":[0],"STP":[1005.77],"TEMP":[5.2499995],"VISIB":[15.920001],"WDSP":[14.67],"WNDDIR":[28],"time":[1549364858]}