{"CLDC":[50.160004,50.43],"DEWP":[-9.559999,-9.719999],"FRSHTT":[1100000,1100000],"PRCP":[0.07,0.07],"SLP":[1015.3,1014.79004],"SNDP":[0,0],"STP":[1017.87,1017.92004],"TEMP":[-2.5,-2.5],"VISIB":[15.520001,15.81],"WDSP":[12.139999,12.179999],"WNDDIR":[130.9,128],"time":[1549364858,1549364917]}