{"CLDC":[54.409996,54.7],"DEWP":[-10.2,-10],"FRSHTT":[1110000,1110000],"PRCP":[0.11,0.11],"SLP":[1019.9,1019.92004],"SNDP":[0.29999998,0.29999998],"STP":[1022,1022],"TEMP":[-3.7800002,-3.7800002],"VISIB":[11.679999,11.830001],"WDSP":[14.19,14.109999],"WNDDIR":[183.7,186.9],"time":[1549364858,1549364917]}