{"CLDC":[66.09,66.14],"DEWP":[-8.29,-8.15],"FRSHTT":[1000000,1000000],"PRCP":[0,0],"SLP":[1001.7499,1001.2799],"SNDP":[0,0],"STP":[1002.7101,1002.7499],"TEMP":[-0.96000004,-0.95],"VISIB":[13.26,12.83],"WDSP":[12.910001,13.7699995],"WNDDIR":[205.1,200.5],"time":[1549364858,1549364917]}