{"CLDC":[44.750004],"DEWP":[8.339999],"FRSHTT":[0],"PRCP":[0],"SLP":[1006.43],"SNDP":[0],"STP":[994.52997],"TEMP":[12],"VISIB":[14.69],"WDSP":[15.790001],"WNDDIR":[263.8],"time":[1549364858]}