{"CLDC":[76.63999,76.920006],"DEWP":[0.11999999,0.25],"FRSHTT":[0,0],"PRCP":[0,0],"SLP":[1020.95996,1020.99005],"SNDP":[0,0],"STP":[1006.67004,1005.93],"TEMP":[1.1400001,1.2200001],"VISIB":[10.519999,11.47],"WDSP":[5.71,6],"WNDDIR":[133.9,133.6],"time":[1549364858,1549364917]}