{"CLDC":[68,68.009995],"DEWP":[-8.000001,-8.1],"FRSHTT":[1110000,1110000],"PRCP":[0.33999997,0.33999997],"SLP":[1020.9,1020.9],"SNDP":[0.20000002,0.20000002],"STP":[1025.7999,1025.7999],"TEMP":[-0.8000001,-0.8000001],"VISIB":[10.27,10.69],"WDSP":[10.320001,10.79],"WNDDIR":[140.2,140.8],"time":[1549364858,1549364917]}