{"CLDC":[50.02,50.21],"DEWP":[-10.570002,-10.460001],"FRSHTT":[1100000,1100000],"PRCP":[0.13,0.13],"SLP":[1018.9,1018.9],"SNDP":[0,0],"STP":[1017.2001,1017.19006],"TEMP":[-4.44,-4.38],"VISIB":[15.169998,14.3],"WDSP":[17.61,18.380001],"WNDDIR":[170.3,172.8],"time":[1549364858,1549364917]}