{"CLDC":[15.030001],"DEWP":[-12.190001],"FRSHTT":[1000000],"PRCP":[0],"SLP":[1019.91003],"SNDP":[0],"STP":[1013.86993],"TEMP":[-3.42],"VISIB":[10.65],"WDSP":[8.59],"WNDDIR":[346.4],"time":[1549364858]}