{"CLDC":[50.070004,50.090004],"DEWP":[-13.9,-14],"FRSHTT":[1110000,1110000],"PRCP":[0.09000001,0.09000001],"SLP":[1021.4,1021.4],"SNDP":[0.9,0.9],"STP":[1007.5,1007.5],"TEMP":[-6.4199996,-6.46],"VISIB":[9.800001,9.58],"WDSP":[11.9,11.73],"WNDDIR":[308.3,308],"time":[1549364858,1549364917]}