{"CLDC":[80.8],"DEWP":[-9.040001],"FRSHTT":[1110000],"PRCP":[0.09000001],"SLP":[1019.6],"SNDP":[0.29999998],"STP":[1021.4],"TEMP":[-2.4],"VISIB":[11.159999],"WDSP":[15.01],"WNDDIR":[272.8],"time":[1549364858]}