{"CLDC":[50.180004,50.180004],"DEWP":[-9.300001,-9.000001],"FRSHTT":[1110000,1110000],"PRCP":[0.14999999,0.14999999],"SLP":[1020.7999,1020.7999],"SNDP":[0.59999996,0.61999995],"STP":[1019.88007,1019.9],"TEMP":[-2.86,-2.9],"VISIB":[14.7699995,14.660001],"WDSP":[13.9800005,13.609999],"WNDDIR":[7,7.6],"time":[1549364858,1549364917]}