{"CLDC":[15.030001,14.610001],"DEWP":[-12.190001,-12.969999],"FRSHTT":[1000000,1000000],"PRCP":[0,0],"SLP":[1019.91003,1019.99005],"SNDP":[0,0],"STP":[1013.86993,1013.7899],"TEMP":[-3.42,-3.36],"VISIB":[10.65,11.089999],"WDSP":[8.59,8.949999],"WNDDIR":[346.4,343.4],"time":[1549364858,1549364917]}