{"CLDC":[54.409996],"DEWP":[-10.2],"FRSHTT":[1110000],"PRCP":[0.11],"SLP":[1019.9],"SNDP":[0.29999998],"STP":[1022],"TEMP":[-3.7800002],"VISIB":[11.679999],"WDSP":[14.19],"WNDDIR":[183.7],"time":[1549364858]}