{"CLDC":[50.15],"DEWP":[-8.969999],"FRSHTT":[1110000],"PRCP":[0.14],"SLP":[1019.88],"SNDP":[0.40000004],"STP":[1014.1],"TEMP":[-1.0000001],"VISIB":[17.72],"WDSP":[15.01],"WNDDIR":[218.1],"time":[1549364858]}