{"CLDC":[50.170006],"DEWP":[-10.13],"FRSHTT":[1110000],"PRCP":[0.14],"SLP":[1020.15],"SNDP":[0.40000004],"STP":[1018.47003],"TEMP":[-2.8999999],"VISIB":[16.249998],"WDSP":[12.290001],"WNDDIR":[106],"time":[1549364859]}