{"CLDC":[40.530003],"DEWP":[-22.699997],"FRSHTT":[1000000],"PRCP":[0],"SLP":[1004.75],"SNDP":[0],"STP":[1001.99005],"TEMP":[-7.31],"VISIB":[16.5],"WDSP":[14.7699995],"WNDDIR":[305.6],"time":[1549364859]}