{"CLDC":[40.530003,40.580006],"DEWP":[-22.699997,-22.699997],"FRSHTT":[1000000,1000000],"PRCP":[0,0],"SLP":[1004.75,1004.9899],"SNDP":[0,0],"STP":[1001.99005,1002.7399],"TEMP":[-7.31,-7.45],"VISIB":[16.5,16.27],"WDSP":[14.7699995,14.75],"WNDDIR":[305.6,304.8],"time":[1549364859,1549364917]}