{"CLDC":[52.72001],"DEWP":[-11.01],"FRSHTT":[1110000],"PRCP":[0.11999999],"SLP":[1020.4],"SNDP":[0.40000004],"STP":[998.2001],"TEMP":[-1.76],"VISIB":[28.02],"WDSP":[10.49],"WNDDIR":[256.1],"time":[1549364859]}