{"CLDC":[98.89001,99.299995],"DEWP":[-7.6800003,-7.7700005],"FRSHTT":[1110000,1110000],"PRCP":[0.13,0.13],"SLP":[1021.37,1021.2999],"SNDP":[0.8000001,0.8000001],"STP":[1015.91003,1016.07996],"TEMP":[-2.73,-2.7100003],"VISIB":[16.8,16.72],"WDSP":[9.450001,9.5199995],"WNDDIR":[37.2,37.1],"time":[1549364859,1549364917]}