{"CLDC":[5.7599998],"DEWP":[-18.65],"FRSHTT":[1000000],"PRCP":[0],"SLP":[969.75],"SNDP":[0],"STP":[983.41003],"TEMP":[-6.6700006],"VISIB":[14.950002],"WDSP":[20.17],"WNDDIR":[182],"time":[1549364859]}