{"CLDC":[98.89001],"DEWP":[-7.6800003],"FRSHTT":[1110000],"PRCP":[0.13],"SLP":[1021.37],"SNDP":[0.8000001],"STP":[1015.91003],"TEMP":[-2.73],"VISIB":[16.8],"WDSP":[9.450001],"WNDDIR":[37.2],"time":[1549364859]}