{"CLDC":[60.859997],"DEWP":[-16.86],"FRSHTT":[1000000],"PRCP":[0],"SLP":[977.3501],"SNDP":[0],"STP":[991.63007],"TEMP":[-2.0900002],"VISIB":[16.2],"WDSP":[7.9],"WNDDIR":[169.2],"time":[1549364859]}