{"CLDC":[87.01],"DEWP":[-7.5],"FRSHTT":[1110000],"PRCP":[0.11],"SLP":[1020.43005],"SNDP":[1.5],"STP":[1020.45996],"TEMP":[-1.2799999],"VISIB":[14.099998],"WDSP":[12.07],"WNDDIR":[157.7],"time":[1549364859]}