{"CLDC":[87.01,86.670006],"DEWP":[-7.5,-7.9],"FRSHTT":[1110000,1110000],"PRCP":[0.11,0.11],"SLP":[1020.43005,1020.5],"SNDP":[1.5,1.5],"STP":[1020.45996,1020.42004],"TEMP":[-1.2799999,-1.2599999],"VISIB":[14.099998,14.800001],"WDSP":[12.07,11.41],"WNDDIR":[157.7,155],"time":[1549364859,1549364917]}