{"CLDC":[6.7100005],"DEWP":[-0.05999999],"FRSHTT":[0],"PRCP":[0],"SLP":[991.66003],"SNDP":[0],"STP":[983.91003],"TEMP":[2.1],"VISIB":[11.940001],"WDSP":[7.16],"WNDDIR":[104.7],"time":[1549364859]}