{"CLDC":[52.72001,52.96],"DEWP":[-11.01,-10.49],"FRSHTT":[1110000,1110000],"PRCP":[0.11999999,0.11999999],"SLP":[1020.4,1020.39],"SNDP":[0.40000004,0.40000004],"STP":[998.2001,998.2001],"TEMP":[-1.76,-1.7300001],"VISIB":[28.02,28.540003],"WDSP":[10.49,9.85],"WNDDIR":[256.1,254.6],"time":[1549364859,1549364917]}