{"CLDC":[50.170006],"DEWP":[-10.009999],"FRSHTT":[1100000],"PRCP":[0.029999997],"SLP":[1010.2399],"SNDP":[0],"STP":[1008.2001],"TEMP":[-4.22],"VISIB":[15.63],"WDSP":[11.629999],"WNDDIR":[327.7],"time":[1549364859]}