{"CLDC":[61.799995,61.6],"DEWP":[-9.48,-9.24],"FRSHTT":[1110000,1110000],"PRCP":[0.07999999,0.07999999],"SLP":[1020.7999,1020.93],"SNDP":[2.2000003,2.2000003],"STP":[957.41003,957.57996],"TEMP":[-4.38,-4.3500004],"VISIB":[11.880001,12.120001],"WDSP":[9.58,10.139999],"WNDDIR":[263,261.4],"time":[1549364859,1549364917]}