{"CLDC":[50.05,50.050003],"DEWP":[-7.4200006,-7.0600004],"FRSHTT":[1110000,1110000],"PRCP":[0.11999999,0.11999999],"SLP":[1021.6,1021.64],"SNDP":[1.6000001,1.6000001],"STP":[945.6,945.6],"TEMP":[-1.8799999,-1.9100001],"VISIB":[15.639999,16.12],"WDSP":[13.549998,13.99],"WNDDIR":[121.9,122.3],"time":[1549364859,1549364917]}