{"CLDC":[32.47,32.32],"DEWP":[-14.780001,-14.840001],"FRSHTT":[1000000,1000000],"PRCP":[0,0],"SLP":[1015.75,1016.13007],"SNDP":[0,0],"STP":[1005.04004,1004.16003],"TEMP":[-11.399999,-11.319999],"VISIB":[15.2300005,15.089999],"WDSP":[31.52,31.640003],"WNDDIR":[209.3,209.2],"time":[1549364859,1549364917]}