{"CLDC":[61.799995],"DEWP":[-9.48],"FRSHTT":[1110000],"PRCP":[0.07999999],"SLP":[1020.7999],"SNDP":[2.2000003],"STP":[957.41003],"TEMP":[-4.38],"VISIB":[11.880001],"WDSP":[9.58],"WNDDIR":[263],"time":[1549364859]}