{"CLDC":[72.36,72.509995],"DEWP":[-9.780001,-9.660001],"FRSHTT":[1000000,1000000],"PRCP":[0,0],"SLP":[1009.8499,1010.36005],"SNDP":[0,0],"STP":[1001.92004,1001.3],"TEMP":[-1.3599999,-1.26],"VISIB":[14.660001,14.95],"WDSP":[8.29,8.519999],"WNDDIR":[303.3,305],"time":[1549364859,1549364917]}