{"CLDC":[56.809998],"DEWP":[-9.16],"FRSHTT":[1110000],"PRCP":[0.07],"SLP":[1002.6],"SNDP":[0.5],"STP":[1002.7301],"TEMP":[-3.3399997],"VISIB":[15.889999],"WDSP":[8.849999],"WNDDIR":[301.7],"time":[1549364859]}