{"CLDC":[72.36],"DEWP":[-9.780001],"FRSHTT":[1000000],"PRCP":[0],"SLP":[1009.8499],"SNDP":[0],"STP":[1001.92004],"TEMP":[-1.3599999],"VISIB":[14.660001],"WDSP":[8.29],"WNDDIR":[303.3],"time":[1549364859]}