{"CLDC":[5.7599998,5.9000006],"DEWP":[-18.65,-18.75],"FRSHTT":[1000000,1000000],"PRCP":[0,0],"SLP":[969.75,967.72003],"SNDP":[0,0],"STP":[983.41003,983.4],"TEMP":[-6.6700006,-6.66],"VISIB":[14.950002,15.19],"WDSP":[20.17,20.08],"WNDDIR":[182,179.6],"time":[1549364859,1549364917]}