{"CLDC":[88.24,88.72],"DEWP":[1.96,1.9000002],"FRSHTT":[100000,100000],"PRCP":[0.7200001,0.7200001],"SLP":[1005.66003,1005.7199],"SNDP":[0,0],"STP":[1025.4,1025.4202],"TEMP":[3.28,3.2400002],"VISIB":[11.4800005,12.15],"WDSP":[17.679998,19.7],"WNDDIR":[158.2,160.4],"time":[1549364859,1549364917]}