{"CLDC":[94.5],"DEWP":[-6.0999994],"FRSHTT":[1110000],"PRCP":[0.10000001],"SLP":[1021.7999],"SNDP":[1.1000001],"STP":[1023.87],"TEMP":[-1.8399999],"VISIB":[13.910001],"WDSP":[12.960001],"WNDDIR":[239.3],"time":[1549364859]}