{"CLDC":[20.79],"DEWP":[-6.34],"FRSHTT":[1000000],"PRCP":[0],"SLP":[995.9601],"SNDP":[0],"STP":[1006.98],"TEMP":[-1.6800001],"VISIB":[11.2300005],"WDSP":[10.129999],"WNDDIR":[63.5],"time":[1549364859]}