{"CLDC":[54.059998],"DEWP":[-6.5200005],"FRSHTT":[1100000],"PRCP":[0.09000001],"SLP":[1019.86],"SNDP":[0],"STP":[1011.2001],"TEMP":[-3.2000003],"VISIB":[10.290001],"WDSP":[13.45],"WNDDIR":[82.3],"time":[1549364859]}