{"CLDC":[20.79,21.02],"DEWP":[-6.34,-5.910001],"FRSHTT":[1000000,1000000],"PRCP":[0,0],"SLP":[995.9601,995.9],"SNDP":[0,0],"STP":[1006.98,1007.27],"TEMP":[-1.6800001,-1.72],"VISIB":[11.2300005,11.290001],"WDSP":[10.129999,9.710001],"WNDDIR":[63.5,60.7],"time":[1549364859,1549364917]}