{"CLDC":[50.120003],"DEWP":[-6.7400002],"FRSHTT":[1110000],"PRCP":[0.07],"SLP":[1020.05994],"SNDP":[0.40000004],"STP":[1006.7001],"TEMP":[-1.3000001],"VISIB":[9.539999],"WDSP":[12.539999],"WNDDIR":[194.1],"time":[1549364859]}