{"CLDC":[93.759995],"DEWP":[-6.27],"FRSHTT":[1100000],"PRCP":[0.039999995],"SLP":[1005.7999],"SNDP":[0],"STP":[1005.14],"TEMP":[-1.57],"VISIB":[11.290001],"WDSP":[13.410001],"WNDDIR":[124.5],"time":[1549364859]}