{"CLDC":[50.100002],"DEWP":[-6.4200006],"FRSHTT":[1110000],"PRCP":[0.13],"SLP":[1021.7101],"SNDP":[0.8000001],"STP":[989.7101],"TEMP":[-1.7],"VISIB":[12.960001],"WDSP":[14.679998],"WNDDIR":[99.9],"time":[1549364859]}