{"CLDC":[61.920002],"DEWP":[-7.9],"FRSHTT":[1110010],"PRCP":[0.19000001],"SLP":[1021.7999],"SNDP":[1.6000001],"STP":[986.45],"TEMP":[-4.02],"VISIB":[11.360001],"WDSP":[15.509999],"WNDDIR":[175.2],"time":[1549364859]}