{"CLDC":[96.96999,97.10999],"DEWP":[4.52,4.5],"FRSHTT":[100000,100000],"PRCP":[0.65000004,0.65000004],"SLP":[1005.9899,1005.87],"SNDP":[0,0],"STP":[1005.8,1006.24005],"TEMP":[4.9199996,4.68],"VISIB":[4.7699995,4.58],"WDSP":[18.84,21.52],"WNDDIR":[276.8,276.9],"time":[1549364859,1549364917]}