{"CLDC":[50.250004],"DEWP":[6.46],"FRSHTT":[100000],"PRCP":[0.6999999],"SLP":[1006.57996],"SNDP":[0],"STP":[1032.51],"TEMP":[8.86],"VISIB":[13.109999],"WDSP":[21.65],"WNDDIR":[175],"time":[1549364859]}