{"CLDC":[81.59999,81.049995],"DEWP":[-8.030001,-7.5800004],"FRSHTT":[1110000,1110000],"PRCP":[0.13,0.13],"SLP":[1021.4,1021.4],"SNDP":[0.6999999,0.6999999],"STP":[991.49005,991.4501],"TEMP":[-1.74,-1.75],"VISIB":[13.76,14.42],"WDSP":[9.390001,9.17],"WNDDIR":[40.8,40.6],"time":[1549364859,1549364917]}