{"CLDC":[50.180004,50.03],"DEWP":[-7.600001,-7.9000006],"FRSHTT":[1110000,1110000],"PRCP":[0.050000004,0.050000004],"SLP":[1022.4,1022.55994],"SNDP":[1,1],"STP":[1026.8801,1026.99],"TEMP":[-3.4599998,-3.45],"VISIB":[13.31,13.289999],"WDSP":[10.51,10.71],"WNDDIR":[292.5,292.7],"time":[1549364859,1549364917]}