{"CLDC":[50.13],"DEWP":[-7.9800005],"FRSHTT":[1110000],"PRCP":[0.029999997],"SLP":[1017.06995],"SNDP":[0.5],"STP":[1002.2001],"TEMP":[-3.4],"VISIB":[12.719999],"WDSP":[12.550001],"WNDDIR":[323.9],"time":[1549364859]}