{"CLDC":[50.05],"DEWP":[-6.5],"FRSHTT":[1100000],"PRCP":[0.07],"SLP":[1019.19006],"SNDP":[0],"STP":[1018.9801],"TEMP":[-2.14],"VISIB":[13.079999],"WDSP":[11.49],"WNDDIR":[219],"time":[1549364859]}