{"CLDC":[58.089996,58.25],"DEWP":[-8.059999,-7.84],"FRSHTT":[1110000,1110000],"PRCP":[0.29999998,0.29999998],"SLP":[1021.49005,1021.5],"SNDP":[1.1000001,1.1000001],"STP":[990.94006,991.02997],"TEMP":[-2.2400002,-2.2499998],"VISIB":[14.7300005,14.530001],"WDSP":[11.53,11.99],"WNDDIR":[224.9,223.6],"time":[1549364859,1549364917]}