{"CLDC":[13.109999],"DEWP":[-9.5],"FRSHTT":[1000000],"PRCP":[0],"SLP":[1026.2201],"SNDP":[0],"STP":[1046.17],"TEMP":[-3.6999996],"VISIB":[16.82],"WDSP":[10.120001],"WNDDIR":[243.3],"time":[1549364859]}