{"CLDC":[13.109999,13.0199995],"DEWP":[-9.5,-9.5],"FRSHTT":[1000000,1000000],"PRCP":[0,0],"SLP":[1026.2201,1026.2001],"SNDP":[0,0],"STP":[1046.17,1047.61],"TEMP":[-3.6999996,-3.6799996],"VISIB":[16.82,16.39],"WDSP":[10.120001,10.289999],"WNDDIR":[243.3,243.3],"time":[1549364859,1549364917]}