{"CLDC":[50.090004],"DEWP":[-6.04],"FRSHTT":[1110000],"PRCP":[0.029999997],"SLP":[1022],"SNDP":[1.7],"STP":[1007.19006],"TEMP":[-4.0999994],"VISIB":[13.539999],"WDSP":[10.58],"WNDDIR":[91.5],"time":[1549364859]}