{"CLDC":[50.250008,50.120003],"DEWP":[-6.7399993,-6.9],"FRSHTT":[1100000,1100000],"PRCP":[0.019999998,0.019999998],"SLP":[1019.45,1019.4],"SNDP":[0,0],"STP":[994.7999,994.9],"TEMP":[-2.24,-2.2199998],"VISIB":[11.219999,11.219999],"WDSP":[16.51,16.05],"WNDDIR":[112.6,114],"time":[1549364859,1549364917]}