{"CLDC":[50.28,50.190002],"DEWP":[-9.15,-9.15],"FRSHTT":[1100000,1100000],"PRCP":[0.059999995,0.059999995],"SLP":[1015.7001,1015.49005],"SNDP":[0,0],"STP":[1019.9699,1019.52997],"TEMP":[-4.55,-4.5299997],"VISIB":[13.55,12.900002],"WDSP":[15.81,14.969999],"WNDDIR":[325.7,324.7],"time":[1549364859,1549364917]}