{"CLDC":[50.319996],"DEWP":[-5.2400002],"FRSHTT":[1100000],"PRCP":[0.19000001],"SLP":[978.18994],"SNDP":[0],"STP":[984.50995],"TEMP":[-0.32],"VISIB":[12.35],"WDSP":[15.910001],"WNDDIR":[122.7],"time":[1549364859]}