{"CLDC":[94.5,94.43001],"DEWP":[-6.0999994,-6.2999997],"FRSHTT":[1110000,1110000],"PRCP":[0.10000001,0.10000001],"SLP":[1021.7999,1021.7999],"SNDP":[1.1000001,1.1000001],"STP":[1023.87,1023.69006],"TEMP":[-1.8399999,-1.76],"VISIB":[13.910001,14.289999],"WDSP":[12.960001,12.960001],"WNDDIR":[239.3,235],"time":[1549364859,1549364917]}