{"CLDC":[61.920002,62.57],"DEWP":[-7.9,-8.2],"FRSHTT":[1110010,1110010],"PRCP":[0.19000001,0.19000001],"SLP":[1021.7999,1021.59],"SNDP":[1.6000001,1.6000001],"STP":[986.45,986.2999],"TEMP":[-4.02,-3.9599998],"VISIB":[11.360001,11.340001],"WDSP":[15.509999,15.42],"WNDDIR":[175.2,174.9],"time":[1549364859,1549364917]}