{"CLDC":[50.06],"DEWP":[-8.15],"FRSHTT":[1110000],"PRCP":[0.050000004],"SLP":[1022],"SNDP":[0.29999998],"STP":[1019.75995],"TEMP":[-2.3999999],"VISIB":[15.9],"WDSP":[9.97],"WNDDIR":[79.7],"time":[1549364859]}