{"CLDC":[71.92],"DEWP":[-10.799998],"FRSHTT":[1000000],"PRCP":[0],"SLP":[1032.64],"SNDP":[0],"STP":[1010.14],"TEMP":[-7.9799995],"VISIB":[9.290001],"WDSP":[14.75],"WNDDIR":[307],"time":[1549364859]}