{"CLDC":[76.09999],"DEWP":[-6.2],"FRSHTT":[1100000],"PRCP":[0.039999995],"SLP":[1020],"SNDP":[0],"STP":[1010.6],"TEMP":[-1.27],"VISIB":[11.930001],"WDSP":[14.2300005],"WNDDIR":[69],"time":[1549364859]}