{"CLDC":[86.03999],"DEWP":[-7.05],"FRSHTT":[1100000],"PRCP":[0.050000004],"SLP":[1022.38],"SNDP":[0],"STP":[1003.69006],"TEMP":[-1.3000001],"VISIB":[13.460001],"WDSP":[12.109999],"WNDDIR":[267.3],"time":[1549364859]}