{"CLDC":[32.100002,32.510002],"DEWP":[-5.9400005,-6.18],"FRSHTT":[1000000,1000000],"PRCP":[0,0],"SLP":[991.7399,991.7001],"SNDP":[0,0],"STP":[995.9,995.95],"TEMP":[-1.8,-1.8],"VISIB":[12.689999,13.5],"WDSP":[11.15,9.95],"WNDDIR":[173.8,171.4],"time":[1549364859,1549364917]}