{"CLDC":[65.96001],"DEWP":[-8.099999],"FRSHTT":[1000000],"PRCP":[0],"SLP":[1001.11005],"SNDP":[0],"STP":[1003.7001],"TEMP":[-2.0800002],"VISIB":[16.47],"WDSP":[17.310001],"WNDDIR":[303.7],"time":[1549364859]}