{"CLDC":[86.03999,85.96001],"DEWP":[-7.05,-7.049999],"FRSHTT":[1100000,1100000],"PRCP":[0.050000004,0.050000004],"SLP":[1022.38,1022.39],"SNDP":[0,0],"STP":[1003.69006,1003.7001],"TEMP":[-1.3000001,-1.3000001],"VISIB":[13.460001,13.43],"WDSP":[12.109999,11.900001],"WNDDIR":[267.3,265.9],"time":[1549364859,1549364917]}