{"CLDC":[62.54,62.840004],"DEWP":[-6.26,-6.5],"FRSHTT":[1110000,1110000],"PRCP":[0.07999999,0.07999999],"SLP":[1022.75995,1022.7999],"SNDP":[0.9,0.9],"STP":[1009.7001,1009.6],"TEMP":[-1.7000002,-1.71],"VISIB":[12.04,11.89],"WDSP":[11.8,11.78],"WNDDIR":[289.3,287.2],"time":[1549364859,1549364918]}