{"CLDC":[97.52,97.75],"DEWP":[-7.4200006,-7.4200006],"FRSHTT":[1110000,1110000],"PRCP":[0.34999996,0.34999996],"SLP":[1023.1,1023.2001],"SNDP":[1.8,1.8],"STP":[1003.2999,1003.2999],"TEMP":[-2.52,-2.55],"VISIB":[12.4800005,12.19],"WDSP":[16.39,15.99],"WNDDIR":[80,79.8],"time":[1549364859,1549364917]}