{"CLDC":[50.239998],"DEWP":[-4.9199996],"FRSHTT":[1100000],"PRCP":[0.019999998],"SLP":[965.6699],"SNDP":[0],"STP":[997.93005],"TEMP":[-1.1999999],"VISIB":[11.73],"WDSP":[12.67],"WNDDIR":[25.4],"time":[1549364859]}