{"CLDC":[50.08],"DEWP":[-6.9],"FRSHTT":[1100000],"PRCP":[0.14],"SLP":[1020.62],"SNDP":[0],"STP":[1022.7999],"TEMP":[-3.14],"VISIB":[12.360001],"WDSP":[12.2699995],"WNDDIR":[75.5],"time":[1549364859]}