{"CLDC":[32.100002],"DEWP":[-5.9400005],"FRSHTT":[1000000],"PRCP":[0],"SLP":[991.7399],"SNDP":[0],"STP":[995.9],"TEMP":[-1.8],"VISIB":[12.689999],"WDSP":[11.15],"WNDDIR":[173.8],"time":[1549364859]}