{"CLDC":[50.070004],"DEWP":[-6.2600007],"FRSHTT":[1110000],"PRCP":[0.059999995],"SLP":[1023.1],"SNDP":[1.6000001],"STP":[1021.1],"TEMP":[-2.5000002],"VISIB":[13.4800005],"WDSP":[17.45],"WNDDIR":[281.6],"time":[1549364859]}