{"CLDC":[31.320002,31.329998],"DEWP":[-3.2400002,-3.12],"FRSHTT":[1000000,1000000],"PRCP":[0,0],"SLP":[1005.5,1004.4601],"SNDP":[0,0],"STP":[982.95,983.07],"TEMP":[-0.6999999,-0.6999999],"VISIB":[11.97,12.509999],"WDSP":[15.33,15.65],"WNDDIR":[218.5,221.9],"time":[1549364859,1549364917]}