{"CLDC":[74.25,74.420006],"DEWP":[-6.95,-6.95],"FRSHTT":[1100000,1100000],"PRCP":[0.050000004,0.050000004],"SLP":[1005,1005],"SNDP":[0,0],"STP":[1006.9699,1007.61005],"TEMP":[-1.8999999,-1.8999999],"VISIB":[13.740001,13.940001],"WDSP":[13.17,12.850001],"WNDDIR":[21.2,18.7],"time":[1549364859,1549364917]}