{"CLDC":[29.86],"DEWP":[-10.940001],"FRSHTT":[1000000],"PRCP":[0],"SLP":[1023],"SNDP":[0],"STP":[1009.6],"TEMP":[-6.4600005],"VISIB":[12.12],"WDSP":[14.129999],"WNDDIR":[276.3],"time":[1549364859]}