{"CLDC":[50.050003],"DEWP":[-6.5799994],"FRSHTT":[1100000],"PRCP":[0.19000001],"SLP":[1018.8099],"SNDP":[0],"STP":[1008.57],"TEMP":[-2.34],"VISIB":[11.31],"WDSP":[17.01],"WNDDIR":[7.1],"time":[1549364859]}