{"CLDC":[53.74,53.93],"DEWP":[-9.7,-9.6],"FRSHTT":[1100000,1100000],"PRCP":[0.009999999,0.009999999],"SLP":[1023.2699,1023.41],"SNDP":[0,0],"STP":[1032.88,1033.2301],"TEMP":[-3.52,-3.52],"VISIB":[12.99,13.370001],"WDSP":[13.109999,13.38],"WNDDIR":[326.3,328.5],"time":[1549364859,1549364917]}