{"CLDC":[50.050003,50.210007],"DEWP":[-6.5799994,-6.5],"FRSHTT":[1100000,1100000],"PRCP":[0.19000001,0.192],"SLP":[1018.8099,1019.0199],"SNDP":[0,0],"STP":[1008.57,1009.33997],"TEMP":[-2.34,-2.2800002],"VISIB":[11.31,11.32],"WDSP":[17.01,17.220001],"WNDDIR":[7.1,5.4],"time":[1549364859,1549364917]}