{"CLDC":[66.729996],"DEWP":[-6.4000006],"FRSHTT":[1100000],"PRCP":[0.13],"SLP":[1020.5],"SNDP":[0],"STP":[1024.54],"TEMP":[-2.2400002],"VISIB":[11.62],"WDSP":[9.93],"WNDDIR":[126.8],"time":[1549364859]}