{"CLDC":[9.059999],"DEWP":[-9.139999],"FRSHTT":[1000000],"PRCP":[0],"SLP":[1018.47003],"SNDP":[0],"STP":[993.2001],"TEMP":[-3.2999997],"VISIB":[13.530001],"WDSP":[14.440001],"WNDDIR":[126.4],"time":[1549364859]}