{"CLDC":[50.319996],"DEWP":[-7.06],"FRSHTT":[1100000],"PRCP":[0.10000001],"SLP":[1022.7899],"SNDP":[0],"STP":[1009.38],"TEMP":[-2.9499998],"VISIB":[13.870001],"WDSP":[13.75],"WNDDIR":[87.3],"time":[1549364859]}