{"CLDC":[66.729996,67.009995],"DEWP":[-6.4000006,-6.200001],"FRSHTT":[1100000,1100000],"PRCP":[0.13,0.13],"SLP":[1020.5,1020.5499],"SNDP":[0,0],"STP":[1024.54,1024.5999],"TEMP":[-2.2400002,-2.27],"VISIB":[11.62,11.209999],"WDSP":[9.93,9.19],"WNDDIR":[126.8,127.6],"time":[1549364859,1549364917]}