{"CLDC":[65.96001,66.24999],"DEWP":[-8.099999,-7.999999],"FRSHTT":[1000000,1000000],"PRCP":[0,0],"SLP":[1001.11005,1001.5801],"SNDP":[0,0],"STP":[1003.7001,1003.6],"TEMP":[-2.0800002,-1.9799999],"VISIB":[16.47,16.560001],"WDSP":[17.310001,17.630001],"WNDDIR":[303.7,303.5],"time":[1549364859,1549364918]}