{"CLDC":[97.52],"DEWP":[-7.4200006],"FRSHTT":[1110000],"PRCP":[0.34999996],"SLP":[1023.1],"SNDP":[1.8],"STP":[1003.2999],"TEMP":[-2.52],"VISIB":[12.4800005],"WDSP":[16.39],"WNDDIR":[80],"time":[1549364859]}