{"CLDC":[53.74],"DEWP":[-9.7],"FRSHTT":[1100000],"PRCP":[0.009999999],"SLP":[1023.2699],"SNDP":[0],"STP":[1032.88],"TEMP":[-3.52],"VISIB":[12.99],"WDSP":[13.109999],"WNDDIR":[326.3],"time":[1549364859]}