{"CLDC":[50.180004,50.13],"DEWP":[-8.639999,-8.860001],"FRSHTT":[1110000,1110000],"PRCP":[0.22,0.22],"SLP":[1021.5,1021.43005],"SNDP":[1.6000001,1.6000001],"STP":[995.2001,995.2001],"TEMP":[-4.7599998,-4.75],"VISIB":[15.9,15.719999],"WDSP":[16.53,16.55],"WNDDIR":[339.9,342.4],"time":[1549364859,1549364918]}