{"CLDC":[67.32,67.299995],"DEWP":[-7.6999993,-7.799999],"FRSHTT":[1100000,1100000],"PRCP":[0.059999995,0.062],"SLP":[1020.9,1021.1],"SNDP":[0,0],"STP":[1019.7899,1019.80994],"TEMP":[-4.7999997,-4.72],"VISIB":[10.950001,10.92],"WDSP":[17.259998,18.16],"WNDDIR":[253.6,254],"time":[1549364859,1549364918]}