{"CLDC":[93.7],"DEWP":[-8.799999],"FRSHTT":[1110000],"PRCP":[0.039999995],"SLP":[1019.1],"SNDP":[0.20000002],"STP":[1017.99005],"TEMP":[-3.1700003],"VISIB":[14.58],"WDSP":[11.429998],"WNDDIR":[341.9],"time":[1549364859]}