{"CLDC":[92.8],"DEWP":[-9.700001],"FRSHTT":[1100000],"PRCP":[0.019999998],"SLP":[1006.94006],"SNDP":[0],"STP":[1012.66003],"TEMP":[-4.53],"VISIB":[16.39],"WDSP":[13.76],"WNDDIR":[229.7],"time":[1549364860]}