{"CLDC":[71.229996],"DEWP":[-10.05],"FRSHTT":[1110000],"PRCP":[0.050000004],"SLP":[1022],"SNDP":[0.8000001],"STP":[1001.87],"TEMP":[-4.55],"VISIB":[14.9],"WDSP":[13.51],"WNDDIR":[215.4],"time":[1549364860]}