{"CLDC":[50.15,50.35],"DEWP":[-8.249999,-8.34],"FRSHTT":[1110000,1110000],"PRCP":[0.050000004,0.050000004],"SLP":[1010.11993,1009.85],"SNDP":[1.1999999,1.1999999],"STP":[993.43,993.5],"TEMP":[-3.1800003,-3.1],"VISIB":[11.430001,11.139999],"WDSP":[15.209999,15.360001],"WNDDIR":[348.7,349.1],"time":[1549364860,1549364918]}