{"CLDC":[50.090004],"DEWP":[-7.899999],"FRSHTT":[1110000],"PRCP":[0.11],"SLP":[1023.7001],"SNDP":[1.8999999],"STP":[986.7001],"TEMP":[-3.2399998],"VISIB":[15.120001],"WDSP":[16.61],"WNDDIR":[315.7],"time":[1549364860]}