{"CLDC":[50.249996,50.010002],"DEWP":[-7.6999993,-7.799999],"FRSHTT":[1110000,1110000],"PRCP":[0.09000001,0.09000001],"SLP":[1024.0999,1024.0399],"SNDP":[2,2],"STP":[1024.15,1024.2001],"TEMP":[-3.85,-3.75],"VISIB":[13.9800005,14.43],"WDSP":[17.35,16.89],"WNDDIR":[188.1,188.1],"time":[1549364860,1549364918]}