{"CLDC":[76.94,76.69],"DEWP":[-3.9399998,-3.94],"FRSHTT":[1100000,1100000],"PRCP":[0.019999998,0.019999998],"SLP":[1010.24005,1008.63995],"SNDP":[0,0],"STP":[1003.93,1002.85],"TEMP":[-1.12,-1.1],"VISIB":[10.740001,11.38],"WDSP":[12.140001,10.73],"WNDDIR":[219.3,219.4],"time":[1549364860,1549364918]}