{"CLDC":[50.05],"DEWP":[-8.1],"FRSHTT":[1110000],"PRCP":[0.18000002],"SLP":[1022.5],"SNDP":[0.8000001],"STP":[979.18005],"TEMP":[-2.6800003],"VISIB":[14.26],"WDSP":[16.41],"WNDDIR":[44.6],"time":[1549364860]}