{"CLDC":[85.62,85.84],"DEWP":[-8.56,-9.210001],"FRSHTT":[1110000,1110000],"PRCP":[0.059999995,0.059999995],"SLP":[1022.9,1022.9],"SNDP":[1.5,1.5],"STP":[989.2999,989.2999],"TEMP":[-4.2200003,-4.19],"VISIB":[15.7,15.81],"WDSP":[16.49,16.38],"WNDDIR":[4.9,5.5],"time":[1549364860,1549364918]}