{"CLDC":[92.8,92.65001],"DEWP":[-9.700001,-9.800001],"FRSHTT":[1100000,1100000],"PRCP":[0.019999998,0.019999998],"SLP":[1006.94006,1006.69006],"SNDP":[0,0],"STP":[1012.66003,1013.2899],"TEMP":[-4.53,-4.5699997],"VISIB":[16.39,16.330002],"WDSP":[13.76,14.289999],"WNDDIR":[229.7,226.4],"time":[1549364860,1549364918]}