{"CLDC":[50.05,50.530003],"DEWP":[-8.1,-8.05],"FRSHTT":[1110000,1110000],"PRCP":[0.18000002,0.18000002],"SLP":[1022.5,1022.5],"SNDP":[0.8000001,0.8000001],"STP":[979.18005,979.02],"TEMP":[-2.6800003,-2.64],"VISIB":[14.26,13.99],"WDSP":[16.41,16.98],"WNDDIR":[44.6,40.7],"time":[1549364860,1549364918]}