{"CLDC":[63.190002],"DEWP":[-8.1],"FRSHTT":[1100000],"PRCP":[0.15999998],"SLP":[1020.2999],"SNDP":[0],"STP":[1017.7999],"TEMP":[-2.7999997],"VISIB":[12.619998],"WDSP":[15.85],"WNDDIR":[47],"time":[1549364860]}