{"CLDC":[76.94],"DEWP":[-3.9399998],"FRSHTT":[1100000],"PRCP":[0.019999998],"SLP":[1010.24005],"SNDP":[0],"STP":[1003.93],"TEMP":[-1.12],"VISIB":[10.740001],"WDSP":[12.140001],"WNDDIR":[219.3],"time":[1549364860]}