{"CLDC":[50.15],"DEWP":[-8.249999],"FRSHTT":[1110000],"PRCP":[0.050000004],"SLP":[1010.11993],"SNDP":[1.1999999],"STP":[993.43],"TEMP":[-3.1800003],"VISIB":[11.430001],"WDSP":[15.209999],"WNDDIR":[348.7],"time":[1549364860]}