{"CLDC":[78],"DEWP":[-7.8799996],"FRSHTT":[1110000],"PRCP":[0.009999999],"SLP":[1011.9801],"SNDP":[0.20000002],"STP":[1011.9],"TEMP":[-2.3],"VISIB":[12.93],"WDSP":[13.75],"WNDDIR":[36],"time":[1549364860]}