{"CLDC":[50.030003,50.06],"DEWP":[-10.539999,-10.759999],"FRSHTT":[1110000,1110000],"PRCP":[0.050000004,0.050000004],"SLP":[1023.7001,1023.7101],"SNDP":[1.3999999,1.3999999],"STP":[968.9,968.9],"TEMP":[-5.83,-5.81],"VISIB":[18.889997,18.24],"WDSP":[19.210001,19.59],"WNDDIR":[242.9,242.5],"time":[1549364860,1549364918]}