{"CLDC":[50.359997],"DEWP":[-3.7499995],"FRSHTT":[1100000],"PRCP":[0.009999999],"SLP":[964.77],"SNDP":[0],"STP":[988.87],"TEMP":[-2.46],"VISIB":[13.470001],"WDSP":[20.15],"WNDDIR":[318.4],"time":[1549364860]}