{"CLDC":[50.160004],"DEWP":[-7],"FRSHTT":[1100000],"PRCP":[0.11999999],"SLP":[1021],"SNDP":[0],"STP":[1018.5199],"TEMP":[-1.9],"VISIB":[12.5],"WDSP":[12.56],"WNDDIR":[82.5],"time":[1549364860]}