{"CLDC":[50.309994,50.489998],"DEWP":[-8.42,-8.550001],"FRSHTT":[1110000,1110000],"PRCP":[0.009999999,0.009999999],"SLP":[1021.1,1021],"SNDP":[0.5,0.5],"STP":[1006.81006,1006.58997],"TEMP":[-2.86,-2.8999999],"VISIB":[18.560001,18.019999],"WDSP":[19.689999,19.349998],"WNDDIR":[105.3,105.6],"time":[1549364860,1549364918]}