{"CLDC":[50.02,50.050003],"DEWP":[-7.7600007,-8.24],"FRSHTT":[1110000,1110000],"PRCP":[0.09000001,0.09000001],"SLP":[1022.4,1022.4],"SNDP":[0.59999996,0.59999996],"STP":[932.2001,932.2001],"TEMP":[-2.5500004,-2.5500002],"VISIB":[22.69,22.72],"WDSP":[20.65,20.36],"WNDDIR":[163.8,166],"time":[1549364860,1549364918]}