{"CLDC":[76.009995],"DEWP":[-8.74],"FRSHTT":[1110000],"PRCP":[0.11999999],"SLP":[1023.1],"SNDP":[0.59999996],"STP":[1028.53],"TEMP":[-3.8700001],"VISIB":[15.340001],"WDSP":[18.15],"WNDDIR":[313.8],"time":[1549364860]}