{"CLDC":[77.229996,77.490005],"DEWP":[-8.45,-8.67],"FRSHTT":[1110000,1110000],"PRCP":[0.09000001,0.09000001],"SLP":[1024.2001,1024.2101],"SNDP":[1.5,1.5],"STP":[994.1,994.1],"TEMP":[-3.35,-3.2900002],"VISIB":[14.3,14.25],"WDSP":[14.45,14.710001],"WNDDIR":[78.7,76],"time":[1549364860,1549364918]}