{"CLDC":[71.83],"DEWP":[-6.96],"FRSHTT":[1110000],"PRCP":[0.039999995],"SLP":[1023.2001],"SNDP":[0.29999998],"STP":[1023.9],"TEMP":[-1.6899999],"VISIB":[15.359999],"WDSP":[16.949999],"WNDDIR":[240.8],"time":[1549364860]}