{"CLDC":[66.03,65.64],"DEWP":[-7.3,-7.4],"FRSHTT":[1110000,1110000],"PRCP":[0.059999995,0.059999995],"SLP":[1022.16003,1022.13007],"SNDP":[0.8000001,0.8000001],"STP":[997.37,997.7001],"TEMP":[-1.64,-1.6200002],"VISIB":[14.459999,13.969999],"WDSP":[15.870001,15.17],"WNDDIR":[208.2,210],"time":[1549364860,1549364918]}