{"CLDC":[50.359997,50.160004],"DEWP":[-3.7499995,-3.75],"FRSHTT":[1100000,1100000],"PRCP":[0.009999999,0.009999999],"SLP":[964.77,964.97003],"SNDP":[0,0],"STP":[988.87,989.24005],"TEMP":[-2.46,-2.4199998],"VISIB":[13.470001,12.77],"WDSP":[20.15,22.130001],"WNDDIR":[318.4,318.1],"time":[1549364860,1549364918]}