{"CLDC":[50.050003,50.110004],"DEWP":[-6.84,-6.7200003],"FRSHTT":[1100000,1100000],"PRCP":[0.059999995,0.063],"SLP":[1020,1020],"SNDP":[0,0],"STP":[1015.85,1015.37],"TEMP":[-0.5,-0.5],"VISIB":[13.4800005,14.01],"WDSP":[15.99,15.7300005],"WNDDIR":[180.3,178.7],"time":[1549364860,1549364918]}