{"CLDC":[50.04],"DEWP":[-8.85],"FRSHTT":[1110000],"PRCP":[0.059999995],"SLP":[1016.2999],"SNDP":[0.59999996],"STP":[997],"TEMP":[-3.3399997],"VISIB":[22.810001],"WDSP":[15.45],"WNDDIR":[294.1],"time":[1549364860]}