{"CLDC":[50.02],"DEWP":[-9.200001],"FRSHTT":[1110000],"PRCP":[0.059999995],"SLP":[1023.2999],"SNDP":[2.5],"STP":[977.7999],"TEMP":[-3.9],"VISIB":[16.62],"WDSP":[19.65],"WNDDIR":[58.3],"time":[1549364860]}