{"CLDC":[72.73,72.6],"DEWP":[-6.75,-6.5699997],"FRSHTT":[1100000,1100000],"PRCP":[0.07999999,0.07999999],"SLP":[1021.4,1021.4],"SNDP":[0,0],"STP":[1019,1018.91003],"TEMP":[-2.17,-2.1600003],"VISIB":[13.469999,13.089999],"WDSP":[16.630001,16.15],"WNDDIR":[5.6,0.7],"time":[1549364860,1549364918]}