{"CLDC":[72.78001],"DEWP":[-7.7399993],"FRSHTT":[1000000],"PRCP":[0],"SLP":[1014.1],"SNDP":[0],"STP":[998.4],"TEMP":[-2.28],"VISIB":[16.369999],"WDSP":[15.469999],"WNDDIR":[16.1],"time":[1549364860]}