{"CLDC":[50.02,50.489998],"DEWP":[-9.200001,-9.440001],"FRSHTT":[1110000,1110000],"PRCP":[0.059999995,0.063],"SLP":[1023.2999,1023.2999],"SNDP":[2.5,2.5],"STP":[977.7999,977.7001],"TEMP":[-3.9,-3.9],"VISIB":[16.62,16.45],"WDSP":[19.65,19.390001],"WNDDIR":[58.3,54.1],"time":[1549364860,1549364918]}