{"CLDC":[50.02,50.260006],"DEWP":[-8.6,-8.839999],"FRSHTT":[1110000,1110000],"PRCP":[0.019999998,0.019999998],"SLP":[1023.1,1023.1],"SNDP":[0.20000002,0.20000002],"STP":[976.2301,976.39],"TEMP":[-3.9,-3.9599998],"VISIB":[23.650002,23.34],"WDSP":[18.969997,18.68],"WNDDIR":[64,65.7],"time":[1549364860,1549364918]}