{"CLDC":[50.04,50.030003],"DEWP":[-8.85,-8.85],"FRSHTT":[1110000,1110000],"PRCP":[0.059999995,0.059999995],"SLP":[1016.2999,1016.2999],"SNDP":[0.59999996,0.59999996],"STP":[997,996.93],"TEMP":[-3.3399997,-3.3799999],"VISIB":[22.810001,22.829998],"WDSP":[15.45,15.590001],"WNDDIR":[294.1,292.2],"time":[1549364860,1549364918]}