{"CLDC":[66.03],"DEWP":[-7.3],"FRSHTT":[1110000],"PRCP":[0.059999995],"SLP":[1022.16003],"SNDP":[0.8000001],"STP":[997.37],"TEMP":[-1.64],"VISIB":[14.459999],"WDSP":[15.870001],"WNDDIR":[208.2],"time":[1549364860]}