{"CLDC":[83.29,83.240005],"DEWP":[-8.400001,-8.200001],"FRSHTT":[1110000,1110000],"PRCP":[0.019999998,0.019999998],"SLP":[1021,1021],"SNDP":[0.9,0.9],"STP":[998.5,998.5399],"TEMP":[-3.2800002,-3.3400002],"VISIB":[25.59,25.34],"WDSP":[11.45,12.35],"WNDDIR":[305.3,303.2],"time":[1549364860,1549364918]}