{"CLDC":[55.02,54.919994],"DEWP":[-9.3,-9.3],"FRSHTT":[1110000,1110000],"PRCP":[0.009999999,0.009999999],"SLP":[1019.9,1020],"SNDP":[0.10000001,0.10000001],"STP":[1018.72003,1018.82996],"TEMP":[-2.47,-2.35],"VISIB":[34.370003,34.45],"WDSP":[14.81,13.92],"WNDDIR":[146.2,142.4],"time":[1549364860,1549364918]}