{"CLDC":[50.37,50.289993],"DEWP":[-8.42,-8.300001],"FRSHTT":[1110000,1110000],"PRCP":[0.019999998,0.019999998],"SLP":[1021.7999,1021.86],"SNDP":[0.5,0.5],"STP":[972.7999,972.55994],"TEMP":[-3.7500005,-3.75],"VISIB":[55.170002,55.93],"WDSP":[16.43,15.65],"WNDDIR":[67.9,64.1],"time":[1549364860,1549364918]}