{"CLDC":[37.110004],"DEWP":[-17.66],"FRSHTT":[1000000],"PRCP":[0],"SLP":[997.12],"SNDP":[0],"STP":[992.7699],"TEMP":[-14.4800005],"VISIB":[15.969999],"WDSP":[2.3899999],"WNDDIR":[171.4],"time":[1549364860]}