{"CLDC":[12.81,12.92],"DEWP":[-16.39,-16.169998],"FRSHTT":[1000000,1000000],"PRCP":[0,0],"SLP":[1012.65,1012.86993],"SNDP":[0,0],"STP":[1008.2999,1008.2699],"TEMP":[-7.2,-7.1800003],"VISIB":[14.969999,14.7],"WDSP":[7.5,7.4299994],"WNDDIR":[321.8,320.3],"time":[1549364860,1549364918]}