{"CLDC":[85.509995],"DEWP":[-11.42],"FRSHTT":[1110000],"PRCP":[0.009999999],"SLP":[1021.9],"SNDP":[0.59999996],"STP":[1022.2999],"TEMP":[-5.9400005],"VISIB":[23.180002],"WDSP":[17.37],"WNDDIR":[246],"time":[1549364860]}