{"CLDC":[75.24],"DEWP":[-15.1],"FRSHTT":[1000000],"PRCP":[0],"SLP":[1017.92004],"SNDP":[0],"STP":[1039.8899],"TEMP":[-4.65],"VISIB":[31.969997],"WDSP":[13.710001],"WNDDIR":[150],"time":[1549364860]}