{"CLDC":[57.919994,57.890003],"DEWP":[-10.820001,-11.08],"FRSHTT":[1100000,1100000],"PRCP":[0.019999998,0.019999998],"SLP":[1018.5301,1018.50995],"SNDP":[0,0],"STP":[1021.16,1020.48],"TEMP":[-5.55,-5.56],"VISIB":[14.659999,15.240001],"WDSP":[20.630001,20.85],"WNDDIR":[15.2,17],"time":[1549364860,1549364918]}