{"CLDC":[39.439995,39.72],"DEWP":[-11.5,-11.5],"FRSHTT":[1000000,1000000],"PRCP":[0,0],"SLP":[1019.6,1019.6],"SNDP":[0,0],"STP":[866.7999,866.7001],"TEMP":[-2.52,-2.56],"VISIB":[75.21001,75.619995],"WDSP":[12.74,13.85],"WNDDIR":[221.7,228.1],"time":[1549364860,1549364918]}