{"CLDC":[79.21,79.34001],"DEWP":[-10.11,-9.98],"FRSHTT":[1110000,1110000],"PRCP":[0.029999997,0.029999997],"SLP":[1021.7999,1021.7699],"SNDP":[1.3000001,1.3000001],"STP":[905.63007,905.6],"TEMP":[-4.95,-4.95],"VISIB":[17.029999,17.41],"WDSP":[18.070002,18.79],"WNDDIR":[171.9,170.9],"time":[1549364860,1549364918]}