{"CLDC":[50.11,50.04],"DEWP":[-11.06,-11.02],"FRSHTT":[1110000,1110000],"PRCP":[0.019999998,0.019999998],"SLP":[1018.8099,1018.9],"SNDP":[0.59999996,0.59999996],"STP":[956.2101,956.30994],"TEMP":[-2.98,-3.01],"VISIB":[50.21,50.560005],"WDSP":[12.039999,12.14],"WNDDIR":[49.5,46.7],"time":[1549364860,1549364918]}