{"CLDC":[50.120003],"DEWP":[-12.24],"FRSHTT":[1110000],"PRCP":[0.009999999],"SLP":[1019.14014],"SNDP":[1.8999999],"STP":[893.52],"TEMP":[-7.2200003],"VISIB":[32.32],"WDSP":[4.2200003],"WNDDIR":[172],"time":[1549364860]}