{"CLDC":[52.22001],"DEWP":[-13.85],"FRSHTT":[1110000],"PRCP":[0.029999997],"SLP":[1019.1],"SNDP":[0.5],"STP":[1016.7],"TEMP":[-5.65],"VISIB":[36.640003],"WDSP":[14.009999],"WNDDIR":[228.8],"time":[1549364860]}