{"CLDC":[79.22],"DEWP":[-14.26],"FRSHTT":[1100000],"PRCP":[0.009999999],"SLP":[1017.02997],"SNDP":[0],"STP":[1014.7999],"TEMP":[-7.7400002],"VISIB":[14.089999],"WDSP":[14.249998],"WNDDIR":[341.3],"time":[1549364860]}