{"CLDC":[81.34999],"DEWP":[-15.860001],"FRSHTT":[1110000],"PRCP":[0.009999999],"SLP":[1023.7001],"SNDP":[0.59999996],"STP":[807.2999],"TEMP":[-10.899999],"VISIB":[35.859997],"WDSP":[10.17],"WNDDIR":[104.9],"time":[1549364860]}