{"CLDC":[63.26],"DEWP":[-12.74],"FRSHTT":[1000000],"PRCP":[0],"SLP":[1020.7899],"SNDP":[0],"STP":[1016.91],"TEMP":[-6.9199996],"VISIB":[15.429998],"WDSP":[8.429999],"WNDDIR":[235.8],"time":[1549364860]}