{"CLDC":[81.34999,81.6],"DEWP":[-15.860001,-15.4800005],"FRSHTT":[1110000,1110000],"PRCP":[0.009999999,0.009999999],"SLP":[1023.7001,1023.72003],"SNDP":[0.59999996,0.59999996],"STP":[807.2999,807.2999],"TEMP":[-10.899999,-11.049998],"VISIB":[35.859997,35.55],"WDSP":[10.17,9.73],"WNDDIR":[104.9,106.9],"time":[1549364860,1549364918]}