{"CLDC":[50.449997],"DEWP":[-14.5],"FRSHTT":[1110000],"PRCP":[0.009999999],"SLP":[1018.9],"SNDP":[1.3000001],"STP":[849.4],"TEMP":[-6.45],"VISIB":[50.530003],"WDSP":[12.78],"WNDDIR":[186.5],"time":[1549364860]}