{"CLDC":[59.579998],"DEWP":[-13.55],"FRSHTT":[1000000],"PRCP":[0],"SLP":[998.62],"SNDP":[0],"STP":[1000.9601],"TEMP":[-3.3700001],"VISIB":[53.909996],"WDSP":[14.970001],"WNDDIR":[252.5],"time":[1549364860]}