{"CLDC":[79.21],"DEWP":[-10.11],"FRSHTT":[1110000],"PRCP":[0.029999997],"SLP":[1021.7999],"SNDP":[1.3000001],"STP":[905.63007],"TEMP":[-4.95],"VISIB":[17.029999],"WDSP":[18.070002],"WNDDIR":[171.9],"time":[1549364860]}