{"CLDC":[84.869995,84.66],"DEWP":[-11.8,-11.799999],"FRSHTT":[1100000,1100000],"PRCP":[0.009999999,0.009999999],"SLP":[1000.02,1000.08997],"SNDP":[0,0],"STP":[1003.94006,1003.49005],"TEMP":[-4.52,-4.52],"VISIB":[26.91,27.030003],"WDSP":[8.83,9.479999],"WNDDIR":[183.8,185.2],"time":[1549364860,1549364918]}