{"CLDC":[82.46001,81.97],"DEWP":[-8.780001,-8.54],"FRSHTT":[1110000,1110000],"PRCP":[0.029999997,0.029999997],"SLP":[1023.7001,1023.7001],"SNDP":[0.8000001,0.8000001],"STP":[1022.61,1022.7101],"TEMP":[-3.5800004,-3.5200005],"VISIB":[18.130001,18.070002],"WDSP":[18.18,17.93],"WNDDIR":[181.9,181.9],"time":[1549364860,1549364918]}