{"CLDC":[55],"DEWP":[-13.710001],"FRSHTT":[1110000],"PRCP":[0.029999997],"SLP":[1021],"SNDP":[0.59999996],"STP":[857.4],"TEMP":[-3.9499996],"VISIB":[51.349995],"WDSP":[15.249998],"WNDDIR":[155.4],"time":[1549364860]}