{"CLDC":[55.02],"DEWP":[-9.3],"FRSHTT":[1110000],"PRCP":[0.009999999],"SLP":[1019.9],"SNDP":[0.10000001],"STP":[1018.72003],"TEMP":[-2.47],"VISIB":[34.370003],"WDSP":[14.81],"WNDDIR":[146.2],"time":[1549364860]}