{"CLDC":[63.26,63.110004],"DEWP":[-12.74,-13.25],"FRSHTT":[1000000,1000000],"PRCP":[0,0],"SLP":[1020.7899,1020.7001],"SNDP":[0,0],"STP":[1016.91,1016.4],"TEMP":[-6.9199996,-6.72],"VISIB":[15.429998,15.569998],"WDSP":[8.429999,8.75],"WNDDIR":[235.8,233.5],"time":[1549364860,1549364918]}