{"CLDC":[78.56,78.59],"DEWP":[-15.3,-15.140001],"FRSHTT":[1100000,1100000],"PRCP":[0.029999997,0.029999997],"SLP":[1024.2001,1024.1199],"SNDP":[0,0],"STP":[1027.47,1027.55],"TEMP":[-10.619999,-10.58],"VISIB":[14.579999,14.6],"WDSP":[5.32,6.3100004],"WNDDIR":[163.9,162.6],"time":[1549364860,1549364918]}