{"CLDC":[50.449997,50.190002],"DEWP":[-14.5,-14.5],"FRSHTT":[1110000,1110000],"PRCP":[0.009999999,0.009999999],"SLP":[1018.9,1018.9],"SNDP":[1.3000001,1.3000001],"STP":[849.4,849.4199],"TEMP":[-6.45,-6.45],"VISIB":[50.530003,49.879997],"WDSP":[12.78,12.69],"WNDDIR":[186.5,187.7],"time":[1549364860,1549364918]}