{"CLDC":[50.120003],"DEWP":[-12.99],"FRSHTT":[1110000],"PRCP":[0.009999999],"SLP":[1010.6],"SNDP":[1],"STP":[1004.9],"TEMP":[-4.5699997],"VISIB":[24.69],"WDSP":[14.19],"WNDDIR":[313.8],"time":[1549364860]}