{"CLDC":[59.579998,59.190002],"DEWP":[-13.55,-13.33],"FRSHTT":[1000000,1000000],"PRCP":[0,0],"SLP":[998.62,998.82996],"SNDP":[0,0],"STP":[1000.9601,1001.36993],"TEMP":[-3.3700001,-3.3399997],"VISIB":[53.909996,53.79],"WDSP":[14.970001,14.55],"WNDDIR":[252.5,251.4],"time":[1549364860,1549364918]}