{"CLDC":[12.400001],"DEWP":[-14.860001],"FRSHTT":[1000000],"PRCP":[0],"SLP":[988.75995],"SNDP":[0],"STP":[999.75995],"TEMP":[-2.77],"VISIB":[15.51],"WDSP":[10.0199995],"WNDDIR":[200.4],"time":[1549364861]}