{"CLDC":[74.87001],"DEWP":[-9.320002],"FRSHTT":[1000000],"PRCP":[0],"SLP":[1018.00995],"SNDP":[0],"STP":[1019.5],"TEMP":[-3.4599998],"VISIB":[27.26],"WDSP":[7.3700004],"WNDDIR":[80.6],"time":[1549364861]}