{"CLDC":[92.48],"DEWP":[-10.92],"FRSHTT":[1000000],"PRCP":[0],"SLP":[1024.7001],"SNDP":[0],"STP":[1030.76],"TEMP":[-3.9300003],"VISIB":[16.630001],"WDSP":[9.290001],"WNDDIR":[159.8],"time":[1549364861]}