{"CLDC":[50.399998],"DEWP":[-9.539999],"FRSHTT":[1110000],"PRCP":[0.029999997],"SLP":[1023.1],"SNDP":[1.7],"STP":[875.77997],"TEMP":[-3.2400002],"VISIB":[47.42],"WDSP":[9.120001],"WNDDIR":[12.1],"time":[1549364861]}