{"CLDC":[45.54],"DEWP":[-9.55],"FRSHTT":[0],"PRCP":[0],"SLP":[1015],"SNDP":[0],"STP":[981.1701],"TEMP":[0.9200001],"VISIB":[15.719999],"WDSP":[2.97],"WNDDIR":[86.3],"time":[1549364861]}