{"CLDC":[45.54,46.02],"DEWP":[-9.55,-8.8],"FRSHTT":[0,0],"PRCP":[0,0],"SLP":[1015,1014.77997],"SNDP":[0,0],"STP":[981.1701,980.9],"TEMP":[0.9200001,0.86],"VISIB":[15.719999,14.9],"WDSP":[2.97,3.18],"WNDDIR":[86.3,89.8],"time":[1549364861,1549364918]}