{"CLDC":[74.87001,75.59],"DEWP":[-9.320002,-9.460001],"FRSHTT":[1000000,1000000],"PRCP":[0,0],"SLP":[1018.00995,1017.72003],"SNDP":[0,0],"STP":[1019.5,1019.32],"TEMP":[-3.4599998,-3.4500003],"VISIB":[27.26,27.74],"WDSP":[7.3700004,7.45],"WNDDIR":[80.6,78.1],"time":[1549364861,1549364918]}