{"CLDC":[87.729996,88.02999],"DEWP":[-10.94,-11.159999],"FRSHTT":[1100000,1100000],"PRCP":[0.07,0.07],"SLP":[1028.2001,1028.2999],"SNDP":[0,0],"STP":[1023.55,1023.74005],"TEMP":[-8.450001,-8.42],"VISIB":[10.320001,10.93],"WDSP":[3.9299998,4.7],"WNDDIR":[190.1,192.3],"time":[1549364861,1549364918]}