{"CLDC":[98.19,98.25],"DEWP":[-11.03,-11],"FRSHTT":[1100000,1100000],"PRCP":[0.019999998,0.019999998],"SLP":[1020.7101,1020.6501],"SNDP":[0,0],"STP":[1017.35,1017.49005],"TEMP":[-4.5099998,-4.3399997],"VISIB":[15.85,16.109999],"WDSP":[11.69,11.99],"WNDDIR":[65.1,67.9],"time":[1549364861,1549364918]}