{"CLDC":[50.309994,50.15],"DEWP":[-4.2,-4.4999995],"FRSHTT":[1110000,1110000],"PRCP":[1.9400003,1.95],"SLP":[1022.1,1022.1],"SNDP":[6,6],"STP":[818,818],"TEMP":[-1.5,-1.5],"VISIB":[55.54,55.78],"WDSP":[7.1799994,7.3100004],"WNDDIR":[190.9,190.4],"time":[1549364861,1549364918]}