{"CLDC":[50.090004],"DEWP":[-11.299998],"FRSHTT":[1110000],"PRCP":[0.029999997],"SLP":[1022],"SNDP":[1.3000001],"STP":[877.7001],"TEMP":[-5.4199996],"VISIB":[32.51],"WDSP":[9.030001],"WNDDIR":[28],"time":[1549364861]}