{"CLDC":[50.399998,50.42],"DEWP":[-9.539999,-9.82],"FRSHTT":[1110000,1110000],"PRCP":[0.029999997,0.029999997],"SLP":[1023.1,1023.00995],"SNDP":[1.7,1.7],"STP":[875.77997,875.75995],"TEMP":[-3.2400002,-3.2600002],"VISIB":[47.42,46.899998],"WDSP":[9.120001,10.340001],"WNDDIR":[12.1,10.1],"time":[1549364861,1549364918]}