{"CLDC":[50.18,50.170002],"DEWP":[-11.280001,-11.61],"FRSHTT":[1100000,1100000],"PRCP":[0.029999997,0.029999997],"SLP":[1023.63007,1023.7001],"SNDP":[0,0],"STP":[939.88995,940.69006],"TEMP":[-5.96,-6.04],"VISIB":[17.82,18.510002],"WDSP":[15.209999,15.56],"WNDDIR":[30.8,33],"time":[1549364861,1549364918]}