{"CLDC":[50.18],"DEWP":[-11.280001],"FRSHTT":[1100000],"PRCP":[0.029999997],"SLP":[1023.63007],"SNDP":[0],"STP":[939.88995],"TEMP":[-5.96],"VISIB":[17.82],"WDSP":[15.209999],"WNDDIR":[30.8],"time":[1549364861]}