{"CLDC":[57.359997,57.18],"DEWP":[-10.05,-10.05],"FRSHTT":[1100000,1100000],"PRCP":[0.019999998,0.019999998],"SLP":[1022.75,1022.7001],"SNDP":[0,0],"STP":[1016.6,1016.49005],"TEMP":[-5.42,-5.25],"VISIB":[14.63,14.5],"WDSP":[14.720001,14.74],"WNDDIR":[336.5,333.5],"time":[1549364861,1549364918]}