{"CLDC":[57.620003],"DEWP":[0.94000006],"FRSHTT":[100000],"PRCP":[0.039999995],"SLP":[1019.7999],"SNDP":[0],"STP":[1018.9],"TEMP":[4.32],"VISIB":[17.019999],"WDSP":[10.000001],"WNDDIR":[160.8],"time":[1549364861]}