{"CLDC":[88.40001,88.38001],"DEWP":[-9.55,-9.64],"FRSHTT":[0,0],"PRCP":[0,0],"SLP":[1026,1026.0999],"SNDP":[0,0],"STP":[1036.13,1036.49],"TEMP":[2.15,2.1499999],"VISIB":[15.940001,16.100002],"WDSP":[9.47,9.610001],"WNDDIR":[28.2,29.8],"time":[1549364861,1549364919]}