{"CLDC":[50.210003,50.250004],"DEWP":[-5.1,-5.1],"FRSHTT":[1100000,1100000],"PRCP":[0.009999999,0.009999999],"SLP":[1008.31995,1009.04004],"SNDP":[0,0],"STP":[1015.55,1014.82996],"TEMP":[-2.05,-2.0700002],"VISIB":[21.470001,21.43],"WDSP":[15.309999,15.820002],"WNDDIR":[173,174.9],"time":[1549364861,1549364919]}