{"CLDC":[50.210003,50.060005],"DEWP":[-1.4,-1.28],"FRSHTT":[100000,100000],"PRCP":[0.059999995,0.059999995],"SLP":[1020.2999,1020.2999],"SNDP":[0,0],"STP":[1019.2999,1019.2999],"TEMP":[3.6199996,3.6900005],"VISIB":[20.55,20.530003],"WDSP":[11.5,10.530001],"WNDDIR":[311.8,313.6],"time":[1549364861,1549364919]}