{"CLDC":[67.65999,67.65999],"DEWP":[-12.8,-12.679999],"FRSHTT":[1000000,1000000],"PRCP":[0,0],"SLP":[989.02997,988.7],"SNDP":[0,0],"STP":[996.2101,995.75],"TEMP":[-3.2599998,-3.2599998],"VISIB":[54.65,55.250008],"WDSP":[11.17,11.240001],"WNDDIR":[179.6,180.7],"time":[1549364861,1549364919]}