{"CLDC":[49.23],"DEWP":[-15.139999],"FRSHTT":[0],"PRCP":[0],"SLP":[1018.5],"SNDP":[0],"STP":[1017.7199],"TEMP":[2.4799998],"VISIB":[16.350002],"WDSP":[13.469999],"WNDDIR":[313.5],"time":[1549364861]}