{"CLDC":[50.210003],"DEWP":[-1.4],"FRSHTT":[100000],"PRCP":[0.059999995],"SLP":[1020.2999],"SNDP":[0],"STP":[1019.2999],"TEMP":[3.6199996],"VISIB":[20.55],"WDSP":[11.5],"WNDDIR":[311.8],"time":[1549364861]}