{"CLDC":[50.239998],"DEWP":[-14.140001],"FRSHTT":[1100000],"PRCP":[0.009999999],"SLP":[1018.7001],"SNDP":[0],"STP":[898],"TEMP":[-2.1399999],"VISIB":[49.9],"WDSP":[13.970001],"WNDDIR":[272.9],"time":[1549364861]}