{"CLDC":[50.100002,50.630005],"DEWP":[-0.95,-0.86],"FRSHTT":[100000,100000],"PRCP":[0.039999995,0.039999995],"SLP":[1019.9,1019.9],"SNDP":[0,0],"STP":[1014.30994,1014.2999],"TEMP":[2.94,2.9000003],"VISIB":[13.0199995,13.179998],"WDSP":[8.219999,8.7],"WNDDIR":[230.6,228.6],"time":[1549364861,1549364919]}