{"CLDC":[94.69,94.50001],"DEWP":[-11.449999,-11.449999],"FRSHTT":[1010000,1010000],"PRCP":[0,0],"SLP":[1021.7999,1021.7999],"SNDP":[0.20000002,0.20000002],"STP":[882.25,882.1],"TEMP":[-2.85,-2.85],"VISIB":[54.339996,54.01],"WDSP":[14.55,14.729999],"WNDDIR":[28.8,29],"time":[1549364861,1549364919]}