{"CLDC":[50.210003],"DEWP":[-5.1],"FRSHTT":[1100000],"PRCP":[0.009999999],"SLP":[1008.31995],"SNDP":[0],"STP":[1015.55],"TEMP":[-2.05],"VISIB":[21.470001],"WDSP":[15.309999],"WNDDIR":[173],"time":[1549364861]}