{"CLDC":[83.99999],"DEWP":[-17.85],"FRSHTT":[1000000],"PRCP":[0],"SLP":[1020.75995],"SNDP":[0],"STP":[1031.97],"TEMP":[-3.6599998],"VISIB":[62.02],"WDSP":[22.869999],"WNDDIR":[172.8],"time":[1549364861]}