{"CLDC":[94.69],"DEWP":[-11.449999],"FRSHTT":[1010000],"PRCP":[0],"SLP":[1021.7999],"SNDP":[0.20000002],"STP":[882.25],"TEMP":[-2.85],"VISIB":[54.339996],"WDSP":[14.55],"WNDDIR":[28.8],"time":[1549364861]}