{"CLDC":[49.23,48.989998],"DEWP":[-15.139999,-15.289999],"FRSHTT":[0,0],"PRCP":[0,0],"SLP":[1018.5,1018.4],"SNDP":[0,0],"STP":[1017.7199,1017.19006],"TEMP":[2.4799998,2.51],"VISIB":[16.350002,15.9],"WDSP":[13.469999,12.909999],"WNDDIR":[313.5,314.1],"time":[1549364861,1549364919]}