{"CLDC":[64.89],"DEWP":[-4.4200006],"FRSHTT":[0],"PRCP":[0],"SLP":[980.4],"SNDP":[0],"STP":[998.68994],"TEMP":[2.31],"VISIB":[16.15],"WDSP":[7.5099998],"WNDDIR":[230],"time":[1549364861]}