{"CLDC":[70.04,69.97],"DEWP":[-2.06,-2.54],"FRSHTT":[10000,10000],"PRCP":[0,0],"SLP":[1020.4,1020.4],"SNDP":[0.59999996,0.59999996],"STP":[1016.24005,1016.3499],"TEMP":[3.4099998,3.3200004],"VISIB":[23.82,23.7],"WDSP":[13.08,11.809999],"WNDDIR":[23.1,26.4],"time":[1549364861,1549364919]}