{"CLDC":[4.34],"DEWP":[-0.71999997],"FRSHTT":[0],"PRCP":[0],"SLP":[1007.52997],"SNDP":[0],"STP":[1014.98],"TEMP":[4.12],"VISIB":[16.43],"WDSP":[9.860001],"WNDDIR":[281.4],"time":[1549364855]}