{"CLDC":[13.709999,13.589999],"DEWP":[-3.9399998,-3.9399998],"FRSHTT":[0,0],"PRCP":[0,0],"SLP":[1020,1020],"SNDP":[0,0],"STP":[1010.2001,1009.9601],"TEMP":[1.5,1.4599999],"VISIB":[13.709999,13.8],"WDSP":[9.77,10.13],"WNDDIR":[294,295.3],"time":[1549364855,1549364915]}