{"CLDC":[50.140003,50.130005],"DEWP":[2.72,2.8800004],"FRSHTT":[100000,100000],"PRCP":[0.009999999,0.009999999],"SLP":[1019.5,1019.5],"SNDP":[0,0],"STP":[1016.55,1016.50995],"TEMP":[5.7000003,5.71],"VISIB":[22.199999,22.439999],"WDSP":[8.469999,7.4],"WNDDIR":[128.3,135.1],"time":[1549364855,1549364915]}