{"CLDC":[57.25,56.77999],"DEWP":[-1.76,-1.76],"FRSHTT":[0,0],"PRCP":[0,0],"SLP":[1003.83997,1005.06006],"SNDP":[0,0],"STP":[998.17004,998.2101],"TEMP":[6.12,6.1600003],"VISIB":[23.380001,23.73],"WDSP":[10.98,11.190001],"WNDDIR":[201.2,199.9],"time":[1549364855,1549364915]}