{"CLDC":[88.509995],"DEWP":[-1.4599999],"FRSHTT":[0],"PRCP":[0],"SLP":[1012.6201],"SNDP":[0],"STP":[1015.11005],"TEMP":[2.96],"VISIB":[15.209999],"WDSP":[8.440001],"WNDDIR":[106.4],"time":[1549364855]}