{"CLDC":[61.95,61.99],"DEWP":[-5.1000004,-4.78],"FRSHTT":[0,0],"PRCP":[0,0],"SLP":[1020.7999,1020.7999],"SNDP":[0,0],"STP":[1022.7001,1022.7001],"TEMP":[1.38,1.4200001],"VISIB":[13.440001,12.920001],"WDSP":[7.4200006,7.16],"WNDDIR":[2.6,2.1],"time":[1549364855,1549364915]}