{"CLDC":[50.319996,50.190006],"DEWP":[-1.1000001,-1.2],"FRSHTT":[100000,100000],"PRCP":[0.009999999,0.009999999],"SLP":[1013.99005,1014.13007],"SNDP":[0,0],"STP":[1006.7,1006.48],"TEMP":[4.62,4.6500006],"VISIB":[15.93,15.17],"WDSP":[8.24,8.8],"WNDDIR":[343,340.7],"time":[1549364855,1549364915]}