{"CLDC":[4.34,4.2799997],"DEWP":[-0.71999997,-0.6],"FRSHTT":[0,0],"PRCP":[0,0],"SLP":[1007.52997,1007.5399],"SNDP":[0,0],"STP":[1014.98,1015.02],"TEMP":[4.12,4.0800004],"VISIB":[16.43,17.34],"WDSP":[9.860001,8.7699995],"WNDDIR":[281.4,282.4],"time":[1549364855,1549364915]}