{"CLDC":[50.07,50.42],"DEWP":[-1.1999999,-0.84],"FRSHTT":[100000,100000],"PRCP":[0.019999998,0.019999998],"SLP":[1019.5,1019.5],"SNDP":[0,0],"STP":[1016.5,1016.5],"TEMP":[4.16,4.2400002],"VISIB":[30.279999,30.210001],"WDSP":[13.460001,13.9],"WNDDIR":[309.1,304.3],"time":[1549364855,1549364915]}