{"CLDC":[81,80.74999],"DEWP":[0.9399999,0.66999996],"FRSHTT":[0,0],"PRCP":[0,0],"SLP":[1023.9,1023.9],"SNDP":[0,0],"STP":[1028.96,1034.2699],"TEMP":[4.6000004,4.4500003],"VISIB":[17.35,16.61],"WDSP":[7.6799994,7.8000007],"WNDDIR":[98,92.3],"time":[1549364855,1549364915]}