{"CLDC":[50.07],"DEWP":[-1.1999999],"FRSHTT":[100000],"PRCP":[0.019999998],"SLP":[1019.5],"SNDP":[0],"STP":[1016.5],"TEMP":[4.16],"VISIB":[30.279999],"WDSP":[13.460001],"WNDDIR":[309.1],"time":[1549364855]}