{"CLDC":[50.140007],"DEWP":[-7.94],"FRSHTT":[1100000],"PRCP":[0.009999999],"SLP":[1022.7899],"SNDP":[0],"STP":[1026.0999],"TEMP":[-2.9999995],"VISIB":[13.38],"WDSP":[12.370001],"WNDDIR":[276.2],"time":[1549364855]}