{"CLDC":[52.210003,52.48],"DEWP":[-1.8,-1.5999999],"FRSHTT":[0,0],"PRCP":[0,0],"SLP":[1010.29004,1010.52997],"SNDP":[0,0],"STP":[1006.32996,1006.32996],"TEMP":[4.8599997,4.68],"VISIB":[22.13,22.61],"WDSP":[12.390001,12.81],"WNDDIR":[330,328.4],"time":[1549364855,1549364915]}