{"CLDC":[13.4800005],"DEWP":[1.1000001],"FRSHTT":[0],"PRCP":[0],"SLP":[997.07996],"SNDP":[0],"STP":[996.43],"TEMP":[6.16],"VISIB":[19.11],"WDSP":[12.519999],"WNDDIR":[14.6],"time":[1549364855]}