{"CLDC":[13.4800005,13.219998],"DEWP":[1.1000001,1.34],"FRSHTT":[0,0],"PRCP":[0,0],"SLP":[997.07996,997.1],"SNDP":[0,0],"STP":[996.43,996.05994],"TEMP":[6.16,6.21],"VISIB":[19.11,18.850002],"WDSP":[12.519999,11.71],"WNDDIR":[14.6,15.8],"time":[1549364855,1549364915]}