{"CLDC":[70.06],"DEWP":[-1.6700001],"FRSHTT":[0],"PRCP":[0],"SLP":[1000.5],"SNDP":[0],"STP":[1000.9],"TEMP":[4.65],"VISIB":[21.240002],"WDSP":[9.040001],"WNDDIR":[4.3],"time":[1549364855]}