{"CLDC":[70.06,70.12],"DEWP":[-1.6700001,-2.05],"FRSHTT":[0,0],"PRCP":[0,0],"SLP":[1000.5,1000.45],"SNDP":[0,0],"STP":[1000.9,1000.9],"TEMP":[4.65,4.75],"VISIB":[21.240002,21.8],"WDSP":[9.040001,8.240001],"WNDDIR":[4.3,0.9],"time":[1549364855,1549364915]}