{"CLDC":[13.709999],"DEWP":[-3.9399998],"FRSHTT":[0],"PRCP":[0],"SLP":[1020],"SNDP":[0],"STP":[1010.2001],"TEMP":[1.5],"VISIB":[13.709999],"WDSP":[9.77],"WNDDIR":[294],"time":[1549364855]}