{"CLDC":[88.920006],"DEWP":[-1.3],"FRSHTT":[100000],"PRCP":[0.039999995],"SLP":[1020],"SNDP":[0],"STP":[1020.42004],"TEMP":[2.8799999],"VISIB":[23.000004],"WDSP":[11.539999],"WNDDIR":[299],"time":[1549364855]}