{"CLDC":[66.33],"DEWP":[-10.65],"FRSHTT":[1000000],"PRCP":[0],"SLP":[1029.97],"SNDP":[0],"STP":[1001.4001],"TEMP":[-3.6200001],"VISIB":[16.41],"WDSP":[12.890001],"WNDDIR":[252.4],"time":[1549364855]}