{"CLDC":[66.33,65.71001],"DEWP":[-10.65,-10.65],"FRSHTT":[1000000,1000000],"PRCP":[0,0],"SLP":[1029.97,1026.39],"SNDP":[0,0],"STP":[1001.4001,999.8001],"TEMP":[-3.6200001,-3.55],"VISIB":[16.41,16.29],"WDSP":[12.890001,13.31],"WNDDIR":[252.4,254],"time":[1549364855,1549364915]}