{"CLDC":[74.509995,74.38001],"DEWP":[-13.38,-13.38],"FRSHTT":[1100000,1100000],"PRCP":[0.16999999,0.16999999],"SLP":[1018.56006,1018.61],"SNDP":[0,0],"STP":[1025,1025.0999],"TEMP":[-6.6,-6.6800003],"VISIB":[12.679999,12.029999],"WDSP":[12.79,13.35],"WNDDIR":[85.6,84.2],"time":[1549364857,1549364916]}