{"CLDC":[72.5],"DEWP":[-11.38],"FRSHTT":[1110000],"PRCP":[0.11999999],"SLP":[1009.30994],"SNDP":[0.10000001],"STP":[1004.1501],"TEMP":[-4.26],"VISIB":[18.960001],"WDSP":[16.619999],"WNDDIR":[276.8],"time":[1549364857]}