{"CLDC":[65.68,65.69],"DEWP":[-9.26,-9.5],"FRSHTT":[1110000,1110000],"PRCP":[0.07999999,0.07999999],"SLP":[1016.7999,1016.73],"SNDP":[0.29999998,0.29999998],"STP":[1011.7001,1011.6],"TEMP":[-3.6200001,-3.6200001],"VISIB":[17.789999,18.07],"WDSP":[18.11,17.62],"WNDDIR":[276.4,278.8],"time":[1549364857,1549364916]}