{"CLDC":[92.83],"DEWP":[-12],"FRSHTT":[1100000],"PRCP":[0.31999996],"SLP":[1016.1],"SNDP":[0],"STP":[1016.7301],"TEMP":[-4.38],"VISIB":[13.840001],"WDSP":[11.31],"WNDDIR":[128.5],"time":[1549364857]}