{"CLDC":[90.63999,90.24],"DEWP":[-12.160001,-12.32],"FRSHTT":[1110000,1110000],"PRCP":[0.09000001,0.09000001],"SLP":[1017,1017],"SNDP":[0.6999999,0.6999999],"STP":[1015.9,1015.9],"TEMP":[-5.2,-5.24],"VISIB":[17.83,17.369999],"WDSP":[21.259998,20.949999],"WNDDIR":[196.4,198.8],"time":[1549364857,1549364916]}