{"CLDC":[73.14,73.649994],"DEWP":[-9.44,-9.679999],"FRSHTT":[1100000,1100000],"PRCP":[0.039999995,0.039999995],"SLP":[1016.7001,1016.7001],"SNDP":[0,0],"STP":[1013,1012.9601],"TEMP":[-3.9199996,-3.9399998],"VISIB":[16,15.93],"WDSP":[15.9800005,16.329998],"WNDDIR":[68.6,68.9],"time":[1549364857,1549364916]}