{"CLDC":[50.100002,50.18],"DEWP":[-10.5,-10.4],"FRSHTT":[1100000,1100000],"PRCP":[0.19000001,0.19000001],"SLP":[1014.6,1014.6],"SNDP":[0,0],"STP":[1017.7101,1018.88983],"TEMP":[-3.7199998,-3.7199998],"VISIB":[17.01,17.07],"WDSP":[16.32,16.23],"WNDDIR":[277,274],"time":[1549364857,1549364916]}