{"CLDC":[90.27999,90.56999],"DEWP":[-9.72,-9.799999],"FRSHTT":[1100000,1100000],"PRCP":[0.21000001,0.21000001],"SLP":[1018.1,1018.11],"SNDP":[0,0],"STP":[1017.52997,1017.7799],"TEMP":[-2.6000001,-2.6000001],"VISIB":[13.13,13.3],"WDSP":[18.23,17.27],"WNDDIR":[283.7,278.6],"time":[1549364857,1549364916]}