{"CLDC":[50.120003,50.160007],"DEWP":[-6.7600007,-6.7],"FRSHTT":[1100000,1100000],"PRCP":[0.15999998,0.15999998],"SLP":[1012.07996,1012.22003],"SNDP":[0,0],"STP":[1007.36993,1006.7399],"TEMP":[-1.5,-1.6],"VISIB":[15.139999,15.490001],"WDSP":[28.810001,29.220001],"WNDDIR":[71.5,68.5],"time":[1549364857,1549364916]}