{"CLDC":[50.2],"DEWP":[-12.299998],"FRSHTT":[1100000],"PRCP":[0.19000001],"SLP":[1017.9],"SNDP":[0],"STP":[1017.88995],"TEMP":[-5.18],"VISIB":[14.340001],"WDSP":[16.45],"WNDDIR":[45.3],"time":[1549364857]}