{"CLDC":[73.520004,73.479996],"DEWP":[-15.500002,-15.600001],"FRSHTT":[1100000,1100000],"PRCP":[0.039999995,0.039999995],"SLP":[1013.32996,1013.2001],"SNDP":[0,0],"STP":[1010.2999,1010.2999],"TEMP":[-9.26,-9.34],"VISIB":[16.470001,16.439999],"WDSP":[12.720001,13.31],"WNDDIR":[18.9,17.9],"time":[1549364857,1549364916]}