{"CLDC":[50.140003,50.560005],"DEWP":[-10.16,-10],"FRSHTT":[1100000,1100000],"PRCP":[0.07,0.07],"SLP":[1007.45996,1007.65],"SNDP":[0,0],"STP":[1005,1005.04004],"TEMP":[-3.6200001,-3.64],"VISIB":[15.6,15.69],"WDSP":[19.509998,19.93],"WNDDIR":[0.1,1],"time":[1549364857,1549364916]}