{"CLDC":[82.71],"DEWP":[-12.200001],"FRSHTT":[1100000],"PRCP":[0.14],"SLP":[1020],"SNDP":[0],"STP":[1026.6799],"TEMP":[-3.7400002],"VISIB":[14.15],"WDSP":[12.710001],"WNDDIR":[199.9],"time":[1549364857]}