{"CLDC":[30.779999],"DEWP":[-1.8599999],"FRSHTT":[0],"PRCP":[0],"SLP":[1001.97003],"SNDP":[0],"STP":[997.44006],"TEMP":[0],"VISIB":[8.190001],"WDSP":[13.009999],"WNDDIR":[183.3],"time":[1549364857]}