{"CLDC":[50.100002,50.110004],"DEWP":[-15.6,-15.5],"FRSHTT":[1110000,1110000],"PRCP":[0.14,0.14],"SLP":[1017.7999,1017.7999],"SNDP":[1.6000001,1.6000001],"STP":[1010,1010],"TEMP":[-8.36,-8.419999],"VISIB":[24.810001,24.519999],"WDSP":[14.45,15.090001],"WNDDIR":[139.3,141.7],"time":[1549364857,1549364916]}