{"CLDC":[65.68],"DEWP":[-9.26],"FRSHTT":[1110000],"PRCP":[0.07999999],"SLP":[1016.7999],"SNDP":[0.29999998],"STP":[1011.7001],"TEMP":[-3.6200001],"VISIB":[17.789999],"WDSP":[18.11],"WNDDIR":[276.4],"time":[1549364857]}