{"CLDC":[71.74999],"DEWP":[-14.1],"FRSHTT":[1100000],"PRCP":[0.10000001],"SLP":[1003.13995],"SNDP":[0],"STP":[1001.38],"TEMP":[-5.6000004],"VISIB":[14.15],"WDSP":[15.67],"WNDDIR":[165.6],"time":[1549364857]}