{"CLDC":[60.690002],"DEWP":[-12],"FRSHTT":[1110000],"PRCP":[0.13],"SLP":[1019.1],"SNDP":[0.9],"STP":[1018.4],"TEMP":[-4.42],"VISIB":[20.07],"WDSP":[18.369999],"WNDDIR":[122.1],"time":[1549364857]}