{"CLDC":[89.78999,89.87001],"DEWP":[-13.74,-13.9],"FRSHTT":[1000000,1000000],"PRCP":[0,0],"SLP":[1020.36005,1020.36005],"SNDP":[0,0],"STP":[1023.02014,1022.8],"TEMP":[-4.8999996,-4.7799997],"VISIB":[14.379999,14.65],"WDSP":[17.78,17.130001],"WNDDIR":[162,164.5],"time":[1549364857,1549364916]}