{"CLDC":[53.57,53.620003],"DEWP":[-13.900002,-13.700002],"FRSHTT":[1100000,1100000],"PRCP":[0.36999997,0.36999997],"SLP":[1016.1,1016.1],"SNDP":[0,0],"STP":[1016.35,1015.62],"TEMP":[-7.21,-7.1800003],"VISIB":[13.759999,14.220001],"WDSP":[12.870001,12.33],"WNDDIR":[82,82.8],"time":[1549364857,1549364916]}