{"CLDC":[50.309994],"DEWP":[-14],"FRSHTT":[1110000],"PRCP":[0.10000001],"SLP":[1019.2001],"SNDP":[0.59999996],"STP":[1019.6],"TEMP":[-8.460001],"VISIB":[18.210001],"WDSP":[10.97],"WNDDIR":[109.2],"time":[1549364857]}