{"CLDC":[67.76,67.56],"DEWP":[-7.5,-7.5],"FRSHTT":[1100000,1100000],"PRCP":[0.29999998,0.29999998],"SLP":[1015,1015],"SNDP":[0,0],"STP":[1010.63995,1010.91],"TEMP":[-2.04,-2.02],"VISIB":[13.420001,13.920001],"WDSP":[23.929998,24.64],"WNDDIR":[185.2,181.8],"time":[1549364857,1549364916]}