{"CLDC":[74.8,74.670006],"DEWP":[-11.74,-11.66],"FRSHTT":[1100000,1100000],"PRCP":[0.039999995,0.039999995],"SLP":[1019.2999,1019.2999],"SNDP":[0,0],"STP":[1014.36,1014.59],"TEMP":[-4.04,-3.9800003],"VISIB":[13.67,13.7],"WDSP":[15.969999,16.460003],"WNDDIR":[1.5,2],"time":[1549364857,1549364916]}