{"CLDC":[50.08,50.620003],"DEWP":[-9.099999,-9.199999],"FRSHTT":[1100000,1100000],"PRCP":[0.36999997,0.36999997],"SLP":[1014.4,1014.4],"SNDP":[0,0],"STP":[1015.08997,1015.68994],"TEMP":[-3.8799999,-3.92],"VISIB":[13.38,13.45],"WDSP":[12.28,11.95],"WNDDIR":[43.6,45.5],"time":[1549364857,1549364916]}