{"CLDC":[67.76],"DEWP":[-7.5],"FRSHTT":[1100000],"PRCP":[0.29999998],"SLP":[1015],"SNDP":[0],"STP":[1010.63995],"TEMP":[-2.04],"VISIB":[13.420001],"WDSP":[23.929998],"WNDDIR":[185.2],"time":[1549364857]}