{"CLDC":[92.83,93.05],"DEWP":[-12,-11.8],"FRSHTT":[1100000,1100000],"PRCP":[0.31999996,0.31999996],"SLP":[1016.1,1016.04004],"SNDP":[0,0],"STP":[1016.7301,1016.57],"TEMP":[-4.38,-4.25],"VISIB":[13.840001,14.2],"WDSP":[11.31,10.07],"WNDDIR":[128.5,125],"time":[1549364857,1549364916]}