{"CLDC":[68.93001,69.02999],"DEWP":[-11.299998,-11.399999],"FRSHTT":[1100000,1100000],"PRCP":[0.11999999,0.11999999],"SLP":[1017.2999,1017.2999],"SNDP":[0,0],"STP":[1004,1004.2101],"TEMP":[-4.88,-5.04],"VISIB":[12.7699995,12.389999],"WDSP":[14.719999,15.209999],"WNDDIR":[264.8,261],"time":[1549364857,1549364916]}