{"CLDC":[66.59],"DEWP":[-7.84],"FRSHTT":[1100000],"PRCP":[0.21000001],"SLP":[1017],"SNDP":[0],"STP":[1007.80994],"TEMP":[-2.98],"VISIB":[12.559999],"WDSP":[16.59],"WNDDIR":[202.9],"time":[1549364857]}