{"CLDC":[94.759995],"DEWP":[-14.799998],"FRSHTT":[1110000],"PRCP":[0.15999998],"SLP":[1017.2001],"SNDP":[2.3999999],"STP":[1012.4],"TEMP":[-7.4],"VISIB":[9.43],"WDSP":[12.099999],"WNDDIR":[120.1],"time":[1549364857]}