{"CLDC":[50.03],"DEWP":[-12.9],"FRSHTT":[1110000],"PRCP":[0.13],"SLP":[1018.4],"SNDP":[0.29999998],"STP":[1012.82996],"TEMP":[-5.74],"VISIB":[17.42],"WDSP":[14.42],"WNDDIR":[343],"time":[1549364857]}