{"CLDC":[50.279995],"DEWP":[-16.149998],"FRSHTT":[1110000],"PRCP":[0.13],"SLP":[1017.2999],"SNDP":[0.9],"STP":[997.7999],"TEMP":[-8.719999],"VISIB":[22.7],"WDSP":[19.31],"WNDDIR":[341],"time":[1549364857]}