{"CLDC":[50.43],"DEWP":[-7.9],"FRSHTT":[1100000],"PRCP":[0.11],"SLP":[1007.7699],"SNDP":[0],"STP":[1006.75995],"TEMP":[-1.6000001],"VISIB":[11.96],"WDSP":[11.98],"WNDDIR":[69.8],"time":[1549364857]}