{"CLDC":[6.5099998],"DEWP":[-8.35],"FRSHTT":[1000000],"PRCP":[0],"SLP":[1027.7101],"SNDP":[0],"STP":[1018.2999],"TEMP":[-2],"VISIB":[16.099998],"WDSP":[14.7300005],"WNDDIR":[30.5],"time":[1549364857]}