{"CLDC":[11.48],"DEWP":[-9.25],"FRSHTT":[1000000],"PRCP":[0],"SLP":[1009.24005],"SNDP":[0],"STP":[1006.7101],"TEMP":[-6.0000005],"VISIB":[15.07],"WDSP":[21.189999],"WNDDIR":[195.8],"time":[1549364857]}