{"CLDC":[89.78999],"DEWP":[-13.74],"FRSHTT":[1000000],"PRCP":[0],"SLP":[1020.36005],"SNDP":[0],"STP":[1023.02014],"TEMP":[-4.8999996],"VISIB":[14.379999],"WDSP":[17.78],"WNDDIR":[162],"time":[1549364857]}