{"CLDC":[50.43,50.670006],"DEWP":[-7.9,-7.7],"FRSHTT":[1100000,1100000],"PRCP":[0.11,0.11],"SLP":[1007.7699,1007.99005],"SNDP":[0,0],"STP":[1006.75995,1006.69006],"TEMP":[-1.6000001,-1.6000001],"VISIB":[11.96,12.78],"WDSP":[11.98,13.410001],"WNDDIR":[69.8,65.1],"time":[1549364857,1549364916]}