{"CLDC":[50.010002,50.100006],"DEWP":[-11.9,-11.599999],"FRSHTT":[1110000,1110000],"PRCP":[0.18000002,0.18000002],"SLP":[1018.7999,1018.85],"SNDP":[0.6999999,0.6999999],"STP":[1020.6,1020.7001],"TEMP":[-5.0199995,-4.98],"VISIB":[15.93,15.719999],"WDSP":[19.880001,19.429998],"WNDDIR":[259.1,256.2],"time":[1549364857,1549364916]}