{"CLDC":[50.04],"DEWP":[-11.640001],"FRSHTT":[1110000],"PRCP":[0.22],"SLP":[1019.1],"SNDP":[0.59999996],"STP":[1017.2999],"TEMP":[-3.9399998],"VISIB":[18.860003],"WDSP":[23.83],"WNDDIR":[133.6],"time":[1549364857]}