{"CLDC":[83.04],"DEWP":[-6.46],"FRSHTT":[1100000],"PRCP":[0.21000001],"SLP":[1016.95996],"SNDP":[0],"STP":[1018.7101],"TEMP":[-3.22],"VISIB":[9.03],"WDSP":[16.81],"WNDDIR":[217.7],"time":[1549364858]}