{"CLDC":[50.170006,50.22],"DEWP":[-6.9600005,-6.63],"FRSHTT":[1100000,1100000],"PRCP":[0.09000001,0.09000001],"SLP":[1018.2001,1018.2001],"SNDP":[0,0],"STP":[1008.7399,1008.57996],"TEMP":[-1.74,-1.75],"VISIB":[11.639999,11.7300005],"WDSP":[7.549999,7.65],"WNDDIR":[201,201.5],"time":[1549364857,1549364916]}