{"CLDC":[50.100002,50.02],"DEWP":[-8.55,-8.55],"FRSHTT":[1110000,1110000],"PRCP":[0.07,0.07],"SLP":[1019.7001,1019.7001],"SNDP":[0.8000001,0.8000001],"STP":[1020.73,1021.07],"TEMP":[-3.56,-3.5999997],"VISIB":[17.130001,17.39],"WDSP":[13.870001,13.270001],"WNDDIR":[143.9,142.6],"time":[1549364858,1549364916]}