{"CLDC":[50.299995],"DEWP":[-7.7],"FRSHTT":[1110000],"PRCP":[0.09000001],"SLP":[1019.6],"SNDP":[2.3999999],"STP":[986],"TEMP":[-2.3399997],"VISIB":[21.85],"WDSP":[13.209999],"WNDDIR":[227],"time":[1549364858]}