{"CLDC":[50.24],"DEWP":[-9.26],"FRSHTT":[1100000],"PRCP":[0.059999995],"SLP":[1012.37],"SNDP":[0],"STP":[1007.7101],"TEMP":[-1.38],"VISIB":[29.269999],"WDSP":[15.870001],"WNDDIR":[218],"time":[1549364858]}