{"CLDC":[50.399998],"DEWP":[-10.200001],"FRSHTT":[1110000],"PRCP":[0.09000001],"SLP":[1020.4],"SNDP":[0.8000001],"STP":[1004.41],"TEMP":[-4.22],"VISIB":[16.52],"WDSP":[14.01],"WNDDIR":[210.4],"time":[1549364858]}