{"CLDC":[83.04,83.12],"DEWP":[-6.46,-6.6399994],"FRSHTT":[1100000,1100000],"PRCP":[0.21000001,0.21000001],"SLP":[1016.95996,1017.1],"SNDP":[0,0],"STP":[1018.7101,1018.2501],"TEMP":[-3.22,-3.31],"VISIB":[9.03,9.179999],"WDSP":[16.81,16.66],"WNDDIR":[217.7,216.2],"time":[1549364858,1549364916]}