{"CLDC":[50.120003],"DEWP":[-0.85],"FRSHTT":[100000],"PRCP":[0.009999999],"SLP":[1009.2899],"SNDP":[0],"STP":[1002.55],"TEMP":[1.16],"VISIB":[10.2699995],"WDSP":[12.790001],"WNDDIR":[53.5],"time":[1549364858]}