{"CLDC":[50.399998,50.309994],"DEWP":[-10.200001,-10.700001],"FRSHTT":[1110000,1110000],"PRCP":[0.09000001,0.09000001],"SLP":[1020.4,1020.5],"SNDP":[0.8000001,0.8000001],"STP":[1004.41,1004.45996],"TEMP":[-4.22,-4.2],"VISIB":[16.52,16.789999],"WDSP":[14.01,13.87],"WNDDIR":[210.4,208.2],"time":[1549364858,1549364916]}