{"CLDC":[49.670006],"DEWP":[-3.9800003],"FRSHTT":[0],"PRCP":[0],"SLP":[1020.25],"SNDP":[0],"STP":[1008],"TEMP":[0.40000004],"VISIB":[12.41],"WDSP":[11.599999],"WNDDIR":[269.1],"time":[1549364857]}