{"CLDC":[74.130005],"DEWP":[-9.05],"FRSHTT":[1100000],"PRCP":[0.18000002],"SLP":[1017.7999],"SNDP":[0],"STP":[1027.9001],"TEMP":[-5.52],"VISIB":[11.55],"WDSP":[17.420002],"WNDDIR":[147.8],"time":[1549364858]}