{"CLDC":[87.25001,87.41001],"DEWP":[-8.3,-8.5],"FRSHTT":[1100000,1100000],"PRCP":[0.09000001,0.09000001],"SLP":[1017.9,1017.82996],"SNDP":[0,0],"STP":[1025.9001,1025.9001],"TEMP":[-4.7300005,-4.79],"VISIB":[10.969999,11.92],"WDSP":[14.69,14.99],"WNDDIR":[3.9,5.8],"time":[1549364857,1549364916]}