{"CLDC":[52.640003,52.590004],"DEWP":[-9.280001,-9.35],"FRSHTT":[1000000,1000000],"PRCP":[0,0],"SLP":[996.66003,996.02997],"SNDP":[0,0],"STP":[1001.42004,1001.36],"TEMP":[-3.0300002,-3.0400002],"VISIB":[21.45,21.279999],"WDSP":[14.209999,13.969999],"WNDDIR":[123,120.1],"time":[1549364858,1549364916]}