{"CLDC":[58.78,58.8],"DEWP":[-10.800001,-10.900002],"FRSHTT":[1110000,1110000],"PRCP":[0.019999998,0.019999998],"SLP":[1022.2001,1022.2001],"SNDP":[0.40000004,0.40000004],"STP":[1009,1009],"TEMP":[-2.8799999,-2.8799999],"VISIB":[17.35,17.78],"WDSP":[15.07,16.170002],"WNDDIR":[11.4,11],"time":[1549364858,1549364916]}