{"CLDC":[97.41001,97.40001],"DEWP":[-15.6,-15.6],"FRSHTT":[1110000,1110000],"PRCP":[0.21000001,0.21000001],"SLP":[1018.6,1018.6],"SNDP":[5.9000006,5.9000006],"STP":[1019.82996,1020.16],"TEMP":[-10.180001,-10.02],"VISIB":[20.380001,20.22],"WDSP":[11.54,12.93],"WNDDIR":[122.8,126],"time":[1549364858,1549364916]}