{"CLDC":[50.02,50.04],"DEWP":[-4.2599998,-4.1400003],"FRSHTT":[100000,100000],"PRCP":[0.039999995,0.039999995],"SLP":[977.3999,979.35],"SNDP":[0,0],"STP":[994.98,992.95996],"TEMP":[0,0],"VISIB":[10.46,10.2699995],"WDSP":[15.320002,14.679998],"WNDDIR":[153.2,159.4],"time":[1549364858,1549364916]}