{"CLDC":[50.02],"DEWP":[-4.2599998],"FRSHTT":[100000],"PRCP":[0.039999995],"SLP":[977.3999],"SNDP":[0],"STP":[994.98],"TEMP":[0],"VISIB":[10.46],"WDSP":[15.320002],"WNDDIR":[153.2],"time":[1549364858]}