{"CLDC":[58.660004,58.85],"DEWP":[-10.36,-10.45],"FRSHTT":[1110000,1110000],"PRCP":[0.13,0.13],"SLP":[1019.7999,1019.91],"SNDP":[1.8999999,1.8999999],"STP":[1020.45996,1020.14014],"TEMP":[-4.3599997,-4.3799996],"VISIB":[14.290001,13.8],"WDSP":[15.25,14.410001],"WNDDIR":[179.4,183.1],"time":[1549364858,1549364916]}