{"CLDC":[53.339996,53.5],"DEWP":[-8.800001,-9.1],"FRSHTT":[1100000,1100000],"PRCP":[0.14999999,0.14999999],"SLP":[1020,1020],"SNDP":[0,0],"STP":[1027.1599,1027.1599],"TEMP":[-4.68,-4.52],"VISIB":[11.97,12.08],"WDSP":[14.8,14.55],"WNDDIR":[6.8,12],"time":[1549364858,1549364916]}