{"CLDC":[58.660004],"DEWP":[-10.36],"FRSHTT":[1110000],"PRCP":[0.13],"SLP":[1019.7999],"SNDP":[1.8999999],"STP":[1020.45996],"TEMP":[-4.3599997],"VISIB":[14.290001],"WDSP":[15.25],"WNDDIR":[179.4],"time":[1549364858]}