{"CLDC":[97.41001],"DEWP":[-15.6],"FRSHTT":[1110000],"PRCP":[0.21000001],"SLP":[1018.6],"SNDP":[5.9000006],"STP":[1019.82996],"TEMP":[-10.180001],"VISIB":[20.380001],"WDSP":[11.54],"WNDDIR":[122.8],"time":[1549364858]}