{"CLDC":[68.4,67.68001],"DEWP":[-10.000001,-10.300001],"FRSHTT":[1100000,1100000],"PRCP":[0.19000001,0.19000001],"SLP":[1018.1,1018.2001],"SNDP":[0,0],"STP":[1023.61993,1023.36],"TEMP":[-4.16,-4.16],"VISIB":[12.2699995,12.0199995],"WDSP":[12.11,12.030001],"WNDDIR":[358.2,358.7],"time":[1549364858,1549364916]}