{"CLDC":[50.02],"DEWP":[-8.809999],"FRSHTT":[1010000],"PRCP":[0],"SLP":[1025.4299],"SNDP":[0.9],"STP":[1036.22],"TEMP":[-6.9799995],"VISIB":[8.139999],"WDSP":[15.460001],"WNDDIR":[182.9],"time":[1549364858]}