{"CLDC":[39.199997],"DEWP":[-23.419996],"FRSHTT":[1000000],"PRCP":[0],"SLP":[988.91003],"SNDP":[0],"STP":[993.9],"TEMP":[-16],"VISIB":[24.310001],"WDSP":[23.490002],"WNDDIR":[288.1],"time":[1549364858]}