{"CLDC":[94.299995,94.40001],"DEWP":[-11.1,-11.3],"FRSHTT":[1110000,1110000],"PRCP":[0.13,0.13],"SLP":[1019.1,1019.1],"SNDP":[3.2000003,3.2000003],"STP":[962.7301,962.7899],"TEMP":[-6.6100006,-6.6100006],"VISIB":[17.38,17.37],"WDSP":[17.68,17.329998],"WNDDIR":[147.4,146.3],"time":[1549364858,1549364916]}