{"CLDC":[50.190006,50.15],"DEWP":[-14.040001,-14.200002],"FRSHTT":[1110000,1110000],"PRCP":[0.11,0.11],"SLP":[998.83997,998.95996],"SNDP":[0.6999999,0.6999999],"STP":[999.47003,999.44006],"TEMP":[-9.359999,-9.24],"VISIB":[20.27,20.05],"WDSP":[14.729999,14.19],"WNDDIR":[28.8,29.4],"time":[1549364858,1549364916]}