{"CLDC":[50.02,50.170006],"DEWP":[-8.809999,-8.55],"FRSHTT":[1010000,1010000],"PRCP":[0,0],"SLP":[1025.4299,1025.55],"SNDP":[0.9,0.9],"STP":[1036.22,1034.5701],"TEMP":[-6.9799995,-6.9800005],"VISIB":[8.139999,8.469999],"WDSP":[15.460001,15.55],"WNDDIR":[182.9,182.5],"time":[1549364858,1549364916]}