{"CLDC":[50.04],"DEWP":[-1.4399999],"FRSHTT":[100000],"PRCP":[0.25],"SLP":[993.5],"SNDP":[0],"STP":[1023.2101],"TEMP":[2],"VISIB":[11.079999],"WDSP":[11.95],"WNDDIR":[254.3],"time":[1549364858]}