{"CLDC":[60.940002,61.430004],"DEWP":[-15.699999,-15.599998],"FRSHTT":[1110000,1110000],"PRCP":[0.07999999,0.07999999],"SLP":[1018.9,1018.9],"SNDP":[3.9,3.9],"STP":[1008.7001,1008.7999],"TEMP":[-10.34,-10.26],"VISIB":[21.72,21.519999],"WDSP":[13.309999,13.210001],"WNDDIR":[219.2,223.8],"time":[1549364858,1549364916]}