{"CLDC":[99.509995],"DEWP":[-9.119999],"FRSHTT":[1100000],"PRCP":[0.019999998],"SLP":[1008.55994],"SNDP":[0],"STP":[1005.6],"TEMP":[-5.3999996],"VISIB":[12.71],"WDSP":[20.220001],"WNDDIR":[65.8],"time":[1549364858]}