{"CLDC":[75,74.89],"DEWP":[-11.759999,-11.65],"FRSHTT":[1110000,1110000],"PRCP":[0.34999996,0.34999996],"SLP":[1019,1019],"SNDP":[9.53,9.599999],"STP":[1005.62,1005.7001],"TEMP":[-7.5600004,-7.6800003],"VISIB":[15.500002,15.7],"WDSP":[12.64,12.53],"WNDDIR":[75,76.4],"time":[1549364858,1549364916]}