{"CLDC":[52.640003],"DEWP":[-9.280001],"FRSHTT":[1000000],"PRCP":[0],"SLP":[996.66003],"SNDP":[0],"STP":[1001.42004],"TEMP":[-3.0300002],"VISIB":[21.45],"WDSP":[14.209999],"WNDDIR":[123],"time":[1549364858]}