{"CLDC":[50.24,50.620003],"DEWP":[-9.26,-9.08],"FRSHTT":[1100000,1100000],"PRCP":[0.059999995,0.060999997],"SLP":[1012.37,1012.67004],"SNDP":[0,0],"STP":[1007.7101,1007.91],"TEMP":[-1.38,-1.25],"VISIB":[29.269999,29.899998],"WDSP":[15.870001,16.930002],"WNDDIR":[218,221.6],"time":[1549364858,1549364916]}