{"CLDC":[80.329994],"DEWP":[-6.06],"FRSHTT":[1100000],"PRCP":[0.019999998],"SLP":[996.2001],"SNDP":[0],"STP":[998.2001],"TEMP":[-2.2399998],"VISIB":[12.280001],"WDSP":[15.67],"WNDDIR":[195.3],"time":[1549364858]}