{"CLDC":[50.06],"DEWP":[-8.77],"FRSHTT":[1110000],"PRCP":[0.059999995],"SLP":[1020.02997],"SNDP":[0.9],"STP":[976.72003],"TEMP":[-3.8700001],"VISIB":[13.5],"WDSP":[16.85],"WNDDIR":[222.6],"time":[1549364858]}