{"CLDC":[50.13],"DEWP":[-6.35],"FRSHTT":[1110000],"PRCP":[0.059999995],"SLP":[1018.4],"SNDP":[3.1000001],"STP":[993.16],"TEMP":[-2.4],"VISIB":[12.719999],"WDSP":[19.39],"WNDDIR":[79.9],"time":[1549364858]}