{"CLDC":[94.700005],"DEWP":[-8.339999],"FRSHTT":[1100000],"PRCP":[0.21000001],"SLP":[1017],"SNDP":[0],"STP":[1016.4],"TEMP":[-3.4],"VISIB":[13.199999],"WDSP":[22.149998],"WNDDIR":[260.1],"time":[1549364858]}