{"CLDC":[50.199997,50.710003],"DEWP":[-8.350001,-8.440001],"FRSHTT":[1100000,1100000],"PRCP":[0.09000001,0.09000001],"SLP":[1021,1021.09],"SNDP":[0,0],"STP":[1018.2001,1018.16],"TEMP":[-3.8199997,-3.85],"VISIB":[11.92,11.5199995],"WDSP":[10.54,11.049999],"WNDDIR":[262.2,263.6],"time":[1549364858,1549364916]}