{"CLDC":[58.07,57.770008],"DEWP":[-10.6,-10.719999],"FRSHTT":[1010000,1010000],"PRCP":[0,0],"SLP":[1025.5599,1025.07],"SNDP":[15.300001,15.300001],"STP":[995.2999,995.6001],"TEMP":[-8.02,-7.9900007],"VISIB":[18.070002,18.27],"WDSP":[13.7699995,13.25],"WNDDIR":[350.8,354],"time":[1549364858,1549364917]}