{"CLDC":[50.25],"DEWP":[-9.070001],"FRSHTT":[1110000],"PRCP":[0.11999999],"SLP":[1020.1],"SNDP":[5.9000006],"STP":[1002.52997],"TEMP":[-5.29],"VISIB":[12.709999],"WDSP":[18.470001],"WNDDIR":[337.5],"time":[1549364858]}