{"CLDC":[50],"DEWP":[-8.070001],"FRSHTT":[1100000],"PRCP":[0.18000002],"SLP":[996.9],"SNDP":[0],"STP":[996.2],"TEMP":[-1.6100003],"VISIB":[19.09],"WDSP":[11.440001],"WNDDIR":[130.5],"time":[1549364858]}