{"CLDC":[53.45,53.7],"DEWP":[-14.56,-14.6],"FRSHTT":[1100000,1100000],"PRCP":[0.009999999,0.009999999],"SLP":[1027,1027],"SNDP":[0,0],"STP":[1038.4199,1038.6101],"TEMP":[-9.78,-9.71],"VISIB":[9.34,9.95],"WDSP":[19.5,19.58],"WNDDIR":[194.8,193.5],"time":[1549364858,1549364917]}