{"CLDC":[94.700005,94.890015],"DEWP":[-8.339999,-8.43],"FRSHTT":[1100000,1100000],"PRCP":[0.21000001,0.21000001],"SLP":[1017,1016.7999],"SNDP":[0,0],"STP":[1016.4,1016.4],"TEMP":[-3.4,-3.4],"VISIB":[13.199999,13.390001],"WDSP":[22.149998,21.819998],"WNDDIR":[260.1,258.1],"time":[1549364858,1549364917]}