{"CLDC":[50.110004,50.27],"DEWP":[-8.199999,-7.999999],"FRSHTT":[1110000,1110000],"PRCP":[0.13,0.13],"SLP":[1021,1021.1],"SNDP":[2,2],"STP":[981.6,981.43],"TEMP":[-4.2799997,-4.0899997],"VISIB":[10.629999,10.48],"WDSP":[16.21,15.75],"WNDDIR":[95,93.5],"time":[1549364858,1549364916]}