{"CLDC":[50.200005],"DEWP":[-7.5],"FRSHTT":[1100000],"PRCP":[0.22999999],"SLP":[1021.61],"SNDP":[0],"STP":[1024.59],"TEMP":[-4.4700003],"VISIB":[9.29],"WDSP":[13.790001],"WNDDIR":[236.9],"time":[1549364858]}