{"CLDC":[50.339996,50.140007],"DEWP":[-8.84,-8.570001],"FRSHTT":[1110000,1110000],"PRCP":[0.10000001,0.10000001],"SLP":[1020.7001,1020.7899],"SNDP":[3.6,3.6],"STP":[996.00995,996],"TEMP":[-4.82,-4.91],"VISIB":[10.370001,10.26],"WDSP":[18.490002,17.920002],"WNDDIR":[269.6,267.7],"time":[1549364858,1549364917]}