{"CLDC":[78.59999],"DEWP":[-4.88],"FRSHTT":[1110000],"PRCP":[0.45999998],"SLP":[1019.02],"SNDP":[4.5999994],"STP":[995.08997],"TEMP":[-4.04],"VISIB":[5.9900002],"WDSP":[24.409998],"WNDDIR":[4.9],"time":[1549364858]}