{"CLDC":[75.579994],"DEWP":[-8.300001],"FRSHTT":[1110000],"PRCP":[0.11999999],"SLP":[1021.7699],"SNDP":[3],"STP":[991.9],"TEMP":[-4.5800004],"VISIB":[11.609999],"WDSP":[16.99],"WNDDIR":[189],"time":[1549364858]}