{"CLDC":[78.59999,78.619995],"DEWP":[-4.88,-4.7200003],"FRSHTT":[1110000,1110000],"PRCP":[0.45999998,0.45999998],"SLP":[1019.02,1017.22003],"SNDP":[4.5999994,4.5999994],"STP":[995.08997,994.65],"TEMP":[-4.04,-4.06],"VISIB":[5.9900002,6.38],"WDSP":[24.409998,23.27],"WNDDIR":[4.9,4.9],"time":[1549364858,1549364916]}