{"CLDC":[50.18],"DEWP":[-8.2],"FRSHTT":[1100000],"PRCP":[0.23999998],"SLP":[1022.6501],"SNDP":[0],"STP":[1022.38],"TEMP":[-4.82],"VISIB":[10.15],"WDSP":[12.969999],"WNDDIR":[55],"time":[1549364858]}