{"CLDC":[93.19,93.36],"DEWP":[-4.9399996,-4.5199995],"FRSHTT":[1000000,1000000],"PRCP":[0,0],"SLP":[1016.41,1016.1201],"SNDP":[0,0],"STP":[1034.26,1034.45],"TEMP":[-2.3799999,-2.3999999],"VISIB":[84.89,82.86],"WDSP":[18.849998,18.449999],"WNDDIR":[29.8,29.5],"time":[1549364858,1549364917]}