{"CLDC":[50.110004],"DEWP":[-8.199999],"FRSHTT":[1110000],"PRCP":[0.13],"SLP":[1021],"SNDP":[2],"STP":[981.6],"TEMP":[-4.2799997],"VISIB":[10.629999],"WDSP":[16.21],"WNDDIR":[95],"time":[1549364858]}