{"CLDC":[55.940002,56.160004],"DEWP":[-6.63,-6.63],"FRSHTT":[1110000,1110000],"PRCP":[0.13,0.13],"SLP":[1020.2999,1020.2999],"SNDP":[0.9,0.9],"STP":[984.89,985.00995],"TEMP":[-3.2,-3.1999998],"VISIB":[10.16,10.109999],"WDSP":[17.47,18.23],"WNDDIR":[290,288.9],"time":[1549364858,1549364917]}