{"CLDC":[76.05],"DEWP":[-7.2],"FRSHTT":[1100000],"PRCP":[0.07],"SLP":[998.35],"SNDP":[0],"STP":[1001.91003],"TEMP":[-2.1100001],"VISIB":[14.13],"WDSP":[15.370001],"WNDDIR":[119],"time":[1549364858]}