{"CLDC":[76.05,75.73],"DEWP":[-7.2,-7.2799997],"FRSHTT":[1100000,1100000],"PRCP":[0.07,0.07],"SLP":[998.35,998.77],"SNDP":[0,0],"STP":[1001.91003,1002.02],"TEMP":[-2.1100001,-2.08],"VISIB":[14.13,14.009999],"WDSP":[15.370001,15.589999],"WNDDIR":[119,121.6],"time":[1549364858,1549364916]}