{"CLDC":[50.13,50.369995],"DEWP":[-6.35,-6.53],"FRSHTT":[1110000,1110000],"PRCP":[0.059999995,0.060999997],"SLP":[1018.4,1018.4],"SNDP":[3.1000001,3.1000001],"STP":[993.16,993.22003],"TEMP":[-2.4,-2.4],"VISIB":[12.719999,12.4800005],"WDSP":[19.39,18.720001],"WNDDIR":[79.9,82.3],"time":[1549364858,1549364917]}