{"CLDC":[50.110004,50.130005],"DEWP":[-8.1,-7.9000006],"FRSHTT":[1100000,1100000],"PRCP":[0.13,0.13],"SLP":[1021.7399,1021.69006],"SNDP":[0,0],"STP":[1025.7999,1025.4299],"TEMP":[-3.4,-3.4],"VISIB":[12.42,12.9],"WDSP":[10.67,10.63],"WNDDIR":[272.9,270],"time":[1549364858,1549364916]}