{"CLDC":[97.299995,97.22],"DEWP":[-7.1200004,-7.05],"FRSHTT":[1110000,1110000],"PRCP":[0.09000001,0.09000001],"SLP":[1019.2001,1019.1],"SNDP":[2.2999997,2.2999997],"STP":[1005.2999,1005.39],"TEMP":[-3.3600001,-3.4000003],"VISIB":[14.410001,14.43],"WDSP":[19.08,18.59],"WNDDIR":[357.9,358.9],"time":[1549364858,1549364917]}