{"CLDC":[50.200005,50.399998],"DEWP":[-7.5,-7.4],"FRSHTT":[1100000,1100000],"PRCP":[0.22999999,0.22999999],"SLP":[1021.61,1021.7999],"SNDP":[0,0],"STP":[1024.59,1024.5199],"TEMP":[-4.4700003,-4.46],"VISIB":[9.29,9.800001],"WDSP":[13.790001,13.37],"WNDDIR":[236.9,238],"time":[1549364858,1549364916]}