{"CLDC":[51.530006,51.289997],"DEWP":[-11.040001,-11.020001],"FRSHTT":[1000000,1000000],"PRCP":[0,0],"SLP":[1009.77,1010.7],"SNDP":[0,0],"STP":[1005.62,1005.66003],"TEMP":[-6.46,-6.2799997],"VISIB":[14.62,14.58],"WDSP":[12.419999,13.450002],"WNDDIR":[286.8,287.1],"time":[1549364858,1549364917]}