{"CLDC":[50.060005],"DEWP":[-11.260001],"FRSHTT":[1100000],"PRCP":[0.039999995],"SLP":[1020.80994],"SNDP":[0],"STP":[1022.2999],"TEMP":[-7.4199996],"VISIB":[10.870001],"WDSP":[17.43],"WNDDIR":[172.2],"time":[1549364858]}