{"CLDC":[50.010002],"DEWP":[-10.34],"FRSHTT":[1100000],"PRCP":[0.050000004],"SLP":[1021.6],"SNDP":[0],"STP":[1025.53],"TEMP":[-6.78],"VISIB":[12.01],"WDSP":[17.869999],"WNDDIR":[315.6],"time":[1549364858]}