{"CLDC":[16.29],"DEWP":[-4.8500004],"FRSHTT":[1000000],"PRCP":[0],"SLP":[1016.5],"SNDP":[0],"STP":[994.64],"TEMP":[-1.4200001],"VISIB":[11],"WDSP":[17.569998],"WNDDIR":[309.2],"time":[1549364858]}