{"CLDC":[70.78],"DEWP":[-10.35],"FRSHTT":[1110000],"PRCP":[0.15999998],"SLP":[1021.58997],"SNDP":[2.5],"STP":[998.7001],"TEMP":[-6.6299996],"VISIB":[13.530001],"WDSP":[16.369999],"WNDDIR":[106.3],"time":[1549364858]}