{"CLDC":[50.27],"DEWP":[-8.92],"FRSHTT":[1110000],"PRCP":[0.059999995],"SLP":[1018.07996],"SNDP":[1.3999999],"STP":[1008.7001],"TEMP":[-5.0800004],"VISIB":[13.74],"WDSP":[13.930002],"WNDDIR":[122.5],"time":[1549364858]}