{"CLDC":[50.010002],"DEWP":[-12.4800005],"FRSHTT":[1110000],"PRCP":[0.09000001],"SLP":[1022.66003],"SNDP":[4.0999994],"STP":[997.2999],"TEMP":[-8.440001],"VISIB":[12.24],"WDSP":[13.790001],"WNDDIR":[279.5],"time":[1549364858]}