{"CLDC":[57.339996],"DEWP":[-7],"FRSHTT":[1110000],"PRCP":[0.019999998],"SLP":[1026.0399],"SNDP":[6],"STP":[1001.1],"TEMP":[-2.6],"VISIB":[15.710001],"WDSP":[19.41],"WNDDIR":[174.4],"time":[1549364858]}