{"CLDC":[26.99,26.86],"DEWP":[-5.2,-5.25],"FRSHTT":[1000000,1000000],"PRCP":[0,0],"SLP":[997.24005,996.91003],"SNDP":[0,0],"STP":[1000.2999,1000.2101],"TEMP":[-1.2,-1.1800001],"VISIB":[14.7,14.88],"WDSP":[23.170002,22.68],"WNDDIR":[227.4,229.6],"time":[1549364858,1549364917]}