{"CLDC":[54.620003],"DEWP":[-6.4],"FRSHTT":[1000000],"PRCP":[0],"SLP":[992],"SNDP":[0],"STP":[996.87],"TEMP":[-3.2800002],"VISIB":[11.63],"WDSP":[14.579999],"WNDDIR":[345.6],"time":[1549364858]}