{"CLDC":[50.140007],"DEWP":[-6.44],"FRSHTT":[1110000],"PRCP":[0.07],"SLP":[1021.2999],"SNDP":[3.4],"STP":[1022.85],"TEMP":[-3.0399997],"VISIB":[11.5],"WDSP":[15.890001],"WNDDIR":[38.3],"time":[1549364858]}