{"CLDC":[61.910004],"DEWP":[-7.4600005],"FRSHTT":[1100000],"PRCP":[0.009999999],"SLP":[1008.66],"SNDP":[0],"STP":[1008.9699],"TEMP":[-4.71],"VISIB":[16.039999],"WDSP":[17.23],"WNDDIR":[206.8],"time":[1549364858]}