{"CLDC":[67.65001,68.17],"DEWP":[-6.39,-6.75],"FRSHTT":[1100000,1100000],"PRCP":[0.039999995,0.039999995],"SLP":[1011.95,1011.9],"SNDP":[0,0],"STP":[1008.69006,1008.6],"TEMP":[-3.48,-3.48],"VISIB":[13.800001,13.679998],"WDSP":[18.81,18.93],"WNDDIR":[113.5,114.1],"time":[1549364858,1549364917]}