{"CLDC":[50.190006,50.510002],"DEWP":[-7.47,-7.5600004],"FRSHTT":[1110000,1110000],"PRCP":[0.14999999,0.14999999],"SLP":[1021.55994,1021.55994],"SNDP":[5.4000006,5.4000006],"STP":[993.2001,993.55994],"TEMP":[-4.08,-4.12],"VISIB":[9.809999,9.599999],"WDSP":[17.27,17.85],"WNDDIR":[108.9,113.1],"time":[1549364858,1549364917]}