{"CLDC":[50.140007,50.150005],"DEWP":[-6.44,-6.1400003],"FRSHTT":[1110000,1110000],"PRCP":[0.07,0.07],"SLP":[1021.2999,1021.47003],"SNDP":[3.4,3.4],"STP":[1022.85,1022.86],"TEMP":[-3.0399997,-3.1599996],"VISIB":[11.5,11.199999],"WDSP":[15.890001,17.27],"WNDDIR":[38.3,36.5],"time":[1549364858,1549364917]}