{"CLDC":[50.42,50.89],"DEWP":[-8.719999,-8.72],"FRSHTT":[1100000,1100000],"PRCP":[0.09000001,0.09000001],"SLP":[1006.1701,1005.95],"SNDP":[0,0],"STP":[1004.2201,1004.4199],"TEMP":[-5.1,-5.1000004],"VISIB":[13.95,13.960001],"WDSP":[18.51,18.23],"WNDDIR":[128.7,130.2],"time":[1549364858,1549364917]}