{"CLDC":[44.309994],"DEWP":[-8.55],"FRSHTT":[1000000],"PRCP":[0],"SLP":[1007],"SNDP":[0],"STP":[999.75],"TEMP":[-3.9000003],"VISIB":[14.31],"WDSP":[11.13],"WNDDIR":[347],"time":[1549364858]}