{"CLDC":[66.37001,66.62],"DEWP":[-6.9199996,-6.9199996],"FRSHTT":[1110000,1110000],"PRCP":[0.050000004,0.050000004],"SLP":[1020.7999,1020.7799],"SNDP":[2.3999999,2.3999999],"STP":[1010.1,1010.1],"TEMP":[-3.44,-3.35],"VISIB":[10.790001,11.380001],"WDSP":[15.67,14.7300005],"WNDDIR":[294.2,292.1],"time":[1549364858,1549364917]}