{"CLDC":[38.469997,38.610004],"DEWP":[-10.400001,-10.400001],"FRSHTT":[1000000,1000000],"PRCP":[0,0],"SLP":[1001.67004,1002.07],"SNDP":[0,0],"STP":[999.62,999.56995],"TEMP":[-6.7399993,-6.6399994],"VISIB":[11.47,10.940001],"WDSP":[12.23,11.73],"WNDDIR":[273.8,274.9],"time":[1549364858,1549364917]}