{"CLDC":[54.620003,54.580006],"DEWP":[-6.4,-6.4],"FRSHTT":[1000000,1000000],"PRCP":[0,0],"SLP":[992,991.93],"SNDP":[0,0],"STP":[996.87,996.74005],"TEMP":[-3.2800002,-3.3400002],"VISIB":[11.63,11.5],"WDSP":[14.579999,14.95],"WNDDIR":[345.6,346.6],"time":[1549364858,1549364917]}