{"CLDC":[57.339996,57.48],"DEWP":[-7,-6.7599998],"FRSHTT":[1110000,1110000],"PRCP":[0.019999998,0.019999998],"SLP":[1026.0399,1026.0499],"SNDP":[6,6],"STP":[1001.1,1001.43],"TEMP":[-2.6,-2.5399997],"VISIB":[15.710001,15.5],"WDSP":[19.41,19.51],"WNDDIR":[174.4,173.6],"time":[1549364858,1549364917]}