{"CLDC":[95.96999,96.28],"DEWP":[-5.58,-5.82],"FRSHTT":[1110000,1110000],"PRCP":[0.10000001,0.10000001],"SLP":[1021.2001,1021.2399],"SNDP":[1.7,1.7],"STP":[1020.5,1020.5],"TEMP":[-2.4500003,-2.3500001],"VISIB":[11.450001,11.23],"WDSP":[17.02,15.589999],"WNDDIR":[279.6,274.1],"time":[1549364858,1549364917]}