{"CLDC":[50.050003],"DEWP":[-0.14999998],"FRSHTT":[100000],"PRCP":[0.23999998],"SLP":[1007.15],"SNDP":[0],"STP":[1023.62],"TEMP":[0.59999996],"VISIB":[6.9399996],"WDSP":[14.320002],"WNDDIR":[255.5],"time":[1549364858]}