{"CLDC":[69.06999],"DEWP":[-6.96],"FRSHTT":[1110000],"PRCP":[0.14],"SLP":[1020.2999],"SNDP":[2.2000003],"STP":[996.9],"TEMP":[-3.0499997],"VISIB":[15.460001],"WDSP":[18.75],"WNDDIR":[224.2],"time":[1549364858]}