{"CLDC":[50.140003],"DEWP":[-9.570001],"FRSHTT":[1110000],"PRCP":[0.050000004],"SLP":[1021.35],"SNDP":[4],"STP":[989.2001],"TEMP":[-6.100001],"VISIB":[12.4800005],"WDSP":[16.89],"WNDDIR":[132.7],"time":[1549364858]}