{"CLDC":[50.190006],"DEWP":[-7.47],"FRSHTT":[1110000],"PRCP":[0.14999999],"SLP":[1021.55994],"SNDP":[5.4000006],"STP":[993.2001],"TEMP":[-4.08],"VISIB":[9.809999],"WDSP":[17.27],"WNDDIR":[108.9],"time":[1549364858]}