{"CLDC":[72.149994],"DEWP":[-6.96],"FRSHTT":[1100000],"PRCP":[0.039999995],"SLP":[1002.1],"SNDP":[0],"STP":[1003.27],"TEMP":[-2.52],"VISIB":[13.209999],"WDSP":[16.59],"WNDDIR":[173.6],"time":[1549364858]}