{"CLDC":[55.439995,55.409996],"DEWP":[-5.11,-5.2499995],"FRSHTT":[1000000,1000000],"PRCP":[0,0],"SLP":[1015.88,1015.82996],"SNDP":[0,0],"STP":[1007.92004,1008.05],"TEMP":[-2.6200001,-2.4999995],"VISIB":[11.290001,11.28],"WDSP":[14.9,15.7],"WNDDIR":[205.5,208],"time":[1549364858,1549364917]}