{"CLDC":[50.140003,50.319996],"DEWP":[-9.570001,-9.460001],"FRSHTT":[1110000,1110000],"PRCP":[0.050000004,0.050000004],"SLP":[1021.35,1021.30994],"SNDP":[4,4],"STP":[989.2001,989.1],"TEMP":[-6.100001,-6.100001],"VISIB":[12.4800005,12.430001],"WDSP":[16.89,16.070002],"WNDDIR":[132.7,136.1],"time":[1549364858,1549364917]}