{"CLDC":[75.53001,75.42],"DEWP":[-8.32,-7.9700003],"FRSHTT":[1110000,1110000],"PRCP":[0.19000001,0.19000001],"SLP":[1011.07996,1011.02],"SNDP":[1.1999999,1.1999999],"STP":[1006.52997,1006.5399],"TEMP":[-3.8899999,-3.9199996],"VISIB":[13.079999,13.35],"WDSP":[17.53,17.59],"WNDDIR":[154.8,157.4],"time":[1549364858,1549364917]}