{"CLDC":[56.150005],"DEWP":[-7.8],"FRSHTT":[1100000],"PRCP":[0.059999995],"SLP":[1020.57996],"SNDP":[0],"STP":[1019.63],"TEMP":[-2.5],"VISIB":[13.420001],"WDSP":[14.490001],"WNDDIR":[234.2],"time":[1549364858]}