{"CLDC":[97.58999,97.38001],"DEWP":[-9.179999,-9.0199995],"FRSHTT":[1100000,1100000],"PRCP":[0.059999995,0.062],"SLP":[1014.0499,1014.22003],"SNDP":[0,0],"STP":[1018.82996,1018.7001],"TEMP":[-4.5199995,-4.4800005],"VISIB":[12.370001,12.9800005],"WDSP":[16.47,16.4],"WNDDIR":[206.6,205.7],"time":[1549364858,1549364917]}