{"CLDC":[56.150005,56.28],"DEWP":[-7.8,-7.9],"FRSHTT":[1100000,1100000],"PRCP":[0.059999995,0.062],"SLP":[1020.57996,1020.57],"SNDP":[0,0],"STP":[1019.63,1020.32],"TEMP":[-2.5,-2.5],"VISIB":[13.420001,13.199999],"WDSP":[14.490001,14.390001],"WNDDIR":[234.2,233.9],"time":[1549364858,1549364917]}