{"CLDC":[72.67],"DEWP":[-10.139999],"FRSHTT":[1100000],"PRCP":[0.009999999],"SLP":[1024.5],"SNDP":[0],"STP":[1017.3799],"TEMP":[-4.3799996],"VISIB":[12.24],"WDSP":[11.61],"WNDDIR":[215],"time":[1549364858]}