{"CLDC":[50.289997],"DEWP":[-8.59],"FRSHTT":[1100000],"PRCP":[0.019999998],"SLP":[1019.89],"SNDP":[0],"STP":[1013.92004],"TEMP":[-4.9799995],"VISIB":[10.059999],"WDSP":[17.67],"WNDDIR":[147.5],"time":[1549364858]}