{"CLDC":[68.61,68.39001],"DEWP":[-6.999999,-7.299999],"FRSHTT":[1100000,1100000],"PRCP":[0.14,0.14],"SLP":[1018.7999,1018.84],"SNDP":[0,0],"STP":[1016.9,1016.9],"TEMP":[-4.78,-4.7400002],"VISIB":[10.17,10.410001],"WDSP":[15.33,15.089998],"WNDDIR":[281.9,285.9],"time":[1549364858,1549364917]}