{"CLDC":[50.060005,50.250008],"DEWP":[-11.260001,-11.35],"FRSHTT":[1100000,1100000],"PRCP":[0.039999995,0.039999995],"SLP":[1020.80994,1020.85],"SNDP":[0,0],"STP":[1022.2999,1022.27997],"TEMP":[-7.4199996,-7.4200006],"VISIB":[10.870001,10.790001],"WDSP":[17.43,17.15],"WNDDIR":[172.2,171.9],"time":[1549364858,1549364917]}