{"CLDC":[38.469997],"DEWP":[-10.400001],"FRSHTT":[1000000],"PRCP":[0],"SLP":[1001.67004],"SNDP":[0],"STP":[999.62],"TEMP":[-6.7399993],"VISIB":[11.47],"WDSP":[12.23],"WNDDIR":[273.8],"time":[1549364858]}