{"CLDC":[66.38,66.03001],"DEWP":[0.77,0.77000004],"FRSHTT":[0,0],"PRCP":[0,0],"SLP":[1012.32996,1012.74005],"SNDP":[0,0],"STP":[1016.4899,1016.7601],"TEMP":[1.0400001,1.03],"VISIB":[6.44,7.6099997],"WDSP":[13.780001,13.659999],"WNDDIR":[53.9,52.1],"time":[1549364858,1549364917]}