{"CLDC":[50.249996],"DEWP":[-10.37],"FRSHTT":[1110000],"PRCP":[0.07],"SLP":[1022.2001],"SNDP":[3],"STP":[982.7999],"TEMP":[-6.8],"VISIB":[15.790001],"WDSP":[19.77],"WNDDIR":[321.6],"time":[1549364859]}