{"CLDC":[50.030003,50.219997],"DEWP":[-11.1,-10.800001],"FRSHTT":[1110000,1110000],"PRCP":[0.019999998,0.019999998],"SLP":[1007.44006,1007.50995],"SNDP":[0.29999998,0.29999998],"STP":[1009.09,1008.9601],"TEMP":[-6.4800005,-6.5799994],"VISIB":[13.059999,13.209999],"WDSP":[16.93,17.009998],"WNDDIR":[305.7,306.3],"time":[1549364859,1549364917]}