{"CLDC":[33.560005,33.929996],"DEWP":[-4.6200004,-4.6200004],"FRSHTT":[1000000,1000000],"PRCP":[0,0],"SLP":[1008.57996,1008.38007],"SNDP":[0,0],"STP":[1012.82,1012.86],"TEMP":[-2.1799998,-2.1799998],"VISIB":[11.059999,11.340001],"WDSP":[13.15,13.55],"WNDDIR":[226.9,222.4],"time":[1549364859,1549364917]}