{"CLDC":[50.050003],"DEWP":[-5.499999],"FRSHTT":[1100000],"PRCP":[0.09000001],"SLP":[1017.2899],"SNDP":[0],"STP":[1023.39],"TEMP":[-3.48],"VISIB":[8.780001],"WDSP":[12.709999],"WNDDIR":[42.6],"time":[1549364859]}