{"CLDC":[42.630005,42.6],"DEWP":[-0.46000004,-0.44000006],"FRSHTT":[0,0],"PRCP":[0,0],"SLP":[971.36,971.70996],"SNDP":[0,0],"STP":[976.7,976.57996],"TEMP":[0.57,0.54],"VISIB":[5.7499995,5.44],"WDSP":[18.149998,18.41],"WNDDIR":[288.6,289.2],"time":[1549364859,1549364917]}