{"CLDC":[16.349998,16.42],"DEWP":[-4.76,-4.48],"FRSHTT":[1000000,1000000],"PRCP":[0,0],"SLP":[987.42004,987.88],"SNDP":[0,0],"STP":[1000.97003,1000.9699],"TEMP":[-2.25,-2.3],"VISIB":[11.440001,11.43],"WDSP":[17.87,17.949999],"WNDDIR":[1.3,0.8],"time":[1549364859,1549364917]}