{"CLDC":[50.05,50.510002],"DEWP":[-9.250001,-9.16],"FRSHTT":[1110000,1110000],"PRCP":[0.059999995,0.059999995],"SLP":[1022.41,1022.4],"SNDP":[0.6999999,0.6999999],"STP":[1016.9,1017],"TEMP":[-5.45,-5.45],"VISIB":[13.76,13.9800005],"WDSP":[18.17,19.039999],"WNDDIR":[120.1,117.9],"time":[1549364859,1549364917]}