{"CLDC":[37.270004],"DEWP":[-11.46],"FRSHTT":[1000000],"PRCP":[0],"SLP":[997.59],"SNDP":[0],"STP":[987.9801],"TEMP":[-6.1200004],"VISIB":[15.800001],"WDSP":[14.1],"WNDDIR":[228.9],"time":[1549364859]}