{"CLDC":[14.69],"DEWP":[-12.219999],"FRSHTT":[1000000],"PRCP":[0],"SLP":[977.2001],"SNDP":[0],"STP":[995.7899],"TEMP":[-8.4],"VISIB":[15.909999],"WDSP":[13.65],"WNDDIR":[324.8],"time":[1549364859]}