{"CLDC":[50.060005],"DEWP":[-7.45],"FRSHTT":[1110000],"PRCP":[0.059999995],"SLP":[1022.44006],"SNDP":[3.2999997],"STP":[1026.22],"TEMP":[-3.55],"VISIB":[11.36],"WDSP":[12.9800005],"WNDDIR":[28.5],"time":[1549364859]}