{"CLDC":[67.829994],"DEWP":[-8.440001],"FRSHTT":[1000000],"PRCP":[0],"SLP":[985.49005],"SNDP":[0],"STP":[996.22003],"TEMP":[-4.02],"VISIB":[15.969999],"WDSP":[12.419999],"WNDDIR":[275.1],"time":[1549364859]}