{"CLDC":[67.829994,67.89],"DEWP":[-8.440001,-7.96],"FRSHTT":[1000000,1000000],"PRCP":[0,0],"SLP":[985.49005,985.1],"SNDP":[0,0],"STP":[996.22003,996.8],"TEMP":[-4.02,-4.02],"VISIB":[15.969999,16.01],"WDSP":[12.419999,12.42],"WNDDIR":[275.1,275],"time":[1549364859,1549364917]}