{"CLDC":[72.67,72.61],"DEWP":[-12.679998,-12.92],"FRSHTT":[1000000,1000000],"PRCP":[0,0],"SLP":[988.61,988.6],"SNDP":[0,0],"STP":[985.7301,985.6001],"TEMP":[-8.58,-8.51],"VISIB":[16.16,16.789999],"WDSP":[12.92,12.81],"WNDDIR":[52.6,54.8],"time":[1549364859,1549364917]}