{"CLDC":[50.249996,50.319996],"DEWP":[-10.37,-10.37],"FRSHTT":[1110000,1110000],"PRCP":[0.07,0.07],"SLP":[1022.2001,1022.1],"SNDP":[3,3],"STP":[982.7999,982.88],"TEMP":[-6.8,-6.65],"VISIB":[15.790001,15.58],"WDSP":[19.77,19.77],"WNDDIR":[321.6,319.3],"time":[1549364859,1549364917]}