{"CLDC":[50.04,50.190002],"DEWP":[-7.4,-7.4],"FRSHTT":[1100000,1100000],"PRCP":[0.029999997,0.029999997],"SLP":[1020.38,1020.41003],"SNDP":[0,0],"STP":[1022.5,1022.5],"TEMP":[-3.7599998,-3.8799999],"VISIB":[12.47,13.0199995],"WDSP":[14.029999,13.9800005],"WNDDIR":[219.5,221.2],"time":[1549364859,1549364917]}