{"CLDC":[50.260002,50.259995],"DEWP":[-10.879999,-10.879999],"FRSHTT":[1100000,1100000],"PRCP":[0.009999999,0.009999999],"SLP":[1023.5,1023.6],"SNDP":[0,0],"STP":[1025.63,1025.25],"TEMP":[-6.4900007,-6.4900002],"VISIB":[13.690001,14.579999],"WDSP":[14.68,14.33],"WNDDIR":[354.6,353.9],"time":[1549364859,1549364917]}