{"CLDC":[76.44,76.259995],"DEWP":[-9.219999,-9.33],"FRSHTT":[1000000,1000000],"PRCP":[0,0],"SLP":[1012.30994,1012.32996],"SNDP":[0,0],"STP":[980.5,980.7501],"TEMP":[-3.7,-3.64],"VISIB":[15.75,15.67],"WDSP":[5.21,5.4000006],"WNDDIR":[108.3,108.5],"time":[1549364859,1549364917]}