{"CLDC":[50.269997],"DEWP":[-8.860001],"FRSHTT":[1110000],"PRCP":[0.059999995],"SLP":[1023.7001],"SNDP":[4.9000006],"STP":[987],"TEMP":[-5.74],"VISIB":[13.029999],"WDSP":[19.969997],"WNDDIR":[323.3],"time":[1549364859]}