{"CLDC":[70.56999],"DEWP":[-10.960001],"FRSHTT":[1000000],"PRCP":[0],"SLP":[1011.35],"SNDP":[0],"STP":[1014.44006],"TEMP":[-6.32],"VISIB":[16.060001],"WDSP":[17.349998],"WNDDIR":[203],"time":[1549364859]}