{"CLDC":[50.239998],"DEWP":[-4.55],"FRSHTT":[1000000],"PRCP":[0],"SLP":[1003.6],"SNDP":[0],"STP":[1000.39],"TEMP":[-1.9500002],"VISIB":[11.49],"WDSP":[15.280001],"WNDDIR":[183.8],"time":[1549364859]}