{"CLDC":[52.329994],"DEWP":[-8.5],"FRSHTT":[1110000],"PRCP":[0.059999995],"SLP":[1022.92004],"SNDP":[3.7000003],"STP":[995.7999],"TEMP":[-4.8700004],"VISIB":[13.460001],"WDSP":[16.69],"WNDDIR":[233.5],"time":[1549364859]}