{"CLDC":[36.16],"DEWP":[-6.649999],"FRSHTT":[1000000],"PRCP":[0],"SLP":[994.35],"SNDP":[0],"STP":[997.43],"TEMP":[-4.25],"VISIB":[11.340001],"WDSP":[13.15],"WNDDIR":[153],"time":[1549364859]}