{"CLDC":[1.64,1.3999999],"DEWP":[-4.8599997,-4.8599997],"FRSHTT":[1000000,1000000],"PRCP":[0,0],"SLP":[957.22003,957.15],"SNDP":[0,0],"STP":[985.49005,984.95],"TEMP":[-3.8800004,-3.7600002],"VISIB":[9.809999,10.03],"WDSP":[14.440001,13.790001],"WNDDIR":[267.6,268.5],"time":[1549364859,1549364917]}