{"CLDC":[80.61,80.77],"DEWP":[-7.6400003,-7.5199995],"FRSHTT":[1100000,1100000],"PRCP":[0.019999998,0.019999998],"SLP":[1019.89,1019.7899],"SNDP":[0,0],"STP":[1015.42004,1014.73],"TEMP":[-4.3399997,-4.3],"VISIB":[11.47,11.66],"WDSP":[18.83,18.81],"WNDDIR":[169.9,168.7],"time":[1549364859,1549364917]}