{"CLDC":[80.61],"DEWP":[-7.6400003],"FRSHTT":[1100000],"PRCP":[0.019999998],"SLP":[1019.89],"SNDP":[0],"STP":[1015.42004],"TEMP":[-4.3399997],"VISIB":[11.47],"WDSP":[18.83],"WNDDIR":[169.9],"time":[1549364859]}