{"CLDC":[50.309994,50.570004],"DEWP":[-9.48,-8.9],"FRSHTT":[1100000,1100000],"PRCP":[0.019999998,0.019999998],"SLP":[1023.05,1022.9],"SNDP":[0,0],"STP":[1022.99005,1020.93],"TEMP":[-5.5000005,-5.52],"VISIB":[11.83,10.950001],"WDSP":[13.4800005,14.07],"WNDDIR":[84.1,80],"time":[1549364859,1549364917]}