{"CLDC":[93.31,93.25001],"DEWP":[-12.440001,-12.11],"FRSHTT":[1110000,1110000],"PRCP":[0.07,0.07],"SLP":[1022.7999,1022.9],"SNDP":[3.4,3.4],"STP":[991.7999,991.81995],"TEMP":[-8.88,-8.82],"VISIB":[15.820002,16.16],"WDSP":[17.29,17.910002],"WNDDIR":[327.6,322.8],"time":[1549364859,1549364917]}