{"CLDC":[50.239998,50.389996],"DEWP":[-4.55,-4.4100003],"FRSHTT":[1000000,1000000],"PRCP":[0,0],"SLP":[1003.6,1003.6],"SNDP":[0,0],"STP":[1000.39,1000.2001],"TEMP":[-1.9500002,-1.95],"VISIB":[11.49,11.169999],"WDSP":[15.280001,15.2],"WNDDIR":[183.8,186.2],"time":[1549364859,1549364917]}