{"CLDC":[61.090004,61.440002],"DEWP":[-7.8799996,-7.44],"FRSHTT":[1000000,1000000],"PRCP":[0,0],"SLP":[1006.36,1006.35],"SNDP":[0,0],"STP":[1006.1,1006.1501],"TEMP":[-3.5500004,-3.4500003],"VISIB":[14.790001,14.5],"WDSP":[15.329999,15.31],"WNDDIR":[91.7,91.1],"time":[1549364859,1549364917]}