{"CLDC":[70.56999,70.73],"DEWP":[-10.960001,-10.960001],"FRSHTT":[1000000,1000000],"PRCP":[0,0],"SLP":[1011.35,1011.56995],"SNDP":[0,0],"STP":[1014.44006,1012.41003],"TEMP":[-6.32,-6.3],"VISIB":[16.060001,15.7300005],"WDSP":[17.349998,17.35],"WNDDIR":[203,202.1],"time":[1549364859,1549364917]}