{"CLDC":[50.04],"DEWP":[-7.4],"FRSHTT":[1100000],"PRCP":[0.029999997],"SLP":[1020.38],"SNDP":[0],"STP":[1022.5],"TEMP":[-3.7599998],"VISIB":[12.47],"WDSP":[14.029999],"WNDDIR":[219.5],"time":[1549364859]}