{"CLDC":[70.81999,70.83],"DEWP":[-10.34,-10.400001],"FRSHTT":[1110000,1110000],"PRCP":[0.059999995,0.059999995],"SLP":[1023.94006,1023.9],"SNDP":[3,3],"STP":[990.5,990.5],"TEMP":[-5.899999,-5.749999],"VISIB":[15.610001,15.409999],"WDSP":[16.95,16.95],"WNDDIR":[29.8,34.2],"time":[1549364859,1549364917]}