{"CLDC":[36.16,36.11],"DEWP":[-6.649999,-6.7399993],"FRSHTT":[1000000,1000000],"PRCP":[0,0],"SLP":[994.35,993.5399],"SNDP":[0,0],"STP":[997.43,997.1],"TEMP":[-4.25,-4.2],"VISIB":[11.340001,11.39],"WDSP":[13.15,13.109999],"WNDDIR":[153,154],"time":[1549364859,1549364917]}