{"CLDC":[98.44],"DEWP":[-2.06],"FRSHTT":[0],"PRCP":[0],"SLP":[1029.4401],"SNDP":[0],"STP":[1008.19006],"TEMP":[0.46000004],"VISIB":[14.4],"WDSP":[18.72],"WNDDIR":[93.6],"time":[1549364859]}