{"CLDC":[92.90001,92.97001],"DEWP":[-8.44,-8.6],"FRSHTT":[1000000,1000000],"PRCP":[0,0],"SLP":[987.3,986.2699],"SNDP":[0,0],"STP":[989.85,989.86993],"TEMP":[-5.8599997,-5.8599997],"VISIB":[12.089998,11.400001],"WDSP":[11.360002,11.430001],"WNDDIR":[340.2,345.7],"time":[1549364859,1549364917]}