{"CLDC":[82.2,82.61],"DEWP":[-2.9999998,-3],"FRSHTT":[1000000,1000000],"PRCP":[0,0],"SLP":[1006.13995,1008.7301],"SNDP":[0,0],"STP":[1004.6699,1005.95996],"TEMP":[-1.7,-1.7],"VISIB":[4.9700003,5.0899997],"WDSP":[23.95,24.300001],"WNDDIR":[36.4,35.7],"time":[1549364859,1549364917]}