{"CLDC":[33.82,34.07],"DEWP":[-11.450001,-11.58],"FRSHTT":[1000000,1000000],"PRCP":[0,0],"SLP":[970.63995,969.24005],"SNDP":[0,0],"STP":[973.12,973.2101],"TEMP":[-6,-5.8599997],"VISIB":[16.08,15.890001],"WDSP":[10.39,10.979999],"WNDDIR":[317,315.8],"time":[1549364859,1549364917]}