{"CLDC":[64.03999],"DEWP":[-12.450002],"FRSHTT":[1000000],"PRCP":[0],"SLP":[1028.5],"SNDP":[0],"STP":[1017.5],"TEMP":[-7.44],"VISIB":[9.91],"WDSP":[23.029999],"WNDDIR":[222.7],"time":[1549364859]}