{"CLDC":[50.21],"DEWP":[-11.400001],"FRSHTT":[1110000],"PRCP":[0.059999995],"SLP":[1023.1],"SNDP":[3.6],"STP":[1002.57],"TEMP":[-7.1999993],"VISIB":[13.079999],"WDSP":[16.27],"WNDDIR":[248.1],"time":[1549364859]}