{"CLDC":[70.81999],"DEWP":[-10.34],"FRSHTT":[1110000],"PRCP":[0.059999995],"SLP":[1023.94006],"SNDP":[3],"STP":[990.5],"TEMP":[-5.899999],"VISIB":[15.610001],"WDSP":[16.95],"WNDDIR":[29.8],"time":[1549364859]}