{"CLDC":[14.5],"DEWP":[-1.5200002],"FRSHTT":[0],"PRCP":[0],"SLP":[1034.71],"SNDP":[0],"STP":[1004.9299],"TEMP":[0.39999998],"VISIB":[6.88],"WDSP":[13.990001],"WNDDIR":[267.1],"time":[1549364859]}