{"CLDC":[50.21,50.43],"DEWP":[-11.400001,-11.300001],"FRSHTT":[1110000,1110000],"PRCP":[0.059999995,0.059999995],"SLP":[1023.1,1023.1],"SNDP":[3.6,3.6],"STP":[1002.57,1002.9],"TEMP":[-7.1999993,-7.1999993],"VISIB":[13.079999,13.280001],"WDSP":[16.27,16.429998],"WNDDIR":[248.1,245.7],"time":[1549364859,1549364917]}