{"CLDC":[37.270004,37.130005],"DEWP":[-11.46,-11.319999],"FRSHTT":[1000000,1000000],"PRCP":[0,0],"SLP":[997.59,997.35],"SNDP":[0,0],"STP":[987.9801,987.98],"TEMP":[-6.1200004,-6.1200004],"VISIB":[15.800001,15.360001],"WDSP":[14.1,13.719999],"WNDDIR":[228.9,229.4],"time":[1549364859,1549364917]}