{"CLDC":[50.269997,50.530003],"DEWP":[-8.860001,-8.860001],"FRSHTT":[1110000,1110000],"PRCP":[0.059999995,0.059999995],"SLP":[1023.7001,1023.7001],"SNDP":[4.9000006,4.9000006],"STP":[987,987],"TEMP":[-5.74,-5.7399993],"VISIB":[13.029999,13.55],"WDSP":[19.969997,21.070002],"WNDDIR":[323.3,323.5],"time":[1549364859,1549364917]}