{"CLDC":[52.329994,52.03],"DEWP":[-8.5,-8.36],"FRSHTT":[1110000,1110000],"PRCP":[0.059999995,0.059999995],"SLP":[1022.92004,1023.00995],"SNDP":[3.7000003,3.7000003],"STP":[995.7999,995.7899],"TEMP":[-4.8700004,-4.9500003],"VISIB":[13.460001,13.790001],"WDSP":[16.69,16.8],"WNDDIR":[233.5,233.9],"time":[1549364859,1549364917]}