{"CLDC":[76.44],"DEWP":[-9.219999],"FRSHTT":[1000000],"PRCP":[0],"SLP":[1012.30994],"SNDP":[0],"STP":[980.5],"TEMP":[-3.7],"VISIB":[15.75],"WDSP":[5.21],"WNDDIR":[108.3],"time":[1549364859]}