{"CLDC":[50.309994],"DEWP":[-9.48],"FRSHTT":[1100000],"PRCP":[0.019999998],"SLP":[1023.05],"SNDP":[0],"STP":[1022.99005],"TEMP":[-5.5000005],"VISIB":[11.83],"WDSP":[13.4800005],"WNDDIR":[84.1],"time":[1549364859]}