{"CLDC":[82.40001],"DEWP":[-8.0199995],"FRSHTT":[1000000],"PRCP":[0],"SLP":[992.69006],"SNDP":[0],"STP":[993.4],"TEMP":[-5.8299994],"VISIB":[10.68],"WDSP":[15.079999],"WNDDIR":[65.3],"time":[1549364859]}