{"CLDC":[98.52],"DEWP":[-8.65],"FRSHTT":[1000000],"PRCP":[0],"SLP":[1003.41],"SNDP":[0],"STP":[997.37],"TEMP":[-4.1799994],"VISIB":[11.159999],"WDSP":[17.869999],"WNDDIR":[284.8],"time":[1549364859]}