{"CLDC":[35.92,35.780003],"DEWP":[-11.66,-11.84],"FRSHTT":[1000000,1000000],"PRCP":[0,0],"SLP":[1011.2899,1011.13995],"SNDP":[0,0],"STP":[999.05994,999.2001],"TEMP":[-7.4799995,-7.4199996],"VISIB":[18.170002,18.05],"WDSP":[19.53,20.070002],"WNDDIR":[304.6,302.5],"time":[1549364859,1549364917]}