{"CLDC":[88.990005],"DEWP":[-8.13],"FRSHTT":[1000000],"PRCP":[0],"SLP":[1002.9801],"SNDP":[0],"STP":[996.2001],"TEMP":[-3.75],"VISIB":[11.9800005],"WDSP":[20.099998],"WNDDIR":[62.8],"time":[1549364859]}