{"CLDC":[68.19],"DEWP":[-4.7599998],"FRSHTT":[1000000],"PRCP":[0],"SLP":[1017.97003],"SNDP":[0],"STP":[1012.11993],"TEMP":[-3.25],"VISIB":[5.8600006],"WDSP":[8.339999],"WNDDIR":[54.1],"time":[1549364858]}