{"CLDC":[85.35,85.810005],"DEWP":[-8.950001,-8.59],"FRSHTT":[1100000,1100000],"PRCP":[0.019999998,0.019999998],"SLP":[1002.02,1001.80994],"SNDP":[0,0],"STP":[1004.1,1004.00995],"TEMP":[-4.7500005,-4.87],"VISIB":[13.0199995,13.109999],"WDSP":[17.09,17.23],"WNDDIR":[30.7,33.1],"time":[1549364859,1549364917]}