{"CLDC":[50.08,50.319996],"DEWP":[-11.680001,-11.350001],"FRSHTT":[1100000,1100000],"PRCP":[0.019999998,0.019999998],"SLP":[1005.2999,1005.36993],"SNDP":[0,0],"STP":[1005.68005,1005.61],"TEMP":[-6.35,-6.32],"VISIB":[14.26,14.460001],"WDSP":[17.429998,16.78],"WNDDIR":[83.9,82],"time":[1549364859,1549364917]}