{"CLDC":[81.3],"DEWP":[-10.33],"FRSHTT":[1110000],"PRCP":[0.11],"SLP":[1024.2001],"SNDP":[1.3999999],"STP":[968.7999],"TEMP":[-6.0800004],"VISIB":[17.69],"WDSP":[16.83],"WNDDIR":[114.3],"time":[1549364859]}