{"CLDC":[50.210003],"DEWP":[-9.5],"FRSHTT":[1100000],"PRCP":[0.029999997],"SLP":[997.6],"SNDP":[0],"STP":[997.13],"TEMP":[-5.25],"VISIB":[14.270001],"WDSP":[18.570002],"WNDDIR":[139.7],"time":[1549364859]}