{"CLDC":[50.389996],"DEWP":[-8.540001],"FRSHTT":[1110000],"PRCP":[0.029999997],"SLP":[1007.12],"SNDP":[0.40000004],"STP":[1007.31995],"TEMP":[-4.9199996],"VISIB":[13.62],"WDSP":[14.149999],"WNDDIR":[192.6],"time":[1549364859]}