{"CLDC":[60.74],"DEWP":[-11.900001],"FRSHTT":[1110000],"PRCP":[0.11999999],"SLP":[1023.95],"SNDP":[2.1000001],"STP":[985.1],"TEMP":[-7.96],"VISIB":[26],"WDSP":[18.119999],"WNDDIR":[291.5],"time":[1549364859]}