{"CLDC":[50.07],"DEWP":[-7.34],"FRSHTT":[1110000],"PRCP":[0.050000004],"SLP":[1024.9001],"SNDP":[1.8999999],"STP":[974.7001],"TEMP":[-2.9599998],"VISIB":[15.800001],"WDSP":[12.499999],"WNDDIR":[75.5],"time":[1549364859]}