{"CLDC":[73.06999,73.299995],"DEWP":[-13.360001,-12.92],"FRSHTT":[1010000,1010000],"PRCP":[0,0],"SLP":[999.88,1000.17004],"SNDP":[0.10000001,0.10000001],"STP":[1003.5,1003.43005],"TEMP":[-8.340001,-8.4],"VISIB":[23.960001,23.939999],"WDSP":[20.570002,20.130001],"WNDDIR":[219.8,220.6],"time":[1549364859,1549364917]}