{"CLDC":[75.76,75.95],"DEWP":[-1.71,-1.78],"FRSHTT":[100000,100000],"PRCP":[0.059999995,0.059999995],"SLP":[1018.47003,1018.5],"SNDP":[0,0],"STP":[1007.2001,1007.2001],"TEMP":[1.3599999,1.3000001],"VISIB":[9.33,9.13],"WDSP":[16.05,16.249998],"WNDDIR":[228.8,232.7],"time":[1549364858,1549364916]}