{"CLDC":[81.3,81.3],"DEWP":[-10.33,-10.66],"FRSHTT":[1110000,1110000],"PRCP":[0.11,0.11],"SLP":[1024.2001,1024.2001],"SNDP":[1.3999999,1.3999999],"STP":[968.7999,968.7999],"TEMP":[-6.0800004,-6.05],"VISIB":[17.69,17.720001],"WDSP":[16.83,15.910001],"WNDDIR":[114.3,115.1],"time":[1549364859,1549364917]}