{"CLDC":[63.4],"DEWP":[-8.64],"FRSHTT":[1000000],"PRCP":[0],"SLP":[1004.42004],"SNDP":[0],"STP":[995.5101],"TEMP":[-4.54],"VISIB":[13.06],"WDSP":[14.529999],"WNDDIR":[269.9],"time":[1549364859]}