{"CLDC":[94.40001,94.490005],"DEWP":[-10.199999,-10.199999],"FRSHTT":[1110000,1110000],"PRCP":[0.009999999,0.009999999],"SLP":[1018.69006,1018.7001],"SNDP":[2.5,2.5],"STP":[993.5,993.5],"TEMP":[-5.7299995,-5.92],"VISIB":[12.900002,12.589999],"WDSP":[15.69,15.65],"WNDDIR":[69.1,70.7],"time":[1549364859,1549364917]}