{"CLDC":[0.43,0.42000002],"DEWP":[-8.65,-8.65],"FRSHTT":[1000000,1000000],"PRCP":[0,0],"SLP":[1009.4,1009.14],"SNDP":[0,0],"STP":[1000.9,1000.95],"TEMP":[-4.52,-4.7599998],"VISIB":[17.9,18.08],"WDSP":[18.170002,18.3],"WNDDIR":[272.8,272.2],"time":[1549364859,1549364917]}