{"CLDC":[75.76],"DEWP":[-1.71],"FRSHTT":[100000],"PRCP":[0.059999995],"SLP":[1018.47003],"SNDP":[0],"STP":[1007.2001],"TEMP":[1.3599999],"VISIB":[9.33],"WDSP":[16.05],"WNDDIR":[228.8],"time":[1549364858]}