{"CLDC":[48.61,48.469997],"DEWP":[-13.139999,-12.9],"FRSHTT":[1000000,1000000],"PRCP":[0,0],"SLP":[1011.39,1012.2301],"SNDP":[0,0],"STP":[1006.7101,1006.2601],"TEMP":[-7.55,-7.500001],"VISIB":[17.990002,17.84],"WDSP":[16.49,17.890001],"WNDDIR":[266.9,271.2],"time":[1549364859,1549364917]}