{"CLDC":[73.06999],"DEWP":[-13.360001],"FRSHTT":[1010000],"PRCP":[0],"SLP":[999.88],"SNDP":[0.10000001],"STP":[1003.5],"TEMP":[-8.340001],"VISIB":[23.960001],"WDSP":[20.570002],"WNDDIR":[219.8],"time":[1549364859]}