{"CLDC":[48.61],"DEWP":[-13.139999],"FRSHTT":[1000000],"PRCP":[0],"SLP":[1011.39],"SNDP":[0],"STP":[1006.7101],"TEMP":[-7.55],"VISIB":[17.990002],"WDSP":[16.49],"WNDDIR":[266.9],"time":[1549364859]}