{"CLDC":[50.140003],"DEWP":[-8.42],"FRSHTT":[1100000],"PRCP":[0.009999999],"SLP":[1021.7999],"SNDP":[0],"STP":[1020.34],"TEMP":[-5.28],"VISIB":[13.330002],"WDSP":[16.329998],"WNDDIR":[110.9],"time":[1549364859]}