{"CLDC":[68.19,68.41],"DEWP":[-4.7599998,-4.65],"FRSHTT":[1000000,1000000],"PRCP":[0,0],"SLP":[1017.97003,1018.75995],"SNDP":[0,0],"STP":[1012.11993,1012.33997],"TEMP":[-3.25,-3.25],"VISIB":[5.8600006,6.47],"WDSP":[8.339999,8.460001],"WNDDIR":[54.1,50.9],"time":[1549364858,1549364916]}