{"CLDC":[35.92],"DEWP":[-11.66],"FRSHTT":[1000000],"PRCP":[0],"SLP":[1011.2899],"SNDP":[0],"STP":[999.05994],"TEMP":[-7.4799995],"VISIB":[18.170002],"WDSP":[19.53],"WNDDIR":[304.6],"time":[1549364859]}