{"CLDC":[50.200005,50.06],"DEWP":[-10.76,-11.059999],"FRSHTT":[1110000,1110000],"PRCP":[0.059999995,0.062],"SLP":[1024.5,1024.5],"SNDP":[1.7,1.7],"STP":[971.9,971.9],"TEMP":[-6.4499993,-6.399999],"VISIB":[16.01,15.340001],"WDSP":[16.329998,16.78],"WNDDIR":[191,191.5],"time":[1549364859,1549364917]}