{"CLDC":[50.07,50.279995],"DEWP":[-7.34,-7.5],"FRSHTT":[1110000,1110000],"PRCP":[0.050000004,0.050000004],"SLP":[1024.9001,1024.9001],"SNDP":[1.8999999,1.9199998],"STP":[974.7001,974.6],"TEMP":[-2.9599998,-2.9199998],"VISIB":[15.800001,15.790001],"WDSP":[12.499999,12.740001],"WNDDIR":[75.5,76.8],"time":[1549364859,1549364917]}