{"CLDC":[39.879997,40.21],"DEWP":[-7.65,-7.8300004],"FRSHTT":[1000000,1000000],"PRCP":[0,0],"SLP":[992.65,992.45996],"SNDP":[0,0],"STP":[993.93994,993.9],"TEMP":[-2.02,-2.02],"VISIB":[14.279999,13.850001],"WDSP":[22.59,21.98],"WNDDIR":[114.6,113.9],"time":[1549364859,1549364917]}