{"CLDC":[96.240005],"DEWP":[-6.1400003],"FRSHTT":[1000000],"PRCP":[0],"SLP":[941.5399],"SNDP":[0],"STP":[972.1],"TEMP":[-3.25],"VISIB":[14.67],"WDSP":[15.0199995],"WNDDIR":[185.3],"time":[1549364859]}