{"CLDC":[67.28999,67.39],"DEWP":[-8.95,-9.1],"FRSHTT":[1110000,1110000],"PRCP":[0.039999995,0.039999995],"SLP":[1023.5,1023.5],"SNDP":[0.9,0.9],"STP":[931.11,930.9],"TEMP":[-4.4000006,-4.5000005],"VISIB":[17.710001,17.67],"WDSP":[13.19,13.030001],"WNDDIR":[123.5,122.3],"time":[1549364859,1549364917]}