{"CLDC":[50.090004],"DEWP":[-11.700001],"FRSHTT":[1110000],"PRCP":[0.029999997],"SLP":[1020.6],"SNDP":[1.1999999],"STP":[878.5],"TEMP":[-5.62],"VISIB":[55.919994],"WDSP":[22.960003],"WNDDIR":[318.5],"time":[1549364859]}