{"CLDC":[50.090004],"DEWP":[-8.08],"FRSHTT":[1100000],"PRCP":[0.009999999],"SLP":[1019.55994],"SNDP":[0],"STP":[1021.88995],"TEMP":[-2.6799998],"VISIB":[14.459999],"WDSP":[17.369999],"WNDDIR":[225.8],"time":[1549364859]}