{"CLDC":[50.090004],"DEWP":[-11.179999],"FRSHTT":[1110000],"PRCP":[0.019999998],"SLP":[1011.13995],"SNDP":[0.9],"STP":[1011.34],"TEMP":[-5.65],"VISIB":[24.539999],"WDSP":[15.37],"WNDDIR":[12.8],"time":[1549364859]}