{"CLDC":[72.9,72.98],"DEWP":[-11.42,-11.780001],"FRSHTT":[1010000,1010000],"PRCP":[0,0],"SLP":[1021,1021],"SNDP":[1.3000001,1.3000001],"STP":[1018.82,1018.74005],"TEMP":[-6.8199997,-6.8899994],"VISIB":[35.610004,35.120003],"WDSP":[17.5,16.529999],"WNDDIR":[20.2,20.6],"time":[1549364859,1549364917]}