{"CLDC":[50.090004,50.309994],"DEWP":[-11.179999,-10.98],"FRSHTT":[1110000,1110000],"PRCP":[0.019999998,0.019999998],"SLP":[1011.13995,1011.13995],"SNDP":[0.9,0.9],"STP":[1011.34,1011.43],"TEMP":[-5.65,-5.68],"VISIB":[24.539999,24.48],"WDSP":[15.37,14.890001],"WNDDIR":[12.8,8.3],"time":[1549364859,1549364917]}