{"CLDC":[50.010002],"DEWP":[-13.339999],"FRSHTT":[1010000],"PRCP":[0],"SLP":[1024.0999],"SNDP":[0.6999999],"STP":[943.6],"TEMP":[-8.72],"VISIB":[26.1],"WDSP":[13.710001],"WNDDIR":[342.3],"time":[1549364859]}