{"CLDC":[50.15],"DEWP":[-11.619999],"FRSHTT":[1010000],"PRCP":[0],"SLP":[1020.67004],"SNDP":[2.3999999],"STP":[1009.41],"TEMP":[-5.9399996],"VISIB":[45.94],"WDSP":[14.7300005],"WNDDIR":[95.4],"time":[1549364859]}