{"CLDC":[50.07],"DEWP":[-11.129999],"FRSHTT":[1100000],"PRCP":[0.050000004],"SLP":[1003.86],"SNDP":[0],"STP":[1007.9],"TEMP":[-6.0699997],"VISIB":[17.55],"WDSP":[17.41],"WNDDIR":[140.3],"time":[1549364859]}