{"CLDC":[50.299995],"DEWP":[-8.44],"FRSHTT":[1100000],"PRCP":[0.009999999],"SLP":[1014.72986],"SNDP":[0],"STP":[1021.35],"TEMP":[-4.75],"VISIB":[13.089999],"WDSP":[19.07],"WNDDIR":[173.8],"time":[1549364859]}