{"CLDC":[50.140003],"DEWP":[-12.960001],"FRSHTT":[1110000],"PRCP":[0.050000004],"SLP":[1022.32996],"SNDP":[1],"STP":[901.4],"TEMP":[-7.0800004],"VISIB":[26.91],"WDSP":[14.209999],"WNDDIR":[122.8],"time":[1549364859]}