{"CLDC":[88.10999],"DEWP":[-14.68],"FRSHTT":[1100000],"PRCP":[0.009999999],"SLP":[1032.03],"SNDP":[0],"STP":[1038.8],"TEMP":[-10.339999],"VISIB":[19.27],"WDSP":[15.029999],"WNDDIR":[8.2],"time":[1549364859]}