{"CLDC":[50.140003,50.329998],"DEWP":[-12.960001,-12.960001],"FRSHTT":[1110000,1110000],"PRCP":[0.050000004,0.050000004],"SLP":[1022.32996,1022.4],"SNDP":[1,1],"STP":[901.4,901.4],"TEMP":[-7.0800004,-7.0800004],"VISIB":[26.91,26.080002],"WDSP":[14.209999,14.76],"WNDDIR":[122.8,115.1],"time":[1549364859,1549364917]}