{"CLDC":[63.789997],"DEWP":[-11.599998],"FRSHTT":[1110000],"PRCP":[0.019999998],"SLP":[1021.7001],"SNDP":[2.7999997],"STP":[1022.4],"TEMP":[-6.9],"VISIB":[37.439995],"WDSP":[21.220001],"WNDDIR":[201.5],"time":[1549364860]}