{"CLDC":[61.180004],"DEWP":[-12.249999],"FRSHTT":[1100000],"PRCP":[0.009999999],"SLP":[1018.32],"SNDP":[0],"STP":[1036.3501],"TEMP":[-8.18],"VISIB":[14.409999],"WDSP":[12.179998],"WNDDIR":[151.3],"time":[1549364860]}