{"CLDC":[50.030003],"DEWP":[-13.840001],"FRSHTT":[1110000],"PRCP":[0.009999999],"SLP":[1024.2999],"SNDP":[3.2999997],"STP":[793.39996],"TEMP":[-9.32],"VISIB":[50.440002],"WDSP":[17.78],"WNDDIR":[227.3],"time":[1549364860]}