{"CLDC":[51.130005,51.230003],"DEWP":[-13.759999,-14.109999],"FRSHTT":[1110000,1110000],"PRCP":[0.07,0.07],"SLP":[1023.2001,1023.2001],"SNDP":[4.5,4.5299997],"STP":[847.2001,847.15],"TEMP":[-8.150001,-8.150001],"VISIB":[44.730003,45.120003],"WDSP":[7.5099998,7.5699997],"WNDDIR":[11.7,8.4],"time":[1549364860,1549364918]}