{"CLDC":[84.97001],"DEWP":[-8.999999],"FRSHTT":[1000000],"PRCP":[0],"SLP":[998.7301],"SNDP":[0],"STP":[999.2999],"TEMP":[-4.8800006],"VISIB":[15.18],"WDSP":[11.65],"WNDDIR":[195.7],"time":[1549364860]}