{"CLDC":[66.299995,66.409996],"DEWP":[-10.55,-10.219999],"FRSHTT":[1110000,1110000],"PRCP":[0.07999999,0.07999999],"SLP":[1025.7001,1025.7001],"SNDP":[3,3],"STP":[895.7001,895.7001],"TEMP":[-6.6899996,-6.6899996],"VISIB":[22.42,21.869999],"WDSP":[14.389999,14.45],"WNDDIR":[251.5,250.5],"time":[1549364860,1549364918]}