{"CLDC":[67.68001],"DEWP":[-1.95],"FRSHTT":[1000000],"PRCP":[0],"SLP":[994.35],"SNDP":[0],"STP":[998.2001],"TEMP":[-0.59999996],"VISIB":[15.370001],"WDSP":[3.7899997],"WNDDIR":[178.3],"time":[1549364860]}