{"CLDC":[50.220005],"DEWP":[-11.1],"FRSHTT":[1110000],"PRCP":[0.029999997],"SLP":[1026.55],"SNDP":[3.7999997],"STP":[1030.3499],"TEMP":[-7.559999],"VISIB":[27.459997],"WDSP":[13.789999],"WNDDIR":[154],"time":[1549364860]}