{"CLDC":[66.06],"DEWP":[-8.18],"FRSHTT":[1110000],"PRCP":[0.050000004],"SLP":[1023.2001],"SNDP":[4.7999997],"STP":[935.1],"TEMP":[-3.2699997],"VISIB":[23.869999],"WDSP":[11.61],"WNDDIR":[328.4],"time":[1549364860]}