{"CLDC":[50.220005,50.409996],"DEWP":[-11.1,-10.7300005],"FRSHTT":[1110000,1110000],"PRCP":[0.029999997,0.029999997],"SLP":[1026.55,1026.5999],"SNDP":[3.7999997,3.9],"STP":[1030.3499,1030.8502],"TEMP":[-7.559999,-7.62],"VISIB":[27.459997,27.38],"WDSP":[13.789999,14.1],"WNDDIR":[154,156.7],"time":[1549364860,1549364918]}