{"CLDC":[66.06,66.049995],"DEWP":[-8.18,-8.25],"FRSHTT":[1110000,1110000],"PRCP":[0.050000004,0.050000004],"SLP":[1023.2001,1023.2001],"SNDP":[4.7999997,4.7999997],"STP":[935.1,935.2001],"TEMP":[-3.2699997,-3.2599998],"VISIB":[23.869999,24.41],"WDSP":[11.61,12.2300005],"WNDDIR":[328.4,331.1],"time":[1549364860,1549364918]}