{"CLDC":[24.480001],"DEWP":[-11.940001],"FRSHTT":[1000000],"PRCP":[0],"SLP":[968.36993],"SNDP":[0],"STP":[982.35],"TEMP":[-10],"VISIB":[11.4800005],"WDSP":[7.380001],"WNDDIR":[152.1],"time":[1549364860]}