{"CLDC":[50.090004],"DEWP":[-10.4],"FRSHTT":[1110000],"PRCP":[0.019999998],"SLP":[1024.0999],"SNDP":[1.8999999],"STP":[928.95],"TEMP":[-6],"VISIB":[24.91],"WDSP":[15.290001],"WNDDIR":[32.6],"time":[1549364860]}