{"CLDC":[50.409996,50.42],"DEWP":[-0.75,-0.82000005],"FRSHTT":[100000,100000],"PRCP":[0.09000001,0.09000001],"SLP":[1016.02997,1016.1],"SNDP":[0,0],"STP":[1013.9,1013.93],"TEMP":[1.76,1.76],"VISIB":[10.660001,11.27],"WDSP":[17.69,18.3],"WNDDIR":[63.2,59.3],"time":[1549364857,1549364916]}