{"CLDC":[73.81999,73.520004],"DEWP":[-11.57,-11.5],"FRSHTT":[1000000,1000000],"PRCP":[0,0],"SLP":[1024.96,1024.5901],"SNDP":[0,0],"STP":[937.02997,936.7001],"TEMP":[-8.2,-8.3],"VISIB":[14.919998,14.8],"WDSP":[7.03,6.6800003],"WNDDIR":[319.4,318.4],"time":[1549364860,1549364918]}