{"CLDC":[84.97001,84.78999],"DEWP":[-8.999999,-9.199999],"FRSHTT":[1000000,1000000],"PRCP":[0,0],"SLP":[998.7301,998.68005],"SNDP":[0,0],"STP":[999.2999,999.2001],"TEMP":[-4.8800006,-4.6400003],"VISIB":[15.18,15.06],"WDSP":[11.65,12.7],"WNDDIR":[195.7,195.7],"time":[1549364860,1549364918]}