{"CLDC":[50.219994],"DEWP":[-11.450001],"FRSHTT":[1100000],"PRCP":[0.009999999],"SLP":[1015.50995],"SNDP":[0],"STP":[1011.6],"TEMP":[-6.3],"VISIB":[17.990002],"WDSP":[10.500001],"WNDDIR":[114.8],"time":[1549364860]}