{"CLDC":[67.57,67.41],"DEWP":[-15.15,-14.94],"FRSHTT":[1110000,1110000],"PRCP":[0.19000001,0.19000001],"SLP":[1033.8801,1033.6199],"SNDP":[13.9,13.9],"STP":[792.55,792.89996],"TEMP":[-12.339999,-12.7],"VISIB":[14.44,13.58],"WDSP":[20.57,16.31],"WNDDIR":[271.8,269.2],"time":[1549364860,1549364918]}