{"CLDC":[86.76,87.19],"DEWP":[-9.34,-9.56],"FRSHTT":[1110000,1110000],"PRCP":[0.07999999,0.07999999],"SLP":[1008.2001,1007.77997],"SNDP":[5.4000006,5.4000006],"STP":[1003.7201,1003.7999],"TEMP":[-6.1400003,-6.09],"VISIB":[24.5,23.369999],"WDSP":[11.97,11.889999],"WNDDIR":[333.2,336.2],"time":[1549364860,1549364918]}