{"CLDC":[66.299995],"DEWP":[-10.55],"FRSHTT":[1110000],"PRCP":[0.07999999],"SLP":[1025.7001],"SNDP":[3],"STP":[895.7001],"TEMP":[-6.6899996],"VISIB":[22.42],"WDSP":[14.389999],"WNDDIR":[251.5],"time":[1549364860]}