{"CLDC":[61.180004,60.940002],"DEWP":[-12.249999,-12.250001],"FRSHTT":[1100000,1100000],"PRCP":[0.009999999,0.009999999],"SLP":[1018.32,1018.12],"SNDP":[0,0],"STP":[1036.3501,1036.43],"TEMP":[-8.18,-8.12],"VISIB":[14.409999,14.57],"WDSP":[12.179998,12.339999],"WNDDIR":[151.3,154.4],"time":[1549364860,1549364918]}