{"CLDC":[67.57],"DEWP":[-15.15],"FRSHTT":[1110000],"PRCP":[0.19000001],"SLP":[1033.8801],"SNDP":[13.9],"STP":[792.55],"TEMP":[-12.339999],"VISIB":[14.44],"WDSP":[20.57],"WNDDIR":[271.8],"time":[1549364860]}