{"CLDC":[63.789997,63.6],"DEWP":[-11.599998,-11.869999],"FRSHTT":[1110000,1110000],"PRCP":[0.019999998,0.019999998],"SLP":[1021.7001,1021.7001],"SNDP":[2.7999997,2.7999997],"STP":[1022.4,1022.4],"TEMP":[-6.9,-6.9],"VISIB":[37.439995,37.22],"WDSP":[21.220001,21.66],"WNDDIR":[201.5,204.8],"time":[1549364860,1549364918]}