{"CLDC":[3.36],"DEWP":[-11.5199995],"FRSHTT":[1000000],"PRCP":[0],"SLP":[1024.14],"SNDP":[0],"STP":[1012.67004],"TEMP":[-7.6400003],"VISIB":[16.310001],"WDSP":[4.0899997],"WNDDIR":[64.6],"time":[1549364860]}