{"CLDC":[81.76,81.78999],"DEWP":[-7.200001,-7.000001],"FRSHTT":[1110000,1110000],"PRCP":[0.050000004,0.050000004],"SLP":[1023.1,1023.05],"SNDP":[1.8,1.8],"STP":[879.2001,879.2001],"TEMP":[-2.46,-2.52],"VISIB":[22.15,22.040003],"WDSP":[12.03,11.939999],"WNDDIR":[4.3,8.7],"time":[1549364860,1549364918]}