{"CLDC":[50.06],"DEWP":[-13.15],"FRSHTT":[1110000],"PRCP":[0.009999999],"SLP":[1025.2999],"SNDP":[0.59999996],"STP":[918.93],"TEMP":[-8.86],"VISIB":[26.8],"WDSP":[7.2300005],"WNDDIR":[334.7],"time":[1549364860]}