{"CLDC":[17.73,18.02],"DEWP":[-3.8600001,-4.1],"FRSHTT":[1000000,1000000],"PRCP":[0,0],"SLP":[1026.74,1026.97],"SNDP":[0,0],"STP":[1030.58,1030.55],"TEMP":[-0.59999996,-0.59999996],"VISIB":[42.7,45.4],"WDSP":[21.69,21.509998],"WNDDIR":[226.2,224],"time":[1549364860,1549364918]}