{"CLDC":[13.469999,13.25],"DEWP":[-6.94,-7.03],"FRSHTT":[1000000,1000000],"PRCP":[0,0],"SLP":[1009.9,1009.8499],"SNDP":[0,0],"STP":[1009.0801,1008.9],"TEMP":[-2.9900002,-3.0500002],"VISIB":[26.969997,27.040003],"WDSP":[15.110001,14.88],"WNDDIR":[163.5,159],"time":[1549364860,1549364918]}