{"CLDC":[63.77999,63.589996],"DEWP":[-9.92,-10.08],"FRSHTT":[110000,110000],"PRCP":[0.13,0.13],"SLP":[1017.4,1017.41003],"SNDP":[6.4000006,6.5],"STP":[984.7501,985.02],"TEMP":[0.52,0.57],"VISIB":[25.16,25.03],"WDSP":[10.34,10.38],"WNDDIR":[308.4,312.3],"time":[1549364860,1549364918]}