{"CLDC":[50.070004],"DEWP":[-10.69],"FRSHTT":[1110000],"PRCP":[0.050000004],"SLP":[1025.9],"SNDP":[2.3999999],"STP":[1002.68],"TEMP":[-6.2200003],"VISIB":[80.399994],"WDSP":[20.849998],"WNDDIR":[36.2],"time":[1549364860]}