{"CLDC":[30.969997],"DEWP":[-9.24],"FRSHTT":[1000000],"PRCP":[0],"SLP":[968.44006],"SNDP":[0],"STP":[1005],"TEMP":[-6.9399996],"VISIB":[13.92],"WDSP":[0.65999997],"WNDDIR":[131.1],"time":[1549364860]}