{"CLDC":[64.240005],"DEWP":[-6.56],"FRSHTT":[1000000],"PRCP":[0],"SLP":[1023.5],"SNDP":[0],"STP":[878.86993],"TEMP":[-2],"VISIB":[46.690002],"WDSP":[6.29],"WNDDIR":[188.1],"time":[1549364860]}