{"CLDC":[30.969997,30.8],"DEWP":[-9.24,-8.86],"FRSHTT":[1000000,1000000],"PRCP":[0,0],"SLP":[968.44006,967.00995],"SNDP":[0,0],"STP":[1005,1004.41003],"TEMP":[-6.9399996,-6.8199997],"VISIB":[13.92,12.8],"WDSP":[0.65999997,0.85],"WNDDIR":[131.1,130.2],"time":[1549364860,1549364918]}