{"CLDC":[73.46001,73.28],"DEWP":[-9.500001,-9.300001],"FRSHTT":[1110000,1110000],"PRCP":[0.009999999,0.009999999],"SLP":[1024.7001,1024.7001],"SNDP":[1.1999999,1.1999999],"STP":[1026.45,1026.47],"TEMP":[-5,-4.96],"VISIB":[22.740002,22.02],"WDSP":[14.009999,15.4],"WNDDIR":[0.9,3.4],"time":[1549364860,1549364918]}