{"CLDC":[17.73],"DEWP":[-3.8600001],"FRSHTT":[1000000],"PRCP":[0],"SLP":[1026.74],"SNDP":[0],"STP":[1030.58],"TEMP":[-0.59999996],"VISIB":[42.7],"WDSP":[21.69],"WNDDIR":[226.2],"time":[1549364860]}