{"CLDC":[36.140003],"DEWP":[-9.5199995],"FRSHTT":[1000000],"PRCP":[0],"SLP":[1012.45996],"SNDP":[0],"STP":[975.41003],"TEMP":[-3.1599998],"VISIB":[26.37],"WDSP":[7.8700004],"WNDDIR":[301.1],"time":[1549364860]}