{"CLDC":[50.090004],"DEWP":[-7.4199996],"FRSHTT":[1100000],"PRCP":[0.09000001],"SLP":[1024.97],"SNDP":[0],"STP":[1029.19],"TEMP":[-1.76],"VISIB":[30.319998],"WDSP":[5.79],"WNDDIR":[103.7],"time":[1549364860]}