{"CLDC":[73.46001],"DEWP":[-9.500001],"FRSHTT":[1110000],"PRCP":[0.009999999],"SLP":[1024.7001],"SNDP":[1.1999999],"STP":[1026.45],"TEMP":[-5],"VISIB":[22.740002],"WDSP":[14.009999],"WNDDIR":[0.9],"time":[1549364860]}