{"CLDC":[76.31999],"DEWP":[-12.999998],"FRSHTT":[1000000],"PRCP":[0],"SLP":[999.48],"SNDP":[0],"STP":[1000.08997],"TEMP":[-6.8300004],"VISIB":[30.429998],"WDSP":[8.59],"WNDDIR":[352.9],"time":[1549364860]}