{"CLDC":[50.160004,50.22],"DEWP":[-6.65,-6.5399995],"FRSHTT":[1110000,1110000],"PRCP":[0.039999995,0.039999995],"SLP":[1020.50995,1020.58997],"SNDP":[2.1000001,2.1000001],"STP":[966.82996,966.87],"TEMP":[-2.7999997,-2.7999997],"VISIB":[24.01,24.140003],"WDSP":[10.150001,9.41],"WNDDIR":[316.9,316.7],"time":[1549364860,1549364918]}