{"CLDC":[63.77999],"DEWP":[-9.92],"FRSHTT":[110000],"PRCP":[0.13],"SLP":[1017.4],"SNDP":[6.4000006],"STP":[984.7501],"TEMP":[0.52],"VISIB":[25.16],"WDSP":[10.34],"WNDDIR":[308.4],"time":[1549364860]}