{"CLDC":[80.729996,80.59999],"DEWP":[-5.3,-5.2200003],"FRSHTT":[0,0],"PRCP":[0,0],"SLP":[1007.39,1007.9],"SNDP":[0,0],"STP":[1000.69006,1000.17004],"TEMP":[3.2199998,3.1799998],"VISIB":[51.85,52.130005],"WDSP":[14.889999,14.090001],"WNDDIR":[101.1,101.8],"time":[1549364860,1549364918]}