{"CLDC":[80.729996],"DEWP":[-5.3],"FRSHTT":[0],"PRCP":[0],"SLP":[1007.39],"SNDP":[0],"STP":[1000.69006],"TEMP":[3.2199998],"VISIB":[51.85],"WDSP":[14.889999],"WNDDIR":[101.1],"time":[1549364860]}