{"CLDC":[76.549995,76.84999],"DEWP":[-1.86,-1.86],"FRSHTT":[100000,100000],"PRCP":[0.34999996,0.34999996],"SLP":[1019.6,1019.52],"SNDP":[0,0],"STP":[1017.19006,1017.88],"TEMP":[2.8799999,2.9],"VISIB":[25.27,25.37],"WDSP":[4.9700003,5.5099993],"WNDDIR":[316.6,318.5],"time":[1549364860,1549364918]}