{"CLDC":[74.02,74.04],"DEWP":[0.06000001,-0.100000024],"FRSHTT":[100000,100000],"PRCP":[0.13,0.13],"SLP":[1019.9,1019.86993],"SNDP":[0,0],"STP":[1019.5,1019.2999],"TEMP":[5.2600007,5.3200006],"VISIB":[28.05,28.050003],"WDSP":[15.889999,16.65],"WNDDIR":[7.8,10],"time":[1549364860,1549364918]}