{"CLDC":[76.549995],"DEWP":[-1.86],"FRSHTT":[100000],"PRCP":[0.34999996],"SLP":[1019.6],"SNDP":[0],"STP":[1017.19006],"TEMP":[2.8799999],"VISIB":[25.27],"WDSP":[4.9700003],"WNDDIR":[316.6],"time":[1549364860]}