{"CLDC":[74.619995,74.76],"DEWP":[-5.04,-5.1],"FRSHTT":[110000,110000],"PRCP":[0.09000001,0.09000001],"SLP":[1018.1,1018.2001],"SNDP":[0.20000002,0.20000002],"STP":[982.6,982.6],"TEMP":[0.26,0.25],"VISIB":[30.939997,31.35],"WDSP":[18.35,17.95],"WNDDIR":[158.2,158.3],"time":[1549364860,1549364918]}