{"CLDC":[74.619995],"DEWP":[-5.04],"FRSHTT":[110000],"PRCP":[0.09000001],"SLP":[1018.1],"SNDP":[0.20000002],"STP":[982.6],"TEMP":[0.26],"VISIB":[30.939997],"WDSP":[18.35],"WNDDIR":[158.2],"time":[1549364860]}