{"CLDC":[50.27],"DEWP":[-4.96],"FRSHTT":[100000],"PRCP":[0.16999999],"SLP":[1019.4],"SNDP":[0],"STP":[1001.7799],"TEMP":[2.6399999],"VISIB":[19.83],"WDSP":[11.169999],"WNDDIR":[99.5],"time":[1549364860]}