{"CLDC":[15.590001],"DEWP":[-6.1],"FRSHTT":[1000000],"PRCP":[0],"SLP":[1014.95996],"SNDP":[0],"STP":[919.57],"TEMP":[-1.3999999],"VISIB":[41.81],"WDSP":[18.68],"WNDDIR":[53.1],"time":[1549364860]}