{"CLDC":[50.030003,50.010002],"DEWP":[-9.230001,-8.660001],"FRSHTT":[1100000,1100000],"PRCP":[0.050000004,0.050000004],"SLP":[1024.08,1023.95],"SNDP":[0,0],"STP":[1035.9001,1035.9001],"TEMP":[-4.38,-4.35],"VISIB":[14.68,14.540001],"WDSP":[5.8500004,5.8300004],"WNDDIR":[208.2,204],"time":[1549364860,1549364918]}