{"CLDC":[50.96,50.769997],"DEWP":[-3.36,-3.2000003],"FRSHTT":[1000000,1000000],"PRCP":[0,0],"SLP":[1014.65,1013.9],"SNDP":[0,0],"STP":[992.9199,992.83997],"TEMP":[-2.1799998,-2.1999998],"VISIB":[4.31,4.66],"WDSP":[6.6799994,6.8299994],"WNDDIR":[156.6,160.2],"time":[1549364857,1549364916]}