{"CLDC":[50.260002],"DEWP":[-14.339998],"FRSHTT":[1100000],"PRCP":[0.14],"SLP":[1016.5],"SNDP":[0],"STP":[1011.2999],"TEMP":[-7.85],"VISIB":[17.349998],"WDSP":[26.220001],"WNDDIR":[250.1],"time":[1549364855]}