{"CLDC":[50.07,50.170006],"DEWP":[-12.5,-12.5],"FRSHTT":[1100000,1100000],"PRCP":[0.22999999,0.22999999],"SLP":[1015.0101,1015.02],"SNDP":[0,0],"STP":[1011.75995,1011.7001],"TEMP":[-5.3199997,-5.3999996],"VISIB":[13.340001,13.25],"WDSP":[9.89,8.07],"WNDDIR":[101.8,99.1],"time":[1549364856,1549364915]}