{"CLDC":[50.090004,50.02],"DEWP":[-16.529999,-16.86],"FRSHTT":[1110000,1110000],"PRCP":[0.11999999,0.11999999],"SLP":[1016.6,1016.6],"SNDP":[4.7999997,4.7999997],"STP":[1012.9,1012.9],"TEMP":[-10.000001,-9.809999],"VISIB":[17.77,16.949999],"WDSP":[15.33,16.59],"WNDDIR":[201.2,200.5],"time":[1549364856,1549364915]}