{"CLDC":[50.120003],"DEWP":[-18.899998],"FRSHTT":[1100000],"PRCP":[0.019999998],"SLP":[1015.88],"SNDP":[0],"STP":[1002],"TEMP":[-11.77],"VISIB":[20.380001],"WDSP":[22.85],"WNDDIR":[51.2],"time":[1549364856]}