{"CLDC":[68.91,68.75],"DEWP":[-13.639999,-13.8],"FRSHTT":[1110000,1110000],"PRCP":[0.15999998,0.15999998],"SLP":[1016.7001,1016.6],"SNDP":[5.0999994,5.2000003],"STP":[1012.6,1012.65],"TEMP":[-7.06,-7.2100005],"VISIB":[32.18,32.500004],"WDSP":[14.410001,15.24],"WNDDIR":[164.1,164.3],"time":[1549364856,1549364915]}