{"CLDC":[50.13,50.030003],"DEWP":[-13.859999,-14.219999],"FRSHTT":[1100000,1100000],"PRCP":[0.07,0.07],"SLP":[1013.2001,1013.2001],"SNDP":[0,0],"STP":[1007.9,1007.86],"TEMP":[-10.01,-9.980001],"VISIB":[21.849998,22.32],"WDSP":[21.960001,22.59],"WNDDIR":[311.1,310.7],"time":[1549364855,1549364915]}