{"CLDC":[68.91],"DEWP":[-13.639999],"FRSHTT":[1110000],"PRCP":[0.15999998],"SLP":[1016.7001],"SNDP":[5.0999994],"STP":[1012.6],"TEMP":[-7.06],"VISIB":[32.18],"WDSP":[14.410001],"WNDDIR":[164.1],"time":[1549364856]}