{"CLDC":[50.41],"DEWP":[-15.94],"FRSHTT":[1100000],"PRCP":[0.41000003],"SLP":[1009.6],"SNDP":[0],"STP":[1001.18005],"TEMP":[-12.24],"VISIB":[11.36],"WDSP":[20.219997],"WNDDIR":[194.1],"time":[1549364856]}