{"CLDC":[50.13],"DEWP":[-13.859999],"FRSHTT":[1100000],"PRCP":[0.07],"SLP":[1013.2001],"SNDP":[0],"STP":[1007.9],"TEMP":[-10.01],"VISIB":[21.849998],"WDSP":[21.960001],"WNDDIR":[311.1],"time":[1549364855]}