{"CLDC":[69.09,69.310005],"DEWP":[-13.9,-13.9],"FRSHTT":[1110000,1110000],"PRCP":[0.11,0.11],"SLP":[1012.4601,1012.27],"SNDP":[3.2000003,3.2000003],"STP":[1004.1,1004.09],"TEMP":[-9.440001,-9.379999],"VISIB":[16.439999,15.790001],"WDSP":[14.089999,14.85],"WNDDIR":[72.9,70.3],"time":[1549364856,1549364915]}