{"CLDC":[50.15],"DEWP":[-17.78],"FRSHTT":[1110000],"PRCP":[0.18000002],"SLP":[1017.7999],"SNDP":[5.2999997],"STP":[1004.83997],"TEMP":[-11.540001],"VISIB":[15.809999],"WDSP":[12.589999],"WNDDIR":[21.8],"time":[1549364856]}