{"CLDC":[50.41,50.58],"DEWP":[-15.94,-16.08],"FRSHTT":[1100000,1100000],"PRCP":[0.41000003,0.41000003],"SLP":[1009.6,1009.6],"SNDP":[0,0],"STP":[1001.18005,1001],"TEMP":[-12.24,-12],"VISIB":[11.36,10.63],"WDSP":[20.219997,20.460001],"WNDDIR":[194.1,192.8],"time":[1549364856,1549364915]}