{"CLDC":[50.96],"DEWP":[-3.36],"FRSHTT":[1000000],"PRCP":[0],"SLP":[1014.65],"SNDP":[0],"STP":[992.9199],"TEMP":[-2.1799998],"VISIB":[4.31],"WDSP":[6.6799994],"WNDDIR":[156.6],"time":[1549364857]}