{"CLDC":[50.090004],"DEWP":[-16.529999],"FRSHTT":[1110000],"PRCP":[0.11999999],"SLP":[1016.6],"SNDP":[4.7999997],"STP":[1012.9],"TEMP":[-10.000001],"VISIB":[17.77],"WDSP":[15.33],"WNDDIR":[201.2],"time":[1549364856]}