{"CLDC":[50.65,50.620003],"DEWP":[-23.9,-23.73],"FRSHTT":[1110000,1110000],"PRCP":[0.22999999,0.22999999],"SLP":[848.7001,848.5],"SNDP":[10.599999,10.599999],"STP":[830,830],"TEMP":[-19.86,-19.97],"VISIB":[44.2,44.230003],"WDSP":[63.99,66.17],"WNDDIR":[269.4,271.4],"time":[1549364856,1549364915]}