{"CLDC":[96.71001,96.46001],"DEWP":[-17.5,-17.7],"FRSHTT":[1110000,1110000],"PRCP":[0.059999995,0.059999995],"SLP":[1018.4,1018.5],"SNDP":[7.3,7.3],"STP":[1006.4,1006.4],"TEMP":[-12.320001,-12.400001],"VISIB":[24.02,23.999998],"WDSP":[14.040001,15.05],"WNDDIR":[132.3,130.4],"time":[1549364856,1549364916]}