{"CLDC":[90.740005,90.579994],"DEWP":[-0.52000004,-0.6],"FRSHTT":[100000,100000],"PRCP":[1.12,1.12],"SLP":[997.4,997.39],"SNDP":[0,0],"STP":[1014.13,1013.82],"TEMP":[1.9599998,1.9799999],"VISIB":[12.840001,13.339999],"WDSP":[14.75,13.679998],"WNDDIR":[303.7,304.1],"time":[1549364856,1549364916]}