{"CLDC":[61.74,61.73],"DEWP":[-17.499998,-17.8],"FRSHTT":[1110000,1110000],"PRCP":[0.10000001,0.10000001],"SLP":[1018.7001,1018.7001],"SNDP":[3,3],"STP":[1018.6,1018.7999],"TEMP":[-12.74,-12.5],"VISIB":[15.199999,15.289999],"WDSP":[10.83,11.009999],"WNDDIR":[307.8,305],"time":[1549364856,1549364916]}