{"CLDC":[50.489998,50.56],"DEWP":[-14.92,-14.92],"FRSHTT":[1100000,1100000],"PRCP":[0.15999998,0.15999998],"SLP":[1015.2001,1015.05],"SNDP":[0,0],"STP":[1013.9601,1013.93005],"TEMP":[-9.700001,-9.660001],"VISIB":[12.450001,12.099999],"WDSP":[8.089999,7.4900002],"WNDDIR":[168.9,170.4],"time":[1549364856,1549364916]}