{"CLDC":[72.31,72.15],"DEWP":[-15.400002,-15.200002],"FRSHTT":[1100000,1100000],"PRCP":[0.28,0.28],"SLP":[1016.2101,1016.1],"SNDP":[0,0],"STP":[1017.41003,1017.43005],"TEMP":[-8.300001,-8.3],"VISIB":[13.530001,13.19],"WDSP":[10.690001,10.949999],"WNDDIR":[78,76.1],"time":[1549364856,1549364916]}