{"CLDC":[50.489998],"DEWP":[-14.92],"FRSHTT":[1100000],"PRCP":[0.15999998],"SLP":[1015.2001],"SNDP":[0],"STP":[1013.9601],"TEMP":[-9.700001],"VISIB":[12.450001],"WDSP":[8.089999],"WNDDIR":[168.9],"time":[1549364856]}