{"CLDC":[50.190002],"DEWP":[-16.900002],"FRSHTT":[1110000],"PRCP":[0.10000001],"SLP":[1016.2999],"SNDP":[6.5999994],"STP":[1009.4],"TEMP":[-10.420001],"VISIB":[18.77],"WDSP":[16.59],"WNDDIR":[89.5],"time":[1549364856]}