{"CLDC":[50.08],"DEWP":[-9.3],"FRSHTT":[1100000],"PRCP":[0.059999995],"SLP":[1011.82996],"SNDP":[0],"STP":[1023.05994],"TEMP":[-7.0199995],"VISIB":[10.609999],"WDSP":[4.8100004],"WNDDIR":[297.1],"time":[1549364856]}