{"CLDC":[50.08,50.100002],"DEWP":[-9.3,-9.6],"FRSHTT":[1100000,1100000],"PRCP":[0.059999995,0.059999995],"SLP":[1011.82996,1011.45],"SNDP":[0,0],"STP":[1023.05994,1023.5399],"TEMP":[-7.0199995,-6.9800005],"VISIB":[10.609999,10.69],"WDSP":[4.8100004,4.43],"WNDDIR":[297.1,294.6],"time":[1549364856,1549364916]}