{"CLDC":[85.21001],"DEWP":[-13.94],"FRSHTT":[1000000],"PRCP":[0],"SLP":[1030.58],"SNDP":[0],"STP":[1023.62],"TEMP":[-8],"VISIB":[15.129999],"WDSP":[2.9299998],"WNDDIR":[81.8],"time":[1549364856]}