{"CLDC":[85.21001,85.36001],"DEWP":[-13.94,-14.319998],"FRSHTT":[1000000,1000000],"PRCP":[0,0],"SLP":[1030.58,1031.2999],"SNDP":[0,0],"STP":[1023.62,1023.67004],"TEMP":[-8,-7.9800005],"VISIB":[15.129999,15.259999],"WDSP":[2.9299998,3.4599998],"WNDDIR":[81.8,82.4],"time":[1549364856,1549364916]}