{"CLDC":[50.250008,50.379997],"DEWP":[-12.75,-12.92],"FRSHTT":[1010000,1010000],"PRCP":[0,0],"SLP":[1025.51,1026.32],"SNDP":[7,7],"STP":[1015.39,1015.93],"TEMP":[-6.7300005,-6.55],"VISIB":[23.279999,22.869999],"WDSP":[12.05,12.07],"WNDDIR":[131.3,128.1],"time":[1549364856,1549364916]}