{"CLDC":[71.240005],"DEWP":[-17.210003],"FRSHTT":[1000000],"PRCP":[0],"SLP":[1024.6599],"SNDP":[0],"STP":[1008.16003],"TEMP":[-10.2300005],"VISIB":[34.579998],"WDSP":[14.5],"WNDDIR":[37.8],"time":[1549364856]}