{"CLDC":[98.990005,98.979996],"DEWP":[-11.699999,-11.4],"FRSHTT":[1010000,1010000],"PRCP":[0,0],"SLP":[1026.27,1026.59],"SNDP":[8.300001,8.400001],"STP":[1002.77997,1002.80994],"TEMP":[-7.7,-7.700001],"VISIB":[24.57,24.43],"WDSP":[9.58,9.66],"WNDDIR":[261.8,261.3],"time":[1549364856,1549364916]}