{"CLDC":[72.61999],"DEWP":[-15.62],"FRSHTT":[1100000],"PRCP":[0.07],"SLP":[1014.9],"SNDP":[0],"STP":[1029.7001],"TEMP":[-12.480001],"VISIB":[10.27],"WDSP":[10.930001],"WNDDIR":[238.2],"time":[1549364857]}