{"CLDC":[41.730003],"DEWP":[-12.500002],"FRSHTT":[1000000],"PRCP":[0],"SLP":[1024.5801],"SNDP":[0],"STP":[1031.35],"TEMP":[-6.7],"VISIB":[22.050001],"WDSP":[21.98],"WNDDIR":[342.1],"time":[1549364856]}