{"CLDC":[67.810005,67.71001],"DEWP":[-13.06,-12.74],"FRSHTT":[1000000,1000000],"PRCP":[0,0],"SLP":[1025.28,1025.28],"SNDP":[0,0],"STP":[992.2001,991.86993],"TEMP":[-4.5900006,-4.7200003],"VISIB":[16.609999,15.17],"WDSP":[20.490002,19.96],"WNDDIR":[357.3,356.6],"time":[1549364856,1549364916]}