{"CLDC":[50.130005,50.080006],"DEWP":[-18.100002,-18.100002],"FRSHTT":[1010000,1010000],"PRCP":[0,0],"SLP":[1025.5798,1025],"SNDP":[13.9,13.9],"STP":[1008.62,1008.27997],"TEMP":[-10.249999,-9.65],"VISIB":[27.73,27.610004],"WDSP":[10.7699995,11.9],"WNDDIR":[353.2,349.4],"time":[1549364857,1549364916]}