{"CLDC":[50],"DEWP":[-13.050001],"FRSHTT":[1010000],"PRCP":[0],"SLP":[1025.32],"SNDP":[7],"STP":[1014.30994],"TEMP":[-6.62],"VISIB":[23.570002],"WDSP":[8.93],"WNDDIR":[135.8],"time":[1549364856]}