{"CLDC":[50,50.100002],"DEWP":[-13.050001,-13.050001],"FRSHTT":[1010000,1010000],"PRCP":[0,0],"SLP":[1025.32,1024.83],"SNDP":[7,7],"STP":[1014.30994,1014.57],"TEMP":[-6.62,-6.62],"VISIB":[23.570002,23.23],"WDSP":[8.93,8.490001],"WNDDIR":[135.8,139.2],"time":[1549364856,1549364916]}