{"CLDC":[73.240005,73.56999],"DEWP":[-6.6399994,-6.7],"FRSHTT":[1000000,1000000],"PRCP":[0,0],"SLP":[1024.31,1024.3701],"SNDP":[0,0],"STP":[998.2101,998.4199],"TEMP":[-3.4000003,-3.4500003],"VISIB":[12.45,12.059999],"WDSP":[16.859999,17.34],"WNDDIR":[270.6,269.7],"time":[1549364856,1549364916]}