{"CLDC":[50.080006],"DEWP":[-16.42],"FRSHTT":[1110000],"PRCP":[0.059999995],"SLP":[1021],"SNDP":[2.2000003],"STP":[1012.7999],"TEMP":[-12.720001],"VISIB":[10.139999],"WDSP":[14.389999],"WNDDIR":[67.6],"time":[1549364857]}