{"CLDC":[98.12999,98.229996],"DEWP":[-27.460001,-27.460001],"FRSHTT":[1010000,1010000],"PRCP":[0,0],"SLP":[1025.3401,1025.72],"SNDP":[11.5,11.599999],"STP":[1007.95,1008.57],"TEMP":[-21.4,-21.460003],"VISIB":[23.68,23.46],"WDSP":[6.54,5.93],"WNDDIR":[312.5,309.9],"time":[1549364856,1549364916]}