{"CLDC":[50.160007,50.46],"DEWP":[-9.719999,-9.6],"FRSHTT":[1110000,1110000],"PRCP":[0.07,0.07],"SLP":[1018.4,1018.4],"SNDP":[2.6000001,2.6000001],"STP":[1007.4,1007.24005],"TEMP":[-5.76,-5.76],"VISIB":[14.81,13.780001],"WDSP":[16.289999,15.45],"WNDDIR":[13.6,14],"time":[1549364857,1549364916]}