{"CLDC":[67.810005],"DEWP":[-13.06],"FRSHTT":[1000000],"PRCP":[0],"SLP":[1025.28],"SNDP":[0],"STP":[992.2001],"TEMP":[-4.5900006],"VISIB":[16.609999],"WDSP":[20.490002],"WNDDIR":[357.3],"time":[1549364856]}