{"CLDC":[76.380005,76.53999],"DEWP":[-18.7,-18.900002],"FRSHTT":[1110000,1110000],"PRCP":[0.039999995,0.039999995],"SLP":[1019,1019],"SNDP":[3.4,3.4],"STP":[1012.22003,1012.45996],"TEMP":[-13.4,-13.56],"VISIB":[23.509998,23.4],"WDSP":[9.85,9.41],"WNDDIR":[98,97.2],"time":[1549364857,1549364916]}