{"CLDC":[14.179998,13.960001],"DEWP":[-7.85,-7.85],"FRSHTT":[1000000,1000000],"PRCP":[0,0],"SLP":[1023.04004,1023.13995],"SNDP":[0,0],"STP":[1029.72,1030.2],"TEMP":[-3.4600003,-3.2400002],"VISIB":[23.7,23.32],"WDSP":[15.790001,15.679998],"WNDDIR":[200.4,200],"time":[1549364856,1549364916]}