{"CLDC":[61.369995,61.5],"DEWP":[-13.370001,-13.839999],"FRSHTT":[1110000,1110000],"PRCP":[0.009999999,0.009999999],"SLP":[1024.7499,1025.01],"SNDP":[13.9,13.9],"STP":[1019.9801,1019.31995],"TEMP":[-7.0199995,-7.1800003],"VISIB":[31.329998,30.77],"WDSP":[20.14,20.580002],"WNDDIR":[242.2,242],"time":[1549364856,1549364916]}