{"CLDC":[53.150005,53.359997],"DEWP":[-8.0199995,-7.840001],"FRSHTT":[1010000,1010000],"PRCP":[0,0],"SLP":[1025.1799,1025.11],"SNDP":[21.300001,21.399998],"STP":[996.64,996.55994],"TEMP":[-4.1,-4.1800003],"VISIB":[22.380001,22.99],"WDSP":[11.01,11.320001],"WNDDIR":[67.9,67.4],"time":[1549364857,1549364916]}