{"CLDC":[24.899998],"DEWP":[-7.88],"FRSHTT":[1000000],"PRCP":[0],"SLP":[997.00995],"SNDP":[0],"STP":[999.18005],"TEMP":[-5.46],"VISIB":[10.11],"WDSP":[12.15],"WNDDIR":[263.1],"time":[1549364857]}