{"CLDC":[24.5,24.219997],"DEWP":[-5.96,-6],"FRSHTT":[1000000,1000000],"PRCP":[0,0],"SLP":[1025.27,1025.5499],"SNDP":[0,0],"STP":[1005.38,1005.7499],"TEMP":[-3.35,-3.18],"VISIB":[14.99,15.87],"WDSP":[12.969999,12.910001],"WNDDIR":[61.7,62.9],"time":[1549364857,1549364916]}