{"CLDC":[24.899998,25.09],"DEWP":[-7.88,-7.640001],"FRSHTT":[1000000,1000000],"PRCP":[0,0],"SLP":[997.00995,996.86993],"SNDP":[0,0],"STP":[999.18005,999.24005],"TEMP":[-5.46,-5.22],"VISIB":[10.11,10.24],"WDSP":[12.15,10.89],"WNDDIR":[263.1,263.5],"time":[1549364857,1549364916]}