{"CLDC":[54.869995],"DEWP":[-9.120001],"FRSHTT":[1110000],"PRCP":[0.07],"SLP":[1020.74005],"SNDP":[2.5],"STP":[1022.37],"TEMP":[-5.3999996],"VISIB":[15.589999],"WDSP":[18.369999],"WNDDIR":[144.1],"time":[1549364857]}