{"CLDC":[61.180004],"DEWP":[-7.3799996],"FRSHTT":[1100000],"PRCP":[0.019999998],"SLP":[1014.37],"SNDP":[0],"STP":[1014.0399],"TEMP":[-4.54],"VISIB":[8.08],"WDSP":[20.77],"WNDDIR":[109.3],"time":[1549364857]}