{"CLDC":[1.17,1.3500001],"DEWP":[-5.65,-5.7799997],"FRSHTT":[1000000,1000000],"PRCP":[0,0],"SLP":[1034.6199,1033.9],"SNDP":[0,0],"STP":[1008.2101,1008.50995],"TEMP":[-1.43,-1.4399999],"VISIB":[12.2300005,12.79],"WDSP":[10.320001,9.929999],"WNDDIR":[308.1,310],"time":[1549364857,1549364916]}