{"CLDC":[73.84001,73.99999],"DEWP":[-5.7,-5.6400003],"FRSHTT":[1110000,1110000],"PRCP":[0.09000001,0.09000001],"SLP":[1021.2001,1021.1],"SNDP":[8.800001,8.800001],"STP":[998.5,998.39],"TEMP":[-2.2,-2.25],"VISIB":[10.92,10.749998],"WDSP":[17.47,17.25],"WNDDIR":[168,171],"time":[1549364857,1549364916]}