{"CLDC":[88.740005,88.68001],"DEWP":[-7.6400003,-7.7],"FRSHTT":[1000000,1000000],"PRCP":[0,0],"SLP":[1012.14,1011.94006],"SNDP":[0,0],"STP":[1001.3099,1001.33997],"TEMP":[-4.1200004,-4.1000004],"VISIB":[11.059999,11.559999],"WDSP":[14.01,15.030001],"WNDDIR":[232.7,234.1],"time":[1549364857,1549364916]}