{"CLDC":[81.46001,81.65999],"DEWP":[-18.61,-17.69],"FRSHTT":[1010000,1010000],"PRCP":[0,0],"SLP":[1025.22,1025.69],"SNDP":[21.300001,21.399998],"STP":[989.29004,989.25],"TEMP":[-13.660001,-13.7699995],"VISIB":[21.13,20.929998],"WDSP":[7.8,6.81],"WNDDIR":[242.5,240.1],"time":[1549364857,1549364916]}