{"CLDC":[50.02,50.179996],"DEWP":[-8.900001,-8.700001],"FRSHTT":[1110000,1110000],"PRCP":[0.10000001,0.10000001],"SLP":[1014.68005,1014.7001],"SNDP":[3.5,3.5],"STP":[1007.86993,1008.0299],"TEMP":[-5.100001,-5.1],"VISIB":[12.770001,12.700002],"WDSP":[16.21,16.98],"WNDDIR":[227.2,225.9],"time":[1549364857,1549364916]}