{"CLDC":[50.22,50.379997],"DEWP":[-5.8199997,-5.8999996],"FRSHTT":[1110000,1110000],"PRCP":[0.009999999,0.009999999],"SLP":[1010.85,1010.93005],"SNDP":[2.8999999,2.8999999],"STP":[1013.87,1013.9],"TEMP":[-2.24,-2.2],"VISIB":[11.450001,11.129999],"WDSP":[15.93,16.55],"WNDDIR":[29.9,30],"time":[1549364857,1549364916]}