{"CLDC":[50.100002],"DEWP":[-9.78],"FRSHTT":[1110000],"PRCP":[0.019999998],"SLP":[1016.2001],"SNDP":[2.6000001],"STP":[1003.6],"TEMP":[-6],"VISIB":[14.039999],"WDSP":[13.469999],"WNDDIR":[13.2],"time":[1549364857]}