{"CLDC":[54.869995,55.409996],"DEWP":[-9.120001,-9.28],"FRSHTT":[1110000,1110000],"PRCP":[0.07,0.07],"SLP":[1020.74005,1020.7899],"SNDP":[2.5,2.6000001],"STP":[1022.37,1022.12],"TEMP":[-5.3999996,-5.4399996],"VISIB":[15.589999,15.479999],"WDSP":[18.369999,19.18],"WNDDIR":[144.1,140.8],"time":[1549364857,1549364916]}