{"CLDC":[50.22],"DEWP":[-5.8199997],"FRSHTT":[1110000],"PRCP":[0.009999999],"SLP":[1010.85],"SNDP":[2.8999999],"STP":[1013.87],"TEMP":[-2.24],"VISIB":[11.450001],"WDSP":[15.93],"WNDDIR":[29.9],"time":[1549364857]}