{"CLDC":[50.100002,50],"DEWP":[-9.78,-10.14],"FRSHTT":[1110000,1110000],"PRCP":[0.019999998,0.019999998],"SLP":[1016.2001,1016.2001],"SNDP":[2.6000001,2.6000001],"STP":[1003.6,1003.4],"TEMP":[-6,-5.95],"VISIB":[14.039999,14.539999],"WDSP":[13.469999,13.009999],"WNDDIR":[13.2,11.7],"time":[1549364857,1549364916]}