{"CLDC":[50.110004,50.100002],"DEWP":[-11.76,-11.85],"FRSHTT":[1110000,1110000],"PRCP":[0.050000004,0.050000004],"SLP":[1021.2001,1021.19006],"SNDP":[7.3,7.3],"STP":[1003.5,1003.47003],"TEMP":[-8.1,-8.099999],"VISIB":[12.5,12.250002],"WDSP":[13.290001,14.139999],"WNDDIR":[298.9,300.8],"time":[1549364857,1549364916]}