{"CLDC":[80.98],"DEWP":[-13.039999],"FRSHTT":[1000000],"PRCP":[0],"SLP":[1009.18005],"SNDP":[0],"STP":[996.7601],"TEMP":[-0.93999994],"VISIB":[16.04],"WDSP":[12.469999],"WNDDIR":[47.1],"time":[1549364857]}