{"CLDC":[9.88,9.71],"DEWP":[-2.5,-2.5600002],"FRSHTT":[1000000,1000000],"PRCP":[0,0],"SLP":[1003.3501,1007.6501],"SNDP":[0,0],"STP":[997.8499,997.9499],"TEMP":[0,0],"VISIB":[7.03,6.8600006],"WDSP":[18.47,17.61],"WNDDIR":[228.3,231.1],"time":[1549364858,1549364916]}