{"CLDC":[53.26,53.489998],"DEWP":[-7.0200005,-6.9800005],"FRSHTT":[1000000,1000000],"PRCP":[0,0],"SLP":[1012.9199,1012.74005],"SNDP":[0,0],"STP":[997.35,997.24005],"TEMP":[-3.7,-3.6599998],"VISIB":[14.089999,14.209999],"WDSP":[11.820002,12.0199995],"WNDDIR":[127.8,127.4],"time":[1549364858,1549364916]}