{"CLDC":[50.15,50.010002],"DEWP":[-13.6,-13.7],"FRSHTT":[1110000,1110000],"PRCP":[0.029999997,0.029999997],"SLP":[1023.5,1023.5],"SNDP":[9.5,9.5],"STP":[984.43005,984.2101],"TEMP":[-8.82,-8.74],"VISIB":[18.42,18.570002],"WDSP":[11.539999,12.21],"WNDDIR":[280.9,277.5],"time":[1549364858,1549364916]}