{"CLDC":[56.65],"DEWP":[-9.4800005],"FRSHTT":[1000000],"PRCP":[0],"SLP":[981.55],"SNDP":[0],"STP":[992.2101],"TEMP":[-5.3],"VISIB":[13.5],"WDSP":[10.940001],"WNDDIR":[339.4],"time":[1549364858]}