{"CLDC":[86.52],"DEWP":[-10.26],"FRSHTT":[1000000],"PRCP":[0],"SLP":[1021.63],"SNDP":[0],"STP":[1017.3499],"TEMP":[-5.6499996],"VISIB":[13.719998],"WDSP":[12.910001],"WNDDIR":[122.8],"time":[1549364858]}