{"CLDC":[50.260002,50.43],"DEWP":[-8.800001,-8.6],"FRSHTT":[1110000,1110000],"PRCP":[0.039999995,0.039999995],"SLP":[1023.4,1023.47003],"SNDP":[5,5],"STP":[979,979],"TEMP":[-5.46,-5.7400002],"VISIB":[14.530001,14.9],"WDSP":[20.630001,19.849998],"WNDDIR":[57.1,52.7],"time":[1549364858,1549364916]}