{"CLDC":[79.53,79.90001],"DEWP":[-12.299999,-12.219999],"FRSHTT":[1000000,1000000],"PRCP":[0,0],"SLP":[1001.4199,1001.25995],"SNDP":[0,0],"STP":[1006.27997,1006.4],"TEMP":[-7.910001,-7.7599998],"VISIB":[14.210001,15.199999],"WDSP":[10.2,10.49],"WNDDIR":[163.8,167],"time":[1549364858,1549364916]}