{"CLDC":[19.630001],"DEWP":[-7.4],"FRSHTT":[1000000],"PRCP":[0],"SLP":[1020.49005],"SNDP":[0],"STP":[1019.06995],"TEMP":[-3.35],"VISIB":[12.190001],"WDSP":[9.84],"WNDDIR":[224.5],"time":[1549364858]}