{"CLDC":[90.80999,90.6],"DEWP":[-9.960001,-9.840001],"FRSHTT":[1000000,1000000],"PRCP":[0,0],"SLP":[987.68005,987.89],"SNDP":[0,0],"STP":[997.05,995.75995],"TEMP":[-7.88,-7.640001],"VISIB":[13.320002,12.85],"WDSP":[13.06,13.05],"WNDDIR":[141.9,143.8],"time":[1549364858,1549364916]}