{"CLDC":[79.53],"DEWP":[-12.299999],"FRSHTT":[1000000],"PRCP":[0],"SLP":[1001.4199],"SNDP":[0],"STP":[1006.27997],"TEMP":[-7.910001],"VISIB":[14.210001],"WDSP":[10.2],"WNDDIR":[163.8],"time":[1549364858]}