{"CLDC":[53.389996,53.660004],"DEWP":[-9.45,-9.54],"FRSHTT":[1100000,1100000],"PRCP":[0.050000004,0.050000004],"SLP":[1022.06006,1022.18994],"SNDP":[0,0],"STP":[1023.99005,1024.1101],"TEMP":[-4.6400003,-4.85],"VISIB":[10.97,11.030001],"WDSP":[16.6,15.85],"WNDDIR":[191,191.4],"time":[1549364858,1549364916]}