{"CLDC":[81.450005],"DEWP":[-11.34],"FRSHTT":[1000000],"PRCP":[0],"SLP":[1027.0499],"SNDP":[0],"STP":[1010.91],"TEMP":[-7.3599997],"VISIB":[14.57],"WDSP":[9.259999],"WNDDIR":[258.7],"time":[1549364858]}