{"CLDC":[50.02,50.11],"DEWP":[-12.259999,-12.039999],"FRSHTT":[1010000,1010000],"PRCP":[0,0],"SLP":[1021.4,1021.39],"SNDP":[7.7,7.8],"STP":[1014.99005,1014.85],"TEMP":[-7.7,-7.640001],"VISIB":[13.659999,14.039999],"WDSP":[10.45,10.65],"WNDDIR":[111.2,111.4],"time":[1549364858,1549364916]}