{"CLDC":[62.04],"DEWP":[-11.0199995],"FRSHTT":[1000000],"PRCP":[0],"SLP":[1022.2999],"SNDP":[0],"STP":[1021.0101],"TEMP":[-6.65],"VISIB":[12.380001],"WDSP":[7.9300003],"WNDDIR":[276.8],"time":[1549364857]}