{"CLDC":[48.239998,48.56],"DEWP":[-10.780001,-10.540001],"FRSHTT":[1000000,1000000],"PRCP":[0,0],"SLP":[1012.68,1012.70996],"SNDP":[0,0],"STP":[989.86,989.74005],"TEMP":[-3.8799999,-4.16],"VISIB":[15.35,15.800001],"WDSP":[15.030001,13.17],"WNDDIR":[64.5,63.6],"time":[1549364858,1549364916]}