{"CLDC":[52.819996],"DEWP":[-11.52],"FRSHTT":[1100000],"PRCP":[0.009999999],"SLP":[1012.82996],"SNDP":[0],"STP":[1014.18994],"TEMP":[-7.5500007],"VISIB":[17.199999],"WDSP":[18.23],"WNDDIR":[214.8],"time":[1549364858]}