{"CLDC":[83.19],"DEWP":[-9.27],"FRSHTT":[1110000],"PRCP":[0.07],"SLP":[1020.4],"SNDP":[4.7999997],"STP":[993.7999],"TEMP":[-5.44],"VISIB":[13.270001],"WDSP":[18.27],"WNDDIR":[201.1],"time":[1549364857]}