{"CLDC":[82.049995,82.350006],"DEWP":[-9.2,-9.04],"FRSHTT":[1000000,1000000],"PRCP":[0,0],"SLP":[1001.32996,1001.2399],"SNDP":[0,0],"STP":[1004.4,1004.52997],"TEMP":[-6.0000005,-6.0000005],"VISIB":[14.45,14.579999],"WDSP":[16.82,16.15],"WNDDIR":[294.3,296.6],"time":[1549364858,1549364916]}