{"CLDC":[90.60999],"DEWP":[-7.4],"FRSHTT":[1010000],"PRCP":[0],"SLP":[1013.88],"SNDP":[7],"STP":[999.80994],"TEMP":[-3.64],"VISIB":[15.01],"WDSP":[17.59],"WNDDIR":[288.5],"time":[1549364858]}