{"CLDC":[13.860001],"DEWP":[-16.259998],"FRSHTT":[1000000],"PRCP":[0],"SLP":[1007.12],"SNDP":[0],"STP":[998.73],"TEMP":[-11.200001],"VISIB":[13.4],"WDSP":[11.78],"WNDDIR":[321.4],"time":[1549364857]}