{"CLDC":[47.729996],"DEWP":[-11.570001],"FRSHTT":[1000000],"PRCP":[0],"SLP":[966.81995],"SNDP":[0],"STP":[986.38995],"TEMP":[-7.089999],"VISIB":[16.28],"WDSP":[16.91],"WNDDIR":[131.5],"time":[1549364858]}