{"CLDC":[47.729996,47.939995],"DEWP":[-11.570001,-11.130001],"FRSHTT":[1000000,1000000],"PRCP":[0,0],"SLP":[966.81995,965.68],"SNDP":[0,0],"STP":[986.38995,985.43],"TEMP":[-7.089999,-7.2100005],"VISIB":[16.28,15.889999],"WDSP":[16.91,17],"WNDDIR":[131.5,130.9],"time":[1549364858,1549364916]}