{"CLDC":[35.929996],"DEWP":[-25.299997],"FRSHTT":[1000000],"PRCP":[0],"SLP":[1024.35],"SNDP":[0],"STP":[993.35],"TEMP":[-20.699999],"VISIB":[14.31],"WDSP":[9.870001],"WNDDIR":[153.2],"time":[1549364857]}