{"CLDC":[22.310001],"DEWP":[-10.48],"FRSHTT":[1000000],"PRCP":[0],"SLP":[999.11],"SNDP":[0],"STP":[997.2101],"TEMP":[-6.5199995],"VISIB":[12.910001],"WDSP":[13.7300005],"WNDDIR":[204.7],"time":[1549364857]}