{"CLDC":[90.80999],"DEWP":[-9.960001],"FRSHTT":[1000000],"PRCP":[0],"SLP":[987.68005],"SNDP":[0],"STP":[997.05],"TEMP":[-7.88],"VISIB":[13.320002],"WDSP":[13.06],"WNDDIR":[141.9],"time":[1549364858]}