{"CLDC":[27.439999,27.34],"DEWP":[-8.200001,-8.08],"FRSHTT":[1000000,1000000],"PRCP":[0,0],"SLP":[994.2101,994.25995],"SNDP":[0,0],"STP":[1004.85,1004.75],"TEMP":[-5.02,-5],"VISIB":[11.179999,11.390001],"WDSP":[17.439999,17.980001],"WNDDIR":[305.4,300.8],"time":[1549364857,1549364916]}