{"CLDC":[46.76,46.969997],"DEWP":[-13.860001,-13.75],"FRSHTT":[1000000,1000000],"PRCP":[0,0],"SLP":[990.52997,990.68005],"SNDP":[0,0],"STP":[998.16,998.1],"TEMP":[-8.99,-9.049999],"VISIB":[14.370001,14.2300005],"WDSP":[7.85,8.059999],"WNDDIR":[93.3,92],"time":[1549364857,1549364916]}