{"CLDC":[18.96,19.22],"DEWP":[-11.719999,-11.72],"FRSHTT":[1000000,1000000],"PRCP":[0,0],"SLP":[1005.2001,1005],"SNDP":[0,0],"STP":[1007.77,1007.7601],"TEMP":[-7.19,-7.28],"VISIB":[13.900002,13.780001],"WDSP":[12.58,12.920001],"WNDDIR":[162.5,165],"time":[1549364857,1549364916]}