{"CLDC":[56.65,56.700005],"DEWP":[-9.4800005,-9.660002],"FRSHTT":[1000000,1000000],"PRCP":[0,0],"SLP":[981.55,983.4601],"SNDP":[0,0],"STP":[992.2101,993.07],"TEMP":[-5.3,-5.26],"VISIB":[13.5,13.4],"WDSP":[10.940001,11.059999],"WNDDIR":[339.4,333.5],"time":[1549364858,1549364916]}