{"CLDC":[19.630001,19.560001],"DEWP":[-7.4,-7.5],"FRSHTT":[1000000,1000000],"PRCP":[0,0],"SLP":[1020.49005,1020.7001],"SNDP":[0,0],"STP":[1019.06995,1019.27],"TEMP":[-3.35,-3.1],"VISIB":[12.190001,12.57],"WDSP":[9.84,10.1],"WNDDIR":[224.5,229.3],"time":[1549364858,1549364916]}