{"CLDC":[82.049995],"DEWP":[-9.2],"FRSHTT":[1000000],"PRCP":[0],"SLP":[1001.32996],"SNDP":[0],"STP":[1004.4],"TEMP":[-6.0000005],"VISIB":[14.45],"WDSP":[16.82],"WNDDIR":[294.3],"time":[1549364858]}