{"CLDC":[68.15999,67.979996],"DEWP":[-12.8,-13],"FRSHTT":[1000000,1000000],"PRCP":[0,0],"SLP":[1004.3799,1004.57],"SNDP":[0,0],"STP":[1001.2999,1001.2999],"TEMP":[-8.379999,-8.339999],"VISIB":[14.710001,14.5],"WDSP":[9.059999,9.19],"WNDDIR":[301.4,305.9],"time":[1549364858,1549364916]}