{"CLDC":[13.860001,13.960001],"DEWP":[-16.259998,-16.04],"FRSHTT":[1000000,1000000],"PRCP":[0,0],"SLP":[1007.12,1006.6501],"SNDP":[0,0],"STP":[998.73,998.38995],"TEMP":[-11.200001,-11.24],"VISIB":[13.4,13.18],"WDSP":[11.78,10.96],"WNDDIR":[321.4,321.2],"time":[1549364857,1549364916]}