{"CLDC":[50.02],"DEWP":[-12.259999],"FRSHTT":[1010000],"PRCP":[0],"SLP":[1021.4],"SNDP":[7.7],"STP":[1014.99005],"TEMP":[-7.7],"VISIB":[13.659999],"WDSP":[10.45],"WNDDIR":[111.2],"time":[1549364858]}