{"CLDC":[50.030003],"DEWP":[-9.75],"FRSHTT":[1110000],"PRCP":[0.050000004],"SLP":[1020.2999],"SNDP":[4.4000006],"STP":[994.2999],"TEMP":[-6.000001],"VISIB":[14.780001],"WDSP":[16.79],"WNDDIR":[248.9],"time":[1549364858]}