{"CLDC":[50.309994,50.130005],"DEWP":[-9.76,-9.58],"FRSHTT":[1000000,1000000],"PRCP":[0,0],"SLP":[993.23,993.27],"SNDP":[0,0],"STP":[996.36,996.50995],"TEMP":[-5.6,-5.65],"VISIB":[13.7,13.2300005],"WDSP":[10.62,10.029999],"WNDDIR":[51.2,51.6],"time":[1549364858,1549364916]}