{"CLDC":[71.12,71.299995],"DEWP":[-10.92,-10.88],"FRSHTT":[1100000,1100000],"PRCP":[0.050000004,0.050000004],"SLP":[1020.15,1019.64],"SNDP":[0,0],"STP":[1015.30994,1015.4],"TEMP":[-6.6799994,-6.66],"VISIB":[11.91,12.02],"WDSP":[17.149998,18.75],"WNDDIR":[100.3,99.2],"time":[1549364858,1549364916]}