{"CLDC":[68.15999],"DEWP":[-12.8],"FRSHTT":[1000000],"PRCP":[0],"SLP":[1004.3799],"SNDP":[0],"STP":[1001.2999],"TEMP":[-8.379999],"VISIB":[14.710001],"WDSP":[9.059999],"WNDDIR":[301.4],"time":[1549364858]}