{"CLDC":[62.68],"DEWP":[-7.249999],"FRSHTT":[1000000],"PRCP":[0],"SLP":[1002.44006],"SNDP":[0],"STP":[997.75995],"TEMP":[-3.4800003],"VISIB":[12.7699995],"WDSP":[19.650002],"WNDDIR":[10.1],"time":[1549364857]}