{"CLDC":[2.63,3.2699997],"DEWP":[-23.339998,-22.679998],"FRSHTT":[1000000,1000000],"PRCP":[0,0],"SLP":[1011.00995,1012.9],"SNDP":[0,0],"STP":[1001.02,999.79004],"TEMP":[-17.9,-18.000002],"VISIB":[14.410001,14.910001],"WDSP":[3.3,3.3799996],"WNDDIR":[61.8,61.8],"time":[1549364858,1549364916]}