{"CLDC":[94.64],"DEWP":[-15.200002],"FRSHTT":[1000000],"PRCP":[0],"SLP":[999.5],"SNDP":[0],"STP":[1001.99005],"TEMP":[-11.24],"VISIB":[16.39],"WDSP":[13.31],"WNDDIR":[162.5],"time":[1549364858]}