{"CLDC":[94.64,94.799995],"DEWP":[-15.200002,-15.280001],"FRSHTT":[1000000,1000000],"PRCP":[0,0],"SLP":[999.5,999.5],"SNDP":[0,0],"STP":[1001.99005,1001.91],"TEMP":[-11.24,-11.24],"VISIB":[16.39,16.650002],"WDSP":[13.31,13.860001],"WNDDIR":[162.5,165.1],"time":[1549364858,1549364916]}