{"CLDC":[48.239998],"DEWP":[-10.780001],"FRSHTT":[1000000],"PRCP":[0],"SLP":[1012.68],"SNDP":[0],"STP":[989.86],"TEMP":[-3.8799999],"VISIB":[15.35],"WDSP":[15.030001],"WNDDIR":[64.5],"time":[1549364858]}