{"CLDC":[8.76],"DEWP":[-9.280001],"FRSHTT":[1000000],"PRCP":[0],"SLP":[1012.32],"SNDP":[0],"STP":[999.91003],"TEMP":[-6.0600004],"VISIB":[13.389999],"WDSP":[8.97],"WNDDIR":[138.3],"time":[1549364858]}