{"CLDC":[59.3,59.07],"DEWP":[-13.05,-13.159999],"FRSHTT":[1110000,1110000],"PRCP":[0.019999998,0.019999998],"SLP":[1022.7001,1022.7699],"SNDP":[4.2999997,4.2999997],"STP":[974.5,974.5],"TEMP":[-9.179999,-9.240002],"VISIB":[19.73,19.640001],"WDSP":[16.85,17.61],"WNDDIR":[31.4,24.7],"time":[1549364858,1549364916]}