{"CLDC":[62.78],"DEWP":[-10.049998],"FRSHTT":[1000000],"PRCP":[0],"SLP":[990.0701],"SNDP":[0],"STP":[992.12],"TEMP":[-6.299999],"VISIB":[10.280001],"WDSP":[22.599998],"WNDDIR":[162.9],"time":[1549364858]}