{"CLDC":[24.21,24.239998],"DEWP":[-9.26,-8.94],"FRSHTT":[1000000,1000000],"PRCP":[0,0],"SLP":[1000.43,999.43],"SNDP":[0,0],"STP":[1004.1,1004.9601],"TEMP":[-4.5,-4.44],"VISIB":[13.820002,14.539999],"WDSP":[11.660001,12.21],"WNDDIR":[264.9,264],"time":[1549364858,1549364916]}