{"CLDC":[67.78999],"DEWP":[-5.65],"FRSHTT":[0],"PRCP":[0],"SLP":[1002.14],"SNDP":[0],"STP":[980.4],"TEMP":[1.28],"VISIB":[15.38],"WDSP":[30.919998],"WNDDIR":[99.4],"time":[1549364858]}