{"CLDC":[41.58,41.48],"DEWP":[-11.02,-10.900001],"FRSHTT":[1000000,1000000],"PRCP":[0,0],"SLP":[1003.68,1004.2001],"SNDP":[0,0],"STP":[999.86,999.7101],"TEMP":[-6.8599997,-6.95],"VISIB":[13.229999,13.209999],"WDSP":[8.820001,9.280001],"WNDDIR":[312,314.2],"time":[1549364858,1549364916]}