{"CLDC":[20],"DEWP":[-9.639999],"FRSHTT":[1000000],"PRCP":[0],"SLP":[1009.6501],"SNDP":[0],"STP":[1003.7999],"TEMP":[-6.55],"VISIB":[13.0199995],"WDSP":[10.159999],"WNDDIR":[273.2],"time":[1549364858]}