{"CLDC":[23.100002,22.790003],"DEWP":[-7.45,-7.3599997],"FRSHTT":[1000000,1000000],"PRCP":[0,0],"SLP":[1007.59,1007.4],"SNDP":[0,0],"STP":[1006.1501,1006.6],"TEMP":[-4.68,-4.7499995],"VISIB":[12.240001,12.12],"WDSP":[14.69,14.690001],"WNDDIR":[30.6,27.1],"time":[1549364858,1549364916]}