{"CLDC":[56.03,56.77],"DEWP":[-10.06,-10.280001],"FRSHTT":[1000000,1000000],"PRCP":[0,0],"SLP":[1003.97003,1004.2101],"SNDP":[0,0],"STP":[999.92004,1000.95],"TEMP":[-6.499999,-6.5],"VISIB":[13.780001,13.759999],"WDSP":[16.85,18.710001],"WNDDIR":[142.9,144],"time":[1549364858,1549364917]}