{"CLDC":[15.4],"DEWP":[-11.64],"FRSHTT":[1000000],"PRCP":[0],"SLP":[998.49005],"SNDP":[0],"STP":[999.77997],"TEMP":[-7.7400002],"VISIB":[13.410001],"WDSP":[9.38],"WNDDIR":[191.9],"time":[1549364858]}