{"CLDC":[1.08,0.98999995],"DEWP":[-9.34,-8.9],"FRSHTT":[1000000,1000000],"PRCP":[0,0],"SLP":[994.61,994.59],"SNDP":[0,0],"STP":[995.56995,995.7101],"TEMP":[-6.5200005,-6.6400003],"VISIB":[12.610001,12.839999],"WDSP":[13.05,11.510001],"WNDDIR":[80.4,80.4],"time":[1549364858,1549364916]}