{"CLDC":[14.199999,14.240001],"DEWP":[-7.2600007,-7.2600007],"FRSHTT":[1000000,1000000],"PRCP":[0,0],"SLP":[1021.38995,1021.36],"SNDP":[0,0],"STP":[1031.6901,1031.77],"TEMP":[-3.0800002,-3.0800004],"VISIB":[14.25,14.63],"WDSP":[18.98,18.55],"WNDDIR":[210.1,209.9],"time":[1549364858,1549364916]}