{"CLDC":[45.710003],"DEWP":[-12.869998],"FRSHTT":[1000000],"PRCP":[0],"SLP":[998.11],"SNDP":[0],"STP":[1002.45996],"TEMP":[-10.109999],"VISIB":[14.25],"WDSP":[11.199999],"WNDDIR":[200.6],"time":[1549364858]}