{"CLDC":[29.399998,29.45],"DEWP":[-9.280001,-9.120001],"FRSHTT":[1000000,1000000],"PRCP":[0,0],"SLP":[1002.25,1003.11005],"SNDP":[0,0],"STP":[1004.30994,1004.52997],"TEMP":[-6.46,-6.5800004],"VISIB":[10.34,10.17],"WDSP":[12.53,13.12],"WNDDIR":[79.2,79.9],"time":[1549364858,1549364917]}