{"CLDC":[50.06,50.130005],"DEWP":[-10.7,-10.700001],"FRSHTT":[1100000,1100000],"PRCP":[0.029999997,0.029999997],"SLP":[1020.3499,1020.27],"SNDP":[0,0],"STP":[1017.43994,1017.5],"TEMP":[-5.9799995,-5.8300004],"VISIB":[13.139999,13.55],"WDSP":[10.870001,9.95],"WNDDIR":[357.9,356.2],"time":[1549364858,1549364916]}