{"CLDC":[72.9],"DEWP":[-8.4],"FRSHTT":[1010000],"PRCP":[0],"SLP":[1021.1],"SNDP":[5.7000003],"STP":[1017.25995],"TEMP":[-4.76],"VISIB":[12.840001],"WDSP":[12.160001],"WNDDIR":[109.9],"time":[1549364858]}