{"CLDC":[10.370001,10.2300005],"DEWP":[-10.180001,-9.85],"FRSHTT":[1000000,1000000],"PRCP":[0,0],"SLP":[1019.3,1019.68005],"SNDP":[0,0],"STP":[1013.7301,1014.4199],"TEMP":[-4.86,-4.86],"VISIB":[14.270001,14.209999],"WDSP":[13.93,15.67],"WNDDIR":[151.3,151],"time":[1549364858,1549364916]}