{"CLDC":[41],"DEWP":[-7.4199996],"FRSHTT":[1000000],"PRCP":[0],"SLP":[1005.22003],"SNDP":[0],"STP":[1000.5],"TEMP":[-4.5699997],"VISIB":[12.4800005],"WDSP":[13.910001],"WNDDIR":[241.7],"time":[1549364858]}