{"CLDC":[50.04],"DEWP":[-14.320002],"FRSHTT":[1110000],"PRCP":[0.009999999],"SLP":[1024],"SNDP":[3.7000003],"STP":[974.5],"TEMP":[-10.280001],"VISIB":[15.139999],"WDSP":[16.78],"WNDDIR":[55.7],"time":[1549364858]}