{"CLDC":[80.33,80.56],"DEWP":[-16.28,-16],"FRSHTT":[1100000,1100000],"PRCP":[0.019999998,0.019999998],"SLP":[1021.69006,1021.7001],"SNDP":[0,0],"STP":[1023.39,1023.2101],"TEMP":[-10.839999,-10.659999],"VISIB":[13.840001,14.360001],"WDSP":[5.46,4.7999997],"WNDDIR":[319,316.9],"time":[1549364858,1549364916]}