{"CLDC":[30.75,30.849997],"DEWP":[-13.06,-12.95],"FRSHTT":[1000000,1000000],"PRCP":[0,0],"SLP":[1010.89,1010.7201],"SNDP":[0,0],"STP":[1011.41,1011.2999],"TEMP":[-9.149999,-9.059999],"VISIB":[17.09,16.55],"WDSP":[9.900001,9.56],"WNDDIR":[163.1,166.6],"time":[1549364858,1549364916]}