{"CLDC":[24.21],"DEWP":[-9.26],"FRSHTT":[1000000],"PRCP":[0],"SLP":[1000.43],"SNDP":[0],"STP":[1004.1],"TEMP":[-4.5],"VISIB":[13.820002],"WDSP":[11.660001],"WNDDIR":[264.9],"time":[1549364858]}