{"CLDC":[50.050003,50.359997],"DEWP":[-13.8,-13.5],"FRSHTT":[1110000,1110000],"PRCP":[0.009999999,0.009999999],"SLP":[1022.6,1022.61],"SNDP":[3,3],"STP":[1013.7999,1013.7999],"TEMP":[-10.56,-10.549999],"VISIB":[15.780001,15.520001],"WDSP":[17.469997,18.130001],"WNDDIR":[337.5,337],"time":[1549364858,1549364916]}