{"CLDC":[50.050003],"DEWP":[-13.8],"FRSHTT":[1110000],"PRCP":[0.009999999],"SLP":[1022.6],"SNDP":[3],"STP":[1013.7999],"TEMP":[-10.56],"VISIB":[15.780001],"WDSP":[17.469997],"WNDDIR":[337.5],"time":[1549364858]}