{"CLDC":[61.269997],"DEWP":[-8.4],"FRSHTT":[1110000],"PRCP":[0.039999995],"SLP":[1023.2001],"SNDP":[4],"STP":[1015.62],"TEMP":[-5.45],"VISIB":[14.37],"WDSP":[15.67],"WNDDIR":[254.3],"time":[1549364858]}