{"CLDC":[50.11,50.200005],"DEWP":[-8.7699995,-8.440001],"FRSHTT":[1110000,1110000],"PRCP":[0.029999997,0.029999997],"SLP":[1024.4001,1024.4001],"SNDP":[6.2999997,6.2999997],"STP":[1025.82,1025.8301],"TEMP":[-5.13,-5.680001],"VISIB":[14.68,15.340001],"WDSP":[15.19,16.02],"WNDDIR":[79.5,81],"time":[1549364858,1549364916]}