{"CLDC":[4.8800006,5.18],"DEWP":[-10.309999,-10.590001],"FRSHTT":[1000000,1000000],"PRCP":[0,0],"SLP":[1001.12,1001.19006],"SNDP":[0,0],"STP":[1002,1002.04004],"TEMP":[-8.65,-8.4],"VISIB":[12.08,11.769999],"WDSP":[15.009999,14.57],"WNDDIR":[321.5,324],"time":[1549364858,1549364917]}