{"CLDC":[50.130005,50.260002],"DEWP":[-9.34,-9.240001],"FRSHTT":[1110000,1110000],"PRCP":[0.029999997,0.029999997],"SLP":[1021.2899,1021.16003],"SNDP":[6.0999994,6.0999994],"STP":[990.2001,990.19006],"TEMP":[-5.3199997,-5.48],"VISIB":[17.66,18.26],"WDSP":[15.109999,14.870001],"WNDDIR":[48.7,49.7],"time":[1549364858,1549364917]}