{"CLDC":[27.710001,27.640003],"DEWP":[-9.54,-9.75],"FRSHTT":[1000000,1000000],"PRCP":[0,0],"SLP":[996.32996,995.8499],"SNDP":[0,0],"STP":[990.9699,990.86],"TEMP":[-6.8899994,-7.0399995],"VISIB":[10.719999,10.89],"WDSP":[12.549999,14.129999],"WNDDIR":[10.8,10.7],"time":[1549364858,1549364917]}