{"CLDC":[41,40.879997],"DEWP":[-7.4199996,-7.499999],"FRSHTT":[1000000,1000000],"PRCP":[0,0],"SLP":[1005.22003,1005.36005],"SNDP":[0,0],"STP":[1000.5,1000.5],"TEMP":[-4.5699997,-4.54],"VISIB":[12.4800005,12.06],"WDSP":[13.910001,14.109999],"WNDDIR":[241.7,241.9],"time":[1549364858,1549364917]}