{"CLDC":[50.180004,50.03],"DEWP":[-10.039999,-9.719999],"FRSHTT":[1100000,1100000],"PRCP":[0.050000004,0.050000004],"SLP":[1019.75995,1019.89],"SNDP":[0,0],"STP":[1017.4,1017.4],"TEMP":[-6.1600003,-6.1000004],"VISIB":[12.81,12.450001],"WDSP":[16.61,16.630001],"WNDDIR":[225.8,224.1],"time":[1549364858,1549364917]}