{"CLDC":[79.09,79.119995],"DEWP":[-9.88,-10],"FRSHTT":[1110000,1110000],"PRCP":[0.029999997,0.029999997],"SLP":[1024.2999,1024.2999],"SNDP":[4.5,4.5099998],"STP":[986.55,986.6],"TEMP":[-6.8,-6.4],"VISIB":[15.910001,15.860001],"WDSP":[11.65,11.320002],"WNDDIR":[330.1,334.6],"time":[1549364858,1549364916]}