{"CLDC":[81.56999],"DEWP":[-10.800001],"FRSHTT":[1010000],"PRCP":[0],"SLP":[1016.49005],"SNDP":[1.6000001],"STP":[1014.7999],"TEMP":[-6.750001],"VISIB":[13.360001],"WDSP":[13.179998],"WNDDIR":[16.6],"time":[1549364858]}