{"CLDC":[49.010002],"DEWP":[-12.44],"FRSHTT":[1000000],"PRCP":[0],"SLP":[995.85],"SNDP":[0],"STP":[1000.9],"TEMP":[-8.86],"VISIB":[13.460001],"WDSP":[7.410001],"WNDDIR":[279.8],"time":[1549364858]}