{"CLDC":[79.09],"DEWP":[-9.88],"FRSHTT":[1110000],"PRCP":[0.029999997],"SLP":[1024.2999],"SNDP":[4.5],"STP":[986.55],"TEMP":[-6.8],"VISIB":[15.910001],"WDSP":[11.65],"WNDDIR":[330.1],"time":[1549364858]}