{"CLDC":[50.04],"DEWP":[-8.5],"FRSHTT":[1010000],"PRCP":[0],"SLP":[1020.9],"SNDP":[5.5],"STP":[1022.85],"TEMP":[-4.5600004],"VISIB":[12.38],"WDSP":[11.119999],"WNDDIR":[239.3],"time":[1549364858]}