{"CLDC":[37.359993],"DEWP":[-9.379999],"FRSHTT":[1000000],"PRCP":[0],"SLP":[996.5499],"SNDP":[0],"STP":[1004.81995],"TEMP":[-5.61],"VISIB":[13.88],"WDSP":[10.51],"WNDDIR":[24.5],"time":[1549364858]}