{"CLDC":[31.1,31.140003],"DEWP":[-9.2,-9.200001],"FRSHTT":[1000000,1000000],"PRCP":[0,0],"SLP":[995.2101,996.2],"SNDP":[0,0],"STP":[996.09,995.9],"TEMP":[-5.76,-5.8500004],"VISIB":[12.750001,13.290001],"WDSP":[19.6,20.130001],"WNDDIR":[110.5,110.1],"time":[1549364858,1549364916]}