{"CLDC":[50.030003],"DEWP":[-9.1],"FRSHTT":[1110000],"PRCP":[0.019999998],"SLP":[1023.6],"SNDP":[1.8999999],"STP":[1002.82],"TEMP":[-5.48],"VISIB":[15.339999],"WDSP":[17.929998],"WNDDIR":[320.5],"time":[1549364858]}