{"CLDC":[80.33],"DEWP":[-16.28],"FRSHTT":[1100000],"PRCP":[0.019999998],"SLP":[1021.69006],"SNDP":[0],"STP":[1023.39],"TEMP":[-10.839999],"VISIB":[13.840001],"WDSP":[5.46],"WNDDIR":[319],"time":[1549364858]}