{"CLDC":[59.3],"DEWP":[-13.05],"FRSHTT":[1110000],"PRCP":[0.019999998],"SLP":[1022.7001],"SNDP":[4.2999997],"STP":[974.5],"TEMP":[-9.179999],"VISIB":[19.73],"WDSP":[16.85],"WNDDIR":[31.4],"time":[1549364858]}