{"CLDC":[10.97,11.049999],"DEWP":[-10.049999,-9.98],"FRSHTT":[1000000,1000000],"PRCP":[0,0],"SLP":[1013.6,1013.54004],"SNDP":[0,0],"STP":[1016.2101,1016.1],"TEMP":[-6.9,-6.899999],"VISIB":[13.9,13.660001],"WDSP":[15.81,15.440001],"WNDDIR":[342.6,344.5],"time":[1549364858,1549364916]}