{"CLDC":[99.340004,99.11999],"DEWP":[-11.5199995,-11.280001],"FRSHTT":[1000000,1000000],"PRCP":[0,0],"SLP":[1006.4801,1007.3799],"SNDP":[0,0],"STP":[1001.05994,1001.39],"TEMP":[-8.3,-8.299999],"VISIB":[10.900001,10.629999],"WDSP":[10.589999,10.54],"WNDDIR":[6,8],"time":[1549364858,1549364917]}