{"CLDC":[41.58],"DEWP":[-11.02],"FRSHTT":[1000000],"PRCP":[0],"SLP":[1003.68],"SNDP":[0],"STP":[999.86],"TEMP":[-6.8599997],"VISIB":[13.229999],"WDSP":[8.820001],"WNDDIR":[312],"time":[1549364858]}