{"CLDC":[50.130005],"DEWP":[-9.34],"FRSHTT":[1110000],"PRCP":[0.029999997],"SLP":[1021.2899],"SNDP":[6.0999994],"STP":[990.2001],"TEMP":[-5.3199997],"VISIB":[17.66],"WDSP":[15.109999],"WNDDIR":[48.7],"time":[1549364858]}