{"CLDC":[27.710001],"DEWP":[-9.54],"FRSHTT":[1000000],"PRCP":[0],"SLP":[996.32996],"SNDP":[0],"STP":[990.9699],"TEMP":[-6.8899994],"VISIB":[10.719999],"WDSP":[12.549999],"WNDDIR":[10.8],"time":[1549364858]}