{"CLDC":[72.9,72.81],"DEWP":[-8.4,-8.199999],"FRSHTT":[1010000,1010000],"PRCP":[0,0],"SLP":[1021.1,1021.2001],"SNDP":[5.7000003,5.7999997],"STP":[1017.25995,1017.27997],"TEMP":[-4.76,-4.6],"VISIB":[12.840001,12.910001],"WDSP":[12.160001,12.760001],"WNDDIR":[109.9,110.6],"time":[1549364858,1549364917]}