{"CLDC":[7.6799994],"DEWP":[-7.3000007],"FRSHTT":[1000000],"PRCP":[0],"SLP":[1005.17004],"SNDP":[0],"STP":[1003.64],"TEMP":[-2.26],"VISIB":[14.62],"WDSP":[10.46],"WNDDIR":[300.5],"time":[1549364858]}