{"CLDC":[81.56999,81.2],"DEWP":[-10.800001,-11.180001],"FRSHTT":[1010000,1010000],"PRCP":[0,0],"SLP":[1016.49005,1016.2999],"SNDP":[1.6000001,1.6000001],"STP":[1014.7999,1014.6],"TEMP":[-6.750001,-6.750001],"VISIB":[13.360001,13.219999],"WDSP":[13.179998,13.559999],"WNDDIR":[16.6,16.8],"time":[1549364858,1549364917]}