{"CLDC":[29.399998],"DEWP":[-9.280001],"FRSHTT":[1000000],"PRCP":[0],"SLP":[1002.25],"SNDP":[0],"STP":[1004.30994],"TEMP":[-6.46],"VISIB":[10.34],"WDSP":[12.53],"WNDDIR":[79.2],"time":[1549364858]}