{"CLDC":[68.89,68.73],"DEWP":[-10.519999,-10.6],"FRSHTT":[1000000,1000000],"PRCP":[0,0],"SLP":[1010,1010.55994],"SNDP":[0,0],"STP":[1009.9699,1009.82996],"TEMP":[-7,-7.12],"VISIB":[11.81,11.69],"WDSP":[9.36,9.62],"WNDDIR":[232.3,231.4],"time":[1549364858,1549364917]}