{"CLDC":[88.14,88.33],"DEWP":[-9.139999,-8.96],"FRSHTT":[1100000,1100000],"PRCP":[0.009999999,0.009999999],"SLP":[1021.6,1021.4],"SNDP":[0,0],"STP":[1008.68994,1009.55],"TEMP":[-5.18,-5.11],"VISIB":[13.5,12.16],"WDSP":[13.740001,14.870001],"WNDDIR":[27,28.5],"time":[1549364858,1549364917]}