{"CLDC":[80.450005,80.65],"DEWP":[-11.160002,-10.88],"FRSHTT":[1100000,1100000],"PRCP":[0.009999999,0.009999999],"SLP":[1020.4,1020.45],"SNDP":[0,0],"STP":[1024.24,1024.26],"TEMP":[-6.6800003,-6.65],"VISIB":[13.129999,12.9],"WDSP":[14.5199995,14.889999],"WNDDIR":[305,303.6],"time":[1549364858,1549364916]}