{"CLDC":[53.98],"DEWP":[-9.199999],"FRSHTT":[1000000],"PRCP":[0],"SLP":[988.50995],"SNDP":[0],"STP":[995],"TEMP":[-4.82],"VISIB":[12.4800005],"WDSP":[8.72],"WNDDIR":[153.2],"time":[1549364858]}