{"CLDC":[56.359997,56.27],"DEWP":[-6.95,-6.95],"FRSHTT":[1000000,1000000],"PRCP":[0,0],"SLP":[1007.57,1007.50995],"SNDP":[0,0],"STP":[1008.95996,1009.0199],"TEMP":[-4.23,-4.41],"VISIB":[12.320001,13.039999],"WDSP":[10.699999,10.52],"WNDDIR":[167.3,169.1],"time":[1549364858,1549364917]}