{"CLDC":[3.3899999,3.56],"DEWP":[-13.520001,-13.850001],"FRSHTT":[1000000,1000000],"PRCP":[0,0],"SLP":[992.08997,992.1],"SNDP":[0,0],"STP":[1000.4,1000.4],"TEMP":[-11.299999,-11.299999],"VISIB":[13.579999,13.400002],"WDSP":[9.059999,8.94],"WNDDIR":[180.6,181.7],"time":[1549364858,1549364917]}