{"CLDC":[1.08],"DEWP":[-9.34],"FRSHTT":[1000000],"PRCP":[0],"SLP":[994.61],"SNDP":[0],"STP":[995.56995],"TEMP":[-6.5200005],"VISIB":[12.610001],"WDSP":[13.05],"WNDDIR":[80.4],"time":[1549364858]}