{"CLDC":[50.06,50.010002],"DEWP":[-10.54,-10.700001],"FRSHTT":[1110000,1110000],"PRCP":[0.009999999,0.009999999],"SLP":[1024.51,1024.5],"SNDP":[2,2],"STP":[1020.4899,1020.95],"TEMP":[-6.45,-6.35],"VISIB":[38.409996,38.71],"WDSP":[6.1,5.63],"WNDDIR":[247.3,250.3],"time":[1549364858,1549364917]}