{"CLDC":[50.04,50.289997],"DEWP":[-12.749998,-12.149999],"FRSHTT":[1110000,1110000],"PRCP":[0.07999999,0.07999999],"SLP":[1022.5,1022.52997],"SNDP":[0.8000001,0.8000001],"STP":[921.65,921.65],"TEMP":[-6.4,-6.44],"VISIB":[25.090002,25.59],"WDSP":[17.67,15.37],"WNDDIR":[132.6,134.9],"time":[1549364858,1549364917]}