{"CLDC":[50.13,50.07],"DEWP":[-11.459999,-11.549999],"FRSHTT":[1100000,1100000],"PRCP":[0.009999999,0.009999999],"SLP":[1009.2999,1009.18],"SNDP":[0,0],"STP":[1010.93,1010.9601],"TEMP":[-8.18,-8.22],"VISIB":[15.81,15.42],"WDSP":[16.51,17.289999],"WNDDIR":[227.6,229.7],"time":[1549364858,1549364917]}