{"CLDC":[17.55],"DEWP":[-14.159999],"FRSHTT":[1000000],"PRCP":[0],"SLP":[1012.23],"SNDP":[0],"STP":[1007.55],"TEMP":[-7.1],"VISIB":[22.670002],"WDSP":[17.050001],"WNDDIR":[253],"time":[1549364858]}