{"CLDC":[53.75],"DEWP":[-11.179999],"FRSHTT":[1110000],"PRCP":[0.07],"SLP":[1022.7999],"SNDP":[3.4],"STP":[900.77997],"TEMP":[-5.79],"VISIB":[38.110004],"WDSP":[10.03],"WNDDIR":[115.1],"time":[1549364858]}