{"CLDC":[20.38,20.339998],"DEWP":[-8.2300005,-8.450001],"FRSHTT":[1000000,1000000],"PRCP":[0,0],"SLP":[990.67004,989.70996],"SNDP":[0,0],"STP":[998.32,998.4],"TEMP":[-5.3,-5.1],"VISIB":[11.940001,11.800001],"WDSP":[8.7699995,8.9],"WNDDIR":[144.9,144.5],"time":[1549364858,1549364917]}