{"CLDC":[76.99],"DEWP":[-13.250002],"FRSHTT":[1110000],"PRCP":[0.009999999],"SLP":[1023.6],"SNDP":[2.2999997],"STP":[1022.55994],"TEMP":[-9.8],"VISIB":[19.96],"WDSP":[15.26],"WNDDIR":[115.5],"time":[1549364858]}