{"CLDC":[20.38],"DEWP":[-8.2300005],"FRSHTT":[1000000],"PRCP":[0],"SLP":[990.67004],"SNDP":[0],"STP":[998.32],"TEMP":[-5.3],"VISIB":[11.940001],"WDSP":[8.7699995],"WNDDIR":[144.9],"time":[1549364858]}