{"CLDC":[50.13],"DEWP":[-11.459999],"FRSHTT":[1100000],"PRCP":[0.009999999],"SLP":[1009.2999],"SNDP":[0],"STP":[1010.93],"TEMP":[-8.18],"VISIB":[15.81],"WDSP":[16.51],"WNDDIR":[227.6],"time":[1549364858]}