{"CLDC":[36.899994,37.02],"DEWP":[-10.839999,-10.48],"FRSHTT":[1000000,1000000],"PRCP":[0,0],"SLP":[1022.69006,1022.50995],"SNDP":[0,0],"STP":[1010.91003,1011.2399],"TEMP":[-6.3300004,-6.4],"VISIB":[14.469999,14.76],"WDSP":[8.01,7.7700005],"WNDDIR":[75.2,77],"time":[1549364858,1549364917]}