{"CLDC":[50.04],"DEWP":[-12.749998],"FRSHTT":[1110000],"PRCP":[0.07999999],"SLP":[1022.5],"SNDP":[0.8000001],"STP":[921.65],"TEMP":[-6.4],"VISIB":[25.090002],"WDSP":[17.67],"WNDDIR":[132.6],"time":[1549364858]}