{"CLDC":[50.32,50.190002],"DEWP":[-11.369999,-11.259998],"FRSHTT":[1110000,1110000],"PRCP":[0.019999998,0.019999998],"SLP":[1019.7001,1019.7999],"SNDP":[0.5,0.5],"STP":[952.6,952.6],"TEMP":[-4.37,-4.28],"VISIB":[40.649998,41.309998],"WDSP":[15.92,16.800001],"WNDDIR":[322.4,325.9],"time":[1549364858,1549364917]}