{"CLDC":[3.5900002],"DEWP":[-8.7],"FRSHTT":[1000000],"PRCP":[0],"SLP":[994.7699],"SNDP":[0],"STP":[982.72003],"TEMP":[-6.0999994],"VISIB":[16.199999],"WDSP":[16.83],"WNDDIR":[314.1],"time":[1549364858]}