{"CLDC":[50.02],"DEWP":[-11.44],"FRSHTT":[1110000],"PRCP":[0.029999997],"SLP":[1023.6],"SNDP":[1.3999999],"STP":[975.6],"TEMP":[-6.9],"VISIB":[23.12],"WDSP":[17.539999],"WNDDIR":[268.6],"time":[1549364858]}