{"CLDC":[36.899994],"DEWP":[-10.839999],"FRSHTT":[1000000],"PRCP":[0],"SLP":[1022.69006],"SNDP":[0],"STP":[1010.91003],"TEMP":[-6.3300004],"VISIB":[14.469999],"WDSP":[8.01],"WNDDIR":[75.2],"time":[1549364858]}