{"CLDC":[50.06],"DEWP":[-10.54],"FRSHTT":[1110000],"PRCP":[0.009999999],"SLP":[1024.51],"SNDP":[2],"STP":[1020.4899],"TEMP":[-6.45],"VISIB":[38.409996],"WDSP":[6.1],"WNDDIR":[247.3],"time":[1549364858]}