{"CLDC":[91.490005],"DEWP":[-14.45],"FRSHTT":[1000000],"PRCP":[0],"SLP":[998.18005],"SNDP":[0],"STP":[999.45996],"TEMP":[-12.560001],"VISIB":[15.87],"WDSP":[15.770001],"WNDDIR":[323.2],"time":[1549364859]}