{"CLDC":[63.27],"DEWP":[-36.25],"FRSHTT":[1110000],"PRCP":[0.009999999],"SLP":[1034.72],"SNDP":[1.3999999],"STP":[1025.37],"TEMP":[-30.960001],"VISIB":[20.6],"WDSP":[6.8199997],"WNDDIR":[296.1],"time":[1549364859]}