{"CLDC":[11.440001,11.679998],"DEWP":[-15.339998,-15.5],"FRSHTT":[1000000,1000000],"PRCP":[0,0],"SLP":[1024.32,1024.3701],"SNDP":[0,0],"STP":[1015.62,1015.65],"TEMP":[-12.68,-12.55],"VISIB":[14.820002,14.469999],"WDSP":[7.47,7.25],"WNDDIR":[164.3,166.7],"time":[1549364859,1549364917]}