{"CLDC":[21.320002,21.399998],"DEWP":[-5.7200003,-5.8000007],"FRSHTT":[1000000,1000000],"PRCP":[0,0],"SLP":[1016.2101,1016.05994],"SNDP":[0,0],"STP":[1009.14,1009.7],"TEMP":[-2.3799999,-2.3599997],"VISIB":[12.9,13.33],"WDSP":[20.460001,19.24],"WNDDIR":[157.4,152.7],"time":[1549364859,1549364917]}