{"CLDC":[50.120007],"DEWP":[-14.450002],"FRSHTT":[1010000],"PRCP":[0],"SLP":[1021.1],"SNDP":[3.5],"STP":[928.37],"TEMP":[-8.27],"VISIB":[33.4],"WDSP":[15.029999],"WNDDIR":[52.6],"time":[1549364859]}