{"CLDC":[0.39000002,0.49],"DEWP":[-14.599998,-14.899999],"FRSHTT":[1000000,1000000],"PRCP":[0,0],"SLP":[1006.61,1006.7001],"SNDP":[0,0],"STP":[1022.8999,1024.6799],"TEMP":[-12.950002,-12.850001],"VISIB":[9.259999,8.51],"WDSP":[6.350001,6.4700003],"WNDDIR":[225.9,227.6],"time":[1549364859,1549364917]}