{"CLDC":[80.159996,80.380005],"DEWP":[-10.4800005,-10.719999],"FRSHTT":[1000000,1000000],"PRCP":[0,0],"SLP":[1023.5,1023.5],"SNDP":[0,0],"STP":[1019.32,1020.02997],"TEMP":[-4.34,-4.6400003],"VISIB":[22.819998,23.03],"WDSP":[15.93,13.7300005],"WNDDIR":[209,210.4],"time":[1549364859,1549364917]}