{"CLDC":[50.200005,50.42],"DEWP":[-13.699999,-13.869998],"FRSHTT":[1010000,1010000],"PRCP":[0,0],"SLP":[1024.7999,1024.7699],"SNDP":[3.2999997,3.2999997],"STP":[1007.86,1007.5],"TEMP":[-9.999999,-9.849999],"VISIB":[26.220001,26.75],"WDSP":[6.5700006,6.2400002],"WNDDIR":[161.4,162.9],"time":[1549364859,1549364917]}