{"CLDC":[59.190002,59.49],"DEWP":[-10.66,-10.55],"FRSHTT":[1000000,1000000],"PRCP":[0,0],"SLP":[1005.09,1006.52],"SNDP":[0,0],"STP":[1001.75,1001.7],"TEMP":[-6.18,-6.12],"VISIB":[31.5,31.029999],"WDSP":[21.740002,23.670002],"WNDDIR":[122.3,125.5],"time":[1549364859,1549364917]}