{"CLDC":[21.320002],"DEWP":[-5.7200003],"FRSHTT":[1000000],"PRCP":[0],"SLP":[1016.2101],"SNDP":[0],"STP":[1009.14],"TEMP":[-2.3799999],"VISIB":[12.9],"WDSP":[20.460001],"WNDDIR":[157.4],"time":[1549364859]}