{"CLDC":[56.5,56.210003],"DEWP":[-10.119999,-10.819999],"FRSHTT":[1110000,1110000],"PRCP":[0.029999997,0.029999997],"SLP":[1025.7001,1025.7001],"SNDP":[2.3999999,2.3999999],"STP":[1028.4099,1028.1099],"TEMP":[-6.1600003,-5.9799995],"VISIB":[25.17,25.23],"WDSP":[8.52,8.469999],"WNDDIR":[47.3,43.9],"time":[1549364859,1549364917]}