{"CLDC":[84.53999],"DEWP":[-12.299999],"FRSHTT":[1110000],"PRCP":[0.019999998],"SLP":[1021.4],"SNDP":[1.8999999],"STP":[913.1],"TEMP":[-5.2599998],"VISIB":[33.48],"WDSP":[21.27],"WNDDIR":[231.4],"time":[1549364859]}