{"CLDC":[12.46,12.440001],"DEWP":[-14.799998,-14.8],"FRSHTT":[1000000,1000000],"PRCP":[0,0],"SLP":[1005.16003,1005],"SNDP":[0,0],"STP":[995.99005,995.52997],"TEMP":[-6.6400003,-6.62],"VISIB":[32.110004,31.38],"WDSP":[10.19,10.83],"WNDDIR":[113.4,114.5],"time":[1549364859,1549364917]}