{"CLDC":[81.61999],"DEWP":[-9.85],"FRSHTT":[1010000],"PRCP":[0],"SLP":[1024.7001],"SNDP":[1.6000001],"STP":[1020.07],"TEMP":[-6.17],"VISIB":[25.18],"WDSP":[10.35],"WNDDIR":[85],"time":[1549364859]}