{"CLDC":[84.619995,84.72],"DEWP":[-5.9399996,-6.0599995],"FRSHTT":[1010000,1010000],"PRCP":[0,0],"SLP":[1029.9801,1030.0999],"SNDP":[3.2999997,3.2999997],"STP":[1064.6599,1065.6699],"TEMP":[-2.3999999,-2.3999999],"VISIB":[29.829998,30.090002],"WDSP":[5.7999997,5.6900005],"WNDDIR":[37.9,38.7],"time":[1549364859,1549364917]}