{"CLDC":[81.61999,81.63],"DEWP":[-9.85,-10.180001],"FRSHTT":[1010000,1010000],"PRCP":[0,0],"SLP":[1024.7001,1024.7001],"SNDP":[1.6000001,1.6000001],"STP":[1020.07,1019.5701],"TEMP":[-6.17,-6.1600003],"VISIB":[25.18,25.34],"WDSP":[10.35,10.910001],"WNDDIR":[85,87.2],"time":[1549364859,1549364917]}