{"CLDC":[50.190002],"DEWP":[-8.309999],"FRSHTT":[1010000],"PRCP":[0],"SLP":[1023.1],"SNDP":[0.29999998],"STP":[947.2999],"TEMP":[-3.06],"VISIB":[26.24],"WDSP":[11.509999],"WNDDIR":[108.9],"time":[1549364859]}