{"CLDC":[50.160004],"DEWP":[-6.299999],"FRSHTT":[1100000],"PRCP":[0.25],"SLP":[1020.43],"SNDP":[0],"STP":[1004.80994],"TEMP":[-4.6599994],"VISIB":[9.570001],"WDSP":[8.0199995],"WNDDIR":[43.7],"time":[1549364859]}