{"CLDC":[50.160004,50.299995],"DEWP":[-6.299999,-6.3499994],"FRSHTT":[1100000,1100000],"PRCP":[0.25,0.25],"SLP":[1020.43,1020.5],"SNDP":[0,0],"STP":[1004.80994,1004.80994],"TEMP":[-4.6599994,-4.6600003],"VISIB":[9.570001,8.589999],"WDSP":[8.0199995,8.539999],"WNDDIR":[43.7,41.3],"time":[1549364859,1549364917]}