{"CLDC":[94.91001,95.15999],"DEWP":[-9.500001,-9.1],"FRSHTT":[1000000,1000000],"PRCP":[0,0],"SLP":[1005.83997,1005.72003],"SNDP":[0,0],"STP":[992.7999,991.32],"TEMP":[-6.0200005,-6.020001],"VISIB":[16.119999,15.9800005],"WDSP":[0.89000005,1.01],"WNDDIR":[39.5,38.6],"time":[1549364859,1549364917]}