{"CLDC":[50.220005],"DEWP":[-0.21999998],"FRSHTT":[100000],"PRCP":[0.13],"SLP":[1021.24005],"SNDP":[0],"STP":[1025.7501],"TEMP":[1.8599999],"VISIB":[12.5199995],"WDSP":[4.2700005],"WNDDIR":[202.9],"time":[1549364859]}