{"CLDC":[91.63,91.43001],"DEWP":[-5.1600003,-5.25],"FRSHTT":[1110000,1110000],"PRCP":[0.019999998,0.019999998],"SLP":[1022.9,1022.9],"SNDP":[1.8,1.8],"STP":[969.9,969.9],"TEMP":[-1.24,-1.2499999],"VISIB":[21.72,21.77],"WDSP":[11.909999,12.41],"WNDDIR":[183.2,187],"time":[1549364859,1549364917]}