{"CLDC":[50.289997,50.160004],"DEWP":[-8.199999,-7.91],"FRSHTT":[1010000,1010000],"PRCP":[0,0],"SLP":[1023,1022.95],"SNDP":[0.40000004,0.40000004],"STP":[897.2001,897.2001],"TEMP":[-4.5000005,-4.45],"VISIB":[33.42,33.16],"WDSP":[8.65,8.51],"WNDDIR":[316.6,317.1],"time":[1549364859,1549364917]}