{"CLDC":[78.950005,78.71001],"DEWP":[-6.2,-5.9],"FRSHTT":[1100000,1100000],"PRCP":[0.21000001,0.21000001],"SLP":[1017,1017.1],"SNDP":[0,0],"STP":[1052.3601,1052.2999],"TEMP":[-2.7000003,-2.7000003],"VISIB":[15.1,15.12],"WDSP":[6.84,7.0299997],"WNDDIR":[300.1,303.5],"time":[1549364859,1549364917]}