{"CLDC":[50.180004,50.08],"DEWP":[-7.299999,-7.5999994],"FRSHTT":[1110000,1110000],"PRCP":[0.009999999,0.009999999],"SLP":[1024,1024],"SNDP":[0.5,0.5],"STP":[964.2899,964.4],"TEMP":[-3.06,-3.0700002],"VISIB":[32.730003,32.440002],"WDSP":[12.629999,13.370001],"WNDDIR":[248.2,251.4],"time":[1549364859,1549364917]}