{"CLDC":[63.370003,63.690002],"DEWP":[-7.0199995,-7.09],"FRSHTT":[1000000,1000000],"PRCP":[0,0],"SLP":[991.6799,990.47986],"SNDP":[0,0],"STP":[1012.61,1012.36],"TEMP":[-3.8700001,-3.8499997],"VISIB":[15.43,15.460001],"WDSP":[11.6,10.39],"WNDDIR":[100.7,98.8],"time":[1549364859,1549364917]}