{"CLDC":[72.799995,72.78],"DEWP":[-8.36,-8.42],"FRSHTT":[1000000,1000000],"PRCP":[0,0],"SLP":[1028.6702,1025.9099],"SNDP":[0,0],"STP":[1018.2699,1017.8],"TEMP":[-3.5399997,-3.52],"VISIB":[16.039999,15.410001],"WDSP":[14.410001,14.31],"WNDDIR":[286.3,286.7],"time":[1549364859,1549364917]}