{"CLDC":[50.399998,50.56],"DEWP":[-13.2,-13.2],"FRSHTT":[1010000,1010000],"PRCP":[0,0],"SLP":[1030.9001,1030.9001],"SNDP":[7,7],"STP":[880.6,880.6],"TEMP":[-10.639999,-10.49],"VISIB":[28.85,26.95],"WDSP":[5.7699995,5.17],"WNDDIR":[313.7,315.2],"time":[1549364859,1549364917]}