{"CLDC":[50.289997],"DEWP":[-8.199999],"FRSHTT":[1010000],"PRCP":[0],"SLP":[1023],"SNDP":[0.40000004],"STP":[897.2001],"TEMP":[-4.5000005],"VISIB":[33.42],"WDSP":[8.65],"WNDDIR":[316.6],"time":[1549364859]}