{"CLDC":[76.490005,76.53],"DEWP":[-8.94,-9.159999],"FRSHTT":[1000000,1000000],"PRCP":[0,0],"SLP":[1026.9001,1026.9001],"SNDP":[0,0],"STP":[1018.4,1018.64],"TEMP":[-4.14,-4.2],"VISIB":[14.55,14.780001],"WDSP":[7.63,8.209999],"WNDDIR":[253.8,253.4],"time":[1549364859,1549364917]}