{"CLDC":[94.91001],"DEWP":[-9.500001],"FRSHTT":[1000000],"PRCP":[0],"SLP":[1005.83997],"SNDP":[0],"STP":[992.7999],"TEMP":[-6.0200005],"VISIB":[16.119999],"WDSP":[0.89000005],"WNDDIR":[39.5],"time":[1549364859]}