{"CLDC":[60.32,60.419994],"DEWP":[-5.8999996,-5.7999997],"FRSHTT":[1100000,1100000],"PRCP":[0.009999999,0.009999999],"SLP":[1024.0999,1024],"SNDP":[0,0],"STP":[1035.9,1035.49],"TEMP":[-1.8399999,-1.8499998],"VISIB":[13.719999,13.31],"WDSP":[10.78,11.089999],"WNDDIR":[173.1,171.4],"time":[1549364859,1549364917]}