{"CLDC":[58.930004],"DEWP":[-3.85],"FRSHTT":[0],"PRCP":[0],"SLP":[1009.7601],"SNDP":[0],"STP":[991.4],"TEMP":[0.53999996],"VISIB":[22.55],"WDSP":[26.99],"WNDDIR":[48.4],"time":[1549364859]}