{"CLDC":[1.49,1.43],"DEWP":[2.31,2.25],"FRSHTT":[0,0],"PRCP":[0,0],"SLP":[1015.9,1015.9],"SNDP":[0,0],"STP":[990.5801,990.00995],"TEMP":[4.52,4.6700006],"VISIB":[14.660001,14.129999],"WDSP":[16.080002,16.26],"WNDDIR":[82.1,82],"time":[1549364859,1549364917]}