{"CLDC":[81.93001,81.56],"DEWP":[-0.85,-1.03],"FRSHTT":[100000,100000],"PRCP":[0.050000004,0.050000004],"SLP":[1020.7899,1020.63],"SNDP":[0,0],"STP":[1021.62,1021.86005],"TEMP":[1.6200001,1.56],"VISIB":[13.890001,14.19],"WDSP":[6.589999,6.5799994],"WNDDIR":[266.7,265.1],"time":[1549364859,1549364917]}