{"CLDC":[77.90001],"DEWP":[-4.64],"FRSHTT":[1110000],"PRCP":[0.029999997],"SLP":[1023.66003],"SNDP":[0.20000002],"STP":[1026.2799],"TEMP":[-0.59999996],"VISIB":[20.86],"WDSP":[8.17],"WNDDIR":[252.5],"time":[1549364859]}