{"CLDC":[50.899998],"DEWP":[-3.1400003],"FRSHTT":[110000],"PRCP":[0.09000001],"SLP":[1020.6],"SNDP":[0.20000002],"STP":[1012.7001],"TEMP":[0.36],"VISIB":[23.409998],"WDSP":[10.2300005],"WNDDIR":[178.4],"time":[1549364859]}