{"CLDC":[54.96,55.43],"DEWP":[-0.5,-0.33999997],"FRSHTT":[0,0],"PRCP":[0,0],"SLP":[999.4,999.4],"SNDP":[0,0],"STP":[1002.1,1002.2001],"TEMP":[3.6399999,3.6799996],"VISIB":[40.99,42.549995],"WDSP":[12.179999,13.2],"WNDDIR":[13.2,11.1],"time":[1549364859,1549364917]}