{"CLDC":[58.930004,58.55],"DEWP":[-3.85,-3.8800004],"FRSHTT":[0,0],"PRCP":[0,0],"SLP":[1009.7601,1008.48],"SNDP":[0,0],"STP":[991.4,991.36],"TEMP":[0.53999996,0.58],"VISIB":[22.55,21.710001],"WDSP":[26.99,26.779999],"WNDDIR":[48.4,42.2],"time":[1549364859,1549364918]}