{"CLDC":[98.71001,98.39001],"DEWP":[-2.9600003,-2.72],"FRSHTT":[100000,100000],"PRCP":[0.050000004,0.050000004],"SLP":[1020,1020],"SNDP":[0,0],"STP":[1018.9,1018.9],"TEMP":[1.34,1.44],"VISIB":[26.670002,26.279999],"WDSP":[14.55,14.07],"WNDDIR":[48.4,53.6],"time":[1549364859,1549364918]}