{"CLDC":[65.659996,65.43],"DEWP":[-2.3300002,-2.0600002],"FRSHTT":[100000,100000],"PRCP":[0.050000004,0.050000004],"SLP":[1001.9,1001.89],"SNDP":[0,0],"STP":[1006.2,1006.45996],"TEMP":[1.04,1.0699999],"VISIB":[19.25,20.189999],"WDSP":[8.929999,8.67],"WNDDIR":[165.6,164.4],"time":[1549364859,1549364918]}