{"CLDC":[82.81],"DEWP":[-2.0000002],"FRSHTT":[110000],"PRCP":[0.07999999],"SLP":[1020.9],"SNDP":[0.10000001],"STP":[1007.2001],"TEMP":[0.58],"VISIB":[16.89],"WDSP":[10.24],"WNDDIR":[167.7],"time":[1549364859]}