{"CLDC":[65.659996],"DEWP":[-2.3300002],"FRSHTT":[100000],"PRCP":[0.050000004],"SLP":[1001.9],"SNDP":[0],"STP":[1006.2],"TEMP":[1.04],"VISIB":[19.25],"WDSP":[8.929999],"WNDDIR":[165.6],"time":[1549364859]}