{"CLDC":[32.590004],"DEWP":[0.3],"FRSHTT":[0],"PRCP":[0],"SLP":[1017.19006],"SNDP":[0],"STP":[1019.1],"TEMP":[3.8200002],"VISIB":[16.419998],"WDSP":[14.24],"WNDDIR":[174],"time":[1549364859]}