{"CLDC":[50.080006],"DEWP":[-0.64000005],"FRSHTT":[100000],"PRCP":[0.059999995],"SLP":[1019.12],"SNDP":[0],"STP":[1026.1799],"TEMP":[2.0800002],"VISIB":[14.56],"WDSP":[5.1499996],"WNDDIR":[90.5],"time":[1549364859]}