{"CLDC":[50.899998,50.22],"DEWP":[-3.1400003,-3.4699998],"FRSHTT":[110000,110000],"PRCP":[0.09000001,0.09000001],"SLP":[1020.6,1020.5],"SNDP":[0.20000002,0.20000002],"STP":[1012.7001,1012.7001],"TEMP":[0.36,0.33999997],"VISIB":[23.409998,23.89],"WDSP":[10.2300005,9.129999],"WNDDIR":[178.4,175],"time":[1549364859,1549364917]}