{"CLDC":[50.080006,50.42],"DEWP":[-0.64000005,-0.7000001],"FRSHTT":[100000,100000],"PRCP":[0.059999995,0.059999995],"SLP":[1019.12,1019.36],"SNDP":[0,0],"STP":[1026.1799,1026.11],"TEMP":[2.0800002,2.0499997],"VISIB":[14.56,14.15],"WDSP":[5.1499996,5.5099998],"WNDDIR":[90.5,91.1],"time":[1549364859,1549364917]}