{"CLDC":[82.81,82.39],"DEWP":[-2.0000002,-2.0000002],"FRSHTT":[110000,110000],"PRCP":[0.07999999,0.07999999],"SLP":[1020.9,1020.9],"SNDP":[0.10000001,0.10000001],"STP":[1007.2001,1007.2999],"TEMP":[0.58,0.53999996],"VISIB":[16.89,16.77],"WDSP":[10.24,8.7],"WNDDIR":[167.7,168.4],"time":[1549364859,1549364917]}