{"CLDC":[50.050003,50.030003],"DEWP":[1.02,1.18],"FRSHTT":[100000,100000],"PRCP":[0.09000001,0.09000001],"SLP":[1018.7999,1018.7999],"SNDP":[0,0],"STP":[1017.13995,1017.2001],"TEMP":[4.88,4.88],"VISIB":[14.75,14.49],"WDSP":[14.37,14.840001],"WNDDIR":[49.7,47.8],"time":[1549364859,1549364917]}