{"CLDC":[50.120003,50.06],"DEWP":[-20.439999,-20.679996],"FRSHTT":[1110000,1110000],"PRCP":[0.019999998,0.019999998],"SLP":[1016.9,1017],"SNDP":[9.300001,9.300001],"STP":[1013.9,1013.94006],"TEMP":[-13.999998,-14.049998],"VISIB":[22.3,22.52],"WDSP":[16.310001,16.93],"WNDDIR":[167.6,163.3],"time":[1549364861,1549364919]}