{"CLDC":[74.880005],"DEWP":[-23.64],"FRSHTT":[1110000],"PRCP":[0.029999997],"SLP":[1015],"SNDP":[8.300001],"STP":[1012.61],"TEMP":[-18.75],"VISIB":[18.31],"WDSP":[13.4],"WNDDIR":[333.4],"time":[1549364861]}