{"CLDC":[50.010002,50.23],"DEWP":[-18.500002,-18.26],"FRSHTT":[1110000,1110000],"PRCP":[0.039999995,0.039999995],"SLP":[1014.2001,1014.22003],"SNDP":[6.5999994,6.5999994],"STP":[1008.27,1008],"TEMP":[-14.25,-14.3],"VISIB":[21.590002,22.060001],"WDSP":[14.83,15.19],"WNDDIR":[236.3,238.5],"time":[1549364861,1549364919]}