{"CLDC":[74.880005,74.57],"DEWP":[-23.64,-23.5],"FRSHTT":[1110000,1110000],"PRCP":[0.029999997,0.029999997],"SLP":[1015,1014.9],"SNDP":[8.300001,8.300001],"STP":[1012.61,1012.24005],"TEMP":[-18.75,-18.890001],"VISIB":[18.31,19.27],"WDSP":[13.4,13.469999],"WNDDIR":[333.4,329.7],"time":[1549364861,1549364919]}