{"CLDC":[66.83,66.47],"DEWP":[-16.499998,-16.499998],"FRSHTT":[1100000,1100000],"PRCP":[0.11999999,0.11999999],"SLP":[1012.1,1012.2001],"SNDP":[0,0],"STP":[1005.0301,1005.1],"TEMP":[-11.899999,-11.949999],"VISIB":[18.550001,18.170002],"WDSP":[22.73,21.75],"WNDDIR":[7.1,7.1],"time":[1549364861,1549364919]}