{"CLDC":[94.200005],"DEWP":[-14.81],"FRSHTT":[1100000],"PRCP":[0.09000001],"SLP":[1009.1],"SNDP":[0],"STP":[1001.49005],"TEMP":[-11.949999],"VISIB":[12.87],"WDSP":[37.170002],"WNDDIR":[240.7],"time":[1549364861]}