{"CLDC":[87.76,88.01001],"DEWP":[-18.08,-17.75],"FRSHTT":[1100000,1100000],"PRCP":[0.09000001,0.09000001],"SLP":[1014.2999,1014.2999],"SNDP":[0,0],"STP":[1004.6,1004.6],"TEMP":[-12.899999,-12.999998],"VISIB":[21.67,21.939999],"WDSP":[18.140001,18.27],"WNDDIR":[225.3,225.5],"time":[1549364861,1549364919]}