{"CLDC":[95.85,95.380005],"DEWP":[-23.16,-23.400002],"FRSHTT":[1110000,1110000],"PRCP":[0.050000004,0.050000004],"SLP":[1016.80994,1016.7601],"SNDP":[30.600002,30.600002],"STP":[1010.7999,1010.83997],"TEMP":[-17.999998,-17.999998],"VISIB":[23.83,24.19],"WDSP":[30.55,29.909998],"WNDDIR":[77.1,82.9],"time":[1549364855,1549364915]}