{"CLDC":[60.93,60.909996],"DEWP":[-19.619999,-19.259998],"FRSHTT":[1110000,1110000],"PRCP":[0.050000004,0.050000004],"SLP":[1014.7001,1014.62],"SNDP":[10.099999,10.099999],"STP":[997.7999,997.7999],"TEMP":[-14.62,-15.06],"VISIB":[19.929998,19.929998],"WDSP":[12.35,12.089999],"WNDDIR":[183.1,186.2],"time":[1549364861,1549364919]}