{"CLDC":[59.04,59],"DEWP":[-29.280003,-29.280003],"FRSHTT":[1110000,1110000],"PRCP":[0.09000001,0.09000001],"SLP":[1021.84,1021.8299],"SNDP":[39.899998,40],"STP":[1011.59,1011.41],"TEMP":[-23,-23],"VISIB":[31.88,32.309998],"WDSP":[20.289999,19.980001],"WNDDIR":[66.2,66.2],"time":[1549364855,1549364915]}