{"CLDC":[59.04],"DEWP":[-29.280003],"FRSHTT":[1110000],"PRCP":[0.09000001],"SLP":[1021.84],"SNDP":[39.899998],"STP":[1011.59],"TEMP":[-23],"VISIB":[31.88],"WDSP":[20.289999],"WNDDIR":[66.2],"time":[1549364855]}