{"CLDC":[93.56999,93.810005],"DEWP":[-20.76,-20.519999],"FRSHTT":[1110000,1110000],"PRCP":[0.11,0.11],"SLP":[1015,1015],"SNDP":[13.699999,13.699999],"STP":[992.02997,992.1],"TEMP":[-16.58,-16.65],"VISIB":[20.259998,20.130001],"WDSP":[15.87,15.05],"WNDDIR":[96,92.5],"time":[1549364861,1549364919]}