{"CLDC":[61.859997,61.93],"DEWP":[-23.049997,-23.05],"FRSHTT":[1110000,1110000],"PRCP":[0.07,0.07],"SLP":[1017.5,1017.67004],"SNDP":[8.300001,8.400001],"STP":[998.57,998.68005],"TEMP":[-19.8,-19.949999],"VISIB":[17.070002,17.24],"WDSP":[16.42,15.67],"WNDDIR":[97.5,98.8],"time":[1549364855,1549364915]}