{"CLDC":[60.93],"DEWP":[-19.619999],"FRSHTT":[1110000],"PRCP":[0.050000004],"SLP":[1014.7001],"SNDP":[10.099999],"STP":[997.7999],"TEMP":[-14.62],"VISIB":[19.929998],"WDSP":[12.35],"WNDDIR":[183.1],"time":[1549364861]}