{"CLDC":[50.23,50.190002],"DEWP":[-19.939999,-20.16],"FRSHTT":[1100000,1100000],"PRCP":[0.009999999,0.009999999],"SLP":[1014.2001,1014.2001],"SNDP":[0,0],"STP":[1009.80994,1009.9],"TEMP":[-14.079999,-13.92],"VISIB":[22.79,22.26],"WDSP":[15.88,15.969999],"WNDDIR":[287.8,286.1],"time":[1549364855,1549364915]}