{"CLDC":[83.990005,83.920006],"DEWP":[-10.56,-10.320001],"FRSHTT":[1100000,1100000],"PRCP":[0.30999997,0.30999997],"SLP":[1016.2101,1016.2001],"SNDP":[0,0],"STP":[1012.14,1012.09],"TEMP":[-4.55,-4.4900002],"VISIB":[12.890001,12.62],"WDSP":[8.3,8.31],"WNDDIR":[344.9,343.1],"time":[1549364855,1549364915]}