{"CLDC":[83.990005],"DEWP":[-10.56],"FRSHTT":[1100000],"PRCP":[0.30999997],"SLP":[1016.2101],"SNDP":[0],"STP":[1012.14],"TEMP":[-4.55],"VISIB":[12.890001],"WDSP":[8.3],"WNDDIR":[344.9],"time":[1549364855]}