{"CLDC":[89.420006],"DEWP":[-13.640001],"FRSHTT":[1000000],"PRCP":[0],"SLP":[1023.56006],"SNDP":[0],"STP":[1017.61993],"TEMP":[-9.230001],"VISIB":[22.380001],"WDSP":[10.11],"WNDDIR":[73.9],"time":[1549364855]}