{"CLDC":[50.27],"DEWP":[-17.97],"FRSHTT":[1110000],"PRCP":[0.009999999],"SLP":[1022.65],"SNDP":[33],"STP":[978.99005],"TEMP":[-13.740001],"VISIB":[23.610003],"WDSP":[9.619999],"WNDDIR":[206.4],"time":[1549364855]}