{"CLDC":[50.140003,50.02],"DEWP":[-26.179998,-26.66],"FRSHTT":[1110000,1110000],"PRCP":[0.09000001,0.09000001],"SLP":[1020.67004,1020.4801],"SNDP":[28.3,28.3],"STP":[999.2301,999.23],"TEMP":[-24,-23.9],"VISIB":[14.589999,14.4],"WDSP":[14.860001,14.690001],"WNDDIR":[236.9,234.5],"time":[1549364855,1549364915]}