{"CLDC":[50.02],"DEWP":[-14.900002],"FRSHTT":[1110000],"PRCP":[0.11],"SLP":[1022.59],"SNDP":[19.899998],"STP":[972.54004],"TEMP":[-12.320001],"VISIB":[21.119999],"WDSP":[10.04],"WNDDIR":[278.7],"time":[1549364855]}