{"CLDC":[93.54999,93.73],"DEWP":[-10.000001,-9.700001],"FRSHTT":[1110000,1110000],"PRCP":[0.019999998,0.019999998],"SLP":[1025.01,1025.5701],"SNDP":[15.300001,15.300001],"STP":[980.4801,980.5],"TEMP":[-6.72,-6.56],"VISIB":[20.26,20.04],"WDSP":[18.039999,18.150002],"WNDDIR":[30.5,30.9],"time":[1549364855,1549364915]}