{"CLDC":[50.010002,50.200005],"DEWP":[-12.230001,-12.67],"FRSHTT":[1110000,1110000],"PRCP":[0.039999995,0.039999995],"SLP":[1020.13995,1020.2001],"SNDP":[16,16.100002],"STP":[997.50995,997.41003],"TEMP":[-8.7,-8.7],"VISIB":[15.350001,15.62],"WDSP":[13.87,14.159999],"WNDDIR":[202.7,198.6],"time":[1549364855,1549364915]}