{"CLDC":[71.89],"DEWP":[-7.750001],"FRSHTT":[1000000],"PRCP":[0],"SLP":[1025.35],"SNDP":[0],"STP":[1006.50995],"TEMP":[-4.7300005],"VISIB":[15.790001],"WDSP":[14.81],"WNDDIR":[259.6],"time":[1549364856]}