{"CLDC":[59.53,59.97],"DEWP":[-7.8599997,-7.8599997],"FRSHTT":[1010000,1010000],"PRCP":[0,0],"SLP":[1017.82,1017.9],"SNDP":[3,3],"STP":[992.85,992.54004],"TEMP":[-4.5199995,-4.56],"VISIB":[18.06,18.08],"WDSP":[13.33,12.709999],"WNDDIR":[86.2,83.6],"time":[1549364855,1549364915]}