{"CLDC":[50.04,50.329994],"DEWP":[-14.55,-15.290001],"FRSHTT":[1010000,1010000],"PRCP":[0,0],"SLP":[1033.5,1033.59],"SNDP":[10.699999,10.699999],"STP":[982.2999,982.2999],"TEMP":[-13.6,-13.579999],"VISIB":[23.029999,23.75],"WDSP":[2.04,1.8099998],"WNDDIR":[101.6,105],"time":[1549364856,1549364915]}