{"CLDC":[96.71001,97.09999],"DEWP":[-20.280003,-20.79],"FRSHTT":[1010000,1010000],"PRCP":[0,0],"SLP":[1024.3801,1025.51],"SNDP":[22.250002,22.300001],"STP":[977.13,975.82996],"TEMP":[-14.45,-14.2],"VISIB":[20.7,20.399998],"WDSP":[9.87,9.609999],"WNDDIR":[171.8,174.5],"time":[1549364856,1549364915]}