{"CLDC":[50.010002],"DEWP":[-12.230001],"FRSHTT":[1110000],"PRCP":[0.039999995],"SLP":[1020.13995],"SNDP":[16],"STP":[997.50995],"TEMP":[-8.7],"VISIB":[15.350001],"WDSP":[13.87],"WNDDIR":[202.7],"time":[1549364855]}