{"CLDC":[94.009995,94.52999],"DEWP":[-2.3799996,-2.33],"FRSHTT":[1000000,1000000],"PRCP":[0,0],"SLP":[1028.49,1028.65],"SNDP":[0,0],"STP":[999.38,1000.4],"TEMP":[-1.8399998,-1.7599999],"VISIB":[11.809999,11.629999],"WDSP":[6.4800005,6.75],"WNDDIR":[59.8,57.9],"time":[1549364855,1549364915]}