{"CLDC":[96.71001],"DEWP":[-20.280003],"FRSHTT":[1010000],"PRCP":[0],"SLP":[1024.3801],"SNDP":[22.250002],"STP":[977.13],"TEMP":[-14.45],"VISIB":[20.7],"WDSP":[9.87],"WNDDIR":[171.8],"time":[1549364856]}