{"CLDC":[94.009995],"DEWP":[-2.3799996],"FRSHTT":[1000000],"PRCP":[0],"SLP":[1028.49],"SNDP":[0],"STP":[999.38],"TEMP":[-1.8399998],"VISIB":[11.809999],"WDSP":[6.4800005],"WNDDIR":[59.8],"time":[1549364855]}