{"CLDC":[50.010002],"DEWP":[-15.599998],"FRSHTT":[1010000],"PRCP":[0],"SLP":[1025.67],"SNDP":[35.200005],"STP":[1000.64],"TEMP":[-12.700001],"VISIB":[22.829998],"WDSP":[11.92],"WNDDIR":[149.9],"time":[1549364855]}