{"CLDC":[50.249996],"DEWP":[-18.58],"FRSHTT":[1010000],"PRCP":[0],"SLP":[1013.07996],"SNDP":[0.9],"STP":[959.22003],"TEMP":[-16.4],"VISIB":[18.490002],"WDSP":[6.940001],"WNDDIR":[182.2],"time":[1549364856]}