{"CLDC":[59.53],"DEWP":[-7.8599997],"FRSHTT":[1010000],"PRCP":[0],"SLP":[1017.82],"SNDP":[3],"STP":[992.85],"TEMP":[-4.5199995],"VISIB":[18.06],"WDSP":[13.33],"WNDDIR":[86.2],"time":[1549364855]}