{"CLDC":[53.57,53.630005],"DEWP":[-13.24,-12.7300005],"FRSHTT":[1000000,1000000],"PRCP":[0,0],"SLP":[998.2101,998.33997],"SNDP":[0,0],"STP":[1003.9299,1004.27997],"TEMP":[-9.15,-9.08],"VISIB":[13.579999,13.750002],"WDSP":[6.95,6.9700003],"WNDDIR":[188.7,187.6],"time":[1549364856,1549364916]}