{"CLDC":[2.7000003],"DEWP":[-12.68],"FRSHTT":[1000000],"PRCP":[0],"SLP":[998.43994],"SNDP":[0],"STP":[1000.92004],"TEMP":[-9.450001],"VISIB":[11.5],"WDSP":[13.209999],"WNDDIR":[123],"time":[1549364856]}