{"CLDC":[70.39001],"DEWP":[-9.24],"FRSHTT":[1110000],"PRCP":[0.07],"SLP":[1021.2001],"SNDP":[25.399998],"STP":[1025.2999],"TEMP":[-6.2599993],"VISIB":[17.739998],"WDSP":[17.110003],"WNDDIR":[263.2],"time":[1549364856]}