{"CLDC":[50.190006,50],"DEWP":[-8.15,-7.7599998],"FRSHTT":[1110000,1110000],"PRCP":[0.050000004,0.050000004],"SLP":[1020.5,1020.5],"SNDP":[28.2,28.2],"STP":[965.7999,965.7999],"TEMP":[-5,-5.04],"VISIB":[14.209999,14.960001],"WDSP":[14.430002,13.94],"WNDDIR":[278,280.3],"time":[1549364856,1549364916]}