{"CLDC":[81.41],"DEWP":[-19.599998],"FRSHTT":[1010000],"PRCP":[0],"SLP":[1029.21],"SNDP":[24.600002],"STP":[977.44006],"TEMP":[-16.410002],"VISIB":[22.060001],"WDSP":[6.4199996],"WNDDIR":[187.8],"time":[1549364856]}