{"CLDC":[95.88001,96.11999],"DEWP":[-11.66,-11.12],"FRSHTT":[1000000,1000000],"PRCP":[0,0],"SLP":[992.6,992.6],"SNDP":[0,0],"STP":[999.2699,999.33997],"TEMP":[-6.6,-6.2399993],"VISIB":[14.67,14.959999],"WDSP":[6.5699997,6.9799995],"WNDDIR":[263.4,267.9],"time":[1549364856,1549364915]}