{"CLDC":[72.119995,72.32],"DEWP":[-9.649999,-9.559999],"FRSHTT":[1000000,1000000],"PRCP":[0,0],"SLP":[992.06006,993.3],"SNDP":[0,0],"STP":[993,992.99005],"TEMP":[-5,-5],"VISIB":[12.380001,12.360001],"WDSP":[13.38,13.45],"WNDDIR":[77.3,77],"time":[1549364856,1549364916]}