{"CLDC":[97.46,97.72001],"DEWP":[-13.719999,-13.359999],"FRSHTT":[1110000,1110000],"PRCP":[0.019999998,0.019999998],"SLP":[1021.5,1021.5],"SNDP":[12.9,12.9],"STP":[963,963],"TEMP":[-9.219999,-9.3],"VISIB":[15.699999,15.35],"WDSP":[9.35,9.800001],"WNDDIR":[286.3,287.4],"time":[1549364856,1549364916]}