{"CLDC":[10.800001,10.639999],"DEWP":[-11.070002,-11.249998],"FRSHTT":[1000000,1000000],"PRCP":[0,0],"SLP":[996.91003,997.0301],"SNDP":[0,0],"STP":[994.38,994.33997],"TEMP":[-6.1799994,-6.24],"VISIB":[14.259999,13.910001],"WDSP":[8.47,8.5199995],"WNDDIR":[117.8,117.3],"time":[1549364856,1549364916]}