{"CLDC":[96.920006,97.06],"DEWP":[-15.51,-15.440001],"FRSHTT":[1110000,1110000],"PRCP":[0.07999999,0.07999999],"SLP":[1022.4,1022.45],"SNDP":[11.599999,11.699999],"STP":[976.2999,976.2001],"TEMP":[-11.0199995,-11.099999],"VISIB":[14.940001,14.82],"WDSP":[12.840001,12.51],"WNDDIR":[184.2,184.4],"time":[1549364856,1549364916]}