{"CLDC":[81.60999],"DEWP":[-9.15],"FRSHTT":[1000000],"PRCP":[0],"SLP":[1007.4],"SNDP":[0],"STP":[1010.00995],"TEMP":[-5.660001],"VISIB":[13.2699995],"WDSP":[12.329999],"WNDDIR":[109.9],"time":[1549364856]}