{"CLDC":[54.309998],"DEWP":[-14.140001],"FRSHTT":[1000000],"PRCP":[0],"SLP":[1009.2001],"SNDP":[0],"STP":[1006.80994],"TEMP":[-9.56],"VISIB":[17.62],"WDSP":[11.099999],"WNDDIR":[31.2],"time":[1549364856]}