{"CLDC":[61.480003],"DEWP":[-10.7300005],"FRSHTT":[1010000],"PRCP":[0],"SLP":[1019.7999],"SNDP":[1.1999999],"STP":[1020.69006],"TEMP":[-7.8200006],"VISIB":[13.0199995],"WDSP":[12.469999],"WNDDIR":[209.9],"time":[1549364856]}