{"CLDC":[0],"DEWP":[-13.2],"FRSHTT":[1000000],"PRCP":[0],"SLP":[1003.0301],"SNDP":[0],"STP":[999],"TEMP":[-9.759999],"VISIB":[16.130001],"WDSP":[4.4300003],"WNDDIR":[252.4],"time":[1549364856]}