{"CLDC":[42.949997],"DEWP":[-13.199999],"FRSHTT":[1000000],"PRCP":[0],"SLP":[996.91],"SNDP":[0],"STP":[995.49005],"TEMP":[-8.15],"VISIB":[15.969999],"WDSP":[14.83],"WNDDIR":[256.4],"time":[1549364856]}