{"CLDC":[50.289997],"DEWP":[-12.400002],"FRSHTT":[1110000],"PRCP":[0.019999998],"SLP":[1015.5],"SNDP":[12.199999],"STP":[999.43],"TEMP":[-8.3],"VISIB":[17.670002],"WDSP":[13.089999],"WNDDIR":[196.9],"time":[1549364856]}