{"CLDC":[55.55],"DEWP":[-9.549999],"FRSHTT":[1000000],"PRCP":[0],"SLP":[1008.17004],"SNDP":[0],"STP":[1006.2999],"TEMP":[-4.9500003],"VISIB":[13.42],"WDSP":[7.6],"WNDDIR":[190.4],"time":[1549364856]}