{"CLDC":[76.59],"DEWP":[-10.030001],"FRSHTT":[1010000],"PRCP":[0],"SLP":[1013.2799],"SNDP":[2.7000003],"STP":[1007.49005],"TEMP":[-6.600001],"VISIB":[12.210001],"WDSP":[9.17],"WNDDIR":[175.1],"time":[1549364856]}