{"CLDC":[8.370001],"DEWP":[-5.5600004],"FRSHTT":[1000000],"PRCP":[0],"SLP":[999.68994],"SNDP":[0],"STP":[996.9],"TEMP":[-2.0499997],"VISIB":[11.53],"WDSP":[19.38],"WNDDIR":[84.8],"time":[1549364856]}