{"CLDC":[11.469999],"DEWP":[-10.7300005],"FRSHTT":[1000000],"PRCP":[0],"SLP":[985.05],"SNDP":[0],"STP":[995],"TEMP":[-7.6200004],"VISIB":[14.270001],"WDSP":[7.69],"WNDDIR":[180.1],"time":[1549364856]}