{"CLDC":[72.119995],"DEWP":[-9.649999],"FRSHTT":[1000000],"PRCP":[0],"SLP":[992.06006],"SNDP":[0],"STP":[993],"TEMP":[-5],"VISIB":[12.380001],"WDSP":[13.38],"WNDDIR":[77.3],"time":[1549364856]}