{"CLDC":[50.289997,50.489998],"DEWP":[-12.400002,-12.300001],"FRSHTT":[1110000,1110000],"PRCP":[0.019999998,0.019999998],"SLP":[1015.5,1015.42004],"SNDP":[12.199999,12.199999],"STP":[999.43,999.44006],"TEMP":[-8.3,-8.299999],"VISIB":[17.670002,17.240002],"WDSP":[13.089999,14.389999],"WNDDIR":[196.9,196],"time":[1549364856,1549364916]}