{"CLDC":[27.530003,27.679998],"DEWP":[-0.73,-0.73999995],"FRSHTT":[1000000,1000000],"PRCP":[0,0],"SLP":[997.3001,996.54004],"SNDP":[0,0],"STP":[990.9199,990.83997],"TEMP":[0,0],"VISIB":[10.37,10.96],"WDSP":[15.08,14.320002],"WNDDIR":[42,41.6],"time":[1549364856,1549364916]}