{"CLDC":[0,0.18000002],"DEWP":[-13.2,-13.38],"FRSHTT":[1000000,1000000],"PRCP":[0,0],"SLP":[1003.0301,1002.43],"SNDP":[0,0],"STP":[999,999.02997],"TEMP":[-9.759999,-9.25],"VISIB":[16.130001,15.42],"WDSP":[4.4300003,4.5899997],"WNDDIR":[252.4,250.2],"time":[1549364856,1549364915]}