{"CLDC":[95.88001],"DEWP":[-11.66],"FRSHTT":[1000000],"PRCP":[0],"SLP":[992.6],"SNDP":[0],"STP":[999.2699],"TEMP":[-6.6],"VISIB":[14.67],"WDSP":[6.5699997],"WNDDIR":[263.4],"time":[1549364856]}