{"CLDC":[19.69,19.580002],"DEWP":[-10.280001,-10.0199995],"FRSHTT":[1000000,1000000],"PRCP":[0,0],"SLP":[1001.7101,1001.45],"SNDP":[0,0],"STP":[992.7899,992.7899],"TEMP":[-5.78,-5.0100007],"VISIB":[13.8,14.24],"WDSP":[8.12,8.5],"WNDDIR":[176.2,179.6],"time":[1549364856,1549364916]}