{"CLDC":[60.3,59.930004],"DEWP":[-10.599999,-10.65],"FRSHTT":[1000000,1000000],"PRCP":[0,0],"SLP":[1007.17004,1006.75995],"SNDP":[0,0],"STP":[1003.66003,1003.3],"TEMP":[-6.799999,-6.8499994],"VISIB":[14.06,13.2300005],"WDSP":[15.840001,15.3],"WNDDIR":[282.6,279.7],"time":[1549364856,1549364915]}