{"CLDC":[96.920006],"DEWP":[-15.51],"FRSHTT":[1110000],"PRCP":[0.07999999],"SLP":[1022.4],"SNDP":[11.599999],"STP":[976.2999],"TEMP":[-11.0199995],"VISIB":[14.940001],"WDSP":[12.840001],"WNDDIR":[184.2],"time":[1549364856]}