{"CLDC":[66.12999,66.240005],"DEWP":[-13.8,-13.540001],"FRSHTT":[1000000,1000000],"PRCP":[0,0],"SLP":[996.95996,996.88],"SNDP":[0,0],"STP":[992.33997,992.30994],"TEMP":[-10.43,-10.619999],"VISIB":[13.960001,13.85],"WDSP":[15.95,15.610001],"WNDDIR":[322,321.8],"time":[1549364856,1549364915]}