{"CLDC":[40.909996],"DEWP":[-18.500002],"FRSHTT":[1000000],"PRCP":[0],"SLP":[978.61],"SNDP":[0],"STP":[989.5399],"TEMP":[-14.85],"VISIB":[12.3],"WDSP":[3.7800002],"WNDDIR":[314],"time":[1549364856]}