{"CLDC":[50.190006],"DEWP":[-8.15],"FRSHTT":[1110000],"PRCP":[0.050000004],"SLP":[1020.5],"SNDP":[28.2],"STP":[965.7999],"TEMP":[-5],"VISIB":[14.209999],"WDSP":[14.430002],"WNDDIR":[278],"time":[1549364856]}