{"CLDC":[35.52,35.799995],"DEWP":[-14.82,-14.639999],"FRSHTT":[1000000,1000000],"PRCP":[0,0],"SLP":[990.9899,991.91003],"SNDP":[0,0],"STP":[995.16,995.39],"TEMP":[-9.590001,-9.640001],"VISIB":[13.690001,13.840001],"WDSP":[13.139999,12.7699995],"WNDDIR":[201.5,196.1],"time":[1549364856,1549364915]}