{"CLDC":[81.60999,81.38001],"DEWP":[-9.15,-9.15],"FRSHTT":[1000000,1000000],"PRCP":[0,0],"SLP":[1007.4,1007.32996],"SNDP":[0,0],"STP":[1010.00995,1010],"TEMP":[-5.660001,-5.3899994],"VISIB":[13.2699995,13.559999],"WDSP":[12.329999,12.4800005],"WNDDIR":[109.9,108.8],"time":[1549364856,1549364916]}