{"CLDC":[94.59],"DEWP":[-8.84],"FRSHTT":[1000000],"PRCP":[0],"SLP":[1001.4],"SNDP":[0],"STP":[999.77997],"TEMP":[-7.3],"VISIB":[14.320002],"WDSP":[8.73],"WNDDIR":[18.8],"time":[1549364856]}