{"CLDC":[32.640003,32.260002],"DEWP":[-5.6500006,-5.6500006],"FRSHTT":[1000000,1000000],"PRCP":[0,0],"SLP":[1022.75995,1021.4499],"SNDP":[0,0],"STP":[1007.56006,1006.59],"TEMP":[-4.06,-4.02],"VISIB":[8.820001,8.01],"WDSP":[2.4199998,2.8399997],"WNDDIR":[252.1,252.2],"time":[1549364856,1549364916]}