{"CLDC":[88.58999],"DEWP":[-11.450001],"FRSHTT":[1000000],"PRCP":[0],"SLP":[1004.95],"SNDP":[0],"STP":[1006.74005],"TEMP":[-7.25],"VISIB":[12.089999],"WDSP":[10.039999],"WNDDIR":[271.7],"time":[1549364856]}