{"CLDC":[17.16,17.250002],"DEWP":[-15.859999,-16.05],"FRSHTT":[1000000,1000000],"PRCP":[0,0],"SLP":[1005.2201,1004.95996],"SNDP":[0,0],"STP":[1000.7999,1000.7999],"TEMP":[-13.1,-13.100001],"VISIB":[16.52,16.369999],"WDSP":[11.93,11.49],"WNDDIR":[111.8,110.6],"time":[1549364857,1549364916]}