{"CLDC":[92.55,92.39001],"DEWP":[-11.149999,-11.059999],"FRSHTT":[1110000,1110000],"PRCP":[0.009999999,0.009999999],"SLP":[1023.5,1023.5],"SNDP":[7,7],"STP":[1005.07996,1005.41003],"TEMP":[-7.75,-7.5299997],"VISIB":[16.850002,16.849997],"WDSP":[15.17,14.87],"WNDDIR":[303.2,300.6],"time":[1549364856,1549364916]}