{"CLDC":[55.230003,55.670006],"DEWP":[-7.499999,-7.5999994],"FRSHTT":[1000000,1000000],"PRCP":[0,0],"SLP":[992.80994,992.4],"SNDP":[0,0],"STP":[993.4,993.45],"TEMP":[-5.42,-5.4900002],"VISIB":[13.240001,13.129999],"WDSP":[15.490001,15.289999],"WNDDIR":[178,181],"time":[1549364856,1549364916]}