{"CLDC":[74.020004],"DEWP":[-15.820002],"FRSHTT":[1000000],"PRCP":[0],"SLP":[1006.79004],"SNDP":[0],"STP":[1004.25],"TEMP":[-12.7],"VISIB":[12.089998],"WDSP":[11.48],"WNDDIR":[115.3],"time":[1549364856]}