{"CLDC":[88.58999,88.56999],"DEWP":[-11.450001,-11.500001],"FRSHTT":[1000000,1000000],"PRCP":[0,0],"SLP":[1004.95,1005.25],"SNDP":[0,0],"STP":[1006.74005,1007.11],"TEMP":[-7.25,-7.3599997],"VISIB":[12.089999,11.549999],"WDSP":[10.039999,10.280001],"WNDDIR":[271.7,276.6],"time":[1549364856,1549364916]}