{"CLDC":[92.55],"DEWP":[-11.149999],"FRSHTT":[1110000],"PRCP":[0.009999999],"SLP":[1023.5],"SNDP":[7],"STP":[1005.07996],"TEMP":[-7.75],"VISIB":[16.850002],"WDSP":[15.17],"WNDDIR":[303.2],"time":[1549364856]}