{"CLDC":[19.530003],"DEWP":[-14.56],"FRSHTT":[1000000],"PRCP":[0],"SLP":[972.7399],"SNDP":[0],"STP":[1005.77997],"TEMP":[-11.630001],"VISIB":[15.639999],"WDSP":[19.210001],"WNDDIR":[110.9],"time":[1549364856]}