{"CLDC":[50.120003],"DEWP":[-16.2],"FRSHTT":[1110000],"PRCP":[0.009999999],"SLP":[1024],"SNDP":[6],"STP":[1015.4],"TEMP":[-12.899999],"VISIB":[17.999998],"WDSP":[16.789999],"WNDDIR":[24.2],"time":[1549364856]}