{"CLDC":[39.68],"DEWP":[-8.5199995],"FRSHTT":[1000000],"PRCP":[0],"SLP":[1008.77],"SNDP":[0],"STP":[1004.7999],"TEMP":[-4.62],"VISIB":[13.729999],"WDSP":[10.92],"WNDDIR":[148.5],"time":[1549364856]}