{"CLDC":[38.369995],"DEWP":[-15.4],"FRSHTT":[1000000],"PRCP":[0],"SLP":[1012.89],"SNDP":[0],"STP":[1003.47003],"TEMP":[-9.360001],"VISIB":[14.280001],"WDSP":[7.8900003],"WNDDIR":[341],"time":[1549364857]}