{"CLDC":[18.11],"DEWP":[-8.5],"FRSHTT":[1000000],"PRCP":[0],"SLP":[1016.18],"SNDP":[0],"STP":[999.30994],"TEMP":[-5.3999996],"VISIB":[9.99],"WDSP":[13.92],"WNDDIR":[9.2],"time":[1549364857]}