{"CLDC":[55.230003],"DEWP":[-7.499999],"FRSHTT":[1000000],"PRCP":[0],"SLP":[992.80994],"SNDP":[0],"STP":[993.4],"TEMP":[-5.42],"VISIB":[13.240001],"WDSP":[15.490001],"WNDDIR":[178],"time":[1549364856]}