{"CLDC":[50.179996,50.120003],"DEWP":[-11.020001,-10.960001],"FRSHTT":[1010000,1010000],"PRCP":[0,0],"SLP":[1022,1022],"SNDP":[1.8999999,1.8999999],"STP":[1007,1007.16003],"TEMP":[-7.0199995,-6.8199997],"VISIB":[22.369999,22.289999],"WDSP":[21.869999,22.880001],"WNDDIR":[184.8,189.5],"time":[1549364857,1549364916]}