{"CLDC":[50.07],"DEWP":[-19.189999],"FRSHTT":[1010000],"PRCP":[0],"SLP":[1032.8801],"SNDP":[1.3999999],"STP":[1064.5399],"TEMP":[-13.559999],"VISIB":[37.92],"WDSP":[17.92],"WNDDIR":[223.9],"time":[1549364857]}