{"CLDC":[45.969997],"DEWP":[-16.14],"FRSHTT":[1000000],"PRCP":[0],"SLP":[1019.45],"SNDP":[0],"STP":[1004.42004],"TEMP":[-10.959999],"VISIB":[15.870001],"WDSP":[6.72],"WNDDIR":[348.5],"time":[1549364857]}