{"CLDC":[50.170006,50.08],"DEWP":[-12.08,-12.200001],"FRSHTT":[1110000,1110000],"PRCP":[0.009999999,0.009999999],"SLP":[1023,1023.1],"SNDP":[3.9,3.9],"STP":[954,954],"TEMP":[-8.6,-8.690001],"VISIB":[21.749998,21.9],"WDSP":[15.700002,15.109999],"WNDDIR":[292.9,292.2],"time":[1549364857,1549364916]}