{"CLDC":[58.940002,58.910004],"DEWP":[-12.399999,-11.999998],"FRSHTT":[1010000,1010000],"PRCP":[0,0],"SLP":[1022.39,1022.4],"SNDP":[2.2999997,2.2999997],"STP":[1005.30994,1005.13],"TEMP":[-8.38,-8.3],"VISIB":[18.8,18.680002],"WDSP":[18.96,20.210001],"WNDDIR":[62.2,65],"time":[1549364857,1549364916]}