{"CLDC":[50.090004,50.309994],"DEWP":[-13.38,-13.2],"FRSHTT":[1010000,1010000],"PRCP":[0,0],"SLP":[1022.4,1022.4],"SNDP":[3.2999997,3.2999997],"STP":[971.2899,971.31995],"TEMP":[-9.500001,-9.5],"VISIB":[14.99,14.519999],"WDSP":[15.389999,16.39],"WNDDIR":[319.2,322.2],"time":[1549364857,1549364916]}