{"CLDC":[50.179996],"DEWP":[-11.020001],"FRSHTT":[1010000],"PRCP":[0],"SLP":[1022],"SNDP":[1.8999999],"STP":[1007],"TEMP":[-7.0199995],"VISIB":[22.369999],"WDSP":[21.869999],"WNDDIR":[184.8],"time":[1549364857]}