{"CLDC":[58.940002],"DEWP":[-12.399999],"FRSHTT":[1010000],"PRCP":[0],"SLP":[1022.39],"SNDP":[2.2999997],"STP":[1005.30994],"TEMP":[-8.38],"VISIB":[18.8],"WDSP":[18.96],"WNDDIR":[62.2],"time":[1549364857]}