{"CLDC":[50.239998,50.849995],"DEWP":[-9.719999,-9.659999],"FRSHTT":[1010000,1010000],"PRCP":[0,0],"SLP":[1023.2001,1023.2001],"SNDP":[4.5,4.5099998],"STP":[959.6,959.6],"TEMP":[-6.500001,-6.600001],"VISIB":[17.92,18.310001],"WDSP":[14.629999,13.2300005],"WNDDIR":[314,311.2],"time":[1549364857,1549364916]}