{"CLDC":[64.69],"DEWP":[-11.620001],"FRSHTT":[1110000],"PRCP":[0.14999999],"SLP":[1018.6],"SNDP":[1.3999999],"STP":[946.7001],"TEMP":[-5.05],"VISIB":[46.79],"WDSP":[18.19],"WNDDIR":[14.7],"time":[1549364858]}