{"CLDC":[50.04,50.120003],"DEWP":[-11.179999,-10.86],"FRSHTT":[1110000,1110000],"PRCP":[0.009999999,0.009999999],"SLP":[1025.7001,1025.7001],"SNDP":[1.5,1.5],"STP":[913.69006,913.7101],"TEMP":[-5.4800005,-5.5600004],"VISIB":[25.439999,25.259998],"WDSP":[9.13,9.51],"WNDDIR":[42.4,39.6],"time":[1549364858,1549364916]}