{"CLDC":[64.69,65.009995],"DEWP":[-11.620001,-11.950001],"FRSHTT":[1110000,1110000],"PRCP":[0.14999999,0.14999999],"SLP":[1018.6,1018.69006],"SNDP":[1.3999999,1.3999999],"STP":[946.7001,946.73],"TEMP":[-5.05,-5.0500007],"VISIB":[46.79,46.66],"WDSP":[18.19,19.25],"WNDDIR":[14.7,14.4],"time":[1549364858,1549364916]}