{"CLDC":[50.04],"DEWP":[-11.179999],"FRSHTT":[1110000],"PRCP":[0.009999999],"SLP":[1025.7001],"SNDP":[1.5],"STP":[913.69006],"TEMP":[-5.4800005],"VISIB":[25.439999],"WDSP":[9.13],"WNDDIR":[42.4],"time":[1549364858]}