{"CLDC":[50.02,50.140007],"DEWP":[-5.8199997,-5.78],"FRSHTT":[1110000,1110000],"PRCP":[0.019999998,0.019999998],"SLP":[1020.9,1020.9],"SNDP":[2.3999999,2.3999999],"STP":[939.9,940],"TEMP":[-2.6999998,-2.7199998],"VISIB":[22.429998,22.560001],"WDSP":[12.42,13.639999],"WNDDIR":[235.7,240.2],"time":[1549364858,1549364916]}