{"CLDC":[96.3,96.19],"DEWP":[-6.9,-6.9],"FRSHTT":[1100000,1100000],"PRCP":[0.29999998,0.29999998],"SLP":[1018.88,1019.16003],"SNDP":[0,0],"STP":[1034.27,1030.72],"TEMP":[-5.54,-5.78],"VISIB":[12.749999,11.99],"WDSP":[12.69,12.3],"WNDDIR":[242.5,245.6],"time":[1549364858,1549364916]}