{"CLDC":[50.140007],"DEWP":[-7.000001],"FRSHTT":[1110000],"PRCP":[0.009999999],"SLP":[1024],"SNDP":[1],"STP":[1000.38995],"TEMP":[-2.22],"VISIB":[18.84],"WDSP":[11.33],"WNDDIR":[239.3],"time":[1549364858]}