{"CLDC":[73.78999],"DEWP":[-4.8],"FRSHTT":[1000000],"PRCP":[0],"SLP":[1018.6],"SNDP":[0],"STP":[989.2001],"TEMP":[-1.9699999],"VISIB":[19.18],"WDSP":[9.509999],"WNDDIR":[206.2],"time":[1549364858]}