{"CLDC":[50.02],"DEWP":[-5.8199997],"FRSHTT":[1110000],"PRCP":[0.019999998],"SLP":[1020.9],"SNDP":[2.3999999],"STP":[939.9],"TEMP":[-2.6999998],"VISIB":[22.429998],"WDSP":[12.42],"WNDDIR":[235.7],"time":[1549364858]}