{"CLDC":[81.10999,80.97001],"DEWP":[-7.799999,-7.8],"FRSHTT":[1110000,1110000],"PRCP":[0.07999999,0.07999999],"SLP":[1023.7999,1023.7999],"SNDP":[1.5,1.5],"STP":[986.7101,986.7001],"TEMP":[-3.3499997,-3.36],"VISIB":[25.290003,25.669998],"WDSP":[8.08,8.35],"WNDDIR":[315.3,315.1],"time":[1549364858,1549364916]}