{"CLDC":[90.35001,90.579994],"DEWP":[-4.6900005,-4.62],"FRSHTT":[1100000,1100000],"PRCP":[0.039999995,0.039999995],"SLP":[1012.4,1012.36],"SNDP":[0,0],"STP":[1013.57996,1013.6],"TEMP":[-1.3999999,-1.3999999],"VISIB":[22.52,22.939999],"WDSP":[14.55,14.389999],"WNDDIR":[248.3,250.2],"time":[1549364858,1549364916]}