{"CLDC":[99.69,99.56999],"DEWP":[-6.36,-6.27],"FRSHTT":[1110000,1110000],"PRCP":[0.029999997,0.029999997],"SLP":[1023.1,1023.1],"SNDP":[1.6000001,1.6000001],"STP":[973.7999,973.80994],"TEMP":[-1.07,-1.05],"VISIB":[25.8,25.040003],"WDSP":[10.059999,10.409999],"WNDDIR":[317.1,315.4],"time":[1549364858,1549364917]}