{"CLDC":[96.3],"DEWP":[-6.9],"FRSHTT":[1100000],"PRCP":[0.29999998],"SLP":[1018.88],"SNDP":[0],"STP":[1034.27],"TEMP":[-5.54],"VISIB":[12.749999],"WDSP":[12.69],"WNDDIR":[242.5],"time":[1549364858]}