{"CLDC":[50.4],"DEWP":[-6.7599998],"FRSHTT":[1010000],"PRCP":[0],"SLP":[1023.2001],"SNDP":[0.9],"STP":[1021.55],"TEMP":[-2.4399998],"VISIB":[26.74],"WDSP":[13.490001],"WNDDIR":[267.8],"time":[1549364858]}