{"CLDC":[50.090004],"DEWP":[-10.62],"FRSHTT":[1110000],"PRCP":[0.23999998],"SLP":[1023.36005],"SNDP":[7],"STP":[1044.7001],"TEMP":[-7.2],"VISIB":[12.7699995],"WDSP":[6.13],"WNDDIR":[196.8],"time":[1549364858]}