{"CLDC":[99.69],"DEWP":[-6.36],"FRSHTT":[1110000],"PRCP":[0.029999997],"SLP":[1023.1],"SNDP":[1.6000001],"STP":[973.7999],"TEMP":[-1.07],"VISIB":[25.8],"WDSP":[10.059999],"WNDDIR":[317.1],"time":[1549364858]}