{"CLDC":[50.140007,50.259995],"DEWP":[-7.000001,-6.9600005],"FRSHTT":[1110000,1110000],"PRCP":[0.009999999,0.009999999],"SLP":[1024,1024],"SNDP":[1,1],"STP":[1000.38995,1000.2999],"TEMP":[-2.22,-2.28],"VISIB":[18.84,18.72],"WDSP":[11.33,11.309999],"WNDDIR":[239.3,238.8],"time":[1549364858,1549364917]}