{"CLDC":[95.12999,95.02],"DEWP":[-5.8800006,-5.7200003],"FRSHTT":[1110000,1110000],"PRCP":[0.029999997,0.029999997],"SLP":[1024.3499,1024.3499],"SNDP":[1.8999999,1.9099998],"STP":[1023,1023],"TEMP":[-2.4699998,-2.44],"VISIB":[20.29,20.38],"WDSP":[6.4800005,6.3500004],"WNDDIR":[261.3,258.8],"time":[1549364858,1549364916]}