{"CLDC":[73.78999,73.65],"DEWP":[-4.8,-4.7200003],"FRSHTT":[1000000,1000000],"PRCP":[0,0],"SLP":[1018.6,1018.57996],"SNDP":[0,0],"STP":[989.2001,989.0499],"TEMP":[-1.9699999,-1.99],"VISIB":[19.18,19.38],"WDSP":[9.509999,9.26],"WNDDIR":[206.2,202.9],"time":[1549364858,1549364917]}