{"CLDC":[50.160004,50.46],"DEWP":[-4.72,-4.8599997],"FRSHTT":[1110000,1110000],"PRCP":[0.029999997,0.029999997],"SLP":[1021.2001,1021.2001],"SNDP":[0.5,0.5],"STP":[1001.33997,1001.2999],"TEMP":[-0.73,-0.76],"VISIB":[22.76,23.179998],"WDSP":[11.32,9.690001],"WNDDIR":[86.1,89.3],"time":[1549364858,1549364916]}