{"CLDC":[31.419998,31.120005],"DEWP":[-3.7400002,-3.6500003],"FRSHTT":[1000000,1000000],"PRCP":[0,0],"SLP":[1011.99005,1011.63],"SNDP":[0,0],"STP":[1009.12,1009.2001],"TEMP":[-0.15,-0.16000003],"VISIB":[20.810001,20.960001],"WDSP":[9.9800005,10.34],"WNDDIR":[150.8,148],"time":[1549364858,1549364916]}