{"CLDC":[50.160004],"DEWP":[-4.72],"FRSHTT":[1110000],"PRCP":[0.029999997],"SLP":[1021.2001],"SNDP":[0.5],"STP":[1001.33997],"TEMP":[-0.73],"VISIB":[22.76],"WDSP":[11.32],"WNDDIR":[86.1],"time":[1549364858]}