{"CLDC":[95.12999],"DEWP":[-5.8800006],"FRSHTT":[1110000],"PRCP":[0.029999997],"SLP":[1024.3499],"SNDP":[1.8999999],"STP":[1023],"TEMP":[-2.4699998],"VISIB":[20.29],"WDSP":[6.4800005],"WNDDIR":[261.3],"time":[1549364858]}