{"CLDC":[50.090004,50.180004],"DEWP":[-3.42,-3.42],"FRSHTT":[100000,100000],"PRCP":[0.059999995,0.059999995],"SLP":[1019.2001,1019.06995],"SNDP":[0,0],"STP":[1015.2999,1015.3499],"TEMP":[1.05,1.05],"VISIB":[24.85,25.27],"WDSP":[13.210001,13.13],"WNDDIR":[244.2,241.6],"time":[1549364858,1549364917]}