{"CLDC":[95.58,95.25001],"DEWP":[-8.000001,-7.9000006],"FRSHTT":[1000000,1000000],"PRCP":[0,0],"SLP":[1030.04,1030.0999],"SNDP":[0,0],"STP":[1027.5,1027.48],"TEMP":[-1.9799999,-1.93],"VISIB":[65.380005,67.17],"WDSP":[6.37,5.95],"WNDDIR":[134.2,133.6],"time":[1549364858,1549364917]}