{"CLDC":[97.52,97],"DEWP":[-5.85,-5.9],"FRSHTT":[0,0],"PRCP":[0,0],"SLP":[1020.4,1020.2999],"SNDP":[0,0],"STP":[1053.51,1053.98],"TEMP":[1.9799999,1.9499998],"VISIB":[15.280001,14.69],"WDSP":[20.630001,20.779999],"WNDDIR":[30.1,30.3],"time":[1549364858,1549364917]}