{"CLDC":[62.57,62.79],"DEWP":[-1.0400001,-0.9200001],"FRSHTT":[100000,100000],"PRCP":[0.09000001,0.09000001],"SLP":[1021.2101,1021.08997],"SNDP":[0,0],"STP":[1013.43,1013.49005],"TEMP":[1.4799999,1.5],"VISIB":[15,14.7300005],"WDSP":[11.609999,10.5],"WNDDIR":[46.1,45.5],"time":[1549364858,1549364917]}