{"CLDC":[50],"DEWP":[-2.78],"FRSHTT":[110000],"PRCP":[0.029999997],"SLP":[1021.2999],"SNDP":[0.10000001],"STP":[1018.8499],"TEMP":[1.78],"VISIB":[18.91],"WDSP":[15.190001],"WNDDIR":[250],"time":[1549364858]}