{"CLDC":[27.419998,27.590002],"DEWP":[-2.3600001,-2.3600001],"FRSHTT":[0,0],"PRCP":[0,0],"SLP":[1021,1021],"SNDP":[0,0],"STP":[1018.7001,1018.65],"TEMP":[1.57,1.5300001],"VISIB":[19.81,19.39],"WDSP":[9.1,8.460001],"WNDDIR":[54.6,55.6],"time":[1549364858,1549364917]}