{"CLDC":[50.080006],"DEWP":[-0.44999996],"FRSHTT":[100000],"PRCP":[0.019999998],"SLP":[1014.2001],"SNDP":[0],"STP":[1004.74005],"TEMP":[2.95],"VISIB":[25.369999],"WDSP":[13.110001],"WNDDIR":[171.7],"time":[1549364858]}