{"CLDC":[50.04,50.140003],"DEWP":[-4.2,-4.7],"FRSHTT":[100000,100000],"PRCP":[0.10000001,0.10000001],"SLP":[1022.91003,1022.9],"SNDP":[0,0],"STP":[1024.4601,1023.08997],"TEMP":[1.2,1.1800001],"VISIB":[14.58,14.570002],"WDSP":[7.9000006,7.5199995],"WNDDIR":[269.3,273.3],"time":[1549364858,1549364917]}