{"CLDC":[97.52],"DEWP":[-5.85],"FRSHTT":[0],"PRCP":[0],"SLP":[1020.4],"SNDP":[0],"STP":[1053.51],"TEMP":[1.9799999],"VISIB":[15.280001],"WDSP":[20.630001],"WNDDIR":[30.1],"time":[1549364858]}