{"CLDC":[87.490005,87.639984],"DEWP":[-1.8,-2.2999997],"FRSHTT":[100000,100000],"PRCP":[0.22,0.22],"SLP":[1019.5,1019.43],"SNDP":[0,0],"STP":[1018.2999,1018.2999],"TEMP":[1.6199999,1.64],"VISIB":[16.74,17.140001],"WDSP":[13.81,11.23],"WNDDIR":[154.5,149.2],"time":[1549364858,1549364917]}