{"CLDC":[54.73],"DEWP":[-2.0800002],"FRSHTT":[100000],"PRCP":[0.38000003],"SLP":[1018.5],"SNDP":[0],"STP":[1010.4],"TEMP":[0.85],"VISIB":[17.429998],"WDSP":[9.72],"WNDDIR":[109.9],"time":[1549364858]}