{"CLDC":[50.010002],"DEWP":[-1.3100002],"FRSHTT":[100000],"PRCP":[0.050000004],"SLP":[1017.89],"SNDP":[0],"STP":[1019.92004],"TEMP":[3],"VISIB":[20.28],"WDSP":[13.75],"WNDDIR":[187.9],"time":[1549364858]}