{"CLDC":[87.490005],"DEWP":[-1.8],"FRSHTT":[100000],"PRCP":[0.22],"SLP":[1019.5],"SNDP":[0],"STP":[1018.2999],"TEMP":[1.6199999],"VISIB":[16.74],"WDSP":[13.81],"WNDDIR":[154.5],"time":[1549364858]}