{"CLDC":[72.95],"DEWP":[-1.5200001],"FRSHTT":[0],"PRCP":[0],"SLP":[994.1],"SNDP":[0],"STP":[1001.65],"TEMP":[2.1799998],"VISIB":[19.97],"WDSP":[10.679998],"WNDDIR":[53],"time":[1549364858]}