{"CLDC":[54.309998,54.57],"DEWP":[-2.7999997,-2.9999995],"FRSHTT":[110000,110000],"PRCP":[0.10000001,0.10000001],"SLP":[1019.7999,1019.7999],"SNDP":[0.20000002,0.20000002],"STP":[1012.2001,1012.2001],"TEMP":[0.24000004,0.20000002],"VISIB":[21.68,21.75],"WDSP":[9.370001,9.2300005],"WNDDIR":[14.9,11.1],"time":[1549364858,1549364917]}