{"CLDC":[50.140003],"DEWP":[-0.75000006],"FRSHTT":[100000],"PRCP":[0.050000004],"SLP":[1015.18005],"SNDP":[0],"STP":[1009.9801],"TEMP":[2.6200001],"VISIB":[18.460001],"WDSP":[10.53],"WNDDIR":[347.1],"time":[1549364858]}