{"CLDC":[50.120003],"DEWP":[-2],"FRSHTT":[100000],"PRCP":[0.07999999],"SLP":[1008.43],"SNDP":[0],"STP":[1011.9],"TEMP":[2.5000002],"VISIB":[17.439999],"WDSP":[10.929999],"WNDDIR":[239.9],"time":[1549364858]}