{"CLDC":[50.080006,50.289997],"DEWP":[-0.44999996,-0.3],"FRSHTT":[100000,100000],"PRCP":[0.019999998,0.019999998],"SLP":[1014.2001,1014.39],"SNDP":[0,0],"STP":[1004.74005,1004.6],"TEMP":[2.95,2.9299998],"VISIB":[25.369999,25.5],"WDSP":[13.110001,13.65],"WNDDIR":[171.7,169.6],"time":[1549364858,1549364917]}