{"CLDC":[72.95,73.020004],"DEWP":[-1.5200001,-1.38],"FRSHTT":[0,0],"PRCP":[0,0],"SLP":[994.1,994.2999],"SNDP":[0,0],"STP":[1001.65,1001.6001],"TEMP":[2.1799998,2.16],"VISIB":[19.97,20.899998],"WDSP":[10.679998,10.63],"WNDDIR":[53,51],"time":[1549364858,1549364917]}