{"CLDC":[50.04],"DEWP":[-4.2],"FRSHTT":[100000],"PRCP":[0.10000001],"SLP":[1022.91003],"SNDP":[0],"STP":[1024.4601],"TEMP":[1.2],"VISIB":[14.58],"WDSP":[7.9000006],"WNDDIR":[269.3],"time":[1549364858]}