{"CLDC":[54.309998],"DEWP":[-2.7999997],"FRSHTT":[110000],"PRCP":[0.10000001],"SLP":[1019.7999],"SNDP":[0.20000002],"STP":[1012.2001],"TEMP":[0.24000004],"VISIB":[21.68],"WDSP":[9.370001],"WNDDIR":[14.9],"time":[1549364858]}