{"CLDC":[50.26,50.210003],"DEWP":[-3.83,-3.3800004],"FRSHTT":[100000,100000],"PRCP":[0.059999995,0.062],"SLP":[1020.4,1020.4199],"SNDP":[0,0],"STP":[1015.95,1016.4199],"TEMP":[0.27,0.24000004],"VISIB":[35.26,35.18],"WDSP":[8.069999,8.139999],"WNDDIR":[45.6,48.4],"time":[1549364858,1549364917]}