{"CLDC":[50.24,50.339996],"DEWP":[0.14,0.48999995],"FRSHTT":[100000,100000],"PRCP":[0.18000002,0.18000002],"SLP":[1016.63,1016.66003],"SNDP":[0,0],"STP":[1017.1,1017.1],"TEMP":[3.4499996,3.4499996],"VISIB":[14.74,14.780001],"WDSP":[16.62,16.52],"WNDDIR":[132.9,128.1],"time":[1549364858,1549364917]}