{"CLDC":[54.73,54.530006],"DEWP":[-2.0800002,-2.1000001],"FRSHTT":[100000,100000],"PRCP":[0.38000003,0.38000003],"SLP":[1018.5,1018.5],"SNDP":[0,0],"STP":[1010.4,1010.4],"TEMP":[0.85,0.86],"VISIB":[17.429998,17.73],"WDSP":[9.72,9.410001],"WNDDIR":[109.9,107.7],"time":[1549364858,1549364917]}