{"CLDC":[50.010002,50.04],"DEWP":[-1.3100002,-1.4500002],"FRSHTT":[100000,100000],"PRCP":[0.050000004,0.050000004],"SLP":[1017.89,1017.87],"SNDP":[0,0],"STP":[1019.92004,1019.77997],"TEMP":[3,2.96],"VISIB":[20.28,19.91],"WDSP":[13.75,15.15],"WNDDIR":[187.9,189.4],"time":[1549364858,1549364917]}