{"CLDC":[50.140003,50.16],"DEWP":[-10.65,-10.790001],"FRSHTT":[1100000,1100000],"PRCP":[1.29,1.3000001],"SLP":[1002.41,1002.38],"SNDP":[0,0],"STP":[998,998.00995],"TEMP":[-8.98,-8.999999],"VISIB":[15,15.440001],"WDSP":[38.230003,37.03],"WNDDIR":[356.5,356.9],"time":[1549364860,1549364918]}