{"CLDC":[50.07,50.279995],"DEWP":[-12.679999,-12.6],"FRSHTT":[1100000,1100000],"PRCP":[0.22,0.22],"SLP":[1000.93,1001.11],"SNDP":[0,0],"STP":[982.2999,982.2999],"TEMP":[-9.65,-9.65],"VISIB":[17.05,16.62],"WDSP":[27.51,28.39],"WNDDIR":[278.5,277.4],"time":[1549364860,1549364918]}