{"CLDC":[50.359993],"DEWP":[-2.68],"FRSHTT":[1110000],"PRCP":[0.07],"SLP":[1020.2001],"SNDP":[0.10000001],"STP":[1001.7999],"TEMP":[-0.29999998],"VISIB":[8.4800005],"WDSP":[12.81],"WNDDIR":[237.4],"time":[1549364858]}