{"CLDC":[50.359993,50.389996],"DEWP":[-2.68,-2.8200002],"FRSHTT":[1110000,1110000],"PRCP":[0.07,0.07],"SLP":[1020.2001,1020.2001],"SNDP":[0.10000001,0.10000001],"STP":[1001.7999,1002],"TEMP":[-0.29999998,-0.29999998],"VISIB":[8.4800005,8.28],"WDSP":[12.81,12.81],"WNDDIR":[237.4,232.5],"time":[1549364858,1549364917]}