{"CLDC":[50.140003],"DEWP":[-10.65],"FRSHTT":[1100000],"PRCP":[1.29],"SLP":[1002.41],"SNDP":[0],"STP":[998],"TEMP":[-8.98],"VISIB":[15],"WDSP":[38.230003],"WNDDIR":[356.5],"time":[1549364860]}