{"CLDC":[69.39],"DEWP":[-22.6],"FRSHTT":[1110000],"PRCP":[0.050000004],"SLP":[1007.1],"SNDP":[8.300001],"STP":[1006.79004],"TEMP":[-21.05],"VISIB":[21.65],"WDSP":[38.2],"WNDDIR":[262],"time":[1549364860]}