{"CLDC":[50.030003,50.190006],"DEWP":[-31.560001,-31.470001],"FRSHTT":[1010000,1010000],"PRCP":[0,0],"SLP":[1001.7999,1001.7999],"SNDP":[49.600002,49.600002],"STP":[996,996],"TEMP":[-24.13,-23.98],"VISIB":[31.789999,31.580002],"WDSP":[26.929998,27.029999],"WNDDIR":[122.2,120.5],"time":[1549364860,1549364918]}