{"CLDC":[70.25,69.799995],"DEWP":[-32.879997,-32.75],"FRSHTT":[1010000,1010000],"PRCP":[0,0],"SLP":[1012,1012],"SNDP":[67.200005,67.299995],"STP":[1004.36993,1004.2999],"TEMP":[-23.95,-23.84],"VISIB":[31.55,31.61],"WDSP":[19.37,20.859999],"WNDDIR":[217.6,217.3],"time":[1549364860,1549364918]}