{"CLDC":[50.210003],"DEWP":[-31.040003],"FRSHTT":[1010000],"PRCP":[0],"SLP":[1005.9],"SNDP":[47.299995],"STP":[934.2001],"TEMP":[-26.26],"VISIB":[23.91],"WDSP":[10.549999],"WNDDIR":[237.7],"time":[1549364860]}