{"CLDC":[92.44001],"DEWP":[-33.370003],"FRSHTT":[1010000],"PRCP":[0],"SLP":[1011.95],"SNDP":[15.300001],"STP":[997.2001],"TEMP":[-29.869999],"VISIB":[21.289999],"WDSP":[25.300001],"WNDDIR":[96.1],"time":[1549364860]}