{"CLDC":[66.509995,66.34],"DEWP":[-14.49,-14.42],"FRSHTT":[1100000,1100000],"PRCP":[0.13,0.13],"SLP":[1004.7999,1004.81995],"SNDP":[0,0],"STP":[1004.7999,1004.7999],"TEMP":[-11.74,-12.140001],"VISIB":[7.7300005,8.239999],"WDSP":[26.15,25.37],"WNDDIR":[211.2,208.8],"time":[1549364860,1549364918]}