{"CLDC":[70.25],"DEWP":[-32.879997],"FRSHTT":[1010000],"PRCP":[0],"SLP":[1012],"SNDP":[67.200005],"STP":[1004.36993],"TEMP":[-23.95],"VISIB":[31.55],"WDSP":[19.37],"WNDDIR":[217.6],"time":[1549364860]}