{"CLDC":[85.920006,85.619995],"DEWP":[-26.220001,-26.330002],"FRSHTT":[1010000,1010000],"PRCP":[0,0],"SLP":[997.7001,997.7001],"SNDP":[35.200005,35.200005],"STP":[997.7999,997.7999],"TEMP":[-21.98,-21.98],"VISIB":[23.8,23.32],"WDSP":[24.49,25.03],"WNDDIR":[332.3,332.5],"time":[1549364860,1549364918]}