{"CLDC":[69.39,69.630005],"DEWP":[-22.6,-22.82],"FRSHTT":[1110000,1110000],"PRCP":[0.050000004,0.050000004],"SLP":[1007.1,1007.1001],"SNDP":[8.300001,8.400001],"STP":[1006.79004,1007.70996],"TEMP":[-21.05,-20.6],"VISIB":[21.65,21.490002],"WDSP":[38.2,39.85],"WNDDIR":[262,259.1],"time":[1549364860,1549364918]}