{"CLDC":[36.47,36.359997],"DEWP":[-24.08,-24.01],"FRSHTT":[1000000,1000000],"PRCP":[0,0],"SLP":[1009.2999,1009.4],"SNDP":[0,0],"STP":[995.09,995.2],"TEMP":[-20.18,-19.62],"VISIB":[37.519997,36.769997],"WDSP":[21.9,21.85],"WNDDIR":[81.5,79.7],"time":[1549364860,1549364918]}