{"CLDC":[53.210003],"DEWP":[-27.069998],"FRSHTT":[1110000],"PRCP":[0.009999999],"SLP":[1007.2001],"SNDP":[25.899998],"STP":[1007.2001],"TEMP":[-20.78],"VISIB":[23.24],"WDSP":[19.289999],"WNDDIR":[328.9],"time":[1549364860]}