{"CLDC":[66.509995],"DEWP":[-14.49],"FRSHTT":[1100000],"PRCP":[0.13],"SLP":[1004.7999],"SNDP":[0],"STP":[1004.7999],"TEMP":[-11.74],"VISIB":[7.7300005],"WDSP":[26.15],"WNDDIR":[211.2],"time":[1549364860]}