{"CLDC":[89.13],"DEWP":[-34.03],"FRSHTT":[1010000],"PRCP":[0],"SLP":[1008.7999],"SNDP":[60.299995],"STP":[938.13007],"TEMP":[-28.290003],"VISIB":[23.590002],"WDSP":[24.560001],"WNDDIR":[240.9],"time":[1549364861]}