{"CLDC":[91.58999],"DEWP":[-15.000002],"FRSHTT":[1110000],"PRCP":[0.009999999],"SLP":[1014.4],"SNDP":[26.8],"STP":[944.13007],"TEMP":[-11.780001],"VISIB":[19.74],"WDSP":[19.8],"WNDDIR":[348.3],"time":[1549364861]}