{"CLDC":[89.13,89.299995],"DEWP":[-34.03,-33.579994],"FRSHTT":[1010000,1010000],"PRCP":[0,0],"SLP":[1008.7999,1008.55],"SNDP":[60.299995,60.379997],"STP":[938.13007,938.2001],"TEMP":[-28.290003,-27.780003],"VISIB":[23.590002,23.689999],"WDSP":[24.560001,26.15],"WNDDIR":[240.9,242.2],"time":[1549364861,1549364918]}