{"CLDC":[50.010002,50.04],"DEWP":[-20.25,-20.25],"FRSHTT":[1110000,1110000],"PRCP":[0.019999998,0.019999998],"SLP":[1018.50995,1018.4801],"SNDP":[22.300001,22.300001],"STP":[967.79004,968.54004],"TEMP":[-14.920001,-15.2],"VISIB":[19.2,19.130001],"WDSP":[10.82,11.14],"WNDDIR":[52.6,54],"time":[1549364861,1549364918]}