{"CLDC":[50.02,50.04],"DEWP":[-22.8,-23.039997],"FRSHTT":[1010000,1010000],"PRCP":[0,0],"SLP":[1022.2899,1022.25995],"SNDP":[35.200005,35.200005],"STP":[985.05,984.85],"TEMP":[-18.04,-18.15],"VISIB":[23.100002,22.84],"WDSP":[10.09,9.749999],"WNDDIR":[232.2,226.8],"time":[1549364860,1549364918]}