{"CLDC":[50.010002],"DEWP":[-20.25],"FRSHTT":[1110000],"PRCP":[0.019999998],"SLP":[1018.50995],"SNDP":[22.300001],"STP":[967.79004],"TEMP":[-14.920001],"VISIB":[19.2],"WDSP":[10.82],"WNDDIR":[52.6],"time":[1549364861]}