{"CLDC":[77.91001,77.40001],"DEWP":[-34.32,-34.25],"FRSHTT":[1000000,1000000],"PRCP":[0,0],"SLP":[1012.02997,1011.86993],"SNDP":[0,0],"STP":[1003.11,1002.05994],"TEMP":[-30.36,-29.88],"VISIB":[15.780001,15.44],"WDSP":[14.8,14.719999],"WNDDIR":[296.3,297.9],"time":[1549364861,1549364918]}