{"CLDC":[84.91001],"DEWP":[-34.249996],"FRSHTT":[1010000],"PRCP":[0],"SLP":[1007.2999],"SNDP":[43.600002],"STP":[940.38],"TEMP":[-28],"VISIB":[17.55],"WDSP":[23.53],"WNDDIR":[116.3],"time":[1549364861]}