{"CLDC":[78.28999,78.02],"DEWP":[-19.62,-19.880001],"FRSHTT":[1110000,1110000],"PRCP":[0.28,0.28],"SLP":[1019.86005,1019.3],"SNDP":[17.699999,17.699999],"STP":[1020.94006,1019.99005],"TEMP":[-15.820002,-15.82],"VISIB":[21.46,21.319998],"WDSP":[14.85,15.88],"WNDDIR":[349.3,348.1],"time":[1549364861,1549364919]}