{"CLDC":[50.070004,50.030003],"DEWP":[-18.98,-18.65],"FRSHTT":[1010000,1010000],"PRCP":[0,0],"SLP":[1023.83997,1023.93],"SNDP":[29.7,29.7],"STP":[992.95,992.86993],"TEMP":[-13.690001,-14.340001],"VISIB":[21.789999,21.66],"WDSP":[13.579999,12.429999],"WNDDIR":[232.7,230.1],"time":[1549364861,1549364919]}