{"CLDC":[88,87.770004],"DEWP":[1.86,1.9],"FRSHTT":[100000,100000],"PRCP":[0.51000005,0.51000005],"SLP":[1010.95996,1010.9],"SNDP":[0,0],"STP":[1031.7499,1030.22],"TEMP":[4.9200006,5.0199995],"VISIB":[11.270001,11.15],"WDSP":[31.24,30.350002],"WNDDIR":[336.1,337.4],"time":[1549364858,1549364917]}