{"CLDC":[78.77,78.71001],"DEWP":[-18.32,-18.740002],"FRSHTT":[1010000,1010000],"PRCP":[0,0],"SLP":[1024.5901,1024.49],"SNDP":[16.699999,16.800001],"STP":[981.17004,981.05],"TEMP":[-15.82,-16.350002],"VISIB":[21.02,21.490002],"WDSP":[15.589999,15.55],"WNDDIR":[288.1,287],"time":[1549364861,1549364919]}