{"CLDC":[12.2300005],"DEWP":[-26.38],"FRSHTT":[1000000],"PRCP":[0],"SLP":[1026.22],"SNDP":[0],"STP":[1016.02],"TEMP":[-20.75],"VISIB":[21.039999],"WDSP":[16.85],"WNDDIR":[44.7],"time":[1549364861]}