{"CLDC":[50.09,50.16],"DEWP":[-14.559999,-14.92],"FRSHTT":[1110000,1110000],"PRCP":[0.45999998,0.45999998],"SLP":[1021.9699,1022.20996],"SNDP":[11.099999,11.099999],"STP":[992.82996,992.61],"TEMP":[-13.059999,-12.9],"VISIB":[16.82,17.210001],"WDSP":[13.74,13.199999],"WNDDIR":[297.4,301.3],"time":[1549364855,1549364915]}