{"CLDC":[50.09],"DEWP":[-14.559999],"FRSHTT":[1110000],"PRCP":[0.45999998],"SLP":[1021.9699],"SNDP":[11.099999],"STP":[992.82996],"TEMP":[-13.059999],"VISIB":[16.82],"WDSP":[13.74],"WNDDIR":[297.4],"time":[1549364855]}