{"CLDC":[77.06999],"DEWP":[-27.500004],"FRSHTT":[1010000],"PRCP":[0],"SLP":[1027.08],"SNDP":[24.600002],"STP":[977.63007],"TEMP":[-23.179996],"VISIB":[20.11],"WDSP":[9.509999],"WNDDIR":[58.8],"time":[1549364861]}