{"CLDC":[77.06999,77.159996],"DEWP":[-27.500004,-26.900003],"FRSHTT":[1010000,1010000],"PRCP":[0,0],"SLP":[1027.08,1026.87],"SNDP":[24.600002,24.699999],"STP":[977.63007,978.02],"TEMP":[-23.179996,-23.079998],"VISIB":[20.11,20.18],"WDSP":[9.509999,8.629999],"WNDDIR":[58.8,64.2],"time":[1549364861,1549364919]}