{"CLDC":[50.309998],"DEWP":[-24.539999],"FRSHTT":[1010000],"PRCP":[0],"SLP":[1024.4801],"SNDP":[6.5],"STP":[984.5],"TEMP":[-18.75],"VISIB":[20.529999],"WDSP":[14.270001],"WNDDIR":[118.2],"time":[1549364861]}