{"CLDC":[4.9000006],"DEWP":[-20.140001],"FRSHTT":[1000000],"PRCP":[0],"SLP":[1019.5301],"SNDP":[0],"STP":[1007.07],"TEMP":[-17.18],"VISIB":[23.48],"WDSP":[17.59],"WNDDIR":[105.2],"time":[1549364855]}