{"CLDC":[88.44],"DEWP":[-18.499998],"FRSHTT":[1010000],"PRCP":[0],"SLP":[1028.46],"SNDP":[7],"STP":[998.55],"TEMP":[-13.360001],"VISIB":[24.310001],"WDSP":[10.860001],"WNDDIR":[30.3],"time":[1549364855]}