{"CLDC":[50.04,50.46],"DEWP":[-15.150002,-15.150002],"FRSHTT":[1010000,1010000],"PRCP":[0,0],"SLP":[1025.48,1025.48],"SNDP":[26.8,26.899998],"STP":[975.30994,974.7301],"TEMP":[-12.799999,-12.11],"VISIB":[22.45,22.949999],"WDSP":[15.69,15.710001],"WNDDIR":[166.8,166],"time":[1549364855,1549364915]}