{"CLDC":[50.160004,50.47],"DEWP":[-25.88,-26.01],"FRSHTT":[1010000,1010000],"PRCP":[0,0],"SLP":[1029.7699,1029.9401],"SNDP":[8.300001,8.400001],"STP":[997.6701,997.56995],"TEMP":[-23.14,-23.26],"VISIB":[22.77,22.539999],"WDSP":[15.25,15.629999],"WNDDIR":[332,329.4],"time":[1549364855,1549364915]}