{"CLDC":[4.9000006,5.24],"DEWP":[-20.140001,-20.140001],"FRSHTT":[1000000,1000000],"PRCP":[0,0],"SLP":[1019.5301,1019.7001],"SNDP":[0,0],"STP":[1007.07,1007.07],"TEMP":[-17.18,-17.119999],"VISIB":[23.48,23.35],"WDSP":[17.59,17.32],"WNDDIR":[105.2,104.3],"time":[1549364855,1549364915]}