{"CLDC":[50.160004],"DEWP":[-25.88],"FRSHTT":[1010000],"PRCP":[0],"SLP":[1029.7699],"SNDP":[8.300001],"STP":[997.6701],"TEMP":[-23.14],"VISIB":[22.77],"WDSP":[15.25],"WNDDIR":[332],"time":[1549364855]}