{"CLDC":[65.509995,65.59],"DEWP":[-17.900002,-17.52],"FRSHTT":[1010000,1010000],"PRCP":[0,0],"SLP":[1027.8201,1027.6199],"SNDP":[7,7],"STP":[987.88995,987.27997],"TEMP":[-11.739999,-12.12],"VISIB":[22.560001,22.600002],"WDSP":[32.789997,34],"WNDDIR":[72.1,69.3],"time":[1549364855,1549364915]}