{"CLDC":[50.050003,50.170002],"DEWP":[-29.12,-29.239996],"FRSHTT":[1010000,1010000],"PRCP":[0,0],"SLP":[1026.46,1026.7301],"SNDP":[6,6],"STP":[971.02997,971.25],"TEMP":[-23.7,-23.759998],"VISIB":[22.949999,22.949999],"WDSP":[7.5800004,6.8199997],"WNDDIR":[181,177.8],"time":[1549364855,1549364915]}