{"CLDC":[80.39,80.82],"DEWP":[-26.280003,-26.689999],"FRSHTT":[1010000,1010000],"PRCP":[0,0],"SLP":[1025.99,1026.17],"SNDP":[10.699999,10.699999],"STP":[976.77997,976.63007],"TEMP":[-22.38,-22.319998],"VISIB":[23.77,24.000004],"WDSP":[15.810002,15.969999],"WNDDIR":[182.4,185.9],"time":[1549364855,1549364915]}