{"CLDC":[50.269997],"DEWP":[-29.16],"FRSHTT":[1010000],"PRCP":[0],"SLP":[1023.7301],"SNDP":[16.699999],"STP":[988.2601],"TEMP":[-22.039999],"VISIB":[22.96],"WDSP":[16.170002],"WNDDIR":[141.5],"time":[1549364855]}