{"CLDC":[98.97001,99.06999],"DEWP":[-14.159999,-14.359999],"FRSHTT":[1000000,1000000],"PRCP":[0,0],"SLP":[1027.99,1027.74],"SNDP":[0,0],"STP":[956.41,955.9801],"TEMP":[-11.549999,-11.499998],"VISIB":[23.3,24.49],"WDSP":[24.27,24.109999],"WNDDIR":[311.3,308.3],"time":[1549364856,1549364915]}