{"CLDC":[69.89,69.67],"DEWP":[-24.9,-25.060001],"FRSHTT":[1010000,1010000],"PRCP":[0,0],"SLP":[1030.65,1030.7101],"SNDP":[9.300001,9.300001],"STP":[952.63995,952.87],"TEMP":[-21.179998,-21.179998],"VISIB":[24.349998,24.32],"WDSP":[12.33,13.289999],"WNDDIR":[331.1,331.8],"time":[1549364855,1549364915]}