{"CLDC":[82.91],"DEWP":[-22.5],"FRSHTT":[1010000],"PRCP":[0],"SLP":[1028.48],"SNDP":[1.3999999],"STP":[963.54004],"TEMP":[-17.740002],"VISIB":[23.849998],"WDSP":[16.49],"WNDDIR":[50],"time":[1549364855]}