{"CLDC":[82.91,82.77],"DEWP":[-22.5,-22.78],"FRSHTT":[1010000,1010000],"PRCP":[0,0],"SLP":[1028.48,1028.3601],"SNDP":[1.3999999,1.3999999],"STP":[963.54004,963.41],"TEMP":[-17.740002,-17.810001],"VISIB":[23.849998,23.53],"WDSP":[16.49,16.39],"WNDDIR":[50,48.5],"time":[1549364855,1549364915]}