{"CLDC":[50.090004,50.260002],"DEWP":[-17.35,-17.09],"FRSHTT":[1010000,1010000],"PRCP":[0,0],"SLP":[1032.45,1032.8201],"SNDP":[7,7],"STP":[958.75995,958.91003],"TEMP":[-15.620001,-15.3],"VISIB":[32.42,32.679996],"WDSP":[24.03,22.48],"WNDDIR":[75.9,74.2],"time":[1549364855,1549364915]}