{"CLDC":[50.269997,50.200005],"DEWP":[-29.16,-28.999996],"FRSHTT":[1010000,1010000],"PRCP":[0,0],"SLP":[1023.7301,1023.69006],"SNDP":[16.699999,16.800001],"STP":[988.2601,988.2001],"TEMP":[-22.039999,-22.159998],"VISIB":[22.96,23.7],"WDSP":[16.170002,16.65],"WNDDIR":[141.5,140.5],"time":[1549364855,1549364915]}