{"CLDC":[50.090004],"DEWP":[-17.35],"FRSHTT":[1010000],"PRCP":[0],"SLP":[1032.45],"SNDP":[7],"STP":[958.75995],"TEMP":[-15.620001],"VISIB":[32.42],"WDSP":[24.03],"WNDDIR":[75.9],"time":[1549364855]}