{"CLDC":[50],"DEWP":[-12.400001],"FRSHTT":[1010000],"PRCP":[0],"SLP":[1030.15],"SNDP":[3.7000003],"STP":[958.55],"TEMP":[-9.230001],"VISIB":[36.72],"WDSP":[20.15],"WNDDIR":[74.5],"time":[1549364856]}