{"CLDC":[50.229992,50.110004],"DEWP":[-17.250002,-17.420002],"FRSHTT":[1010000,1010000],"PRCP":[0,0],"SLP":[1028.53,1028.3301],"SNDP":[9.300001,9.300001],"STP":[916.12,916.13007],"TEMP":[-12.290001,-12.460001],"VISIB":[24.39,24.100002],"WDSP":[15.51,15.710001],"WNDDIR":[77.3,76.5],"time":[1549364856,1549364915]}