{"CLDC":[50.229992],"DEWP":[-17.250002],"FRSHTT":[1010000],"PRCP":[0],"SLP":[1028.53],"SNDP":[9.300001],"STP":[916.12],"TEMP":[-12.290001],"VISIB":[24.39],"WDSP":[15.51],"WNDDIR":[77.3],"time":[1549364856]}