{"CLDC":[50],"DEWP":[-18.1],"FRSHTT":[1010000],"PRCP":[0],"SLP":[1027.8301],"SNDP":[10.699999],"STP":[927.88],"TEMP":[-15.410001],"VISIB":[24.12],"WDSP":[14.93],"WNDDIR":[107],"time":[1549364856]}