{"CLDC":[52.439995],"DEWP":[-21.550001],"FRSHTT":[1010000],"PRCP":[0],"SLP":[1027.4999],"SNDP":[3.7000003],"STP":[957.32996],"TEMP":[-17.400002],"VISIB":[23.689999],"WDSP":[8.129999],"WNDDIR":[180.4],"time":[1549364856]}