{"CLDC":[61.920002,62.309998],"DEWP":[-19.16,-19.44],"FRSHTT":[1010000,1010000],"PRCP":[0,0],"SLP":[1025.75,1025.68],"SNDP":[2.3999999,2.3999999],"STP":[947.22003,947.0399],"TEMP":[-16.18,-16.179998],"VISIB":[24.550001,25.040003],"WDSP":[8.559999,9.250001],"WNDDIR":[224.6,224.9],"time":[1549364856,1549364915]}