{"CLDC":[94.93001,95.02],"DEWP":[-19.09,-19.22],"FRSHTT":[1010000,1010000],"PRCP":[0,0],"SLP":[1029.3499,1029.63],"SNDP":[1.3999999,1.3999999],"STP":[927.64,927.55994],"TEMP":[-14.649999,-14.83],"VISIB":[24.640001,24.52],"WDSP":[17.050001,17.17],"WNDDIR":[143.7,145.6],"time":[1549364856,1549364915]}