{"CLDC":[50.289997],"DEWP":[-10.54],"FRSHTT":[1110000],"PRCP":[0.019999998],"SLP":[1030.2999],"SNDP":[26.8],"STP":[945.9],"TEMP":[-8.650001],"VISIB":[21.26],"WDSP":[2.69],"WNDDIR":[313],"time":[1549364856]}