{"CLDC":[50.180004,50.010002],"DEWP":[-25.42,-25],"FRSHTT":[1010000,1010000],"PRCP":[0,0],"SLP":[1035.33,1035.2999],"SNDP":[4.5999994,4.5999994],"STP":[920.43,920.4],"TEMP":[-15.75,-15.75],"VISIB":[38.859997,38.090004],"WDSP":[3.05,3.0700002],"WNDDIR":[185,185.4],"time":[1549364856,1549364916]}