{"CLDC":[38.909996],"DEWP":[-16.460001],"FRSHTT":[1000000],"PRCP":[0],"SLP":[1035.23],"SNDP":[0],"STP":[991.64],"TEMP":[-7.700001],"VISIB":[24.490002],"WDSP":[9.619999],"WNDDIR":[265.1],"time":[1549364857]}