{"CLDC":[54.300007],"DEWP":[-19.400002],"FRSHTT":[1010000],"PRCP":[0],"SLP":[1034.73],"SNDP":[16.699999],"STP":[903],"TEMP":[-13.899999],"VISIB":[39.999996],"WDSP":[10.07],"WNDDIR":[115],"time":[1549364857]}