{"CLDC":[35.379997,35.269997],"DEWP":[-14.65,-14.5],"FRSHTT":[1000000,1000000],"PRCP":[0,0],"SLP":[1035.9001,1035.9001],"SNDP":[0,0],"STP":[991.45996,991.5],"TEMP":[-6.8,-6.8],"VISIB":[46.289997,45.710003],"WDSP":[13.780001,13.200002],"WNDDIR":[42.7,43.6],"time":[1549364856,1549364916]}