{"CLDC":[50.03,50.070004],"DEWP":[-19.899998,-20.800001],"FRSHTT":[1010000,1010000],"PRCP":[0,0],"SLP":[1024.8899,1024.8701],"SNDP":[13.9,13.9],"STP":[912.4,912.2999],"TEMP":[-13.829999,-13.94],"VISIB":[64.28001,63.879997],"WDSP":[8.56,7.95],"WNDDIR":[347.1,344.9],"time":[1549364856,1549364916]}