{"CLDC":[50.289997,50],"DEWP":[-10.54,-10.54],"FRSHTT":[1110000,1110000],"PRCP":[0.019999998,0.019999998],"SLP":[1030.2999,1030.3601],"SNDP":[26.8,26.899998],"STP":[945.9,945.95996],"TEMP":[-8.650001,-8.499999],"VISIB":[21.26,21.869999],"WDSP":[2.69,3.04],"WNDDIR":[313,314.4],"time":[1549364856,1549364916]}