{"CLDC":[91.04],"DEWP":[-3.7],"FRSHTT":[100000],"PRCP":[0.07999999],"SLP":[1022.5],"SNDP":[0],"STP":[1001.5],"TEMP":[1.1000001],"VISIB":[11.07],"WDSP":[10.99],"WNDDIR":[295.2],"time":[1549364859]}