{"CLDC":[19.28],"DEWP":[-14.719999],"FRSHTT":[1000000],"PRCP":[0],"SLP":[1036.9001],"SNDP":[0],"STP":[978.4],"TEMP":[-10.82],"VISIB":[24.640003],"WDSP":[1.5],"WNDDIR":[21.2],"time":[1549364856]}