{"CLDC":[62.35],"DEWP":[-15.380002],"FRSHTT":[1000000],"PRCP":[0],"SLP":[1035],"SNDP":[0],"STP":[1002.80994],"TEMP":[-8.66],"VISIB":[27.989996],"WDSP":[2.64],"WNDDIR":[90.5],"time":[1549364857]}