{"CLDC":[54.300007,54.359997],"DEWP":[-19.400002,-19.080002],"FRSHTT":[1010000,1010000],"PRCP":[0,0],"SLP":[1034.73,1034.7999],"SNDP":[16.699999,16.800001],"STP":[903,903.1],"TEMP":[-13.899999,-13.599998],"VISIB":[39.999996,40.359993],"WDSP":[10.07,10.4],"WNDDIR":[115,110.7],"time":[1549364857,1549364916]}