{"CLDC":[35.379997],"DEWP":[-14.65],"FRSHTT":[1000000],"PRCP":[0],"SLP":[1035.9001],"SNDP":[0],"STP":[991.45996],"TEMP":[-6.8],"VISIB":[46.289997],"WDSP":[13.780001],"WNDDIR":[42.7],"time":[1549364856]}