{"CLDC":[19.28,18.899998],"DEWP":[-14.719999,-14.379999],"FRSHTT":[1000000,1000000],"PRCP":[0,0],"SLP":[1036.9001,1036.7001],"SNDP":[0,0],"STP":[978.4,978.2999],"TEMP":[-10.82,-10.4],"VISIB":[24.640003,24.300001],"WDSP":[1.5,1.5],"WNDDIR":[21.2,22.2],"time":[1549364856,1549364916]}