{"CLDC":[32.26,32.5],"DEWP":[-11.0199995,-11.58],"FRSHTT":[1000000,1000000],"PRCP":[0,0],"SLP":[1029.7999,1029.7999],"SNDP":[0,0],"STP":[1025.8401,1025.9001],"TEMP":[-4.4199996,-4.4399996],"VISIB":[42.690002,42.95],"WDSP":[2.5,2.15],"WNDDIR":[150.1,151.6],"time":[1549364857,1549364916]}