{"CLDC":[11.129999],"DEWP":[-3.55],"FRSHTT":[1000000],"PRCP":[0],"SLP":[1029.7599],"SNDP":[0],"STP":[1029.7999],"TEMP":[-0.25000003],"VISIB":[23.79],"WDSP":[10.74],"WNDDIR":[15.7],"time":[1549364857]}