{"CLDC":[7.55],"DEWP":[-17.999998],"FRSHTT":[1000000],"PRCP":[0],"SLP":[1033.5],"SNDP":[0],"STP":[1001.1],"TEMP":[-9.299999],"VISIB":[23.439999],"WDSP":[4.73],"WNDDIR":[302],"time":[1549364857]}