{"CLDC":[37.389996,37.190002],"DEWP":[-3.6,-3.7],"FRSHTT":[0,0],"PRCP":[0,0],"SLP":[1029.4701,1029.45],"SNDP":[0,0],"STP":[1026.6099,1026.5999],"TEMP":[0.93,0.95],"VISIB":[71.17,70.84],"WDSP":[7.46,7.2299995],"WNDDIR":[355.1,357.8],"time":[1549364857,1549364916]}