{"CLDC":[64.02999,63.730003],"DEWP":[-6,-6.1],"FRSHTT":[1000000,1000000],"PRCP":[0,0],"SLP":[1029.7001,1029.5999],"SNDP":[0,0],"STP":[1026.9001,1026.9001],"TEMP":[-2.24,-2.24],"VISIB":[27.15,27.470001],"WDSP":[6.5,5.9],"WNDDIR":[37.6,40.7],"time":[1549364857,1549364916]}