{"CLDC":[50.879997],"DEWP":[-19.1],"FRSHTT":[1010000],"PRCP":[0],"SLP":[1034],"SNDP":[10.699999],"STP":[948.2001],"TEMP":[-15.18],"VISIB":[28.540003],"WDSP":[1.93],"WNDDIR":[186.7],"time":[1549364857]}