{"CLDC":[7.55,7.12],"DEWP":[-17.999998,-18.199999],"FRSHTT":[1000000,1000000],"PRCP":[0,0],"SLP":[1033.5,1033.5],"SNDP":[0,0],"STP":[1001.1,1001.1],"TEMP":[-9.299999,-9.26],"VISIB":[23.439999,23.419998],"WDSP":[4.73,4.51],"WNDDIR":[302,305.3],"time":[1549364857,1549364916]}