{"CLDC":[39.209995],"DEWP":[-9.539999],"FRSHTT":[1000000],"PRCP":[0],"SLP":[1030.2301],"SNDP":[0],"STP":[1030.2001],"TEMP":[-2.64],"VISIB":[35.53],"WDSP":[3.25],"WNDDIR":[354.8],"time":[1549364857]}