{"CLDC":[43.98],"DEWP":[-4.2799997],"FRSHTT":[1000000],"PRCP":[0],"SLP":[1029.6399],"SNDP":[0],"STP":[1028.93],"TEMP":[-1.45],"VISIB":[30.469997],"WDSP":[5.64],"WNDDIR":[95.9],"time":[1549364857]}