{"CLDC":[43.98,43.96],"DEWP":[-4.2799997,-3.95],"FRSHTT":[1000000,1000000],"PRCP":[0,0],"SLP":[1029.6399,1029.7001],"SNDP":[0,0],"STP":[1028.93,1028.99],"TEMP":[-1.45,-1.43],"VISIB":[30.469997,30.220001],"WDSP":[5.64,6.3700004],"WNDDIR":[95.9,97.1],"time":[1549364857,1549364916]}