{"CLDC":[11.129999,11.330001],"DEWP":[-3.55,-3.64],"FRSHTT":[1000000,1000000],"PRCP":[0,0],"SLP":[1029.7599,1029.7001],"SNDP":[0,0],"STP":[1029.7999,1029.7999],"TEMP":[-0.25000003,-0.22000003],"VISIB":[23.79,24.65],"WDSP":[10.74,10.81],"WNDDIR":[15.7,14.3],"time":[1549364857,1549364916]}