{"CLDC":[39.209995,39.289997],"DEWP":[-9.539999,-9.65],"FRSHTT":[1000000,1000000],"PRCP":[0,0],"SLP":[1030.2301,1030.2999],"SNDP":[0,0],"STP":[1030.2001,1030.1499],"TEMP":[-2.64,-2.6200004],"VISIB":[35.53,34.500004],"WDSP":[3.25,3.28],"WNDDIR":[354.8,356],"time":[1549364857,1549364916]}