{"CLDC":[55.079998],"DEWP":[-25.279999],"FRSHTT":[1010000],"PRCP":[0],"SLP":[997.1],"SNDP":[37.550003],"STP":[997.1],"TEMP":[-22.780003],"VISIB":[23.98],"WDSP":[27.060001],"WNDDIR":[240],"time":[1549364859]}