{"CLDC":[50.060005,50.190006],"DEWP":[-19.649998,-19.699999],"FRSHTT":[1110000,1110000],"PRCP":[0.07,0.07],"SLP":[1001.7001,1001.82],"SNDP":[29.7,29.7],"STP":[996.94006,997],"TEMP":[-15.800001,-15.800001],"VISIB":[12.139999,11.860001],"WDSP":[23.64,24.95],"WNDDIR":[224.2,230.1],"time":[1549364859,1549364917]}