{"CLDC":[50.060005],"DEWP":[-19.649998],"FRSHTT":[1110000],"PRCP":[0.07],"SLP":[1001.7001],"SNDP":[29.7],"STP":[996.94006],"TEMP":[-15.800001],"VISIB":[12.139999],"WDSP":[23.64],"WNDDIR":[224.2],"time":[1549364859]}