{"CLDC":[50.02],"DEWP":[-27.799997],"FRSHTT":[1010000],"PRCP":[0],"SLP":[990.5],"SNDP":[13.9],"STP":[987.66],"TEMP":[-22.6],"VISIB":[21.02],"WDSP":[13.920001],"WNDDIR":[180.1],"time":[1549364859]}