{"CLDC":[50.170006],"DEWP":[-21.399998],"FRSHTT":[1010000],"PRCP":[0],"SLP":[1012.0199],"SNDP":[15.300001],"STP":[1007.24005],"TEMP":[-15.45],"VISIB":[20.210003],"WDSP":[18.61],"WNDDIR":[70.1],"time":[1549364859]}