{"CLDC":[50.210003,50.07],"DEWP":[-28.36,-28.920002],"FRSHTT":[1110000,1110000],"PRCP":[0.009999999,0.009999999],"SLP":[1015.49005,1015.6901],"SNDP":[24.600002,24.679998],"STP":[996.36993,996.0801],"TEMP":[-25.609997,-25.609997],"VISIB":[20.4,20.27],"WDSP":[22.289999,23.23],"WNDDIR":[78,78.8],"time":[1549364859,1549364917]}