{"CLDC":[50.210003],"DEWP":[-28.36],"FRSHTT":[1110000],"PRCP":[0.009999999],"SLP":[1015.49005],"SNDP":[24.600002],"STP":[996.36993],"TEMP":[-25.609997],"VISIB":[20.4],"WDSP":[22.289999],"WNDDIR":[78],"time":[1549364859]}