{"CLDC":[50.200005,50.030003],"DEWP":[-27.710001,-27.220001],"FRSHTT":[1110000,1110000],"PRCP":[0.009999999,0.009999999],"SLP":[1005.97003,1006.14],"SNDP":[28.3,28.3],"STP":[1006.25,1006.30994],"TEMP":[-21.950003,-22.019999],"VISIB":[15.06,14.390001],"WDSP":[16.9,15.860001],"WNDDIR":[72.1,74.8],"time":[1549364859,1549364918]}