{"CLDC":[50,50.110004],"DEWP":[-17.150002,-17.04],"FRSHTT":[1010000,1010000],"PRCP":[0,0],"SLP":[1018.82996,1019.64014],"SNDP":[19.899998,19.899998],"STP":[954.5199,954.45996],"TEMP":[-14.139999,-13.959999],"VISIB":[24.080002,23.87],"WDSP":[13.159999,13.780001],"WNDDIR":[208.5,210.4],"time":[1549364859,1549364918]}