{"CLDC":[50.200005],"DEWP":[-27.710001],"FRSHTT":[1110000],"PRCP":[0.009999999],"SLP":[1005.97003],"SNDP":[28.3],"STP":[1006.25],"TEMP":[-21.950003],"VISIB":[15.06],"WDSP":[16.9],"WNDDIR":[72.1],"time":[1549364859]}