{"CLDC":[50.200005],"DEWP":[-31.679998],"FRSHTT":[1010000],"PRCP":[0],"SLP":[985.6],"SNDP":[11.5],"STP":[977.0199],"TEMP":[-27],"VISIB":[4.71],"WDSP":[23.89],"WNDDIR":[66.4],"time":[1549364859]}