{"CLDC":[94.53,94.509995],"DEWP":[-0.9799999,-1.3],"FRSHTT":[110000,110000],"PRCP":[0.18000002,0.18000002],"SLP":[1015.7999,1015.7999],"SNDP":[0.20000002,0.20000002],"STP":[1010.7001,1010.7001],"TEMP":[0.40000004,0.40000004],"VISIB":[9.12,9.069999],"WDSP":[12.49,12.99],"WNDDIR":[352.7,356.4],"time":[1549364858,1549364917]}