{"CLDC":[50],"DEWP":[-17.150002],"FRSHTT":[1010000],"PRCP":[0],"SLP":[1018.82996],"SNDP":[19.899998],"STP":[954.5199],"TEMP":[-14.139999],"VISIB":[24.080002],"WDSP":[13.159999],"WNDDIR":[208.5],"time":[1549364859]}