{"CLDC":[50.1],"DEWP":[-12.75],"FRSHTT":[1010000],"PRCP":[0],"SLP":[1026.84],"SNDP":[13.9],"STP":[903.27997],"TEMP":[-9.999999],"VISIB":[63.770008],"WDSP":[4.92],"WNDDIR":[279.7],"time":[1549364860]}