{"CLDC":[50.1,50.200005],"DEWP":[-12.75,-12.41],"FRSHTT":[1010000,1010000],"PRCP":[0,0],"SLP":[1026.84,1026.47],"SNDP":[13.9,13.9],"STP":[903.27997,903.22003],"TEMP":[-9.999999,-9.719999],"VISIB":[63.770008,63.919994],"WDSP":[4.92,4.8100004],"WNDDIR":[279.7,281],"time":[1549364860,1549364918]}