{"CLDC":[94.53],"DEWP":[-0.9799999],"FRSHTT":[110000],"PRCP":[0.18000002],"SLP":[1015.7999],"SNDP":[0.20000002],"STP":[1010.7001],"TEMP":[0.40000004],"VISIB":[9.12],"WDSP":[12.49],"WNDDIR":[352.7],"time":[1549364858]}