{"CLDC":[50.130005,50.15],"DEWP":[-18.46,-17.98],"FRSHTT":[1010000,1010000],"PRCP":[0,0],"SLP":[1020.7899,1020.4],"SNDP":[13.9,13.9],"STP":[973.48,973.43],"TEMP":[-15.3,-15.5],"VISIB":[24.189999,24.159998],"WDSP":[3.7,3.22],"WNDDIR":[307.7,303.9],"time":[1549364860,1549364918]}