{"CLDC":[69.1],"DEWP":[-18.460001],"FRSHTT":[1000000],"PRCP":[0],"SLP":[1015.45],"SNDP":[0],"STP":[988.85],"TEMP":[-15.4800005],"VISIB":[23.45],"WDSP":[9.07],"WNDDIR":[55.1],"time":[1549364860]}