{"CLDC":[50.200005,50.07],"DEWP":[-12.2,-12.040001],"FRSHTT":[1010000,1010000],"PRCP":[0,0],"SLP":[1014.25,1014.2999],"SNDP":[22.300001,22.300001],"STP":[993.16,993.27],"TEMP":[-7.9000006,-7.8700004],"VISIB":[23.520002,24.019999],"WDSP":[13.209999,13.99],"WNDDIR":[109.8,105.5],"time":[1549364860,1549364918]}