{"CLDC":[82.17,82.22],"DEWP":[-22.36,-21.940002],"FRSHTT":[1010000,1010000],"PRCP":[0,0],"SLP":[1017.5,1017.04004],"SNDP":[35.200005,35.200005],"STP":[986.95996,987.73],"TEMP":[-19.5,-19.560001],"VISIB":[24.100002,24.419998],"WDSP":[6.8299994,7.3900003],"WNDDIR":[91.9,93.5],"time":[1549364860,1549364918]}