{"CLDC":[93.880005,94.020004],"DEWP":[-22.500004,-22.650003],"FRSHTT":[1110000,1110000],"PRCP":[0.14,0.14],"SLP":[1006.77997,1008],"SNDP":[15.300001,15.300001],"STP":[1006.05,1005.52997],"TEMP":[-19.250002,-19.5],"VISIB":[17.210001,17.64],"WDSP":[17.99,17.73],"WNDDIR":[94.9,93.5],"time":[1549364860,1549364918]}