{"CLDC":[82.17],"DEWP":[-22.36],"FRSHTT":[1010000],"PRCP":[0],"SLP":[1017.5],"SNDP":[35.200005],"STP":[986.95996],"TEMP":[-19.5],"VISIB":[24.100002],"WDSP":[6.8299994],"WNDDIR":[91.9],"time":[1549364860]}