{"CLDC":[50.130005],"DEWP":[-16.97],"FRSHTT":[1110000],"PRCP":[0.009999999],"SLP":[1011.91],"SNDP":[21.300001],"STP":[986.30994],"TEMP":[-12.88],"VISIB":[20.85],"WDSP":[8.059999],"WNDDIR":[279.9],"time":[1549364860]}