{"CLDC":[93.880005],"DEWP":[-22.500004],"FRSHTT":[1110000],"PRCP":[0.14],"SLP":[1006.77997],"SNDP":[15.300001],"STP":[1006.05],"TEMP":[-19.250002],"VISIB":[17.210001],"WDSP":[17.99],"WNDDIR":[94.9],"time":[1549364860]}