{"CLDC":[50.130005],"DEWP":[-18.46],"FRSHTT":[1010000],"PRCP":[0],"SLP":[1020.7899],"SNDP":[13.9],"STP":[973.48],"TEMP":[-15.3],"VISIB":[24.189999],"WDSP":[3.7],"WNDDIR":[307.7],"time":[1549364860]}