{"CLDC":[69.1,69.05],"DEWP":[-18.460001,-18.460001],"FRSHTT":[1000000,1000000],"PRCP":[0,0],"SLP":[1015.45,1015.72003],"SNDP":[0,0],"STP":[988.85,988.49005],"TEMP":[-15.4800005,-15.33],"VISIB":[23.45,23.380001],"WDSP":[9.07,8.97],"WNDDIR":[55.1,60.7],"time":[1549364860,1549364918]}