{"CLDC":[98.47,97.990005],"DEWP":[-15.62,-15.139999],"FRSHTT":[1010000,1010000],"PRCP":[0,0],"SLP":[1023.9199,1023.91],"SNDP":[9.300001,9.300001],"STP":[941.16003,941.09],"TEMP":[-11.759998,-11.839999],"VISIB":[39.120003,39.15],"WDSP":[9.31,9.12],"WNDDIR":[127.9,131.4],"time":[1549364860,1549364918]}