{"CLDC":[50.04,50.719997],"DEWP":[-24.479998,-24.560001],"FRSHTT":[1010000,1010000],"PRCP":[0,0],"SLP":[1013.32996,1012.20996],"SNDP":[26.8,26.899998],"STP":[990.32,990.08997],"TEMP":[-20.28,-20.28],"VISIB":[24.390001,23.99],"WDSP":[5.54,5.66],"WNDDIR":[160.4,163],"time":[1549364860,1549364918]}