{"CLDC":[50.080006,50.13],"DEWP":[-24.84,-25.16],"FRSHTT":[1110000,1110000],"PRCP":[0.019999998,0.019999998],"SLP":[1022.9,1022.9],"SNDP":[12.9,13],"STP":[974.41003,974.41003],"TEMP":[-21.98,-22.420002],"VISIB":[78.67,77.8],"WDSP":[2.6700003,2.99],"WNDDIR":[182.1,181.4],"time":[1549364860,1549364918]}