{"CLDC":[73.86,73.66],"DEWP":[-22.199999,-21.899998],"FRSHTT":[1000000,1000000],"PRCP":[0,0],"SLP":[1006.4299,1006.09],"SNDP":[0,0],"STP":[1004.82996,1006.11993],"TEMP":[-19.02,-18.989998],"VISIB":[8.21,7.87],"WDSP":[17.720001,17.21],"WNDDIR":[114.4,111.6],"time":[1549364860,1549364918]}