{"CLDC":[61.75,61.879997],"DEWP":[-17.34,-17.34],"FRSHTT":[1010000,1010000],"PRCP":[0,0],"SLP":[1022.95,1022.69006],"SNDP":[6,6],"STP":[937.11,937.38],"TEMP":[-11.200001,-11.280001],"VISIB":[61.839996,61.55],"WDSP":[23.070002,22.109999],"WNDDIR":[98.9,99],"time":[1549364860,1549364918]}