{"CLDC":[66.95,67.32],"DEWP":[-19.359997,-19.359999],"FRSHTT":[1010000,1010000],"PRCP":[0,0],"SLP":[1026.4001,1026.35],"SNDP":[6,6],"STP":[1023.9,1023.8299],"TEMP":[-15.5,-15.349998],"VISIB":[23.85,23.6],"WDSP":[10.240001,10.32],"WNDDIR":[329.9,330.5],"time":[1549364861,1549364918]}