{"CLDC":[77.27,77.37],"DEWP":[-25.9,-25.349997],"FRSHTT":[1010000,1010000],"PRCP":[0,0],"SLP":[1027.7501,1027.8801],"SNDP":[43.600002,43.600002],"STP":[939.52997,939.98],"TEMP":[-21.16,-21.16],"VISIB":[48,47.739998],"WDSP":[3.4,3.77],"WNDDIR":[295.3,294.2],"time":[1549364860,1549364918]}