{"CLDC":[50.04,50.15],"DEWP":[-15.360001,-14.82],"FRSHTT":[1010000,1010000],"PRCP":[0,0],"SLP":[1032.7001,1032.7101],"SNDP":[29.7,29.7],"STP":[944.2999,944.33997],"TEMP":[-12.58,-12.25],"VISIB":[24.230001,23.78],"WDSP":[0.58,0.59999996],"WNDDIR":[174.9,179],"time":[1549364860,1549364918]}