{"CLDC":[95.8],"DEWP":[-13.839999],"FRSHTT":[1010000],"PRCP":[0],"SLP":[1006.82],"SNDP":[23.699999],"STP":[998.7301],"TEMP":[-10.839999],"VISIB":[29.039999],"WDSP":[15.269999],"WNDDIR":[144],"time":[1549364861]}