{"CLDC":[77.27],"DEWP":[-25.9],"FRSHTT":[1010000],"PRCP":[0],"SLP":[1027.7501],"SNDP":[43.600002],"STP":[939.52997],"TEMP":[-21.16],"VISIB":[48],"WDSP":[3.4],"WNDDIR":[295.3],"time":[1549364860]}