{"CLDC":[59.8,60.110004],"DEWP":[-12.49,-12.49],"FRSHTT":[1000000,1000000],"PRCP":[0,0],"SLP":[1030.7001,1030.7001],"SNDP":[0,0],"STP":[1003.2999,1003.2999],"TEMP":[-7.25,-7.28],"VISIB":[23.84,23.789999],"WDSP":[13.19,13.2699995],"WNDDIR":[46,44.3],"time":[1549364860,1549364918]}