{"CLDC":[9.96],"DEWP":[-22.500004],"FRSHTT":[1000000],"PRCP":[0],"SLP":[1019.55],"SNDP":[0],"STP":[918.6],"TEMP":[-19.23],"VISIB":[76.55],"WDSP":[3.3999996],"WNDDIR":[85.6],"time":[1549364861]}