{"CLDC":[50.219997],"DEWP":[-13.42],"FRSHTT":[1010000],"PRCP":[0],"SLP":[1023.07],"SNDP":[24.600002],"STP":[936.0101],"TEMP":[-8.15],"VISIB":[64.54],"WDSP":[20.47],"WNDDIR":[259.5],"time":[1549364861]}