{"CLDC":[60.22001],"DEWP":[3.42],"FRSHTT":[100000],"PRCP":[0.059999995],"SLP":[1017.7999],"SNDP":[0],"STP":[1023.94006],"TEMP":[5.3],"VISIB":[13.49],"WDSP":[24.4],"WNDDIR":[147.3],"time":[1549364860]}