{"CLDC":[95],"DEWP":[2.0600002],"FRSHTT":[100000],"PRCP":[0.07],"SLP":[1018.91003],"SNDP":[0],"STP":[1010.2001],"TEMP":[3.7800002],"VISIB":[8.2699995],"WDSP":[15.85],"WNDDIR":[209],"time":[1549364860]}