{"CLDC":[75.81],"DEWP":[3.4000003],"FRSHTT":[100000],"PRCP":[0.09000001],"SLP":[1017.7899],"SNDP":[0],"STP":[1014.2001],"TEMP":[5.7400002],"VISIB":[13.9800005],"WDSP":[20.210001],"WNDDIR":[172.4],"time":[1549364861]}