{"CLDC":[99.490005,99.65],"DEWP":[4.3999996,4.3999996],"FRSHTT":[100000,100000],"PRCP":[0.13,0.13],"SLP":[1016.7001,1016.5],"SNDP":[0,0],"STP":[1008.3499,1008.20996],"TEMP":[6.2,6.18],"VISIB":[9.749999,9.76],"WDSP":[20.03,18.789999],"WNDDIR":[62.7,66.4],"time":[1549364861,1549364918]}