{"CLDC":[50.140007],"DEWP":[2.82],"FRSHTT":[100000],"PRCP":[0.09000001],"SLP":[1024.1901],"SNDP":[0],"STP":[1021.5001],"TEMP":[6.4399996],"VISIB":[9.45],"WDSP":[24.59],"WNDDIR":[22.9],"time":[1549364861]}