{"CLDC":[50.140007,50.010002],"DEWP":[2.82,2.58],"FRSHTT":[100000,100000],"PRCP":[0.09000001,0.09000001],"SLP":[1024.1901,1024.2301],"SNDP":[0,0],"STP":[1021.5001,1021.72003],"TEMP":[6.4399996,6.4399996],"VISIB":[9.45,9.51],"WDSP":[24.59,24.74],"WNDDIR":[22.9,19.7],"time":[1549364861,1549364918]}