{"CLDC":[73.950005,73.64],"DEWP":[1.2600001,1.42],"FRSHTT":[0,0],"PRCP":[0,0],"SLP":[989.19006,989.00995],"SNDP":[0,0],"STP":[1001.9899,1002.9699],"TEMP":[3.27,3.2400002],"VISIB":[10.870001,10.890001],"WDSP":[30.38,29.780003],"WNDDIR":[39.2,38.7],"time":[1549364861,1549364918]}