{"CLDC":[62.629997,62.590004],"DEWP":[0.52,0.34],"FRSHTT":[100000,100000],"PRCP":[0.009999999,0.009999999],"SLP":[1022.57,1022.75995],"SNDP":[0,0],"STP":[1016.55994,1017.58997],"TEMP":[3.2000003,3.2000003],"VISIB":[13.7,14.780001],"WDSP":[17.72,18.53],"WNDDIR":[316.9,315.8],"time":[1549364855,1549364915]}