{"CLDC":[78.94,78.9],"DEWP":[-0.39000002,-0.04],"FRSHTT":[100000,100000],"PRCP":[0.09000001,0.09000001],"SLP":[1018.6,1018.7001],"SNDP":[0,0],"STP":[1013.68005,1013.63007],"TEMP":[2.1799998,2.1999998],"VISIB":[11.629999,11.92],"WDSP":[15.570002,14.609999],"WNDDIR":[355.8,356.8],"time":[1549364855,1549364915]}