{"CLDC":[75.44],"DEWP":[-2.58],"FRSHTT":[110000],"PRCP":[0.009999999],"SLP":[1018],"SNDP":[0.10000001],"STP":[999.1],"TEMP":[0.8000001],"VISIB":[8.940001],"WDSP":[10.039999],"WNDDIR":[273.1],"time":[1549364857]}