{"CLDC":[39.73,39.48],"DEWP":[-5.2,-5.2],"FRSHTT":[1000000,1000000],"PRCP":[0,0],"SLP":[1019.2999,1019.30994],"SNDP":[0,0],"STP":[989.1,989.1],"TEMP":[-3.4,-3.4199996],"VISIB":[1.3799999,0.84],"WDSP":[5.9900002,5.8399997],"WNDDIR":[263.6,267.4],"time":[1549364857,1549364916]}