{"CLDC":[39.73],"DEWP":[-5.2],"FRSHTT":[1000000],"PRCP":[0],"SLP":[1019.2999],"SNDP":[0],"STP":[989.1],"TEMP":[-3.4],"VISIB":[1.3799999],"WDSP":[5.9900002],"WNDDIR":[263.6],"time":[1549364857]}