{"CLDC":[84.270004],"DEWP":[-2.32],"FRSHTT":[1100000],"PRCP":[0.009999999],"SLP":[1020],"SNDP":[0],"STP":[1004.12],"TEMP":[-0.10000001],"VISIB":[9.45],"WDSP":[9.139999],"WNDDIR":[66.2],"time":[1549364858]}