{"CLDC":[84.270004,84.74],"DEWP":[-2.32,-2.08],"FRSHTT":[1100000,1100000],"PRCP":[0.009999999,0.009999999],"SLP":[1020,1020],"SNDP":[0,0],"STP":[1004.12,1004.5],"TEMP":[-0.10000001,-0.10000001],"VISIB":[9.45,9.679999],"WDSP":[9.139999,9.69],"WNDDIR":[66.2,66.4],"time":[1549364858,1549364916]}