{"CLDC":[30.080002,29.759998],"DEWP":[-4.4,-4.4],"FRSHTT":[1000000,1000000],"PRCP":[0,0],"SLP":[1014.27997,1014.5199],"SNDP":[0,0],"STP":[990.9,990.5501],"TEMP":[-1.9399999,-1.9399999],"VISIB":[7.3599997,6.660001],"WDSP":[9.09,8.49],"WNDDIR":[55.3,54.5],"time":[1549364858,1549364916]}