{"CLDC":[30.080002],"DEWP":[-4.4],"FRSHTT":[1000000],"PRCP":[0],"SLP":[1014.27997],"SNDP":[0],"STP":[990.9],"TEMP":[-1.9399999],"VISIB":[7.3599997],"WDSP":[9.09],"WNDDIR":[55.3],"time":[1549364858]}