{"CLDC":[14.909999,14.63],"DEWP":[4.94,4.7799997],"FRSHTT":[0,0],"PRCP":[0,0],"SLP":[1014.69006,1012.9199],"SNDP":[0,0],"STP":[993.80994,994.35],"TEMP":[5.88,5.8500004],"VISIB":[10.24,10.05],"WDSP":[20.29,19.880001],"WNDDIR":[12.4,11.7],"time":[1549364857,1549364916]}