{"CLDC":[29.929998],"DEWP":[-6.9399996],"FRSHTT":[1000000],"PRCP":[0],"SLP":[1023.5],"SNDP":[0],"STP":[878.2501],"TEMP":[-2.2400002],"VISIB":[46.47],"WDSP":[5.58],"WNDDIR":[107.1],"time":[1549364861]}