{"CLDC":[29.929998,29.650003],"DEWP":[-6.9399996,-6.9399996],"FRSHTT":[1000000,1000000],"PRCP":[0,0],"SLP":[1023.5,1023.49005],"SNDP":[0,0],"STP":[878.2501,878.2001],"TEMP":[-2.2400002,-2.23],"VISIB":[46.47,46.65],"WDSP":[5.58,6.3599997],"WNDDIR":[107.1,105.9],"time":[1549364861,1549364919]}