{"CLDC":[50.06,50.1],"DEWP":[3.7499995,3.5400002],"FRSHTT":[100000,100000],"PRCP":[0.11,0.11],"SLP":[1027.54,1027.5],"SNDP":[0,0],"STP":[992.45996,993.02997],"TEMP":[5.1500006,5.1000004],"VISIB":[9.800001,9.83],"WDSP":[32.399998,32.42],"WNDDIR":[171.3,172.1],"time":[1549364859,1549364917]}