{"CLDC":[86.09999],"DEWP":[-19.119999],"FRSHTT":[1000000],"PRCP":[0],"SLP":[1028.8499],"SNDP":[0],"STP":[938.9],"TEMP":[-15.860001],"VISIB":[55.9],"WDSP":[3.1000001],"WNDDIR":[200.4],"time":[1549364856]}