{"CLDC":[72.079994,72.130005],"DEWP":[-14.460001,-14.82],"FRSHTT":[1010000,1010000],"PRCP":[0,0],"SLP":[1010.27997,1010.9],"SNDP":[16.699999,16.800001],"STP":[1001.88,1001.95],"TEMP":[-10.499999,-10.699999],"VISIB":[42.68,42.58],"WDSP":[7.45,7.589999],"WNDDIR":[92.1,92.5],"time":[1549364856,1549364916]}