{"CLDC":[62.99],"DEWP":[-21.850002],"FRSHTT":[1010000],"PRCP":[0],"SLP":[1034.5],"SNDP":[10.699999],"STP":[920.72003],"TEMP":[-18.689999],"VISIB":[24.26],"WDSP":[0.32999998],"WNDDIR":[75.3],"time":[1549364857]}