{"CLDC":[62.99,63.170002],"DEWP":[-21.850002,-22.28],"FRSHTT":[1010000,1010000],"PRCP":[0,0],"SLP":[1034.5,1034.5],"SNDP":[10.699999,10.699999],"STP":[920.72003,920.7899],"TEMP":[-18.689999,-18.52],"VISIB":[24.26,24.169998],"WDSP":[0.32999998,0.030000001],"WNDDIR":[75.3,79.1],"time":[1549364857,1549364916]}