{"CLDC":[50.160004,50.349995],"DEWP":[-18.420002,-18.42],"FRSHTT":[1010000,1010000],"PRCP":[0,0],"SLP":[1023.2999,1023.63995],"SNDP":[10.699999,10.699999],"STP":[949.67004,949.98],"TEMP":[-15.319998,-15.500002],"VISIB":[39.100002,39.02],"WDSP":[7.9300003,8.900001],"WNDDIR":[7.3,10.3],"time":[1549364857,1549364916]}