{"CLDC":[50.200005,50.219997],"DEWP":[-19.8,-19.949999],"FRSHTT":[1010000,1010000],"PRCP":[0,0],"SLP":[1018.2301,1017.75995],"SNDP":[26.8,26.899998],"STP":[974.86993,974.7301],"TEMP":[-15.620001,-15.549998],"VISIB":[23.59,24.090002],"WDSP":[5.5899997,5.8],"WNDDIR":[236.9,238],"time":[1549364857,1549364916]}