{"CLDC":[50.010002,50.04],"DEWP":[-19.45,-19.16],"FRSHTT":[1110000,1110000],"PRCP":[0.009999999,0.009999999],"SLP":[1012.93994,1012.49005],"SNDP":[13.9,13.9],"STP":[991.54004,992.4601],"TEMP":[-17.06,-17.239998],"VISIB":[16.740002,16.19],"WDSP":[11.589999,11.57],"WNDDIR":[228.6,225.6],"time":[1549364858,1549364916]}