{"CLDC":[88.52],"DEWP":[-23.139997],"FRSHTT":[1010000],"PRCP":[0],"SLP":[1022.09],"SNDP":[16.699999],"STP":[967.88995],"TEMP":[-20.6],"VISIB":[23.92],"WDSP":[10.500001],"WNDDIR":[205.1],"time":[1549364858]}