{"CLDC":[50.02,50.18],"DEWP":[-20.039999,-19.669998],"FRSHTT":[1010000,1010000],"PRCP":[0,0],"SLP":[1017.44006,1016.88995],"SNDP":[34.299995,34.299995],"STP":[976.75,976.8],"TEMP":[-17.099998,-17.259998],"VISIB":[21.039997,21.490002],"WDSP":[2.67,2.7300003],"WNDDIR":[347.8,345.6],"time":[1549364858,1549364916]}