{"CLDC":[50.289997,50.269997],"DEWP":[-24.92,-24.919998],"FRSHTT":[1010000,1010000],"PRCP":[0,0],"SLP":[1019.20996,1019.66],"SNDP":[22.280003,22.300001],"STP":[990.7601,990.48],"TEMP":[-20.15,-20.41],"VISIB":[21.899998,22.359999],"WDSP":[11.800001,11.910001],"WNDDIR":[20.9,21.3],"time":[1549364858,1549364916]}