{"CLDC":[50.289997],"DEWP":[-24.92],"FRSHTT":[1010000],"PRCP":[0],"SLP":[1019.20996],"SNDP":[22.280003],"STP":[990.7601],"TEMP":[-20.15],"VISIB":[21.899998],"WDSP":[11.800001],"WNDDIR":[20.9],"time":[1549364858]}