{"CLDC":[28.48],"DEWP":[-3.8000004],"FRSHTT":[1000000],"PRCP":[0],"SLP":[1029.46],"SNDP":[0],"STP":[1029.34],"TEMP":[-0.20000002],"VISIB":[24.02],"WDSP":[7.0999994],"WNDDIR":[42.7],"time":[1549364860]}