{"CLDC":[79,78.50001],"DEWP":[-3.8200002,-3.64],"FRSHTT":[100000,100000],"PRCP":[0.13,0.13],"SLP":[1018.7001,1018.7001],"SNDP":[0,0],"STP":[1011.2001,1011.2001],"TEMP":[1.3499999,1.33],"VISIB":[29.659998,30.200003],"WDSP":[14.17,12.55],"WNDDIR":[290.2,288.7],"time":[1549364860,1549364918]}