{"CLDC":[45.45],"DEWP":[-6.0199995],"FRSHTT":[1000000],"PRCP":[0],"SLP":[1029.91],"SNDP":[0],"STP":[1029.9001],"TEMP":[-1.4399999],"VISIB":[23.84],"WDSP":[6.95],"WNDDIR":[41.3],"time":[1549364860]}