{"CLDC":[28.48,28.49],"DEWP":[-3.8000004,-3.9000003],"FRSHTT":[1000000,1000000],"PRCP":[0,0],"SLP":[1029.46,1029.4202],"SNDP":[0,0],"STP":[1029.34,1029.3201],"TEMP":[-0.20000002,-0.20000002],"VISIB":[24.02,23.76],"WDSP":[7.0999994,7.7100005],"WNDDIR":[42.7,41.1],"time":[1549364860,1549364918]}