{"CLDC":[79],"DEWP":[-3.8200002],"FRSHTT":[100000],"PRCP":[0.13],"SLP":[1018.7001],"SNDP":[0],"STP":[1011.2001],"TEMP":[1.3499999],"VISIB":[29.659998],"WDSP":[14.17],"WNDDIR":[290.2],"time":[1549364860]}