{"CLDC":[95.35],"DEWP":[-5.37],"FRSHTT":[1000000],"PRCP":[0],"SLP":[1029.2001],"SNDP":[0],"STP":[1026],"TEMP":[-2.2999997],"VISIB":[31.919998],"WDSP":[7.450001],"WNDDIR":[116],"time":[1549364860]}