{"CLDC":[95.35,95.59],"DEWP":[-5.37,-4.93],"FRSHTT":[1000000,1000000],"PRCP":[0,0],"SLP":[1029.2001,1029.2999],"SNDP":[0,0],"STP":[1026,1026.01],"TEMP":[-2.2999997,-2.2999997],"VISIB":[31.919998,31.5],"WDSP":[7.450001,7.589999],"WNDDIR":[116,111.8],"time":[1549364860,1549364918]}