{"CLDC":[50.120003],"DEWP":[-13.2],"FRSHTT":[1110000],"PRCP":[0.009999999],"SLP":[1023.2999],"SNDP":[4.5],"STP":[909.5],"TEMP":[-8.559999],"VISIB":[22.1],"WDSP":[11.35],"WNDDIR":[261.8],"time":[1549364860]}