{"CLDC":[45.45,45.489998],"DEWP":[-6.0199995,-5.8599997],"FRSHTT":[1000000,1000000],"PRCP":[0,0],"SLP":[1029.91,1030],"SNDP":[0,0],"STP":[1029.9001,1029.9001],"TEMP":[-1.4399999,-1.4499999],"VISIB":[23.84,23.79],"WDSP":[6.95,7.8199997],"WNDDIR":[41.3,41.8],"time":[1549364860,1549364918]}