{"CLDC":[43.809994,43.230003],"DEWP":[-1.9,-1.96],"FRSHTT":[0,0],"PRCP":[0,0],"SLP":[1029.86,1029.99],"SNDP":[0,0],"STP":[1020.95,1020.9],"TEMP":[0.93999994,0.88],"VISIB":[23.93,23.78],"WDSP":[6.8600006,7.109999],"WNDDIR":[4.4,7.4],"time":[1549364860,1549364918]}