{"CLDC":[63.74,63.690002],"DEWP":[-15.06,-15.060002],"FRSHTT":[1000000,1000000],"PRCP":[0,0],"SLP":[1031.2999,1031.2999],"SNDP":[0,0],"STP":[1026.5,1026.53],"TEMP":[-2.75,-2.73],"VISIB":[24.33,23.969997],"WDSP":[16.630001,17.150002],"WNDDIR":[41.6,41],"time":[1549364860,1549364918]}