{"CLDC":[51.77,51.610004],"DEWP":[-5.3299994,-5.3299994],"FRSHTT":[1000000,1000000],"PRCP":[0,0],"SLP":[1029.7101,1029.5999],"SNDP":[0,0],"STP":[1023.3099,1023.2999],"TEMP":[-1.3000001,-1.3000001],"VISIB":[24.01,24.04],"WDSP":[3.25,3.0600002],"WNDDIR":[27.9,28.9],"time":[1549364860,1549364918]}