{"CLDC":[50.110004,50.620003],"DEWP":[-21.06,-20.900002],"FRSHTT":[1010000,1010000],"PRCP":[0,0],"SLP":[1021.2601,1021.2001],"SNDP":[1.3999999,1.3999999],"STP":[952.27,952.2999],"TEMP":[-17.100002,-16.960001],"VISIB":[20.960001,21.65],"WDSP":[13.9,13.65],"WNDDIR":[76.7,79],"time":[1549364861,1549364918]}