{"CLDC":[93.61],"DEWP":[-16.14],"FRSHTT":[1010000],"PRCP":[0],"SLP":[1027.76],"SNDP":[2.3999999],"STP":[942.64],"TEMP":[-13.7],"VISIB":[23.610003],"WDSP":[13],"WNDDIR":[319.3],"time":[1549364861]}