{"CLDC":[93.61,93.89001],"DEWP":[-16.14,-16.14],"FRSHTT":[1010000,1010000],"PRCP":[0,0],"SLP":[1027.76,1027.9701],"SNDP":[2.3999999,2.3999999],"STP":[942.64,942.61],"TEMP":[-13.7,-13.5],"VISIB":[23.610003,23.970001],"WDSP":[13,13.31],"WNDDIR":[319.3,322],"time":[1549364861,1549364918]}