{"CLDC":[99.23],"DEWP":[0.45999998],"FRSHTT":[100000],"PRCP":[0.13],"SLP":[1018.4],"SNDP":[0],"STP":[1013.22003],"TEMP":[3.8799999],"VISIB":[12.03],"WDSP":[16.65],"WNDDIR":[142.8],"time":[1549364860]}