{"CLDC":[50.090004],"DEWP":[-16.9],"FRSHTT":[1010000],"PRCP":[0],"SLP":[1024.07],"SNDP":[4.5999994],"STP":[937.39],"TEMP":[-12.08],"VISIB":[24.540003],"WDSP":[17.890001],"WNDDIR":[265.5],"time":[1549364861]}