{"CLDC":[50.110004],"DEWP":[-21.06],"FRSHTT":[1010000],"PRCP":[0],"SLP":[1021.2601],"SNDP":[1.3999999],"STP":[952.27],"TEMP":[-17.100002],"VISIB":[20.960001],"WDSP":[13.9],"WNDDIR":[76.7],"time":[1549364861]}