{"CLDC":[50.32,50.46],"DEWP":[-21.8,-21.7],"FRSHTT":[1010000,1010000],"PRCP":[0,0],"SLP":[1033,1033.02],"SNDP":[17.699999,17.699999],"STP":[864.5,864.5],"TEMP":[-17.45,-17.509998],"VISIB":[24.210001,24.759998],"WDSP":[11.340002,10.780001],"WNDDIR":[247.9,246.5],"time":[1549364861,1549364918]}