{"CLDC":[9.659999,9.77],"DEWP":[-14.26,-13.540001],"FRSHTT":[1000000,1000000],"PRCP":[0,0],"SLP":[1028.3899,1028.57],"SNDP":[0,0],"STP":[935.36,935.09],"TEMP":[-10.450001,-10.45],"VISIB":[24.16,24.470001],"WDSP":[12.169999,12.11],"WNDDIR":[243.3,242],"time":[1549364861,1549364918]}