{"CLDC":[50.010002,50.15],"DEWP":[-14.38,-14.8],"FRSHTT":[1010000,1010000],"PRCP":[0,0],"SLP":[1025.0801,1024.4701],"SNDP":[8.300001,8.400001],"STP":[963.82996,964.00995],"TEMP":[-11.94,-12.219999],"VISIB":[23.82,24.130001],"WDSP":[8.390001,8.309999],"WNDDIR":[110.2,111.1],"time":[1549364861,1549364918]}