{"CLDC":[50.100002,50.03],"DEWP":[-18.35,-18.16],"FRSHTT":[1110000,1110000],"PRCP":[1.1099999,1.1099999],"SLP":[1024.41,1024.5599],"SNDP":[6,6],"STP":[935.61,935.2301],"TEMP":[-13.75,-13.860001],"VISIB":[24.050001,24.12],"WDSP":[10.129999,10.07],"WNDDIR":[353.6,355.5],"time":[1549364861,1549364918]}