{"CLDC":[50.010002],"DEWP":[-14.38],"FRSHTT":[1010000],"PRCP":[0],"SLP":[1025.0801],"SNDP":[8.300001],"STP":[963.82996],"TEMP":[-11.94],"VISIB":[23.82],"WDSP":[8.390001],"WNDDIR":[110.2],"time":[1549364861]}