{"CLDC":[50.489998,50.399998],"DEWP":[-15.94,-16.2],"FRSHTT":[1010000,1010000],"PRCP":[0,0],"SLP":[1026.25,1025.57],"SNDP":[7,7],"STP":[977.70996,977.6],"TEMP":[-13.200002,-12.750001],"VISIB":[23.829998,24.09],"WDSP":[17.289999,16.19],"WNDDIR":[258,260.2],"time":[1549364861,1549364919]}