{"CLDC":[50.489998],"DEWP":[-15.94],"FRSHTT":[1010000],"PRCP":[0],"SLP":[1026.25],"SNDP":[7],"STP":[977.70996],"TEMP":[-13.200002],"VISIB":[23.829998],"WDSP":[17.289999],"WNDDIR":[258],"time":[1549364861]}