{"CLDC":[50],"DEWP":[-20.25],"FRSHTT":[1010000],"PRCP":[0],"SLP":[1031.6],"SNDP":[19],"STP":[977.82996],"TEMP":[-16.400002],"VISIB":[23.720001],"WDSP":[18.750002],"WNDDIR":[121.5],"time":[1549364861]}