{"CLDC":[50,50.130005],"DEWP":[-20.25,-19.999998],"FRSHTT":[1010000,1010000],"PRCP":[0,0],"SLP":[1031.6,1031.8401],"SNDP":[19,19],"STP":[977.82996,978.22003],"TEMP":[-16.400002,-16.2],"VISIB":[23.720001,23.99],"WDSP":[18.750002,19.03],"WNDDIR":[121.5,124.3],"time":[1549364861,1549364919]}