{"CLDC":[62.329998,62.150005],"DEWP":[-30.579998,-30.65],"FRSHTT":[1010000,1010000],"PRCP":[0,0],"SLP":[1006.2999,1006.2999],"SNDP":[54.299995,54.4],"STP":[949.7999,949.7999],"TEMP":[-26.859997,-26.679998],"VISIB":[23.99,24.060001],"WDSP":[20.61,19.32],"WNDDIR":[35.4,33.1],"time":[1549364857,1549364916]}