{"CLDC":[62.329998],"DEWP":[-30.579998],"FRSHTT":[1010000],"PRCP":[0],"SLP":[1006.2999],"SNDP":[54.299995],"STP":[949.7999],"TEMP":[-26.859997],"VISIB":[23.99],"WDSP":[20.61],"WNDDIR":[35.4],"time":[1549364857]}