{"CLDC":[50.100002],"DEWP":[-26.960001],"FRSHTT":[1110000],"PRCP":[0.019999998],"SLP":[1016.49005],"SNDP":[23.699999],"STP":[1013.50995],"TEMP":[-20.95],"VISIB":[31.919998],"WDSP":[19.949999],"WNDDIR":[153.1],"time":[1549364856]}