{"CLDC":[63.339996,63.53],"DEWP":[-18.539999,-18.48],"FRSHTT":[1000000,1000000],"PRCP":[0,0],"SLP":[1010,1010.1],"SNDP":[0,0],"STP":[1029.5599,1029.59],"TEMP":[-13.820002,-14.220001],"VISIB":[22.4,21.92],"WDSP":[22.95,23.630001],"WNDDIR":[101.3,102.6],"time":[1549364856,1549364916]}