{"CLDC":[83.28],"DEWP":[-15.88],"FRSHTT":[1100000],"PRCP":[2.6399999],"SLP":[1004.1],"SNDP":[0],"STP":[1004],"TEMP":[-11.76],"VISIB":[18.279999],"WDSP":[28.2],"WNDDIR":[67.1],"time":[1549364857]}