{"CLDC":[83.28,83.53999],"DEWP":[-15.88,-15.879999],"FRSHTT":[1100000,1100000],"PRCP":[2.6399999,2.6399999],"SLP":[1004.1,1004],"SNDP":[0,0],"STP":[1004,1004],"TEMP":[-11.76,-11.76],"VISIB":[18.279999,18.67],"WDSP":[28.2,26.259998],"WNDDIR":[67.1,64.3],"time":[1549364857,1549364916]}