{"CLDC":[50.07],"DEWP":[-13.0199995],"FRSHTT":[1100000],"PRCP":[0.11999999],"SLP":[1005.4],"SNDP":[0],"STP":[1005.4],"TEMP":[-10.9800005],"VISIB":[12.370001],"WDSP":[32.359997],"WNDDIR":[296.4],"time":[1549364857]}