{"CLDC":[7.499999],"DEWP":[-12.8],"FRSHTT":[1000000],"PRCP":[0],"SLP":[999.6],"SNDP":[0],"STP":[996.5],"TEMP":[-8.799999],"VISIB":[27.26],"WDSP":[35.879997],"WNDDIR":[51.4],"time":[1549364857]}