{"CLDC":[76.91,77.19],"DEWP":[-15.9,-15.9],"FRSHTT":[1000000,1000000],"PRCP":[0,0],"SLP":[1001.1,1001.1],"SNDP":[0,0],"STP":[988.5,988.5],"TEMP":[-12.9,-12.859999],"VISIB":[25.960001,26.02],"WDSP":[19.01,17.939999],"WNDDIR":[49.3,52.1],"time":[1549364857,1549364916]}