{"CLDC":[50.02,50.170006],"DEWP":[-16.15,-16.33],"FRSHTT":[1100000,1100000],"PRCP":[1.34,1.3500001],"SLP":[1001.88,1001.9],"SNDP":[0,0],"STP":[1001.9,1001.9],"TEMP":[-11.819999,-11.859999],"VISIB":[12.76,12.67],"WDSP":[16.07,17.55],"WNDDIR":[2.7,0.6],"time":[1549364857,1549364916]}