{"CLDC":[65.05],"DEWP":[-1.6899999],"FRSHTT":[0],"PRCP":[0],"SLP":[978.13995],"SNDP":[0],"STP":[984.45],"TEMP":[6.0499997],"VISIB":[12.009999],"WDSP":[10.909999],"WNDDIR":[95.6],"time":[1549364859]}