{"CLDC":[50.190002],"DEWP":[-1.9399998],"FRSHTT":[100000],"PRCP":[0.07999999],"SLP":[1019.2999],"SNDP":[0],"STP":[1019.17004],"TEMP":[1.4799999],"VISIB":[13.4],"WDSP":[9.77],"WNDDIR":[157.9],"time":[1549364859]}