{"CLDC":[65.05,65.06],"DEWP":[-1.6899999,-2.2100003],"FRSHTT":[0,0],"PRCP":[0,0],"SLP":[978.13995,978.2001],"SNDP":[0,0],"STP":[984.45,984.35],"TEMP":[6.0499997,6.1499996],"VISIB":[12.009999,12.77],"WDSP":[10.909999,9.700001],"WNDDIR":[95.6,96.5],"time":[1549364859,1549364917]}