{"CLDC":[50.120003,50.04],"DEWP":[-0.5500001,-0.8],"FRSHTT":[100000,100000],"PRCP":[3.9900002,4],"SLP":[1022.5,1022.4],"SNDP":[0,0],"STP":[1021.49005,1021.5],"TEMP":[3.04,3.0700002],"VISIB":[23.470001,24.029999],"WDSP":[8.38,8.599999],"WNDDIR":[288.3,288.3],"time":[1549364859,1549364917]}