{"CLDC":[61.210003,61.120003],"DEWP":[-3.4,-3.1000001],"FRSHTT":[100000,100000],"PRCP":[0.029999997,0.029999997],"SLP":[1021.2001,1021.2001],"SNDP":[0,0],"STP":[1018.1,1018.1],"TEMP":[0.5,0.42000002],"VISIB":[14.860001,14.1],"WDSP":[5.1599994,5.4900002],"WNDDIR":[256.2,254.3],"time":[1549364859,1549364917]}