{"CLDC":[50.010002],"DEWP":[-1.0999999],"FRSHTT":[100000],"PRCP":[0.009999999],"SLP":[1021.2001],"SNDP":[0],"STP":[1031.6901],"TEMP":[0.8500001],"VISIB":[15.12],"WDSP":[18.01],"WNDDIR":[168.7],"time":[1549364859]}