{"CLDC":[50.010002,50.240005],"DEWP":[-1.0999999,-1.1499999],"FRSHTT":[100000,100000],"PRCP":[0.009999999,0.009999999],"SLP":[1021.2001,1021.1],"SNDP":[0,0],"STP":[1031.6901,1031.39],"TEMP":[0.8500001,0.8500001],"VISIB":[15.12,14.659999],"WDSP":[18.01,18.640001],"WNDDIR":[168.7,168.6],"time":[1549364859,1549364917]}