{"CLDC":[5.7799997],"DEWP":[-3.3600001],"FRSHTT":[0],"PRCP":[0],"SLP":[991.06006],"SNDP":[0],"STP":[994.4699],"TEMP":[1.08],"VISIB":[13.750002],"WDSP":[13.610001],"WNDDIR":[155],"time":[1549364861]}