{"CLDC":[65.75],"DEWP":[-5.16],"FRSHTT":[100000],"PRCP":[0.10000001],"SLP":[1019.2001],"SNDP":[0],"STP":[1025.81],"TEMP":[0.56],"VISIB":[14.790001],"WDSP":[10.25],"WNDDIR":[9.7],"time":[1549364859]}