{"CLDC":[60.460003],"DEWP":[-0.91999996],"FRSHTT":[100000],"PRCP":[0.23999998],"SLP":[1017.85],"SNDP":[0],"STP":[989.08997],"TEMP":[2.04],"VISIB":[13.039999],"WDSP":[13.69],"WNDDIR":[210.5],"time":[1549364860]}