{"CLDC":[50.050003],"DEWP":[-8.34],"FRSHTT":[1110000],"PRCP":[0.18000002],"SLP":[1017.6],"SNDP":[6.8],"STP":[1021.66],"TEMP":[-6.1999993],"VISIB":[10.51],"WDSP":[15.81],"WNDDIR":[285.3],"time":[1549364860]}