{"CLDC":[38.640007],"DEWP":[-1.96],"FRSHTT":[1000000],"PRCP":[0],"SLP":[1016.13],"SNDP":[0],"STP":[1000.81995],"TEMP":[-0.88],"VISIB":[7.37],"WDSP":[3.78],"WNDDIR":[242.6],"time":[1549364860]}