{"CLDC":[86],"DEWP":[-13.799998],"FRSHTT":[1100000],"PRCP":[0.19000001],"SLP":[1008.02997],"SNDP":[0],"STP":[1011.7301],"TEMP":[-7.339999],"VISIB":[21.890001],"WDSP":[10.410001],"WNDDIR":[31.6],"time":[1549364861]}