{"CLDC":[72.55,72.310005],"DEWP":[-11.16,-11.320002],"FRSHTT":[1000000,1000000],"PRCP":[0,0],"SLP":[998.32996,998.35],"SNDP":[0,0],"STP":[998.97003,995.55],"TEMP":[-9.250001,-8.97],"VISIB":[10.92,10.450001],"WDSP":[38.32,37.309998],"WNDDIR":[4,0.7],"time":[1549364861,1549364919]}