{"CLDC":[58.22001,58.329998],"DEWP":[-15.879999,-15.62],"FRSHTT":[1100000,1100000],"PRCP":[0.14999999,0.14999999],"SLP":[1013.2999,1013.2999],"SNDP":[0,0],"STP":[1008.07,1008],"TEMP":[-11.92,-11.890001],"VISIB":[20.91,21.82],"WDSP":[14.570002,14.530001],"WNDDIR":[64.9,63.8],"time":[1549364861,1549364919]}