{"CLDC":[50.35,50.670006],"DEWP":[-12.549999,-12.639999],"FRSHTT":[1100000,1100000],"PRCP":[0.16999999,0.16999999],"SLP":[1012.99005,1013.2699],"SNDP":[0,0],"STP":[1011.93,1012.06995],"TEMP":[-6.0600004,-6.1400003],"VISIB":[16.23,16.399998],"WDSP":[12.95,13.25],"WNDDIR":[262.1,263.4],"time":[1549364861,1549364919]}