{"CLDC":[50.329994],"DEWP":[-11.150001],"FRSHTT":[1110000],"PRCP":[0.039999995],"SLP":[1014.4],"SNDP":[0.59999996],"STP":[1011.2999],"TEMP":[-7.1999993],"VISIB":[17.42],"WDSP":[17.45],"WNDDIR":[265.9],"time":[1549364861]}