{"CLDC":[50.299995],"DEWP":[-14.299998],"FRSHTT":[1100000],"PRCP":[1.1499999],"SLP":[1012.5],"SNDP":[0],"STP":[1006.95],"TEMP":[-11.9800005],"VISIB":[21.99],"WDSP":[20.750002],"WNDDIR":[227.1],"time":[1549364861]}