{"CLDC":[72.55],"DEWP":[-11.16],"FRSHTT":[1000000],"PRCP":[0],"SLP":[998.32996],"SNDP":[0],"STP":[998.97003],"TEMP":[-9.250001],"VISIB":[10.92],"WDSP":[38.32],"WNDDIR":[4],"time":[1549364861]}