{"CLDC":[50.110004,50.469997],"DEWP":[-1.8,-1.8],"FRSHTT":[1100000,1100000],"PRCP":[0.07999999,0.07999999],"SLP":[1009.99005,1009.4699],"SNDP":[0,0],"STP":[1032.59,1032.08],"TEMP":[-1,-1],"VISIB":[5.41,6.2],"WDSP":[4.910001,4.53],"WNDDIR":[251.5,248.9],"time":[1549364857,1549364916]}