{"CLDC":[2.14],"DEWP":[-8.7],"FRSHTT":[1000000],"PRCP":[0],"SLP":[996.32996],"SNDP":[0],"STP":[990.5],"TEMP":[-4],"VISIB":[13.15],"WDSP":[11.629999],"WNDDIR":[118.4],"time":[1549364859]}