{"CLDC":[98.43001,99],"DEWP":[-8.07,-7.8900003],"FRSHTT":[1000000,1000000],"PRCP":[0,0],"SLP":[994.77,994.72003],"SNDP":[0,0],"STP":[1005.09,1005.3299],"TEMP":[-4.06,-4.04],"VISIB":[12.079999,11.4],"WDSP":[14.789999,15.9],"WNDDIR":[49,46.3],"time":[1549364859,1549364917]}