{"CLDC":[2.14,1.82],"DEWP":[-8.7,-8.940001],"FRSHTT":[1000000,1000000],"PRCP":[0,0],"SLP":[996.32996,995.41],"SNDP":[0,0],"STP":[990.5,990.36005],"TEMP":[-4,-3.9599998],"VISIB":[13.15,13.7300005],"WDSP":[11.629999,9.169999],"WNDDIR":[118.4,118.8],"time":[1549364859,1549364917]}