{"CLDC":[35.230003],"DEWP":[-13.979999],"FRSHTT":[1000000],"PRCP":[0],"SLP":[952.3],"SNDP":[0],"STP":[983.62],"TEMP":[-5.5199995],"VISIB":[15.589999],"WDSP":[11.879999],"WNDDIR":[237.1],"time":[1549364859]}