{"CLDC":[10.780001],"DEWP":[-13.890001],"FRSHTT":[1000000],"PRCP":[0],"SLP":[996.73],"SNDP":[0],"STP":[1011.9699],"TEMP":[-5.5800004],"VISIB":[16.300001],"WDSP":[8.68],"WNDDIR":[33.9],"time":[1549364859]}