{"CLDC":[10.780001,10.599999],"DEWP":[-13.890001,-14.410001],"FRSHTT":[1000000,1000000],"PRCP":[0,0],"SLP":[996.73,995.6699],"SNDP":[0,0],"STP":[1011.9699,1011.2399],"TEMP":[-5.5800004,-6.03],"VISIB":[16.300001,16.220001],"WDSP":[8.68,8.9],"WNDDIR":[33.9,30.6],"time":[1549364859,1549364917]}