{"CLDC":[35.230003,35.309998],"DEWP":[-13.979999,-13.659999],"FRSHTT":[1000000,1000000],"PRCP":[0,0],"SLP":[952.3,953.32],"SNDP":[0,0],"STP":[983.62,983.81995],"TEMP":[-5.5199995,-5.64],"VISIB":[15.589999,15.4],"WDSP":[11.879999,12.81],"WNDDIR":[237.1,236.8],"time":[1549364859,1549364917]}