{"CLDC":[43.710003],"DEWP":[-5.56],"FRSHTT":[1000000],"PRCP":[0],"SLP":[1014.91],"SNDP":[0],"STP":[1000.7399],"TEMP":[-1.38],"VISIB":[12.559999],"WDSP":[12.69],"WNDDIR":[168.4],"time":[1549364859]}