{"CLDC":[18.600002,18.210001],"DEWP":[-8.82,-8.820001],"FRSHTT":[1000000,1000000],"PRCP":[0,0],"SLP":[1022.95,1023],"SNDP":[0,0],"STP":[1018.4,1018.6],"TEMP":[-3.4799995,-3.6600003],"VISIB":[12.9800005,13.8],"WDSP":[15.63,15.780001],"WNDDIR":[49.3,49.2],"time":[1549364859,1549364917]}