{"CLDC":[86.299995],"DEWP":[-0.28000003],"FRSHTT":[1000000],"PRCP":[0],"SLP":[991.38995],"SNDP":[0],"STP":[980.52997],"TEMP":[0.07000001],"VISIB":[5.57],"WDSP":[14.209999],"WNDDIR":[268.8],"time":[1549364859]}