{"CLDC":[50.170006,50.309994],"DEWP":[-9.679999,-9.5199995],"FRSHTT":[1100000,1100000],"PRCP":[0.14,0.14],"SLP":[1017.9,1017.9],"SNDP":[0,0],"STP":[1022.0101,1021.2301],"TEMP":[-1.7,-1.7],"VISIB":[15.270001,15.140001],"WDSP":[19.669998,17.94],"WNDDIR":[69.2,68.9],"time":[1549364859,1549364918]}