{"CLDC":[61.690002],"DEWP":[-9.839999],"FRSHTT":[1100000],"PRCP":[0.07999999],"SLP":[1017.6],"SNDP":[0],"STP":[1014.2999],"TEMP":[-3.6599998],"VISIB":[15.58],"WDSP":[15.51],"WNDDIR":[199.9],"time":[1549364859]}