{"CLDC":[50.170006],"DEWP":[-9.679999],"FRSHTT":[1100000],"PRCP":[0.14],"SLP":[1017.9],"SNDP":[0],"STP":[1022.0101],"TEMP":[-1.7],"VISIB":[15.270001],"WDSP":[19.669998],"WNDDIR":[69.2],"time":[1549364859]}