{"CLDC":[50.269997],"DEWP":[-14.440001],"FRSHTT":[1110000],"PRCP":[0.07],"SLP":[1018],"SNDP":[1.8],"STP":[1011.3],"TEMP":[-7.839999],"VISIB":[21.62],"WDSP":[11.15],"WNDDIR":[17.3],"time":[1549364860]}