{"CLDC":[50.269997,50.809994],"DEWP":[-14.440001,-14.170001],"FRSHTT":[1110000,1110000],"PRCP":[0.07,0.07],"SLP":[1018,1018.02997],"SNDP":[1.8,1.8],"STP":[1011.3,1010.9],"TEMP":[-7.839999,-7.96],"VISIB":[21.62,21.73],"WDSP":[11.15,11.789999],"WNDDIR":[17.3,14.5],"time":[1549364860,1549364918]}