{"CLDC":[50.279995,50.47],"DEWP":[-12.049999,-12.2300005],"FRSHTT":[1100000,1100000],"PRCP":[0.14,0.14],"SLP":[1018.2001,1018.2899],"SNDP":[0,0],"STP":[1028.6599,1028.71],"TEMP":[-5.3,-5.2599998],"VISIB":[13.33,13.13],"WDSP":[15.389999,14.850001],"WNDDIR":[244.9,244.5],"time":[1549364860,1549364918]}