{"CLDC":[60,60.02],"DEWP":[-0.24000001,0.040000007],"FRSHTT":[100000,100000],"PRCP":[0.11,0.11],"SLP":[1020,1020],"SNDP":[0,0],"STP":[1016.7999,1016.7999],"TEMP":[5.3399997,5.46],"VISIB":[13.0199995,12.609999],"WDSP":[11.249999,11.410001],"WNDDIR":[263.9,261.8],"time":[1549364855,1549364915]}