{"CLDC":[44.789997],"DEWP":[-1.9399999],"FRSHTT":[0],"PRCP":[0],"SLP":[1021.4],"SNDP":[0],"STP":[1019.7699],"TEMP":[1.4399999],"VISIB":[8.9],"WDSP":[5.12],"WNDDIR":[137.1],"time":[1549364855]}