{"CLDC":[50.02,50.030003],"DEWP":[-1.7999998,-1.9999998],"FRSHTT":[100000,100000],"PRCP":[0.050000004,0.050000004],"SLP":[1019.7001,1019.7001],"SNDP":[0,0],"STP":[1018.49005,1018.49005],"TEMP":[4.8999996,4.8999996],"VISIB":[12.629998,12.9],"WDSP":[7.6899996,7.3300004],"WNDDIR":[99.8,101.2],"time":[1549364855,1549364915]}