{"CLDC":[38.299995],"DEWP":[-3.72],"FRSHTT":[0],"PRCP":[0],"SLP":[1020.9],"SNDP":[0],"STP":[1021],"TEMP":[2.08],"VISIB":[15.17],"WDSP":[8.699999],"WNDDIR":[136.9],"time":[1549364855]}