{"CLDC":[95.74999,95.81999],"DEWP":[-3.1100004,-3.7899997],"FRSHTT":[0,0],"PRCP":[0,0],"SLP":[1021,1021],"SNDP":[0,0],"STP":[1017.6,1017.6],"TEMP":[2.9199998,2.9199996],"VISIB":[14.45,14.270001],"WDSP":[5.57,4.9900002],"WNDDIR":[309.3,310.6],"time":[1549364855,1549364915]}