{"CLDC":[95.74999],"DEWP":[-3.1100004],"FRSHTT":[0],"PRCP":[0],"SLP":[1021],"SNDP":[0],"STP":[1017.6],"TEMP":[2.9199998],"VISIB":[14.45],"WDSP":[5.57],"WNDDIR":[309.3],"time":[1549364855]}