{"CLDC":[50.010002],"DEWP":[0.40000004],"FRSHTT":[100000],"PRCP":[0.11],"SLP":[1019.7999],"SNDP":[0],"STP":[1016.98],"TEMP":[4.88],"VISIB":[21.83],"WDSP":[12.33],"WNDDIR":[52.1],"time":[1549364855]}