{"CLDC":[50.010002],"DEWP":[-7.4],"FRSHTT":[1010000],"PRCP":[0],"SLP":[1016.5],"SNDP":[2.3999999],"STP":[1016.94006],"TEMP":[-3.7400002],"VISIB":[11.370001],"WDSP":[22.829998],"WNDDIR":[258.4],"time":[1549364856]}