{"CLDC":[50.05,50.329994],"DEWP":[-6.5600004,-7.28],"FRSHTT":[1100000,1100000],"PRCP":[0.11,0.11],"SLP":[1019.1,1019.1],"SNDP":[0,0],"STP":[1017.7199,1018.2199],"TEMP":[-1.3999999,-1.3999999],"VISIB":[13.830002,14.270001],"WDSP":[11.4,11.529999],"WNDDIR":[74.5,76.3],"time":[1549364857,1549364916]}