{"CLDC":[50.05],"DEWP":[-6.5600004],"FRSHTT":[1100000],"PRCP":[0.11],"SLP":[1019.1],"SNDP":[0],"STP":[1017.7199],"TEMP":[-1.3999999],"VISIB":[13.830002],"WDSP":[11.4],"WNDDIR":[74.5],"time":[1549364857]}