{"CLDC":[23.199999,23.040003],"DEWP":[-20.84,-20.6],"FRSHTT":[1000000,1000000],"PRCP":[0,0],"SLP":[1025.24,1025.1901],"SNDP":[0,0],"STP":[1002.7101,1003.41],"TEMP":[-8.36,-8.12],"VISIB":[16.25,16.09],"WDSP":[19.130001,18.59],"WNDDIR":[31.1,33.2],"time":[1549364859,1549364917]}