{"CLDC":[88.04],"DEWP":[-9.23],"FRSHTT":[1110000],"PRCP":[0.09000001],"SLP":[1020.2001],"SNDP":[0.29999998],"STP":[1011.1],"TEMP":[-1.1999999],"VISIB":[11.860001],"WDSP":[12.65],"WNDDIR":[198.6],"time":[1549364859]}