{"CLDC":[50.070004],"DEWP":[-9.49],"FRSHTT":[1100000],"PRCP":[0.009999999],"SLP":[1010.98],"SNDP":[0],"STP":[1013.20996],"TEMP":[-1],"VISIB":[16.170002],"WDSP":[10.050001],"WNDDIR":[205],"time":[1549364859]}