{"CLDC":[95.40001,95.31],"DEWP":[-6.12,-6.12],"FRSHTT":[110000,110000],"PRCP":[0.15999998,0.15999998],"SLP":[1020.5,1020.45996],"SNDP":[0.10000001,0.10000001],"STP":[1017.9,1017.9],"TEMP":[0.20000002,0.20000002],"VISIB":[11.820001,11.42],"WDSP":[14.589999,14.15],"WNDDIR":[133.6,134.9],"time":[1549364859,1549364917]}