{"CLDC":[50.140007,50],"DEWP":[-3.55,-3.4599998],"FRSHTT":[110000,110000],"PRCP":[0.019999998,0.019999998],"SLP":[1019.54004,1019.58997],"SNDP":[0.10000001,0.10000001],"STP":[1002.7001,1002.7001],"TEMP":[0.65,0.65999997],"VISIB":[12.4800005,12.440001],"WDSP":[13.909999,13.7300005],"WNDDIR":[74.6,74.2],"time":[1549364855,1549364915]}