{"CLDC":[71.91],"DEWP":[-2.31],"FRSHTT":[0],"PRCP":[0],"SLP":[1017.7001],"SNDP":[0],"STP":[1014.5],"TEMP":[7.480001],"VISIB":[21.08],"WDSP":[6.410001],"WNDDIR":[106],"time":[1549364860]}