{"CLDC":[62.809998],"DEWP":[-4.17],"FRSHTT":[0],"PRCP":[0],"SLP":[1020.33997],"SNDP":[0],"STP":[941.12],"TEMP":[5.78],"VISIB":[69.17999],"WDSP":[4.19],"WNDDIR":[319.1],"time":[1549364861]}