{"CLDC":[50.04,50.210003],"DEWP":[-6.8,-6.9],"FRSHTT":[1110000,1110000],"PRCP":[0.039999995,0.039999995],"SLP":[1022.33997,1022.4],"SNDP":[0.5,0.5],"STP":[1023.45,1023.5],"TEMP":[-2.2999997,-2.2999997],"VISIB":[13.820002,14.07],"WDSP":[15.17,15.33],"WNDDIR":[169.7,169.7],"time":[1549364857,1549364916]}