{"CLDC":[50.04],"DEWP":[-6.8],"FRSHTT":[1110000],"PRCP":[0.039999995],"SLP":[1022.33997],"SNDP":[0.5],"STP":[1023.45],"TEMP":[-2.2999997],"VISIB":[13.820002],"WDSP":[15.17],"WNDDIR":[169.7],"time":[1549364857]}