{"CLDC":[95.43001,95.56999],"DEWP":[-5.3999996,-5.0999994],"FRSHTT":[1110000,1110000],"PRCP":[0.050000004,0.050000004],"SLP":[1021.9,1021.9],"SNDP":[0.20000002,0.20000002],"STP":[1022.1,1022.08997],"TEMP":[-0.59999996,-0.59999996],"VISIB":[14.24,14.42],"WDSP":[13.6,13.930002],"WNDDIR":[89.6,89.1],"time":[1549364857,1549364916]}