{"CLDC":[88.009995],"DEWP":[-6.4],"FRSHTT":[100000],"PRCP":[0.11],"SLP":[1020.02],"SNDP":[0],"STP":[1020.85],"TEMP":[0.20000002],"VISIB":[12.15],"WDSP":[14.75],"WNDDIR":[160],"time":[1549364858]}