{"CLDC":[14.579999],"DEWP":[-19.35],"FRSHTT":[1000000],"PRCP":[0],"SLP":[998.2001],"SNDP":[0],"STP":[1016.38995],"TEMP":[-3.9599996],"VISIB":[15.75],"WDSP":[8.64],"WNDDIR":[311.6],"time":[1549364858]}