{"CLDC":[62.339996,62.05],"DEWP":[-6.4800005,-6.7200003],"FRSHTT":[100000,100000],"PRCP":[0.050000004,0.050000004],"SLP":[1019.2601,1018.95],"SNDP":[0,0],"STP":[1027.94,1027.6499],"TEMP":[1.28,1.28],"VISIB":[17.119999,16.84],"WDSP":[16.53,17.67],"WNDDIR":[193.4,193.3],"time":[1549364858,1549364916]}