{"CLDC":[64.45,65.03],"DEWP":[-18.699999,-18.86],"FRSHTT":[1000000,1000000],"PRCP":[0,0],"SLP":[1026.92,1027.07],"SNDP":[0,0],"STP":[1035.26,1034.6599],"TEMP":[-3.5400002,-3.42],"VISIB":[16.31,15.83],"WDSP":[9.09,8.61],"WNDDIR":[16.6,13.9],"time":[1549364858,1549364916]}