{"CLDC":[61.45,61.379997],"DEWP":[-1.02,-0.04999999],"FRSHTT":[0,0],"PRCP":[0,0],"SLP":[982.4,981.8001],"SNDP":[0,0],"STP":[1002.9499,1003.27997],"TEMP":[2.3600001,2.3200002],"VISIB":[13.660001,13.9800005],"WDSP":[14.190001,13.2],"WNDDIR":[83.8,84.9],"time":[1549364858,1549364916]}