{"CLDC":[14.579999,14.629999],"DEWP":[-19.35,-19.35],"FRSHTT":[1000000,1000000],"PRCP":[0,0],"SLP":[998.2001,998.45],"SNDP":[0,0],"STP":[1016.38995,1016.7199],"TEMP":[-3.9599996,-4.0799994],"VISIB":[15.75,16.01],"WDSP":[8.64,8.870001],"WNDDIR":[311.6,309.5],"time":[1549364858,1549364916]}