{"CLDC":[17.539999,17.380001],"DEWP":[7.96,7.4800005],"FRSHTT":[0,0],"PRCP":[0,0],"SLP":[970.24005,969.72003],"SNDP":[0,0],"STP":[993.7999,993.82],"TEMP":[14.06,14],"VISIB":[13.81,13.380002],"WDSP":[14.039999,14.110001],"WNDDIR":[70.5,68.2],"time":[1549364858,1549364916]}