{"CLDC":[17.539999],"DEWP":[7.96],"FRSHTT":[0],"PRCP":[0],"SLP":[970.24005],"SNDP":[0],"STP":[993.7999],"TEMP":[14.06],"VISIB":[13.81],"WDSP":[14.039999],"WNDDIR":[70.5],"time":[1549364858]}