{"CLDC":[59.460003],"DEWP":[-7.5],"FRSHTT":[100000],"PRCP":[0.07999999],"SLP":[1019.92004],"SNDP":[0],"STP":[1013.68005],"TEMP":[0.82],"VISIB":[10.15],"WDSP":[9.03],"WNDDIR":[124.8],"time":[1549364858]}