{"CLDC":[50,50.070004],"DEWP":[-3.0500002,-2.96],"FRSHTT":[110000,110000],"PRCP":[0.029999997,0.029999997],"SLP":[1020.9,1020.75],"SNDP":[0.40000004,0.40000004],"STP":[934.2101,934.2001],"TEMP":[0.5,0.5],"VISIB":[17.310001,18.369999],"WDSP":[14.63,13.709999],"WNDDIR":[268,267],"time":[1549364855,1549364915]}