{"CLDC":[25.3],"DEWP":[-9.74],"FRSHTT":[0],"PRCP":[0],"SLP":[1018.2999],"SNDP":[0],"STP":[1020.8499],"TEMP":[4.4800005],"VISIB":[15.089999],"WDSP":[7.87],"WNDDIR":[316.3],"time":[1549364859]}