{"CLDC":[50],"DEWP":[-3.0500002],"FRSHTT":[110000],"PRCP":[0.029999997],"SLP":[1020.9],"SNDP":[0.40000004],"STP":[934.2101],"TEMP":[0.5],"VISIB":[17.310001],"WDSP":[14.63],"WNDDIR":[268],"time":[1549364855]}