{"CLDC":[51],"DEWP":[-1.5800002],"FRSHTT":[100000],"PRCP":[0.059999995],"SLP":[1019.62],"SNDP":[0],"STP":[1011.1],"TEMP":[2.7600002],"VISIB":[9.26],"WDSP":[8.53],"WNDDIR":[173.4],"time":[1549364859]}