{"CLDC":[20.490002,20.590002],"DEWP":[-8.35,-8.4],"FRSHTT":[0,0],"PRCP":[0,0],"SLP":[1017.1,1017.14],"SNDP":[0,0],"STP":[1010.6,1010.6],"TEMP":[3.75,3.6100001],"VISIB":[43.24,42.69],"WDSP":[7.9200006,7.950001],"WNDDIR":[132.6,133.8],"time":[1549364860,1549364918]}