{"CLDC":[50.090004],"DEWP":[-5.200001],"FRSHTT":[1010000],"PRCP":[0],"SLP":[924.74005],"SNDP":[1],"STP":[934.6],"TEMP":[-2.42],"VISIB":[17.55],"WDSP":[9.79],"WNDDIR":[54.1],"time":[1549364855]}