{"CLDC":[88.52999],"DEWP":[-9.83],"FRSHTT":[0],"PRCP":[0],"SLP":[1017.1],"SNDP":[0],"STP":[1021.36],"TEMP":[3.5499997],"VISIB":[32.510002],"WDSP":[9.629999],"WNDDIR":[195.7],"time":[1549364860]}