{"CLDC":[78.37001],"DEWP":[-4.85],"FRSHTT":[1000000],"PRCP":[0],"SLP":[979.7999],"SNDP":[0],"STP":[981.7601],"TEMP":[-0.42],"VISIB":[12.850001],"WDSP":[8.45],"WNDDIR":[262.8],"time":[1549364860]}