{"CLDC":[17.58,17.32],"DEWP":[-5.84,-5.6000004],"FRSHTT":[0,0],"PRCP":[0,0],"SLP":[1008.4,1008.4],"SNDP":[0,0],"STP":[996.11,996.7499],"TEMP":[0.28000003,0.26000002],"VISIB":[74.1,73.85],"WDSP":[11.910001,11.940001],"WNDDIR":[200.3,201.2],"time":[1549364860,1549364918]}