{"CLDC":[17.58],"DEWP":[-5.84],"FRSHTT":[0],"PRCP":[0],"SLP":[1008.4],"SNDP":[0],"STP":[996.11],"TEMP":[0.28000003],"VISIB":[74.1],"WDSP":[11.910001],"WNDDIR":[200.3],"time":[1549364860]}