{"CLDC":[50.249992],"DEWP":[-8.16],"FRSHTT":[1100000],"PRCP":[0.009999999],"SLP":[1016.9],"SNDP":[0],"STP":[1006.55994],"TEMP":[-0.04],"VISIB":[13.51],"WDSP":[10.109999],"WNDDIR":[250.5],"time":[1549364861]}