{"CLDC":[50.249992,50.700005],"DEWP":[-8.16,-8.160001],"FRSHTT":[1100000,1100000],"PRCP":[0.009999999,0.009999999],"SLP":[1016.9,1016.7999],"SNDP":[0,0],"STP":[1006.55994,1006.77997],"TEMP":[-0.04,-0.02],"VISIB":[13.51,13.5],"WDSP":[10.109999,9.950001],"WNDDIR":[250.5,250.8],"time":[1549364861,1549364918]}