{"CLDC":[50.140003],"DEWP":[-3.92],"FRSHTT":[10000],"PRCP":[0],"SLP":[1015.47003],"SNDP":[0.10000001],"STP":[990.2999],"TEMP":[0.59999996],"VISIB":[14.270001],"WDSP":[9.88],"WNDDIR":[3.2],"time":[1549364855]}