{"CLDC":[72.990005,73.04],"DEWP":[-3.4,-3.4],"FRSHTT":[100000,100000],"PRCP":[0.019999998,0.019999998],"SLP":[1006.27997,1005.88995],"SNDP":[0,0],"STP":[1009.37,1009.2101],"TEMP":[1.9000002,1.9000002],"VISIB":[13.58,13.57],"WDSP":[14.839999,15.2],"WNDDIR":[236.6,235.2],"time":[1549364855,1549364915]}