{"CLDC":[21.210001],"DEWP":[-8.45],"FRSHTT":[0],"PRCP":[0],"SLP":[1019.61],"SNDP":[0],"STP":[1014.93],"TEMP":[0.16000001],"VISIB":[14.87],"WDSP":[10.42],"WNDDIR":[340.7],"time":[1549364855]}