{"CLDC":[21.210001,21.389997],"DEWP":[-8.45,-8.9],"FRSHTT":[0,0],"PRCP":[0,0],"SLP":[1019.61,1019.7001],"SNDP":[0,0],"STP":[1014.93,1014.05],"TEMP":[0.16000001,0.21999998],"VISIB":[14.87,14.300001],"WDSP":[10.42,10.220001],"WNDDIR":[340.7,337.6],"time":[1549364855,1549364915]}