{"CLDC":[75.72],"DEWP":[-1.3600001],"FRSHTT":[100000],"PRCP":[0.21000001],"SLP":[1019.6],"SNDP":[0],"STP":[1020.75995],"TEMP":[3.8399997],"VISIB":[13.06],"WDSP":[13.57],"WNDDIR":[180.9],"time":[1549364855]}