{"CLDC":[91.21],"DEWP":[-0.36999997],"FRSHTT":[100000],"PRCP":[0.07999999],"SLP":[1020.02],"SNDP":[0],"STP":[1020.1],"TEMP":[5.6000004],"VISIB":[13.840001],"WDSP":[13.110001],"WNDDIR":[234.7],"time":[1549364855]}