{"CLDC":[91.21,91.38001],"DEWP":[-0.36999997,-0.55],"FRSHTT":[100000,100000],"PRCP":[0.07999999,0.07999999],"SLP":[1020.02,1019.95],"SNDP":[0,0],"STP":[1020.1,1019.9],"TEMP":[5.6000004,5.5800004],"VISIB":[13.840001,14.45],"WDSP":[13.110001,14.270001],"WNDDIR":[234.7,235.8],"time":[1549364855,1549364915]}