{"CLDC":[50.010002,50.439995],"DEWP":[-1.3000001,-1.2],"FRSHTT":[100000,100000],"PRCP":[0.050000004,0.050000004],"SLP":[1019.2999,1019.41],"SNDP":[0,0],"STP":[1019.5,1019.5],"TEMP":[5.1400003,5.0200005],"VISIB":[12.250001,12.559999],"WDSP":[10.840001,10.749998],"WNDDIR":[144.8,143.3],"time":[1549364856,1549364915]}