{"CLDC":[85.46001,85.87001],"DEWP":[0.35999998,0.63],"FRSHTT":[100000,100000],"PRCP":[0.07999999,0.07999999],"SLP":[1019.58997,1019.6],"SNDP":[0,0],"STP":[1016.7999,1016.86],"TEMP":[6.5600004,6.2799997],"VISIB":[15.45,14.94],"WDSP":[12.809999,12.49],"WNDDIR":[101,101.5],"time":[1549364856,1549364915]}