{"CLDC":[74.91001],"DEWP":[0.54],"FRSHTT":[0],"PRCP":[0],"SLP":[1014.4499],"SNDP":[0],"STP":[1022.2899],"TEMP":[2.7199998],"VISIB":[11.04],"WDSP":[12.2],"WNDDIR":[99.5],"time":[1549364856]}