{"CLDC":[56.05,56.26],"DEWP":[6.04,5.9500003],"FRSHTT":[0,0],"PRCP":[0,0],"SLP":[1007.47003,1009.39],"SNDP":[0,0],"STP":[994.18005,994.2999],"TEMP":[8.28,8.31],"VISIB":[13.410001,13.38],"WDSP":[11.71,11.51],"WNDDIR":[193.2,192.4],"time":[1549364856,1549364915]}