{"CLDC":[50.010002],"DEWP":[-1.3000001],"FRSHTT":[100000],"PRCP":[0.050000004],"SLP":[1019.2999],"SNDP":[0],"STP":[1019.5],"TEMP":[5.1400003],"VISIB":[12.250001],"WDSP":[10.840001],"WNDDIR":[144.8],"time":[1549364856]}