{"CLDC":[5.9100003],"DEWP":[-1.4400002],"FRSHTT":[0],"PRCP":[0],"SLP":[1021.6],"SNDP":[0],"STP":[1018.49005],"TEMP":[4.6499996],"VISIB":[15.45],"WDSP":[12.67],"WNDDIR":[44.9],"time":[1549364856]}