{"CLDC":[82.47001],"DEWP":[-1.5000001],"FRSHTT":[100000],"PRCP":[0.28],"SLP":[1016.7001],"SNDP":[0],"STP":[1019.2001],"TEMP":[2.6399999],"VISIB":[13.95],"WDSP":[13.969999],"WNDDIR":[175.5],"time":[1549364856]}