{"CLDC":[50.150005,50.200005],"DEWP":[-7.0999994,-6.799999],"FRSHTT":[100000,100000],"PRCP":[0.039999995,0.039999995],"SLP":[1020.2001,1020.2999],"SNDP":[0,0],"STP":[1015.9,1016],"TEMP":[1.02,0.98999995],"VISIB":[13.910001,14],"WDSP":[10.67,11.189999],"WNDDIR":[322.5,325.9],"time":[1549364856,1549364916]}