{"CLDC":[31.409998],"DEWP":[1.6900002],"FRSHTT":[0],"PRCP":[0],"SLP":[1020.2001],"SNDP":[0],"STP":[1018.72003],"TEMP":[7],"VISIB":[14.820002],"WDSP":[16.609999],"WNDDIR":[58.8],"time":[1549364856]}