{"CLDC":[82.47001,82.66],"DEWP":[-1.5000001,-1.8],"FRSHTT":[100000,100000],"PRCP":[0.28,0.28],"SLP":[1016.7001,1016.7301],"SNDP":[0,0],"STP":[1019.2001,1019.2001],"TEMP":[2.6399999,2.3799999],"VISIB":[13.95,13.67],"WDSP":[13.969999,14.2],"WNDDIR":[175.5,170.9],"time":[1549364856,1549364916]}