{"CLDC":[50.150005],"DEWP":[-7.0999994],"FRSHTT":[100000],"PRCP":[0.039999995],"SLP":[1020.2001],"SNDP":[0],"STP":[1015.9],"TEMP":[1.02],"VISIB":[13.910001],"WDSP":[10.67],"WNDDIR":[322.5],"time":[1549364856]}