{"CLDC":[31.409998,31.369999],"DEWP":[1.6900002,1.5200001],"FRSHTT":[0,0],"PRCP":[0,0],"SLP":[1020.2001,1020.2101],"SNDP":[0,0],"STP":[1018.72003,1018.36],"TEMP":[7,6.8199997],"VISIB":[14.820002,14.5],"WDSP":[16.609999,16.3],"WNDDIR":[58.8,60.5],"time":[1549364856,1549364916]}