{"CLDC":[50.309994,50.339993],"DEWP":[-4.5000005,-4.3],"FRSHTT":[100000,100000],"PRCP":[0.019999998,0.019999998],"SLP":[1016.63,1016.75995],"SNDP":[0,0],"STP":[1015.4,1015.4],"TEMP":[2.24,2.2],"VISIB":[12.400001,12.42],"WDSP":[11.74,12.27],"WNDDIR":[347.3,344.9],"time":[1549364856,1549364916]}