{"CLDC":[50.04],"DEWP":[-5.0999994],"FRSHTT":[100000],"PRCP":[0.039999995],"SLP":[1013.11],"SNDP":[0],"STP":[1009.45996],"TEMP":[1.74],"VISIB":[12.71],"WDSP":[11.559999],"WNDDIR":[48.3],"time":[1549364856]}