{"CLDC":[94.10999],"DEWP":[-1.71],"FRSHTT":[110000],"PRCP":[0.059999995],"SLP":[1019.7001],"SNDP":[0.10000001],"STP":[1011.45],"TEMP":[0.95],"VISIB":[8.530001],"WDSP":[10.83],"WNDDIR":[138.8],"time":[1549364856]}