{"CLDC":[80.40001,80.40001],"DEWP":[-2.82,-2.82],"FRSHTT":[100000,100000],"PRCP":[0.039999995,0.039999995],"SLP":[1020.5801,1020.77997],"SNDP":[0,0],"STP":[996.88995,996.94006],"TEMP":[0,0],"VISIB":[11.039999,11.4800005],"WDSP":[11.31,11.259998],"WNDDIR":[159.2,160.1],"time":[1549364856,1549364916]}