{"CLDC":[50.200005],"DEWP":[-2.89],"FRSHTT":[110000],"PRCP":[0.07],"SLP":[1020.2001],"SNDP":[1.7],"STP":[998.6501],"TEMP":[0.29999998],"VISIB":[10.559999],"WDSP":[12.2699995],"WNDDIR":[156.7],"time":[1549364856]}