{"CLDC":[50.200005,50.13],"DEWP":[-2.89,-2.8200002],"FRSHTT":[110000,110000],"PRCP":[0.07,0.07],"SLP":[1020.2001,1020.2001],"SNDP":[1.7,1.7],"STP":[998.6501,998.7],"TEMP":[0.29999998,0.29999998],"VISIB":[10.559999,10.559999],"WDSP":[12.2699995,11.45],"WNDDIR":[156.7,154.6],"time":[1549364856,1549364916]}