{"CLDC":[16.619999,16.560001],"DEWP":[17.05,17.05],"FRSHTT":[0,0],"PRCP":[0,0],"SLP":[1012.6,1012.6],"SNDP":[0,0],"STP":[979.86993,979.7001],"TEMP":[22.259998,22.17],"VISIB":[159.91,159.56998],"WDSP":[19.670002,19.41],"WNDDIR":[235.3,236.7],"time":[1549364857,1549364916]}