{"CLDC":[58.269997],"DEWP":[-4.2400002],"FRSHTT":[0],"PRCP":[0],"SLP":[1018.34],"SNDP":[0],"STP":[1039.5701],"TEMP":[4.5499997],"VISIB":[144.87999],"WDSP":[21.11],"WNDDIR":[126.2],"time":[1549364857]}