{"CLDC":[61.52],"DEWP":[-7.46],"FRSHTT":[1000000],"PRCP":[0],"SLP":[1019.9],"SNDP":[0],"STP":[1017],"TEMP":[-2.6000001],"VISIB":[11.390001],"WDSP":[8.059999],"WNDDIR":[104.5],"time":[1549364857]}