{"CLDC":[72.450005,72.13],"DEWP":[-3.4199996,-3.7],"FRSHTT":[0,0],"PRCP":[0,0],"SLP":[1018.2801,1018.48],"SNDP":[0,0],"STP":[1014.2501,1012.5801],"TEMP":[5.9399996,5.9399996],"VISIB":[159.56999,159.49998],"WDSP":[17.63,17.49],"WNDDIR":[327.7,329.1],"time":[1549364857,1549364916]}