{"CLDC":[87.43001,87.74999],"DEWP":[-0.74999994,-0.9],"FRSHTT":[0,0],"PRCP":[0,0],"SLP":[1017.7899,1017.7001],"SNDP":[0,0],"STP":[1023.54004,1023.7301],"TEMP":[0.48000002,0.46999997],"VISIB":[22.35,21.08],"WDSP":[7.0199995,7.3100004],"WNDDIR":[332.6,330.8],"time":[1549364857,1549364916]}