{"CLDC":[32.81],"DEWP":[0.46999994],"FRSHTT":[0],"PRCP":[0],"SLP":[1017.9],"SNDP":[0],"STP":[1029.6802],"TEMP":[1.7400001],"VISIB":[3.2700005],"WDSP":[12.910001],"WNDDIR":[79.3],"time":[1549364857]}