{"CLDC":[10.93,11.189999],"DEWP":[13.26,13.2],"FRSHTT":[0,0],"PRCP":[0,0],"SLP":[1020.58997,1020.52997],"SNDP":[0,0],"STP":[1046.5299,1046.1799],"TEMP":[19.22,19.22],"VISIB":[142.55,141.97],"WDSP":[17.329998,18.67],"WNDDIR":[54.9,55.1],"time":[1549364857,1549364916]}