{"CLDC":[0.51,0.81000006],"DEWP":[2.2599998,2.1999998],"FRSHTT":[0,0],"PRCP":[0,0],"SLP":[1018.58997,1018.5],"SNDP":[0,0],"STP":[1017.88,1017.9],"TEMP":[5.22,5.2599993],"VISIB":[7.9,7.8600006],"WDSP":[12.039999,12.089999],"WNDDIR":[14.2,11.5],"time":[1549364857,1549364916]}