{"CLDC":[16.619999],"DEWP":[17.05],"FRSHTT":[0],"PRCP":[0],"SLP":[1012.6],"SNDP":[0],"STP":[979.86993],"TEMP":[22.259998],"VISIB":[159.91],"WDSP":[19.670002],"WNDDIR":[235.3],"time":[1549364857]}