{"CLDC":[72.89],"DEWP":[-8.15],"FRSHTT":[1000000],"PRCP":[0],"SLP":[1013.9],"SNDP":[0],"STP":[988.1],"TEMP":[-0.45000005],"VISIB":[18.789999],"WDSP":[8.48],"WNDDIR":[100],"time":[1549364857]}