{"CLDC":[82.77,82.94001],"DEWP":[16.880001,16.95],"FRSHTT":[0,0],"PRCP":[0,0],"SLP":[1008.86005,1008.9],"SNDP":[0,0],"STP":[1006.1,1006.1],"TEMP":[22.95,22.5],"VISIB":[23.939999,24.560001],"WDSP":[10.31,9.98],"WNDDIR":[311.3,316],"time":[1549364857,1549364916]}