{"CLDC":[35.46],"DEWP":[-7.4],"FRSHTT":[1000000],"PRCP":[0],"SLP":[1018.91003],"SNDP":[0],"STP":[1006.2001],"TEMP":[-2.36],"VISIB":[11.870001],"WDSP":[10.370001],"WNDDIR":[221],"time":[1549364857]}