{"CLDC":[85.37001,85.59],"DEWP":[15.7300005,15.520001],"FRSHTT":[0,0],"PRCP":[0,0],"SLP":[1011.2001,1011.2001],"SNDP":[0,0],"STP":[1014.11005,1015.0101],"TEMP":[24.499998,24.5],"VISIB":[160.45,159.45],"WDSP":[24.95,23.859997],"WNDDIR":[102.3,107.7],"time":[1549364857,1549364916]}