{"CLDC":[58.269997,58],"DEWP":[-4.2400002,-4.2499995],"FRSHTT":[0,0],"PRCP":[0,0],"SLP":[1018.34,1018.38],"SNDP":[0,0],"STP":[1039.5701,1039.3401],"TEMP":[4.5499997,4.5499997],"VISIB":[144.87999,145.16],"WDSP":[21.11,19.77],"WNDDIR":[126.2,125.8],"time":[1549364857,1549364916]}