{"CLDC":[51.47],"DEWP":[-3.64],"FRSHTT":[0],"PRCP":[0],"SLP":[1016.2001],"SNDP":[0],"STP":[994.9],"TEMP":[3.1999996],"VISIB":[19.139997],"WDSP":[14.029999],"WNDDIR":[37.3],"time":[1549364857]}