{"CLDC":[72.89,72.73],"DEWP":[-8.15,-7.249999],"FRSHTT":[1000000,1000000],"PRCP":[0,0],"SLP":[1013.9,1013.7999],"SNDP":[0,0],"STP":[988.1,988.1],"TEMP":[-0.45000005,-0.44],"VISIB":[18.789999,19.099998],"WDSP":[8.48,8.8],"WNDDIR":[100,99.1],"time":[1549364857,1549364916]}