{"CLDC":[82.869995,82.450005],"DEWP":[-1.8600003,-1.8600003],"FRSHTT":[0,0],"PRCP":[0,0],"SLP":[1016.7999,1016.7999],"SNDP":[0,0],"STP":[998.7999,998.7999],"TEMP":[4.3,4.4500003],"VISIB":[25.630001,26.25],"WDSP":[13.85,13.69],"WNDDIR":[274.3,275.9],"time":[1549364857,1549364916]}