{"CLDC":[90.47001],"DEWP":[18.460001],"FRSHTT":[0],"PRCP":[0],"SLP":[1011.6],"SNDP":[0],"STP":[1027.1499],"TEMP":[25.259998],"VISIB":[154.11],"WDSP":[30.469997],"WNDDIR":[76.3],"time":[1549364857]}