{"CLDC":[82.77],"DEWP":[16.880001],"FRSHTT":[0],"PRCP":[0],"SLP":[1008.86005],"SNDP":[0],"STP":[1006.1],"TEMP":[22.95],"VISIB":[23.939999],"WDSP":[10.31],"WNDDIR":[311.3],"time":[1549364857]}