{"CLDC":[61.52,61.15],"DEWP":[-7.46,-7.6200004],"FRSHTT":[1000000,1000000],"PRCP":[0,0],"SLP":[1019.9,1019.9],"SNDP":[0,0],"STP":[1017,1017],"TEMP":[-2.6000001,-2.68],"VISIB":[11.390001,10.780001],"WDSP":[8.059999,7.54],"WNDDIR":[104.5,101.2],"time":[1549364857,1549364916]}