{"CLDC":[23.369999,23.969997],"DEWP":[-3.1799998,-3.2099998],"FRSHTT":[1000000,1000000],"PRCP":[0,0],"SLP":[1021.75,1021.7999],"SNDP":[0,0],"STP":[1023.75,1023.8],"TEMP":[-0.20000002,-0.20000002],"VISIB":[4.0799994,4.56],"WDSP":[8.969999,9.35],"WNDDIR":[137.4,138.8],"time":[1549364857,1549364916]}