{"CLDC":[21.660002],"DEWP":[12.04],"FRSHTT":[0],"PRCP":[0],"SLP":[1019.2001],"SNDP":[0],"STP":[1017.6],"TEMP":[16.24],"VISIB":[16.039999],"WDSP":[30.109997],"WNDDIR":[82.5],"time":[1549364857]}