{"CLDC":[23.929996],"DEWP":[-11.38],"FRSHTT":[1000000],"PRCP":[0],"SLP":[1018.5],"SNDP":[0],"STP":[1000.91],"TEMP":[-8.18],"VISIB":[16.310001],"WDSP":[11.85],"WNDDIR":[215.9],"time":[1549364857]}