{"CLDC":[35.46,35.359993],"DEWP":[-7.4,-7.2],"FRSHTT":[1000000,1000000],"PRCP":[0,0],"SLP":[1018.91003,1018.88995],"SNDP":[0,0],"STP":[1006.2001,1006.2301],"TEMP":[-2.36,-2.3699996],"VISIB":[11.870001,11.679999],"WDSP":[10.370001,9.88],"WNDDIR":[221,218.5],"time":[1549364857,1549364916]}