{"CLDC":[23.369999],"DEWP":[-3.1799998],"FRSHTT":[1000000],"PRCP":[0],"SLP":[1021.75],"SNDP":[0],"STP":[1023.75],"TEMP":[-0.20000002],"VISIB":[4.0799994],"WDSP":[8.969999],"WNDDIR":[137.4],"time":[1549364857]}