{"CLDC":[87.3,87.48],"DEWP":[3.6200001,4.18],"FRSHTT":[0,0],"PRCP":[0,0],"SLP":[1019.7899,1019.72003],"SNDP":[0,0],"STP":[1022.5001,1025.25],"TEMP":[9.3,9.339999],"VISIB":[36.3,36.25],"WDSP":[16.490002,15.840001],"WNDDIR":[294.7,297.9],"time":[1549364857,1549364916]}