{"CLDC":[23.929996,23.48],"DEWP":[-11.38,-10.9],"FRSHTT":[1000000,1000000],"PRCP":[0,0],"SLP":[1018.5,1018.4],"SNDP":[0,0],"STP":[1000.91,1000.91],"TEMP":[-8.18,-8.18],"VISIB":[16.310001,15.93],"WDSP":[11.85,12.19],"WNDDIR":[215.9,216.9],"time":[1549364857,1549364916]}