{"CLDC":[0.51],"DEWP":[2.2599998],"FRSHTT":[0],"PRCP":[0],"SLP":[1018.58997],"SNDP":[0],"STP":[1017.88],"TEMP":[5.22],"VISIB":[7.9],"WDSP":[12.039999],"WNDDIR":[14.2],"time":[1549364857]}