{"CLDC":[55.819996],"DEWP":[0.87999994],"FRSHTT":[0],"PRCP":[0],"SLP":[1008.2001],"SNDP":[0],"STP":[1022.94006],"TEMP":[2.1000001],"VISIB":[5.9100003],"WDSP":[32.98],"WNDDIR":[275.2],"time":[1549364857]}