{"CLDC":[55.819996,56.07],"DEWP":[0.87999994,0.88],"FRSHTT":[0,0],"PRCP":[0,0],"SLP":[1008.2001,1008.24005],"SNDP":[0,0],"STP":[1022.94006,1027.17],"TEMP":[2.1000001,2.1000001],"VISIB":[5.9100003,5.8500004],"WDSP":[32.98,32.78],"WNDDIR":[275.2,277],"time":[1549364857,1549364916]}