{"CLDC":[11.659999],"DEWP":[-6.26],"FRSHTT":[0],"PRCP":[0],"SLP":[1016.2999],"SNDP":[0],"STP":[1011.35],"TEMP":[5.6000004],"VISIB":[46.28],"WDSP":[8.639999],"WNDDIR":[67.2],"time":[1549364858]}