{"CLDC":[11.910001],"DEWP":[0.70000005],"FRSHTT":[0],"PRCP":[0],"SLP":[1024.5999],"SNDP":[0],"STP":[1042.5599],"TEMP":[3.44],"VISIB":[16.61],"WDSP":[4.3200006],"WNDDIR":[152],"time":[1549364858]}