{"CLDC":[32.739998],"DEWP":[-35.019997],"FRSHTT":[1000000],"PRCP":[0],"SLP":[1012],"SNDP":[0],"STP":[1006.25995],"TEMP":[-26.970001],"VISIB":[46.26],"WDSP":[2.7200003],"WNDDIR":[280.3],"time":[1549364858]}