{"CLDC":[32.739998,32.48],"DEWP":[-35.019997,-35.050003],"FRSHTT":[1000000,1000000],"PRCP":[0,0],"SLP":[1012,1012.2201],"SNDP":[0,0],"STP":[1006.25995,1006],"TEMP":[-26.970001,-26.419998],"VISIB":[46.26,46.030006],"WDSP":[2.7200003,1.7300001],"WNDDIR":[280.3,280.3],"time":[1549364858,1549364916]}