{"CLDC":[83.380005,83.39001],"DEWP":[-21.75,-21.61],"FRSHTT":[1000000,1000000],"PRCP":[0,0],"SLP":[998.1,998.05],"SNDP":[0,0],"STP":[1003.4001,1000.94006],"TEMP":[-15.7,-15.65],"VISIB":[43.210003,43.15],"WDSP":[4.87,5.31],"WNDDIR":[7.1,5.5],"time":[1549364858,1549364916]}