{"CLDC":[88.94],"DEWP":[-26.600002],"FRSHTT":[1000000],"PRCP":[0],"SLP":[1001.63],"SNDP":[0],"STP":[1000.99005],"TEMP":[-21.720001],"VISIB":[38.269997],"WDSP":[26.299997],"WNDDIR":[121],"time":[1549364858]}