{"CLDC":[99.45001],"DEWP":[-23.799997],"FRSHTT":[1000000],"PRCP":[0],"SLP":[1007.2999],"SNDP":[0],"STP":[1005.05],"TEMP":[-17.719997],"VISIB":[29.38],"WDSP":[35.28],"WNDDIR":[296.5],"time":[1549364858]}