{"CLDC":[57.630005],"DEWP":[-11.96],"FRSHTT":[0],"PRCP":[0],"SLP":[1016.4],"SNDP":[0],"STP":[879.7001],"TEMP":[0.72],"VISIB":[69.7],"WDSP":[13.609999],"WNDDIR":[186],"time":[1549364858]}