{"CLDC":[88.94,88.34],"DEWP":[-26.600002,-26.700003],"FRSHTT":[1000000,1000000],"PRCP":[0,0],"SLP":[1001.63,1001.7001],"SNDP":[0,0],"STP":[1000.99005,1000.05],"TEMP":[-21.720001,-21.400002],"VISIB":[38.269997,39.350002],"WDSP":[26.299997,26.5],"WNDDIR":[121,119.5],"time":[1549364858,1549364916]}