{"CLDC":[11.910001,11.870001],"DEWP":[0.70000005,0.73999995],"FRSHTT":[0,0],"PRCP":[0,0],"SLP":[1024.5999,1024.5999],"SNDP":[0,0],"STP":[1042.5599,1040.87],"TEMP":[3.44,3.35],"VISIB":[16.61,16.69],"WDSP":[4.3200006,4.4100003],"WNDDIR":[152,154],"time":[1549364858,1549364916]}