{"CLDC":[22.49,21.73],"DEWP":[-0.22,-0.25000003],"FRSHTT":[0,0],"PRCP":[0,0],"SLP":[989.32,989.81995],"SNDP":[0,0],"STP":[982.15,982.2001],"TEMP":[1.1999999,1.1999999],"VISIB":[37.23,38.170002],"WDSP":[13.719999,13.33],"WNDDIR":[27.4,26.8],"time":[1549364858,1549364916]}