{"CLDC":[36.13],"DEWP":[1.75],"FRSHTT":[0],"PRCP":[0],"SLP":[1015.97003],"SNDP":[0],"STP":[1046.87],"TEMP":[6.0500007],"VISIB":[156.35999],"WDSP":[11.039999],"WNDDIR":[250.1],"time":[1549364858]}