{"CLDC":[22.590002],"DEWP":[-8.54],"FRSHTT":[1000000],"PRCP":[0],"SLP":[1019],"SNDP":[0],"STP":[1018.52997],"TEMP":[-2.3799999],"VISIB":[20.990002],"WDSP":[13.589999],"WNDDIR":[42],"time":[1549364858]}