{"CLDC":[62.200005,61.93],"DEWP":[-6.6200004,-6.7599998],"FRSHTT":[0,0],"PRCP":[0,0],"SLP":[1017.7999,1017.83997],"SNDP":[0,0],"STP":[1024.5701,1023.93],"TEMP":[1.4599998,1.5799999],"VISIB":[160.1,160.35],"WDSP":[14.08,16.460001],"WNDDIR":[63.5,61.4],"time":[1549364858,1549364916]}