{"CLDC":[18.849998],"DEWP":[-7.2299995],"FRSHTT":[1000000],"PRCP":[0],"SLP":[1019.00995],"SNDP":[0],"STP":[1030.6499],"TEMP":[-4.2],"VISIB":[16.560001],"WDSP":[19.78],"WNDDIR":[324.1],"time":[1549364858]}