{"CLDC":[83.380005],"DEWP":[-21.75],"FRSHTT":[1000000],"PRCP":[0],"SLP":[998.1],"SNDP":[0],"STP":[1003.4001],"TEMP":[-15.7],"VISIB":[43.210003],"WDSP":[4.87],"WNDDIR":[7.1],"time":[1549364858]}