{"CLDC":[99.45001,99.44],"DEWP":[-23.799997,-23.599997],"FRSHTT":[1000000,1000000],"PRCP":[0,0],"SLP":[1007.2999,1007.1],"SNDP":[0,0],"STP":[1005.05,1004.68994],"TEMP":[-17.719997,-17.66],"VISIB":[29.38,28.420002],"WDSP":[35.28,36.309998],"WNDDIR":[296.5,293.2],"time":[1549364858,1549364916]}