{"CLDC":[18.849998,18.869999],"DEWP":[-7.2299995,-7.3499994],"FRSHTT":[1000000,1000000],"PRCP":[0,0],"SLP":[1019.00995,1019.05],"SNDP":[0,0],"STP":[1030.6499,1030.36],"TEMP":[-4.2,-4.2],"VISIB":[16.560001,14.42],"WDSP":[19.78,20.07],"WNDDIR":[324.1,322.8],"time":[1549364858,1549364916]}