{"CLDC":[90.77999],"DEWP":[-16.28],"FRSHTT":[1000000],"PRCP":[0],"SLP":[1014.2699],"SNDP":[0],"STP":[849.4],"TEMP":[-4.9000006],"VISIB":[91.52],"WDSP":[15.99],"WNDDIR":[238.4],"time":[1549364858]}