{"CLDC":[74.81],"DEWP":[-13.079999],"FRSHTT":[1000000],"PRCP":[0],"SLP":[997.68005],"SNDP":[0],"STP":[1010.57996],"TEMP":[-8.780001],"VISIB":[30.869999],"WDSP":[18.18],"WNDDIR":[305.3],"time":[1549364858]}