{"CLDC":[62.200005],"DEWP":[-6.6200004],"FRSHTT":[0],"PRCP":[0],"SLP":[1017.7999],"SNDP":[0],"STP":[1024.5701],"TEMP":[1.4599998],"VISIB":[160.1],"WDSP":[14.08],"WNDDIR":[63.5],"time":[1549364858]}