{"CLDC":[53.170002,53.309998],"DEWP":[-5.3,-5.3],"FRSHTT":[1000000,1000000],"PRCP":[0,0],"SLP":[993.7001,993.7201],"SNDP":[0,0],"STP":[999.41,1001.11005],"TEMP":[-1.9999998,-2.1499999],"VISIB":[28.919998,27.420002],"WDSP":[36.91,37.51],"WNDDIR":[307.9,307.2],"time":[1549364858,1549364916]}