{"CLDC":[72.92],"DEWP":[-9.420001],"FRSHTT":[1000000],"PRCP":[0],"SLP":[998],"SNDP":[0],"STP":[992.1501],"TEMP":[-6.8],"VISIB":[24.099998],"WDSP":[25.56],"WNDDIR":[136.7],"time":[1549364858]}