{"CLDC":[57.630005,57.7],"DEWP":[-11.96,-11.62],"FRSHTT":[0,0],"PRCP":[0,0],"SLP":[1016.4,1016.30994],"SNDP":[0,0],"STP":[879.7001,879.7001],"TEMP":[0.72,0.62],"VISIB":[69.7,70.28],"WDSP":[13.609999,14.659999],"WNDDIR":[186,185.5],"time":[1549364858,1549364916]}