{"CLDC":[49.800003],"DEWP":[-3.0999997],"FRSHTT":[1000000],"PRCP":[0],"SLP":[1018.4],"SNDP":[0],"STP":[975.6],"TEMP":[-0.20000002],"VISIB":[9.75],"WDSP":[10.360001],"WNDDIR":[300],"time":[1549364858]}