{"CLDC":[50.140003,50.04],"DEWP":[-4.18,-4.1000004],"FRSHTT":[1100000,1100000],"PRCP":[0.11999999,0.11999999],"SLP":[1019.5,1019.4],"SNDP":[0,0],"STP":[1000.54004,1000.49005],"TEMP":[-0.54,-0.55],"VISIB":[10.31,10.460001],"WDSP":[9.530001,9.639999],"WNDDIR":[239.6,238.6],"time":[1549364856,1549364916]}