{"CLDC":[23.399998,23.109999],"DEWP":[-1.3000001,-1.3],"FRSHTT":[0,0],"PRCP":[0,0],"SLP":[1011.2001,1011.2001],"SNDP":[0,0],"STP":[1006.1,1006.1],"TEMP":[1.1500001,1.13],"VISIB":[8.45,8.99],"WDSP":[16.509998,17.21],"WNDDIR":[279.4,280],"time":[1549364858,1549364916]}