{"CLDC":[83.78999],"DEWP":[-0.040000003],"FRSHTT":[0],"PRCP":[0],"SLP":[1034.4001],"SNDP":[0],"STP":[1024.5],"TEMP":[1.3],"VISIB":[4.23],"WDSP":[13.65],"WNDDIR":[137.2],"time":[1549364858]}