{"CLDC":[49.600002,49.710003],"DEWP":[-38.6,-38.350002],"FRSHTT":[1000000,1000000],"PRCP":[0,0],"SLP":[1023.25995,1023.72003],"SNDP":[0,0],"STP":[978.15,977.8],"TEMP":[-35.25,-35.5],"VISIB":[62.789997,62.7],"WDSP":[15.109999,14.290001],"WNDDIR":[349.3,345.7],"time":[1549364858,1549364917]}