{"CLDC":[49.600002],"DEWP":[-38.6],"FRSHTT":[1000000],"PRCP":[0],"SLP":[1023.25995],"SNDP":[0],"STP":[978.15],"TEMP":[-35.25],"VISIB":[62.789997],"WDSP":[15.109999],"WNDDIR":[349.3],"time":[1549364858]}