{"CLDC":[3.73,3.3799999],"DEWP":[-6.24,-6.25],"FRSHTT":[0,0],"PRCP":[0,0],"SLP":[1025.9001,1025.9401],"SNDP":[0,0],"STP":[1020.7999,1020.9],"TEMP":[0.8,0.85],"VISIB":[12.719999,12.129999],"WDSP":[18.779999,19.91],"WNDDIR":[354.3,355.8],"time":[1549364858,1549364917]}