{"CLDC":[10.530001],"DEWP":[18.760002],"FRSHTT":[0],"PRCP":[0],"SLP":[922.93005],"SNDP":[0],"STP":[945.1],"TEMP":[28.399998],"VISIB":[7.7699995],"WDSP":[2.0800002],"WNDDIR":[220.3],"time":[1549364858]}