{"CLDC":[0.46000004,0.65999997],"DEWP":[17.74,17.640001],"FRSHTT":[0,0],"PRCP":[0,0],"SLP":[1010.2999,1010.2999],"SNDP":[0,0],"STP":[1006.62,1006.69006],"TEMP":[25.58,25.51],"VISIB":[20.45,20.070002],"WDSP":[17.6,17.810001],"WNDDIR":[292.5,293.6],"time":[1549364858,1549364917]}