{"CLDC":[4.71,4.4900002],"DEWP":[7.5800004,7.2399993],"FRSHTT":[0,0],"PRCP":[0,0],"SLP":[1019.16003,1019.1],"SNDP":[0,0],"STP":[1009.7999,1009.7999],"TEMP":[12.199999,12.009999],"VISIB":[23.880001,23.68],"WDSP":[15.910001,17.810001],"WNDDIR":[331.6,336.2],"time":[1549364858,1549364917]}