{"CLDC":[10.530001,10.93],"DEWP":[18.760002,19.119999],"FRSHTT":[0,0],"PRCP":[0,0],"SLP":[922.93005,923.27],"SNDP":[0,0],"STP":[945.1,945.1],"TEMP":[28.399998,28.8],"VISIB":[7.7699995,7.2400002],"WDSP":[2.0800002,1.8199999],"WNDDIR":[220.3,219.6],"time":[1549364858,1549364917]}