{"CLDC":[93.13,93.299995],"DEWP":[-15.400002,-15.379999],"FRSHTT":[1000000,1000000],"PRCP":[0,0],"SLP":[1030.5999,1030.5999],"SNDP":[0,0],"STP":[1025.7999,1025.7999],"TEMP":[-11.859999,-11.889999],"VISIB":[120,125.72001],"WDSP":[4.38,4.55],"WNDDIR":[312,308.9],"time":[1549364858,1549364917]}