{"CLDC":[93.13],"DEWP":[-15.400002],"FRSHTT":[1000000],"PRCP":[0],"SLP":[1030.5999],"SNDP":[0],"STP":[1025.7999],"TEMP":[-11.859999],"VISIB":[120],"WDSP":[4.38],"WNDDIR":[312],"time":[1549364858]}