{"CLDC":[42.299995],"DEWP":[20.22],"FRSHTT":[0],"PRCP":[0],"SLP":[1008.7001],"SNDP":[0],"STP":[1008.6],"TEMP":[22.989998],"VISIB":[153.43001],"WDSP":[6.27],"WNDDIR":[327.4],"time":[1549364859]}