{"CLDC":[51.419994],"DEWP":[7.4499993],"FRSHTT":[0],"PRCP":[0],"SLP":[1008.11005],"SNDP":[0],"STP":[1038.5999],"TEMP":[9.3],"VISIB":[25.42],"WDSP":[11.870001],"WNDDIR":[64.4],"time":[1549364859]}