{"CLDC":[38.969997],"DEWP":[-4.4],"FRSHTT":[1000000],"PRCP":[0],"SLP":[1013.94006],"SNDP":[0],"STP":[1005],"TEMP":[-0.86],"VISIB":[10.84],"WDSP":[4.75],"WNDDIR":[21.3],"time":[1549364856]}