{"CLDC":[31.359997,31.51],"DEWP":[-1.82,-1.7999998],"FRSHTT":[0,0],"PRCP":[0,0],"SLP":[1019.9,1020.13],"SNDP":[0,0],"STP":[949.7101,949.89],"TEMP":[1.1800002,1.13],"VISIB":[20.89,20.53],"WDSP":[25.380001,26.250004],"WNDDIR":[146,144],"time":[1549364859,1549364917]}