{"CLDC":[80.740005,80.73],"DEWP":[4.1000004,4],"FRSHTT":[100000,100000],"PRCP":[0.059999995,0.062],"SLP":[1019.5,1019.4],"SNDP":[0,0],"STP":[1019.72003,1019.6],"TEMP":[5.72,5.659999],"VISIB":[7.53,8.46],"WDSP":[23.97,24.650002],"WNDDIR":[289.3,285.3],"time":[1549364858,1549364917]}