{"CLDC":[53.210003,53.51],"DEWP":[2.7,2.78],"FRSHTT":[100000,100000],"PRCP":[0.18000002,0.18000002],"SLP":[1017.7001,1017.69006],"SNDP":[0,0],"STP":[1009.57996,1009.65],"TEMP":[4.98,5.06],"VISIB":[8.57,9.370001],"WDSP":[13.75,13.45],"WNDDIR":[232.6,232.9],"time":[1549364858,1549364917]}