{"CLDC":[50.379997],"DEWP":[4.9999995],"FRSHTT":[100000],"PRCP":[0.11],"SLP":[1014.5],"SNDP":[0],"STP":[1015.58997],"TEMP":[7.12],"VISIB":[9.43],"WDSP":[15.909999],"WNDDIR":[229.6],"time":[1549364858]}