{"CLDC":[50.379997,50.489998],"DEWP":[4.9999995,5.0499997],"FRSHTT":[100000,100000],"PRCP":[0.11,0.11],"SLP":[1014.5,1014.57996],"SNDP":[0,0],"STP":[1015.58997,1015.44006],"TEMP":[7.12,7.21],"VISIB":[9.43,10.469999],"WDSP":[15.909999,15.570002],"WNDDIR":[229.6,229.7],"time":[1549364858,1549364917]}