{"CLDC":[86.12999],"DEWP":[0.28],"FRSHTT":[100000],"PRCP":[0.11999999],"SLP":[1017.5],"SNDP":[0],"STP":[1016.1],"TEMP":[3.0600002],"VISIB":[8.620001],"WDSP":[13.270001],"WNDDIR":[192.5],"time":[1549364859]}