{"CLDC":[85.799995,85.91001],"DEWP":[0.85999995,1.18],"FRSHTT":[100000,100000],"PRCP":[0.059999995,0.062],"SLP":[1021.00995,1021.1],"SNDP":[0,0],"STP":[1017.9,1017.7999],"TEMP":[3.2199998,3.2399998],"VISIB":[9.900001,9.5],"WDSP":[11.059999,10.93],"WNDDIR":[211.7,212.9],"time":[1549364859,1549364917]}