{"CLDC":[60.02,60.289997],"DEWP":[-3.02,-2.78],"FRSHTT":[1100000,1100000],"PRCP":[0.009999999,0.009999999],"SLP":[1022.7999,1022.7999],"SNDP":[0,0],"STP":[1014.2501,1014.2001],"TEMP":[-0.20000002,-0.20000002],"VISIB":[12.66,12.699999],"WDSP":[8.19,8.099999],"WNDDIR":[168.7,166.4],"time":[1549364859,1549364917]}