{"CLDC":[60.02],"DEWP":[-3.02],"FRSHTT":[1100000],"PRCP":[0.009999999],"SLP":[1022.7999],"SNDP":[0],"STP":[1014.2501],"TEMP":[-0.20000002],"VISIB":[12.66],"WDSP":[8.19],"WNDDIR":[168.7],"time":[1549364859]}