{"CLDC":[66.950005,67.06],"DEWP":[1.4,1.4],"FRSHTT":[100000,100000],"PRCP":[0.16999999,0.16999999],"SLP":[1018.2999,1018.2001],"SNDP":[0,0],"STP":[1014.25,1013.82996],"TEMP":[4.44,4.54],"VISIB":[16.77,16.45],"WDSP":[15.109999,14.509999],"WNDDIR":[267.2,267.7],"time":[1549364859,1549364917]}