{"CLDC":[44.449997],"DEWP":[-9.15],"FRSHTT":[1000000],"PRCP":[0],"SLP":[1028.0999],"SNDP":[0],"STP":[948.92004],"TEMP":[-6.2400002],"VISIB":[15.250002],"WDSP":[5.3900003],"WNDDIR":[126.2],"time":[1549364860]}