{"CLDC":[50.07,50.200005],"DEWP":[-1.3199999,-1.3199999],"FRSHTT":[110000,110000],"PRCP":[0.15999998,0.15999998],"SLP":[1019.5,1019.5],"SNDP":[0.10000001,0.10000001],"STP":[939.2999,939.27997],"TEMP":[2.1200001,2.2],"VISIB":[18.399998,17.470001],"WDSP":[23.78,22.61],"WNDDIR":[34.7,33.6],"time":[1549364860,1549364918]}