{"CLDC":[50.230003],"DEWP":[-1.32],"FRSHTT":[100000],"PRCP":[0.029999997],"SLP":[1018.82],"SNDP":[0],"STP":[1012.11],"TEMP":[2.06],"VISIB":[13.840001],"WDSP":[15.119998],"WNDDIR":[315.6],"time":[1549364861]}