{"CLDC":[81.10999],"DEWP":[-1.7800001],"FRSHTT":[100000],"PRCP":[0.09000001],"SLP":[1017.39],"SNDP":[0],"STP":[1015.11],"TEMP":[1.9799999],"VISIB":[12.42],"WDSP":[16.26],"WNDDIR":[120.5],"time":[1549364861]}