{"CLDC":[96.240005,96.45],"DEWP":[-6.15,-5.9700003],"FRSHTT":[1110000,1110000],"PRCP":[0.14999999,0.14999999],"SLP":[919.32996,920.0499],"SNDP":[3.1000001,3.1000001],"STP":[927.95,927.80994],"TEMP":[-0.6999999,-0.6999999],"VISIB":[19.11,18.86],"WDSP":[10.07,9.700001],"WNDDIR":[71.8,73.8],"time":[1549364855,1549364915]}