{"CLDC":[96.240005],"DEWP":[-6.15],"FRSHTT":[1110000],"PRCP":[0.14999999],"SLP":[919.32996],"SNDP":[3.1000001],"STP":[927.95],"TEMP":[-0.6999999],"VISIB":[19.11],"WDSP":[10.07],"WNDDIR":[71.8],"time":[1549364855]}