{"CLDC":[37.710003,37.57],"DEWP":[-5.96,-6.1],"FRSHTT":[0,0],"PRCP":[0,0],"SLP":[1021.06995,1021.06995],"SNDP":[0,0],"STP":[1040.0701,1041.3601],"TEMP":[3.3,3.1999998],"VISIB":[25.7,26.320002],"WDSP":[18.4,16.630001],"WNDDIR":[17.1,17.9],"time":[1549364859,1549364918]}