{"CLDC":[59.29],"DEWP":[0.28],"FRSHTT":[0],"PRCP":[0],"SLP":[1019.2001],"SNDP":[0],"STP":[1010.36],"TEMP":[7.160001],"VISIB":[11.57],"WDSP":[8.059999],"WNDDIR":[304.1],"time":[1549364859]}