{"CLDC":[59.29,59.019997],"DEWP":[0.28,0.76],"FRSHTT":[0,0],"PRCP":[0,0],"SLP":[1019.2001,1019.25995],"SNDP":[0,0],"STP":[1010.36,1010.16003],"TEMP":[7.160001,7.16],"VISIB":[11.57,11.089999],"WDSP":[8.059999,8.47],"WNDDIR":[304.1,302.3],"time":[1549364859,1549364918]}