{"CLDC":[50.079998,50.389996],"DEWP":[0.64,0.91999996],"FRSHTT":[100000,100000],"PRCP":[0.14999999,0.14999999],"SLP":[1020.52,1020.5],"SNDP":[0,0],"STP":[1018.95996,1019.05994],"TEMP":[5.8,5.8600006],"VISIB":[14.139999,14.0199995],"WDSP":[12.93,12.589999],"WNDDIR":[16.4,14.8],"time":[1549364857,1549364916]}