{"CLDC":[50.04,50.08],"DEWP":[5.2000003,5.05],"FRSHTT":[100000,100000],"PRCP":[0.29,0.29],"SLP":[1017.88995,1017.6],"SNDP":[0,0],"STP":[1019.68005,1019.55],"TEMP":[6.8199997,6.85],"VISIB":[8.77,8.589998],"WDSP":[9.860001,9.96],"WNDDIR":[216.1,211],"time":[1549364857,1549364916]}