{"CLDC":[43.480003],"DEWP":[3.8800004],"FRSHTT":[0],"PRCP":[0],"SLP":[1018.38995],"SNDP":[0],"STP":[1031.3],"TEMP":[6.9199996],"VISIB":[27.939999],"WDSP":[4.3900003],"WNDDIR":[303.2],"time":[1549364861]}