{"CLDC":[45.100002],"DEWP":[3.4600003],"FRSHTT":[0],"PRCP":[0],"SLP":[1014.7999],"SNDP":[0],"STP":[1045.5999],"TEMP":[7.6799994],"VISIB":[38.230003],"WDSP":[8.280001],"WNDDIR":[77.3],"time":[1549364855]}