{"CLDC":[45.100002,45.13],"DEWP":[3.4600003,3.58],"FRSHTT":[0,0],"PRCP":[0,0],"SLP":[1014.7999,1014.7999],"SNDP":[0,0],"STP":[1045.5999,1045.5999],"TEMP":[7.6799994,7.75],"VISIB":[38.230003,38.35],"WDSP":[8.280001,8.21],"WNDDIR":[77.3,75.6],"time":[1549364855,1549364915]}