{"CLDC":[50.600006,51.080006],"DEWP":[-7.8,-7.7600007],"FRSHTT":[100000,100000],"PRCP":[0.48999995,0.48999995],"SLP":[1010.6,1010.6],"SNDP":[0,0],"STP":[1008.2101,1008.16],"TEMP":[2.3400002,2.2],"VISIB":[13.940001,13.320002],"WDSP":[16.490002,14.69],"WNDDIR":[108,106.2],"time":[1549364855,1549364915]}