{"CLDC":[50.600006],"DEWP":[-7.8],"FRSHTT":[100000],"PRCP":[0.48999995],"SLP":[1010.6],"SNDP":[0],"STP":[1008.2101],"TEMP":[2.3400002],"VISIB":[13.940001],"WDSP":[16.490002],"WNDDIR":[108],"time":[1549364855]}