{"CLDC":[68.509995,68.45],"DEWP":[0.32999998,-0.030000001],"FRSHTT":[100000,100000],"PRCP":[0.19000001,0.19100001],"SLP":[1019.7999,1019.7999],"SNDP":[0,0],"STP":[1015.02,1015.00995],"TEMP":[2.7800002,2.8200002],"VISIB":[10.639999,11.300001],"WDSP":[8.570001,7.9300003],"WNDDIR":[34,33.1],"time":[1549364857,1549364916]}