{"CLDC":[69.64,69.74999],"DEWP":[-0.26999998,-0.45],"FRSHTT":[100000,100000],"PRCP":[0.13,0.13],"SLP":[1020.9,1020.89],"SNDP":[0,0],"STP":[1007.9,1008],"TEMP":[3.1400003,3.14],"VISIB":[11.320002,12.19],"WDSP":[9.969999,9.31],"WNDDIR":[339.3,340.5],"time":[1549364857,1549364916]}