{"CLDC":[23.18],"DEWP":[-9.86],"FRSHTT":[0],"PRCP":[0],"SLP":[1020.68005],"SNDP":[0],"STP":[1021.07],"TEMP":[2.1599998],"VISIB":[40.160004],"WDSP":[5.5999994],"WNDDIR":[79.2],"time":[1549364859]}