{"CLDC":[36.879997],"DEWP":[5.5400004],"FRSHTT":[0],"PRCP":[0],"SLP":[1021.5],"SNDP":[0],"STP":[1054.71],"TEMP":[8.450001],"VISIB":[28.570002],"WDSP":[12.12],"WNDDIR":[176.8],"time":[1549364860]}