{"CLDC":[50.08,50.06],"DEWP":[-9.0199995,-9.05],"FRSHTT":[100000,100000],"PRCP":[0.29,0.29],"SLP":[1015.2001,1015.2001],"SNDP":[0,0],"STP":[1003.92004,1003.80994],"TEMP":[4.8999996,4.92],"VISIB":[25.75,25.12],"WDSP":[4.5299997,4.44],"WNDDIR":[266.1,268.7],"time":[1549364860,1549364918]}