{"CLDC":[78.96,79.229996],"DEWP":[-0.9999999,-1.1999999],"FRSHTT":[100000,100000],"PRCP":[0.11999999,0.11999999],"SLP":[1020.9,1020.9],"SNDP":[0,0],"STP":[1001.0101,1000.89],"TEMP":[2.6200001,2.64],"VISIB":[13.059999,13.219999],"WDSP":[12.979999,12.76],"WNDDIR":[106.9,108.9],"time":[1549364858,1549364916]}