{"CLDC":[78.96],"DEWP":[-0.9999999],"FRSHTT":[100000],"PRCP":[0.11999999],"SLP":[1020.9],"SNDP":[0],"STP":[1001.0101],"TEMP":[2.6200001],"VISIB":[13.059999],"WDSP":[12.979999],"WNDDIR":[106.9],"time":[1549364858]}