{"CLDC":[80.27],"DEWP":[-6.03],"FRSHTT":[1000000],"PRCP":[0],"SLP":[1029.0999],"SNDP":[0],"STP":[1012.7999],"TEMP":[-2.9299998],"VISIB":[6.5099998],"WDSP":[7.5],"WNDDIR":[71.4],"time":[1549364858]}