{"CLDC":[92.420006],"DEWP":[-13.659999],"FRSHTT":[0],"PRCP":[0],"SLP":[1002.41],"SNDP":[0],"STP":[1017.77],"TEMP":[2.48],"VISIB":[14.679998],"WDSP":[13.549998],"WNDDIR":[320.3],"time":[1549364858]}