{"CLDC":[3.47,3.45],"DEWP":[-0.15,-0.20000002],"FRSHTT":[0,0],"PRCP":[0,0],"SLP":[1019.7999,1019.7999],"SNDP":[0,0],"STP":[990.7001,990.7001],"TEMP":[5.82,5.6800003],"VISIB":[14.42,13.679998],"WDSP":[11.069999,11.769999],"WNDDIR":[266.7,268.1],"time":[1549364859,1549364917]}