{"CLDC":[87.40001,86.89001],"DEWP":[-2.04,-1.52],"FRSHTT":[0,0],"PRCP":[0,0],"SLP":[1016.7001,1016.67004],"SNDP":[0,0],"STP":[1005.02014,1005.69006],"TEMP":[7.95,8],"VISIB":[17.460001,17.869999],"WDSP":[9.66,10.190001],"WNDDIR":[278.5,279.1],"time":[1549364859,1549364917]}