{"CLDC":[10.08],"DEWP":[-1.48],"FRSHTT":[0],"PRCP":[0],"SLP":[1016.4],"SNDP":[0],"STP":[1011.33997],"TEMP":[5.58],"VISIB":[12.58],"WDSP":[7.8599997],"WNDDIR":[283.5],"time":[1549364859]}