{"CLDC":[18.49,18.530003],"DEWP":[-4.85,-4.65],"FRSHTT":[0,0],"PRCP":[0,0],"SLP":[1013.84,1013.86],"SNDP":[0,0],"STP":[1005.52,1003.48],"TEMP":[8.22,7.9800005],"VISIB":[36.21,35.029995],"WDSP":[2.1000001,2.1000001],"WNDDIR":[339.1,341.2],"time":[1549364859,1549364917]}