{"CLDC":[10.08,10.139999],"DEWP":[-1.48,-1.6599998],"FRSHTT":[0,0],"PRCP":[0,0],"SLP":[1016.4,1016.4],"SNDP":[0,0],"STP":[1011.33997,1011.2301],"TEMP":[5.58,5.46],"VISIB":[12.58,13.179998],"WDSP":[7.8599997,7.79],"WNDDIR":[283.5,286.5],"time":[1549364859,1549364917]}