{"CLDC":[87.40001],"DEWP":[-2.04],"FRSHTT":[0],"PRCP":[0],"SLP":[1016.7001],"SNDP":[0],"STP":[1005.02014],"TEMP":[7.95],"VISIB":[17.460001],"WDSP":[9.66],"WNDDIR":[278.5],"time":[1549364859]}