{"CLDC":[89.27999],"DEWP":[-9.520001],"FRSHTT":[0],"PRCP":[0],"SLP":[1033.78],"SNDP":[0],"STP":[1013.19006],"TEMP":[3.2],"VISIB":[16.050001],"WDSP":[17.97],"WNDDIR":[213.8],"time":[1549364859]}