{"CLDC":[54.379997,53.96],"DEWP":[-2,-2.2],"FRSHTT":[100000,100000],"PRCP":[0.19000001,0.19000001],"SLP":[1021.32996,1021.39],"SNDP":[0,0],"STP":[999.7999,999.7999],"TEMP":[2.1999998,2.22],"VISIB":[18.439999,18.4],"WDSP":[10.24,10.07],"WNDDIR":[97.5,101.8],"time":[1549364858,1549364916]}