{"CLDC":[96.36],"DEWP":[0.53000003],"FRSHTT":[0],"PRCP":[0],"SLP":[1013.9],"SNDP":[0],"STP":[1009.7601],"TEMP":[8.799999],"VISIB":[13.280001],"WDSP":[13.2300005],"WNDDIR":[12.6],"time":[1549364860]}