{"CLDC":[56.8,56.46],"DEWP":[-0.26,-0.42],"FRSHTT":[0,0],"PRCP":[0,0],"SLP":[1019.2001,1019.2001],"SNDP":[0,0],"STP":[1014.1,1014.1],"TEMP":[7.1500006,7.200001],"VISIB":[14.62,15.05],"WDSP":[22.17,21.560001],"WNDDIR":[136.6,131.9],"time":[1549364856,1549364915]}