{"CLDC":[31.670002,31.51],"DEWP":[-5.919999,-5.7399993],"FRSHTT":[1000000,1000000],"PRCP":[0,0],"SLP":[1026.48,1026.7001],"SNDP":[0,0],"STP":[1006.07996,1006.2201],"TEMP":[-0.20000002,-0.20000002],"VISIB":[10.019999,9.440001],"WDSP":[6.5099998,6.1400003],"WNDDIR":[245,246.6],"time":[1549364858,1549364917]}