{"CLDC":[59.140003],"DEWP":[-2.4600003],"FRSHTT":[1000000],"PRCP":[0],"SLP":[1022.33997],"SNDP":[0],"STP":[1023.68],"TEMP":[-2.15],"VISIB":[2.85],"WDSP":[4.88],"WNDDIR":[329.3],"time":[1549364858]}