{"CLDC":[45.379997,45.100002],"DEWP":[-6.7599998,-6.7600007],"FRSHTT":[0,0],"PRCP":[0,0],"SLP":[1015.7999,1015.7999],"SNDP":[0,0],"STP":[979.7999,979.7999],"TEMP":[4.42,4.36],"VISIB":[24.18,24.47],"WDSP":[7.54,7.410001],"WNDDIR":[216.8,211.7],"time":[1549364858,1549364916]}