{"CLDC":[45.379997],"DEWP":[-6.7599998],"FRSHTT":[0],"PRCP":[0],"SLP":[1015.7999],"SNDP":[0],"STP":[979.7999],"TEMP":[4.42],"VISIB":[24.18],"WDSP":[7.54],"WNDDIR":[216.8],"time":[1549364858]}