{"CLDC":[99.39001,99.69001],"DEWP":[0.42,0.28],"FRSHTT":[100000,100000],"PRCP":[0.039999995,0.039999995],"SLP":[1021.7999,1021.7501],"SNDP":[0,0],"STP":[1013.30994,1013.1501],"TEMP":[3.3700001,3.3399997],"VISIB":[10.789999,11.089999],"WDSP":[16.91,17.95],"WNDDIR":[131.4,132],"time":[1549364858,1549364917]}