{"CLDC":[99.39001],"DEWP":[0.42],"FRSHTT":[100000],"PRCP":[0.039999995],"SLP":[1021.7999],"SNDP":[0],"STP":[1013.30994],"TEMP":[3.3700001],"VISIB":[10.789999],"WDSP":[16.91],"WNDDIR":[131.4],"time":[1549364858]}