{"CLDC":[36.729996],"DEWP":[-2.9999998],"FRSHTT":[0],"PRCP":[0],"SLP":[1004.5],"SNDP":[0],"STP":[1007.37],"TEMP":[5.0999994],"VISIB":[15.719999],"WDSP":[11.85],"WNDDIR":[22.3],"time":[1549364858]}