{"CLDC":[36.729996,36.969997],"DEWP":[-2.9999998,-2.8399997],"FRSHTT":[0,0],"PRCP":[0,0],"SLP":[1004.5,1004.5],"SNDP":[0,0],"STP":[1007.37,1007.41003],"TEMP":[5.0999994,5.3999996],"VISIB":[15.719999,15.210001],"WDSP":[11.85,12.429999],"WNDDIR":[22.3,21.5],"time":[1549364858,1549364917]}