{"CLDC":[29.36],"DEWP":[-9.78],"FRSHTT":[0],"PRCP":[0],"SLP":[1015.1501],"SNDP":[0],"STP":[921.55994],"TEMP":[2.7800002],"VISIB":[15.089999],"WDSP":[7.4900002],"WNDDIR":[68.3],"time":[1549364859]}