{"CLDC":[50.11],"DEWP":[-3.8499997],"FRSHTT":[1100000],"PRCP":[0.039999995],"SLP":[1027.4001],"SNDP":[0],"STP":[1025.2201],"TEMP":[-0.10000001],"VISIB":[19.27],"WDSP":[9.219999],"WNDDIR":[352.2],"time":[1549364858]}