{"CLDC":[50.11,50.18],"DEWP":[-3.8499997,-3.5499997],"FRSHTT":[1100000,1100000],"PRCP":[0.039999995,0.039999995],"SLP":[1027.4001,1027.4801],"SNDP":[0,0],"STP":[1025.2201,1024.9001],"TEMP":[-0.10000001,-0.10000001],"VISIB":[19.27,18.570004],"WDSP":[9.219999,9.280001],"WNDDIR":[352.2,351.5],"time":[1549364858,1549364917]}