{"CLDC":[38.46,38.889996],"DEWP":[-0.67999995,-0.8],"FRSHTT":[0,0],"PRCP":[0,0],"SLP":[1018.97003,1018.7301],"SNDP":[0,0],"STP":[1026.76,1026.73],"TEMP":[5.2,5.1999993],"VISIB":[19.789999,19.8],"WDSP":[13.089999,13.709999],"WNDDIR":[214,213],"time":[1549364859,1549364917]}