{"CLDC":[73.16],"DEWP":[-1.26],"FRSHTT":[100000],"PRCP":[0.009999999],"SLP":[1017.34],"SNDP":[0],"STP":[1016.59],"TEMP":[5.28],"VISIB":[13.559999],"WDSP":[12.17],"WNDDIR":[196.8],"time":[1549364859]}