{"CLDC":[50.030003],"DEWP":[-4.24],"FRSHTT":[100000],"PRCP":[0.009999999],"SLP":[1015],"SNDP":[0],"STP":[823.2999],"TEMP":[5.4399996],"VISIB":[12.300001],"WDSP":[11.549999],"WNDDIR":[12.4],"time":[1549364859]}