{"CLDC":[4.19],"DEWP":[2.1799998],"FRSHTT":[0],"PRCP":[0],"SLP":[1005.86993],"SNDP":[0],"STP":[1005.74005],"TEMP":[6.1999993],"VISIB":[11.320001],"WDSP":[16.49],"WNDDIR":[213.3],"time":[1549364859]}