{"CLDC":[58.01,57.72],"DEWP":[-1.7400001,-1.78],"FRSHTT":[0,0],"PRCP":[0,0],"SLP":[1014.83997,1014.80994],"SNDP":[0,0],"STP":[1011.67004,1011.5301],"TEMP":[5.72,5.6499996],"VISIB":[12.530001,12.4],"WDSP":[15.210001,14.69],"WNDDIR":[358.8,357.2],"time":[1549364859,1549364917]}