{"CLDC":[56.200005,55.769997],"DEWP":[0.51000005,0.58000004],"FRSHTT":[0,0],"PRCP":[0,0],"SLP":[1013.00995,1012.82],"SNDP":[0,0],"STP":[993.62,995.50995],"TEMP":[9.379999,9.5199995],"VISIB":[9.720001,9.74],"WDSP":[16.849998,16.289999],"WNDDIR":[200.9,203.4],"time":[1549364861,1549364919]}