{"CLDC":[50.04],"DEWP":[1.96],"FRSHTT":[100000],"PRCP":[0.10000001],"SLP":[1018.1],"SNDP":[0],"STP":[1008.2001],"TEMP":[4.2],"VISIB":[11.579999],"WDSP":[22.710001],"WNDDIR":[246.7],"time":[1549364859]}