{"CLDC":[18.960001],"DEWP":[-0.13999999],"FRSHTT":[0],"PRCP":[0],"SLP":[1016.55],"SNDP":[0],"STP":[982.65],"TEMP":[6.8600006],"VISIB":[10.51],"WDSP":[10.41],"WNDDIR":[282.8],"time":[1549364855]}