{"CLDC":[50.04,50.05],"DEWP":[1.96,1.9],"FRSHTT":[100000,100000],"PRCP":[0.10000001,0.10000001],"SLP":[1018.1,1018.11],"SNDP":[0,0],"STP":[1008.2001,1008.38],"TEMP":[4.2,4.1600003],"VISIB":[11.579999,12.12],"WDSP":[22.710001,21.650002],"WNDDIR":[246.7,249.3],"time":[1549364859,1549364917]}