{"CLDC":[77.009995],"DEWP":[-1.4999998],"FRSHTT":[100000],"PRCP":[0.009999999],"SLP":[1015.1],"SNDP":[0],"STP":[1012.5],"TEMP":[5.4900007],"VISIB":[17.060001],"WDSP":[5.94],"WNDDIR":[51.8],"time":[1549364855]}