{"CLDC":[18.960001,18.849998],"DEWP":[-0.13999999,-0.28],"FRSHTT":[0,0],"PRCP":[0,0],"SLP":[1016.55,1014.88995],"SNDP":[0,0],"STP":[982.65,983.82996],"TEMP":[6.8600006,6.9000006],"VISIB":[10.51,10.719999],"WDSP":[10.41,11],"WNDDIR":[282.8,278.8],"time":[1549364855,1549364915]}