{"CLDC":[66.61,66.869995],"DEWP":[-13.85,-12.85],"FRSHTT":[0,0],"PRCP":[0,0],"SLP":[1015.2999,1015.2999],"SNDP":[0,0],"STP":[1032.8601,1033.3401],"TEMP":[0.95,0.95],"VISIB":[21.8,22.179998],"WDSP":[5.6499996,4.85],"WNDDIR":[141.7,141.5],"time":[1549364855,1549364915]}