{"CLDC":[50.030003,50.409996],"DEWP":[-1.6299999,-1.54],"FRSHTT":[100000,100000],"PRCP":[0.07,0.07],"SLP":[1019.2999,1019.18005],"SNDP":[0,0],"STP":[1014.86,1014.7],"TEMP":[3.06,3.06],"VISIB":[15.920001,15.88],"WDSP":[14.1,13.95],"WNDDIR":[62.8,59.4],"time":[1549364859,1549364917]}