{"CLDC":[98.39001],"DEWP":[0.64000005],"FRSHTT":[100000],"PRCP":[0.10000001],"SLP":[1005.41],"SNDP":[0],"STP":[1009.86],"TEMP":[6.9800005],"VISIB":[14.7],"WDSP":[8.73],"WNDDIR":[51.6],"time":[1549364857]}