{"CLDC":[21.859997,22.080002],"DEWP":[0.65999997,0.65999997],"FRSHTT":[0,0],"PRCP":[0,0],"SLP":[1015.5,1015.5],"SNDP":[0,0],"STP":[1010.18,1009.16],"TEMP":[6.66,6.9800005],"VISIB":[16.59,16.16],"WDSP":[3.73,3.9099998],"WNDDIR":[279.7,277.8],"time":[1549364857,1549364916]}