{"CLDC":[21.790003,21.52],"DEWP":[1.65,1.6],"FRSHTT":[0,0],"PRCP":[0,0],"SLP":[1015.6,1015.6],"SNDP":[0,0],"STP":[1015.2001,1015.1],"TEMP":[5.6499996,5.499999],"VISIB":[14.699999,15.780001],"WDSP":[7.9800005,7.6699996],"WNDDIR":[159.7,160.8],"time":[1549364857,1549364916]}