{"CLDC":[50.110004,50.259995],"DEWP":[-1.9,-1.9],"FRSHTT":[100000,100000],"PRCP":[0.059999995,0.059999995],"SLP":[1018.83997,1018.3499],"SNDP":[0,0],"STP":[1016.9199,1017.23],"TEMP":[2.7199998,2.7],"VISIB":[15.830002,16.19],"WDSP":[12.210001,12.159999],"WNDDIR":[227.1,224.3],"time":[1549364859,1549364917]}