{"CLDC":[98.39001,98.44001],"DEWP":[0.64000005,0.08],"FRSHTT":[100000,100000],"PRCP":[0.10000001,0.10000001],"SLP":[1005.41,1005.5],"SNDP":[0,0],"STP":[1009.86,1010.6501],"TEMP":[6.9800005,6.8199997],"VISIB":[14.7,14.51],"WDSP":[8.73,7.8300004],"WNDDIR":[51.6,50.1],"time":[1549364857,1549364916]}