{"CLDC":[65.799995],"DEWP":[-1.5999999],"FRSHTT":[100000],"PRCP":[0.059999995],"SLP":[1015.05994],"SNDP":[0],"STP":[1012.7999],"TEMP":[3.5000005],"VISIB":[15.320002],"WDSP":[16.19],"WNDDIR":[41.6],"time":[1549364859]}