{"CLDC":[57.819996,57.95],"DEWP":[-1.7199999,-1.7199999],"FRSHTT":[100000,100000],"PRCP":[0.07999999,0.07999999],"SLP":[1016.42004,1016.45996],"SNDP":[0,0],"STP":[1013.5,1013.4],"TEMP":[2.8399997,2.87],"VISIB":[17.65,17.829998],"WDSP":[20.23,21.67],"WNDDIR":[197.6,196.4],"time":[1549364859,1549364917]}