{"CLDC":[85.420006,85.84],"DEWP":[1.4399999,1.4399999],"FRSHTT":[0,0],"PRCP":[0,0],"SLP":[1015.2999,1015.2999],"SNDP":[0,0],"STP":[1008.9,1009.39],"TEMP":[5.9199996,5.6800003],"VISIB":[45.71,44.919994],"WDSP":[7.149999,7.13],"WNDDIR":[203.8,203.7],"time":[1549364858,1549364917]}