{"CLDC":[50.07,50.230003],"DEWP":[-1.54,-1.5399998],"FRSHTT":[110000,110000],"PRCP":[0.07999999,0.07999999],"SLP":[1015.7001,1015.7001],"SNDP":[0.10000001,0.10000001],"STP":[1016.45,1016.72003],"TEMP":[3.0400002,3.0600002],"VISIB":[10.880001,10.800001],"WDSP":[19.54,21.03],"WNDDIR":[71.3,69.1],"time":[1549364859,1549364917]}