{"CLDC":[50.07],"DEWP":[-1.54],"FRSHTT":[110000],"PRCP":[0.07999999],"SLP":[1015.7001],"SNDP":[0.10000001],"STP":[1016.45],"TEMP":[3.0400002],"VISIB":[10.880001],"WDSP":[19.54],"WNDDIR":[71.3],"time":[1549364859]}