{"CLDC":[22.179998],"DEWP":[-16.96],"FRSHTT":[0],"PRCP":[0],"SLP":[982.30994],"SNDP":[0],"STP":[987.39],"TEMP":[2.54],"VISIB":[16.07],"WDSP":[24.2],"WNDDIR":[17.7],"time":[1549364861]}