{"CLDC":[50.100006],"DEWP":[2.8600001],"FRSHTT":[100000],"PRCP":[0.050000004],"SLP":[1019.18005],"SNDP":[0],"STP":[1016.85],"TEMP":[5.86],"VISIB":[14.12],"WDSP":[23.429998],"WNDDIR":[259.8],"time":[1549364859]}