{"CLDC":[22.179998,22.34],"DEWP":[-16.96,-16.24],"FRSHTT":[0,0],"PRCP":[0,0],"SLP":[982.30994,983.14],"SNDP":[0,0],"STP":[987.39,987.27997],"TEMP":[2.54,2.46],"VISIB":[16.07,15.92],"WDSP":[24.2,23.57],"WNDDIR":[17.7,15.4],"time":[1549364861,1549364918]}