{"CLDC":[51.389996],"DEWP":[1.5600001],"FRSHTT":[100000],"PRCP":[0.059999995],"SLP":[1015.05994],"SNDP":[0],"STP":[1009.36],"TEMP":[4.46],"VISIB":[13.87],"WDSP":[22.97],"WNDDIR":[203.6],"time":[1549364859]}