{"CLDC":[51.389996,51.710003],"DEWP":[1.5600001,1.5600001],"FRSHTT":[100000,100000],"PRCP":[0.059999995,0.059999995],"SLP":[1015.05994,1014.94006],"SNDP":[0,0],"STP":[1009.36,1009.27],"TEMP":[4.46,4.4800005],"VISIB":[13.87,13.710001],"WDSP":[22.97,21.73],"WNDDIR":[203.6,206.1],"time":[1549364859,1549364917]}