{"CLDC":[93.02],"DEWP":[11.32],"FRSHTT":[0],"PRCP":[0],"SLP":[1011.72003],"SNDP":[0],"STP":[1008.67004],"TEMP":[14.059999],"VISIB":[15.160001],"WDSP":[14.589999],"WNDDIR":[241],"time":[1549364855]}