{"CLDC":[16.74,16.670002],"DEWP":[7.5500007,7.6500006],"FRSHTT":[0,0],"PRCP":[0,0],"SLP":[1017.41003,1017.5],"SNDP":[0,0],"STP":[1021,1021],"TEMP":[9.83,10.1],"VISIB":[8.92,8.67],"WDSP":[13.19,12.889999],"WNDDIR":[181,180.2],"time":[1549364855,1549364915]}