{"CLDC":[16.74],"DEWP":[7.5500007],"FRSHTT":[0],"PRCP":[0],"SLP":[1017.41003],"SNDP":[0],"STP":[1021],"TEMP":[9.83],"VISIB":[8.92],"WDSP":[13.19],"WNDDIR":[181],"time":[1549364855]}