{"CLDC":[14.87],"DEWP":[-0.9999999],"FRSHTT":[0],"PRCP":[0],"SLP":[1014],"SNDP":[0],"STP":[912.7001],"TEMP":[5.600001],"VISIB":[17.6],"WDSP":[9.66],"WNDDIR":[215.9],"time":[1549364855]}