{"CLDC":[77.75001],"DEWP":[-7.7799997],"FRSHTT":[0],"PRCP":[0],"SLP":[1010.4],"SNDP":[0],"STP":[1013.45996],"TEMP":[4.34],"VISIB":[12.59],"WDSP":[11.749999],"WNDDIR":[290.4],"time":[1549364856]}