{"CLDC":[51.9,52.150005],"DEWP":[-11.659999,-11.299998],"FRSHTT":[0,0],"PRCP":[0,0],"SLP":[1014.2999,1014.2999],"SNDP":[0,0],"STP":[976.86,977],"TEMP":[1.2,1.12],"VISIB":[18.61,18.980001],"WDSP":[9.09,9.21],"WNDDIR":[126.4,125.8],"time":[1549364856,1549364916]}