{"CLDC":[25.26],"DEWP":[4.5299997],"FRSHTT":[0],"PRCP":[0],"SLP":[1018.05],"SNDP":[0],"STP":[1008.2699],"TEMP":[8.319999],"VISIB":[10.89],"WDSP":[15.94],"WNDDIR":[336.7],"time":[1549364857]}