{"CLDC":[58.72],"DEWP":[1.58],"FRSHTT":[0],"PRCP":[0],"SLP":[1011],"SNDP":[0],"STP":[1007.38],"TEMP":[5.38],"VISIB":[13.089999],"WDSP":[13.209999],"WNDDIR":[81],"time":[1549364857]}