{"CLDC":[50.08],"DEWP":[4.5000005],"FRSHTT":[100000],"PRCP":[0.029999997],"SLP":[1007.13995],"SNDP":[0],"STP":[1017.45996],"TEMP":[9.35],"VISIB":[17.460001],"WDSP":[9.099999],"WNDDIR":[125.4],"time":[1549364859]}