{"CLDC":[79.98,80.119995],"DEWP":[0.57000005,0.44],"FRSHTT":[100000,100000],"PRCP":[0.07,0.07],"SLP":[1014.1,1014],"SNDP":[0,0],"STP":[1011.4,1011.39],"TEMP":[6.5099998,6.3899994],"VISIB":[17.25,17.039999],"WDSP":[19.93,21.57],"WNDDIR":[172.7,168.5],"time":[1549364859,1549364917]}