{"CLDC":[28.02],"DEWP":[0.15],"FRSHTT":[0],"PRCP":[0],"SLP":[1015.7001],"SNDP":[0],"STP":[992.07996],"TEMP":[5.9200006],"VISIB":[20.349998],"WDSP":[6.9300003],"WNDDIR":[285.7],"time":[1549364859]}