{"CLDC":[50.08,50],"DEWP":[4.5000005,4.54],"FRSHTT":[100000,100000],"PRCP":[0.029999997,0.029999997],"SLP":[1007.13995,1007.2001],"SNDP":[0,0],"STP":[1017.45996,1017.2699],"TEMP":[9.35,9.35],"VISIB":[17.460001,18.15],"WDSP":[9.099999,9.550001],"WNDDIR":[125.4,127.3],"time":[1549364859,1549364917]}