{"CLDC":[78.4,79.03999],"DEWP":[4.46,4.35],"FRSHTT":[0,0],"PRCP":[0,0],"SLP":[1015.7999,1015.7999],"SNDP":[0,0],"STP":[1017.00995,1017],"TEMP":[8.22,7.8000007],"VISIB":[14.699999,15.030001],"WDSP":[4.81,5.1899996],"WNDDIR":[292.5,289.2],"time":[1549364859,1549364917]}