{"CLDC":[63.670006],"DEWP":[-8.38],"FRSHTT":[0],"PRCP":[0],"SLP":[1002.7999],"SNDP":[0],"STP":[1009.68],"TEMP":[2.2],"VISIB":[14.19],"WDSP":[5.9500003],"WNDDIR":[212.5],"time":[1549364859]}