{"CLDC":[63.670006,63.559998],"DEWP":[-8.38,-9.33],"FRSHTT":[0,0],"PRCP":[0,0],"SLP":[1002.7999,1002.7001],"SNDP":[0,0],"STP":[1009.68,1009.86],"TEMP":[2.2,2.32],"VISIB":[14.19,14.389999],"WDSP":[5.9500003,6.08],"WNDDIR":[212.5,209.1],"time":[1549364859,1549364917]}