{"CLDC":[50.140007],"DEWP":[5.76],"FRSHTT":[100000],"PRCP":[0.059999995],"SLP":[1016.5],"SNDP":[0],"STP":[1016.5],"TEMP":[12.090001],"VISIB":[11.589998],"WDSP":[15.770001],"WNDDIR":[330.3],"time":[1549364860]}