{"CLDC":[38.989998,39.16],"DEWP":[6.4199996,6.1400003],"FRSHTT":[0,0],"PRCP":[0,0],"SLP":[976.05,976.9999],"SNDP":[0,0],"STP":[980.09,980.35],"TEMP":[11.5,11.54],"VISIB":[11.450001,11.340001],"WDSP":[33.42,30.960001],"WNDDIR":[297.5,299.2],"time":[1549364860,1549364918]}