{"CLDC":[80.16],"DEWP":[7.4800005],"FRSHTT":[0],"PRCP":[0],"SLP":[1020.75995],"SNDP":[0],"STP":[1010.5],"TEMP":[12.5199995],"VISIB":[13.220001],"WDSP":[12.79],"WNDDIR":[69.1],"time":[1549364860]}