{"CLDC":[44.590004,44.379997],"DEWP":[9.500001,9.499999],"FRSHTT":[0,0],"PRCP":[0,0],"SLP":[1017.2999,1017.2999],"SNDP":[0,0],"STP":[1049.85,1049.8801],"TEMP":[13.699999,13.559999],"VISIB":[12.51,12.15],"WDSP":[18.359999,18.18],"WNDDIR":[335.1,338.3],"time":[1549364860,1549364918]}