{"CLDC":[44.590004],"DEWP":[9.500001],"FRSHTT":[0],"PRCP":[0],"SLP":[1017.2999],"SNDP":[0],"STP":[1049.85],"TEMP":[13.699999],"VISIB":[12.51],"WDSP":[18.359999],"WNDDIR":[335.1],"time":[1549364860]}