{"CLDC":[28,28.01],"DEWP":[11.28,11.519999],"FRSHTT":[0,0],"PRCP":[0,0],"SLP":[1010.5199,1010.62],"SNDP":[0,0],"STP":[1009.54004,1010.00995],"TEMP":[16.279999,16.52],"VISIB":[13.709999,14.420001],"WDSP":[21.130001,21.390001],"WNDDIR":[325.3,331],"time":[1549364860,1549364918]}