{"CLDC":[28],"DEWP":[11.28],"FRSHTT":[0],"PRCP":[0],"SLP":[1010.5199],"SNDP":[0],"STP":[1009.54004],"TEMP":[16.279999],"VISIB":[13.709999],"WDSP":[21.130001],"WNDDIR":[325.3],"time":[1549364860]}