{"CLDC":[38.989998],"DEWP":[6.4199996],"FRSHTT":[0],"PRCP":[0],"SLP":[976.05],"SNDP":[0],"STP":[980.09],"TEMP":[11.5],"VISIB":[11.450001],"WDSP":[33.42],"WNDDIR":[297.5],"time":[1549364860]}