{"CLDC":[80.16,80.229996],"DEWP":[7.4800005,7.4800005],"FRSHTT":[0,0],"PRCP":[0,0],"SLP":[1020.75995,1019.7899],"SNDP":[0,0],"STP":[1010.5,1010.4],"TEMP":[12.5199995,12.439999],"VISIB":[13.220001,13.290001],"WDSP":[12.79,12.599999],"WNDDIR":[69.1,73.2],"time":[1549364860,1549364918]}