{"CLDC":[74.84,74.700005],"DEWP":[-2.94,-3.0800002],"FRSHTT":[0,0],"PRCP":[0,0],"SLP":[988.18,989.4501],"SNDP":[0,0],"STP":[1004.95,1005.6999],"TEMP":[6.54,6.55],"VISIB":[23.180002,23.070002],"WDSP":[5.3100004,5.5],"WNDDIR":[37.5,42.3],"time":[1549364861,1549364918]}