{"CLDC":[92.45001],"DEWP":[1.9699999],"FRSHTT":[100000],"PRCP":[0.28],"SLP":[1019.75995],"SNDP":[0],"STP":[1041.6301],"TEMP":[5.8200006],"VISIB":[10.7699995],"WDSP":[8.48],"WNDDIR":[346.2],"time":[1549364861]}