{"CLDC":[92.45001,92.78999],"DEWP":[1.9699999,2.3300002],"FRSHTT":[100000,100000],"PRCP":[0.28,0.28],"SLP":[1019.75995,1019.82],"SNDP":[0,0],"STP":[1041.6301,1041.14],"TEMP":[5.8200006,5.7],"VISIB":[10.7699995,10.599999],"WDSP":[8.48,9.110001],"WNDDIR":[346.2,348],"time":[1549364861,1549364919]}