{"CLDC":[82.990005,83.16],"DEWP":[-7.5799994,-7.94],"FRSHTT":[0,0],"PRCP":[0,0],"SLP":[1014.4,1014.4],"SNDP":[0,0],"STP":[1009.1,1008.7501],"TEMP":[4.04,4],"VISIB":[13.24,12.539999],"WDSP":[11.18,10.79],"WNDDIR":[224.3,227],"time":[1549364855,1549364915]}