{"CLDC":[71.99999,72.19],"DEWP":[-6.35,-6.5199995],"FRSHTT":[0,0],"PRCP":[0,0],"SLP":[1010.19006,1010.18],"SNDP":[0,0],"STP":[1008.5,1008.5],"TEMP":[0.71999997,0.68999994],"VISIB":[10.410001,10.830001],"WDSP":[7.71,6.8900003],"WNDDIR":[59.7,56.5],"time":[1549364855,1549364915]}