{"CLDC":[82.990005],"DEWP":[-7.5799994],"FRSHTT":[0],"PRCP":[0],"SLP":[1014.4],"SNDP":[0],"STP":[1009.1],"TEMP":[4.04],"VISIB":[13.24],"WDSP":[11.18],"WNDDIR":[224.3],"time":[1549364855]}