{"CLDC":[78.21999,78.11],"DEWP":[-9.140001,-8.76],"FRSHTT":[0,0],"PRCP":[0,0],"SLP":[1016.1,1016.1],"SNDP":[0,0],"STP":[781.7399,781.7001],"TEMP":[2.26,2.2600002],"VISIB":[11.639999,11.68],"WDSP":[8.81,10.009999],"WNDDIR":[132.7,137.1],"time":[1549364855,1549364915]}