{"CLDC":[78.21999],"DEWP":[-9.140001],"FRSHTT":[0],"PRCP":[0],"SLP":[1016.1],"SNDP":[0],"STP":[781.7399],"TEMP":[2.26],"VISIB":[11.639999],"WDSP":[8.81],"WNDDIR":[132.7],"time":[1549364855]}