{"CLDC":[50.100002],"DEWP":[-6.410001],"FRSHTT":[100000],"PRCP":[0.07],"SLP":[1011.7001],"SNDP":[0],"STP":[786.7999],"TEMP":[3.2099998],"VISIB":[15.7],"WDSP":[10.550001],"WNDDIR":[322.3],"time":[1549364855]}