{"CLDC":[59.159996,59.22],"DEWP":[5.2,5.0999994],"FRSHTT":[0,0],"PRCP":[0,0],"SLP":[1011.5,1011.5],"SNDP":[0,0],"STP":[1009.1,1009.1],"TEMP":[7.84,7.5600004],"VISIB":[4.3399997,4.59],"WDSP":[11.99,12.2300005],"WNDDIR":[145.3,142.7],"time":[1549364855,1549364915]}