{"CLDC":[50.309998,50.35],"DEWP":[2.42,2.55],"FRSHTT":[100000,100000],"PRCP":[0.07999999,0.07999999],"SLP":[1016.1,1016.1],"SNDP":[0,0],"STP":[1014.2999,1014.2999],"TEMP":[7.530001,7.53],"VISIB":[10.08,10.26],"WDSP":[13.490001,12.969999],"WNDDIR":[102.4,97],"time":[1549364855,1549364915]}