{"CLDC":[59.159996],"DEWP":[5.2],"FRSHTT":[0],"PRCP":[0],"SLP":[1011.5],"SNDP":[0],"STP":[1009.1],"TEMP":[7.84],"VISIB":[4.3399997],"WDSP":[11.99],"WNDDIR":[145.3],"time":[1549364855]}