{"CLDC":[50.200005],"DEWP":[2.5000002],"FRSHTT":[100000],"PRCP":[0.38000003],"SLP":[1019.4],"SNDP":[0],"STP":[1019.80994],"TEMP":[4.44],"VISIB":[14.340001],"WDSP":[19.7],"WNDDIR":[352.7],"time":[1549364860]}