{"CLDC":[33.32],"DEWP":[6.6800003],"FRSHTT":[0],"PRCP":[0],"SLP":[1017.2101],"SNDP":[0],"STP":[1014.22003],"TEMP":[9.6],"VISIB":[12.25],"WDSP":[18.27],"WNDDIR":[178.8],"time":[1549364859]}