{"CLDC":[22.090002],"DEWP":[9.049999],"FRSHTT":[0],"PRCP":[0],"SLP":[1015.1],"SNDP":[0],"STP":[1014.2001],"TEMP":[12.1],"VISIB":[8.08],"WDSP":[13.670001],"WNDDIR":[163.7],"time":[1549364859]}