{"CLDC":[98.83],"DEWP":[11.6],"FRSHTT":[0],"PRCP":[0],"SLP":[985.36993],"SNDP":[0],"STP":[994.91],"TEMP":[14.2],"VISIB":[8.299999],"WDSP":[12.890001],"WNDDIR":[283.8],"time":[1549364859]}