{"CLDC":[11.380001],"DEWP":[0.98],"FRSHTT":[0],"PRCP":[0],"SLP":[1010.1],"SNDP":[0],"STP":[1016.1],"TEMP":[6],"VISIB":[10.269999],"WDSP":[20.04],"WNDDIR":[253.1],"time":[1549364859]}