{"CLDC":[9.69],"DEWP":[2.77],"FRSHTT":[0],"PRCP":[0],"SLP":[1007.08997],"SNDP":[0],"STP":[1006.2999],"TEMP":[8.6],"VISIB":[11.960001],"WDSP":[10.26],"WNDDIR":[169.3],"time":[1549364860]}