{"CLDC":[9.92,9.809999],"DEWP":[5.86,5.86],"FRSHTT":[0,0],"PRCP":[0,0],"SLP":[1013.7999,1013.7999],"SNDP":[0,0],"STP":[1013.1,1013.1],"TEMP":[9.800001,9.900001],"VISIB":[11.25,11.23],"WDSP":[15.8,14.770001],"WNDDIR":[334.7,331.4],"time":[1549364859,1549364918]}