{"CLDC":[9.69,9.729999],"DEWP":[2.77,2.22],"FRSHTT":[0,0],"PRCP":[0,0],"SLP":[1007.08997,1007.32996],"SNDP":[0,0],"STP":[1006.2999,1006.2999],"TEMP":[8.6,8.55],"VISIB":[11.960001,12.239999],"WDSP":[10.26,11.58],"WNDDIR":[169.3,171.8],"time":[1549364860,1549364918]}