{"CLDC":[66.649994],"DEWP":[4.6800003],"FRSHTT":[0],"PRCP":[0],"SLP":[1020.7001],"SNDP":[0],"STP":[1000.52],"TEMP":[10.47],"VISIB":[8.88],"WDSP":[12.119999],"WNDDIR":[270.5],"time":[1549364859]}