{"CLDC":[2.4699998],"DEWP":[5.4599996],"FRSHTT":[0],"PRCP":[0],"SLP":[1017.2999],"SNDP":[0],"STP":[952.1],"TEMP":[10.179999],"VISIB":[11.47],"WDSP":[18.359999],"WNDDIR":[132.6],"time":[1549364858]}