{"CLDC":[62.829994],"DEWP":[7.100001],"FRSHTT":[0],"PRCP":[0],"SLP":[1007.22003],"SNDP":[0],"STP":[1005.92004],"TEMP":[15.88],"VISIB":[12.39],"WDSP":[9.959999],"WNDDIR":[358.8],"time":[1549364858]}