{"CLDC":[2.4699998,2.52],"DEWP":[5.4599996,4.76],"FRSHTT":[0,0],"PRCP":[0,0],"SLP":[1017.2999,1017.2999],"SNDP":[0,0],"STP":[952.1,952.1],"TEMP":[10.179999,10.36],"VISIB":[11.47,11.28],"WDSP":[18.359999,18.34],"WNDDIR":[132.6,132.2],"time":[1549364858,1549364917]}