{"CLDC":[97.18,97.31999],"DEWP":[7.1400003,7.1400003],"FRSHTT":[0,0],"PRCP":[0,0],"SLP":[1003.5199,1003.27],"SNDP":[0,0],"STP":[1005.4,1005.5],"TEMP":[13.13,13.500002],"VISIB":[16.170002,16.349998],"WDSP":[14.07,14.219999],"WNDDIR":[339.6,340.4],"time":[1549364859,1549364917]}