{"CLDC":[50.100002],"DEWP":[-1.6199999],"FRSHTT":[100000],"PRCP":[0.07999999],"SLP":[1012.7001],"SNDP":[0],"STP":[1012.35],"TEMP":[4.48],"VISIB":[11.820001],"WDSP":[14.490001],"WNDDIR":[321],"time":[1549364860]}