{"CLDC":[28.809998],"DEWP":[5.84],"FRSHTT":[0],"PRCP":[0],"SLP":[1006.86993],"SNDP":[0],"STP":[1015.1],"TEMP":[11.429999],"VISIB":[14.82],"WDSP":[9.73],"WNDDIR":[51],"time":[1549364855]}