{"CLDC":[50.110004,50],"DEWP":[2.6100001,2.54],"FRSHTT":[100000,100000],"PRCP":[0.07,0.07],"SLP":[1013.23,1013.17004],"SNDP":[0,0],"STP":[1010.38,1010.80994],"TEMP":[6.38,6.32],"VISIB":[19.169998,19.45],"WDSP":[14.110001,15.199999],"WNDDIR":[0.9,0.7],"time":[1549364860,1549364918]}