{"CLDC":[50.200005,50.570004],"DEWP":[-1.32,-1.32],"FRSHTT":[110000,110000],"PRCP":[0.11,0.11],"SLP":[1019.2101,1019.2001],"SNDP":[0.10000001,0.10000001],"STP":[1013.9699,1014.0199],"TEMP":[3.7800002,3.94],"VISIB":[17.720001,17.42],"WDSP":[20.719997,18.679998],"WNDDIR":[229.1,230],"time":[1549364857,1549364916]}