{"CLDC":[50.170006],"DEWP":[-2.6000001],"FRSHTT":[100000],"PRCP":[0.059999995],"SLP":[1016],"SNDP":[0],"STP":[1010.7001],"TEMP":[3.7600002],"VISIB":[23.570002],"WDSP":[13.460001],"WNDDIR":[263],"time":[1549364858]}