{"CLDC":[57.630005,57.559998],"DEWP":[2.8000002,2.92],"FRSHTT":[100000,100000],"PRCP":[0.14999999,0.14999999],"SLP":[1018.2001,1017.81995],"SNDP":[0,0],"STP":[1009.77,1008.77],"TEMP":[5.7400007,5.7400002],"VISIB":[15.460001,16.24],"WDSP":[33.58,33.04],"WNDDIR":[30.8,28.4],"time":[1549364859,1549364917]}