{"CLDC":[62.22001,62.190002],"DEWP":[-0.34,-0.84],"FRSHTT":[100000,100000],"PRCP":[0.029999997,0.029999997],"SLP":[1014.92004,1014.4699],"SNDP":[0,0],"STP":[1015.2601,1015.24005],"TEMP":[3.9100003,3.8200002],"VISIB":[13.579999,14.430002],"WDSP":[15.6,14.389999],"WNDDIR":[120.4,122],"time":[1549364859,1549364917]}