{"CLDC":[50.15],"DEWP":[-2.2999997],"FRSHTT":[100000],"PRCP":[0.059999995],"SLP":[1018.7001],"SNDP":[0],"STP":[1017.04004],"TEMP":[3],"VISIB":[13.51],"WDSP":[11.67],"WNDDIR":[263.3],"time":[1549364859]}