{"CLDC":[90.60999],"DEWP":[-5.819999],"FRSHTT":[0],"PRCP":[0],"SLP":[1015.27997],"SNDP":[0],"STP":[1021.68994],"TEMP":[1.6],"VISIB":[11.469999],"WDSP":[20.42],"WNDDIR":[323.2],"time":[1549364859]}