{"CLDC":[67.46,67.619995],"DEWP":[11.700002,11.800001],"FRSHTT":[100000,100000],"PRCP":[0.050000004,0.050000004],"SLP":[1019.1,1019.1],"SNDP":[0,0],"STP":[1025.52,1026.06],"TEMP":[16.34,16.560001],"VISIB":[12.679998,12.230001],"WDSP":[16.09,15.490001],"WNDDIR":[326.6,326.1],"time":[1549364860,1549364918]}