{"CLDC":[50.08],"DEWP":[14.15],"FRSHTT":[100000],"PRCP":[0.14],"SLP":[1010.95996],"SNDP":[0],"STP":[1006.4],"TEMP":[18.880001],"VISIB":[9.69],"WDSP":[13.659999],"WNDDIR":[296.2],"time":[1549364856]}