{"CLDC":[62.920002],"DEWP":[11.499999],"FRSHTT":[100000],"PRCP":[0.19000001],"SLP":[1016.02997],"SNDP":[0],"STP":[1007.98],"TEMP":[15.580002],"VISIB":[8.129999],"WDSP":[13.659999],"WNDDIR":[230.4],"time":[1549364856]}