{"CLDC":[10.139998,10.249998],"DEWP":[12.54,12.330001],"FRSHTT":[0,0],"PRCP":[0,0],"SLP":[991.07,990.77],"SNDP":[0,0],"STP":[986.23,986.3099],"TEMP":[20.34,19.95],"VISIB":[9.01,8.84],"WDSP":[20.39,19.73],"WNDDIR":[119.8,117.2],"time":[1549364858,1549364916]}