{"CLDC":[37.279995,37.21],"DEWP":[13.45,13.360001],"FRSHTT":[0,0],"PRCP":[0,0],"SLP":[1012.42004,1012.35],"SNDP":[0,0],"STP":[1015.82,1015.9],"TEMP":[18.249998,18.460001],"VISIB":[9.969999,9.950001],"WDSP":[13.530001,12.29],"WNDDIR":[157.6,158.8],"time":[1549364858,1549364916]}