{"CLDC":[50.369995,50.58],"DEWP":[16.9,16.9],"FRSHTT":[100000,100000],"PRCP":[0.050000004,0.050000004],"SLP":[1019.12,1019.08997],"SNDP":[0,0],"STP":[1008.5,1008.5],"TEMP":[21.220001,20.66],"VISIB":[9.910001,8.91],"WDSP":[10.69,10.15],"WNDDIR":[178.6,179.9],"time":[1549364858,1549364917]}