{"CLDC":[10.109999,10.11],"DEWP":[0.14999998,0.47999996],"FRSHTT":[0,0],"PRCP":[0,0],"SLP":[1019.4,1019.31995],"SNDP":[0,0],"STP":[1044.5599,1045.8601],"TEMP":[5.2000003,5.2000003],"VISIB":[143.95999,142.85],"WDSP":[10.89,11.05],"WNDDIR":[34.2,31.8],"time":[1549364861,1549364919]}