{"CLDC":[10.109999],"DEWP":[0.14999998],"FRSHTT":[0],"PRCP":[0],"SLP":[1019.4],"SNDP":[0],"STP":[1044.5599],"TEMP":[5.2000003],"VISIB":[143.95999],"WDSP":[10.89],"WNDDIR":[34.2],"time":[1549364861]}