{"CLDC":[21.23,21.29],"DEWP":[10.599999,10.499999],"FRSHTT":[0,0],"PRCP":[0,0],"SLP":[1015.7001,1015.64],"SNDP":[0,0],"STP":[1023.8001,1023.6001],"TEMP":[16.199999,16.199999],"VISIB":[9.320002,9.300001],"WDSP":[6.0399995,6],"WNDDIR":[48.1,44.3],"time":[1549364861,1549364919]}