{"CLDC":[41.809998],"DEWP":[13.35],"FRSHTT":[0],"PRCP":[0],"SLP":[961.4601],"SNDP":[0],"STP":[977.15],"TEMP":[19.94],"VISIB":[8.500001],"WDSP":[14.67],"WNDDIR":[358.4],"time":[1549364855]}