{"CLDC":[45.2,45.26],"DEWP":[17.820002,17.680002],"FRSHTT":[0,0],"PRCP":[0,0],"SLP":[1002.41003,1002.61005],"SNDP":[0,0],"STP":[1002.55,1002.91],"TEMP":[21.84,22.640001],"VISIB":[10.65,10.8],"WDSP":[20.44,20.439999],"WNDDIR":[288,288.3],"time":[1549364858,1549364916]}