{"CLDC":[21.71],"DEWP":[11.060001],"FRSHTT":[0],"PRCP":[0],"SLP":[1019.4],"SNDP":[0],"STP":[1027],"TEMP":[18.780003],"VISIB":[16.2],"WDSP":[17.779999],"WNDDIR":[268],"time":[1549364857]}