{"CLDC":[45.2],"DEWP":[17.820002],"FRSHTT":[0],"PRCP":[0],"SLP":[1002.41003],"SNDP":[0],"STP":[1002.55],"TEMP":[21.84],"VISIB":[10.65],"WDSP":[20.44],"WNDDIR":[288],"time":[1549364858]}