{"CLDC":[50.130005,50.22],"DEWP":[16.72,16.63],"FRSHTT":[100000,100000],"PRCP":[0.039999995,0.039999995],"SLP":[1015.7999,1015.7999],"SNDP":[0,0],"STP":[1018.05994,1018.1],"TEMP":[20.85,20.439999],"VISIB":[15.06,15.699999],"WDSP":[14.320002,14.8],"WNDDIR":[106.1,108.8],"time":[1549364858,1549364916]}