{"CLDC":[21.71,21.369997],"DEWP":[11.060001,11.06],"FRSHTT":[0,0],"PRCP":[0,0],"SLP":[1019.4,1019.5],"SNDP":[0,0],"STP":[1027,1027.09],"TEMP":[18.780003,18.780003],"VISIB":[16.2,16.3],"WDSP":[17.779999,17.97],"WNDDIR":[268,265.7],"time":[1549364857,1549364916]}