{"CLDC":[2.9199996,2.8499997],"DEWP":[14.76,15.120001],"FRSHTT":[0,0],"PRCP":[0,0],"SLP":[1015.2999,1015.2999],"SNDP":[0,0],"STP":[1018.52,1018.45],"TEMP":[20.86,21.13],"VISIB":[40.04,40.049995],"WDSP":[13.7699995,13.24],"WNDDIR":[301.8,302],"time":[1549364858,1549364917]}