{"CLDC":[58.48,58.439995],"DEWP":[12.699999,12.599998],"FRSHTT":[0,0],"PRCP":[0,0],"SLP":[1017.2999,1017.2999],"SNDP":[0,0],"STP":[1020.6901,1020.69006],"TEMP":[20.810001,20.95],"VISIB":[114.73,114.47001],"WDSP":[11.950001,12.009999],"WNDDIR":[133.5,134.9],"time":[1549364861,1549364918]}