{"CLDC":[37.06],"DEWP":[14.37],"FRSHTT":[0],"PRCP":[0],"SLP":[1017.84],"SNDP":[0],"STP":[994.16003],"TEMP":[17.98],"VISIB":[15.890001],"WDSP":[6.5800004],"WNDDIR":[153.1],"time":[1549364861]}