{"CLDC":[50.150005,50.289997],"DEWP":[12.649999,13.089998],"FRSHTT":[100000,100000],"PRCP":[0.009999999,0.009999999],"SLP":[1017,1017],"SNDP":[0,0],"STP":[1013.31006,1012.82996],"TEMP":[17.75,18.02],"VISIB":[10.280001,10.12],"WDSP":[12.5199995,12.67],"WNDDIR":[292.3,291.4],"time":[1549364855,1549364915]}