{"CLDC":[16.170002],"DEWP":[17.7],"FRSHTT":[0],"PRCP":[0],"SLP":[1017.7001],"SNDP":[0],"STP":[1039.7],"TEMP":[22.84],"VISIB":[12.59],"WDSP":[23.689999],"WNDDIR":[163.9],"time":[1549364855]}