{"CLDC":[57.839996],"DEWP":[15],"FRSHTT":[0],"PRCP":[0],"SLP":[978.4801],"SNDP":[0],"STP":[1004.0399],"TEMP":[19.820002],"VISIB":[11.219999],"WDSP":[16.65],"WNDDIR":[312.3],"time":[1549364855]}