{"CLDC":[50,50.2],"DEWP":[14.599998,14.4800005],"FRSHTT":[100000,100000],"PRCP":[0.009999999,0.009999999],"SLP":[1017,1017.1],"SNDP":[0,0],"STP":[1011.30994,1010.57],"TEMP":[18.399998,18.41],"VISIB":[29.040003,29.030003],"WDSP":[7.3100004,7.0999994],"WNDDIR":[170.7,172.3],"time":[1549364856,1549364916]}