{"CLDC":[0.7299999,0.88],"DEWP":[14.65,14.559999],"FRSHTT":[0,0],"PRCP":[0,0],"SLP":[1001.19006,999.2899],"SNDP":[0,0],"STP":[1004.73,1004.7699],"TEMP":[19.84,19.84],"VISIB":[41.220005,41.1],"WDSP":[14.389999,14.740001],"WNDDIR":[22.5,18.3],"time":[1549364856,1549364916]}