{"CLDC":[0.7299999],"DEWP":[14.65],"FRSHTT":[0],"PRCP":[0],"SLP":[1001.19006],"SNDP":[0],"STP":[1004.73],"TEMP":[19.84],"VISIB":[41.220005],"WDSP":[14.389999],"WNDDIR":[22.5],"time":[1549364856]}