{"CLDC":[92.52,92.700005],"DEWP":[14.759999,14.869998],"FRSHTT":[100000,100000],"PRCP":[0.07,0.07],"SLP":[1016.7999,1016.7999],"SNDP":[0,0],"STP":[1015.9,1015.9],"TEMP":[18.749998,18.699999],"VISIB":[12.62,13.06],"WDSP":[11.890001,12.169999],"WNDDIR":[294.2,299],"time":[1549364856,1549364916]}