{"CLDC":[50],"DEWP":[14.599998],"FRSHTT":[100000],"PRCP":[0.009999999],"SLP":[1017],"SNDP":[0],"STP":[1011.30994],"TEMP":[18.399998],"VISIB":[29.040003],"WDSP":[7.3100004],"WNDDIR":[170.7],"time":[1549364856]}