{"CLDC":[72.61],"DEWP":[15.639999],"FRSHTT":[0],"PRCP":[0],"SLP":[1013.27997],"SNDP":[0],"STP":[1009.2999],"TEMP":[20.34],"VISIB":[35.760002],"WDSP":[14.909999],"WNDDIR":[142.4],"time":[1549364859]}