{"CLDC":[52.969994],"DEWP":[13.37],"FRSHTT":[0],"PRCP":[0],"SLP":[1002.85],"SNDP":[0],"STP":[997.45996],"TEMP":[18.780003],"VISIB":[16.560001],"WDSP":[11.759999],"WNDDIR":[293],"time":[1549364859]}