{"CLDC":[67.68,67.5],"DEWP":[16.189999,15.909999],"FRSHTT":[100000,100000],"PRCP":[0.009999999,0.009999999],"SLP":[1018.2001,1018.2001],"SNDP":[0,0],"STP":[1017.4,1017.2999],"TEMP":[20.69,20.95],"VISIB":[16.32,15.769999],"WDSP":[13.95,12.390001],"WNDDIR":[354,354.9],"time":[1549364859,1549364917]}