{"CLDC":[89.799995],"DEWP":[13.9],"FRSHTT":[0],"PRCP":[0],"SLP":[1007.17004],"SNDP":[0],"STP":[1001.64],"TEMP":[19.94],"VISIB":[19.539997],"WDSP":[11.709999],"WNDDIR":[55.9],"time":[1549364859]}