{"CLDC":[66.67,66.11],"DEWP":[15.120001,15.120001],"FRSHTT":[100000,100000],"PRCP":[0.029999997,0.029999997],"SLP":[1017.1,1017.1],"SNDP":[0,0],"STP":[1014.7999,1014.7999],"TEMP":[20.750002,20.600002],"VISIB":[22.859999,22.640001],"WDSP":[12.01,12.690001],"WNDDIR":[339.1,340.9],"time":[1549364859,1549364917]}