{"CLDC":[66.67],"DEWP":[15.120001],"FRSHTT":[100000],"PRCP":[0.029999997],"SLP":[1017.1],"SNDP":[0],"STP":[1014.7999],"TEMP":[20.750002],"VISIB":[22.859999],"WDSP":[12.01],"WNDDIR":[339.1],"time":[1549364859]}