{"CLDC":[22.51],"DEWP":[13.08],"FRSHTT":[0],"PRCP":[0],"SLP":[1016.05994],"SNDP":[0],"STP":[1010.47003],"TEMP":[20.62],"VISIB":[91.8],"WDSP":[16.869999],"WNDDIR":[236.3],"time":[1549364859]}