{"CLDC":[50.04,50.510002],"DEWP":[14.839998,15.119998],"FRSHTT":[100000,100000],"PRCP":[0.22,0.22],"SLP":[1016.7001,1016.7001],"SNDP":[0,0],"STP":[1015.2999,1015.2999],"TEMP":[21.259998,20.939999],"VISIB":[12.920001,13.5199995],"WDSP":[12.65,11.719999],"WNDDIR":[59.5,67.3],"time":[1549364860,1549364918]}