{"CLDC":[96.03999,96.159996],"DEWP":[16.4,16.28],"FRSHTT":[100000,100000],"PRCP":[0.039999995,0.039999995],"SLP":[1017.7001,1017.6],"SNDP":[0,0],"STP":[1015.4801,1015.24005],"TEMP":[21.359999,21.48],"VISIB":[55.080006,55.389996],"WDSP":[19.619999,19.58],"WNDDIR":[116.2,115.5],"time":[1549364860,1549364918]}