{"CLDC":[87.56999],"DEWP":[14.950002],"FRSHTT":[100000],"PRCP":[0.11],"SLP":[1014.1],"SNDP":[0],"STP":[1008.25995],"TEMP":[21.849998],"VISIB":[36.03],"WDSP":[18.490002],"WNDDIR":[192.5],"time":[1549364860]}