{"CLDC":[87.56999,87.420006],"DEWP":[14.950002,14.95],"FRSHTT":[100000,100000],"PRCP":[0.11,0.11],"SLP":[1014.1,1014],"SNDP":[0,0],"STP":[1008.25995,1008.07],"TEMP":[21.849998,21.849998],"VISIB":[36.03,35.56],"WDSP":[18.490002,19.929998],"WNDDIR":[192.5,186.9],"time":[1549364860,1549364918]}