{"CLDC":[96.03999],"DEWP":[16.4],"FRSHTT":[100000],"PRCP":[0.039999995],"SLP":[1017.7001],"SNDP":[0],"STP":[1015.4801],"TEMP":[21.359999],"VISIB":[55.080006],"WDSP":[19.619999],"WNDDIR":[116.2],"time":[1549364860]}