{"CLDC":[50.329998,50.359993],"DEWP":[6.26,6.1700006],"FRSHTT":[100000,100000],"PRCP":[0.43,0.43],"SLP":[1017.7999,1017.7999],"SNDP":[0,0],"STP":[1017.2201,1017.2001],"TEMP":[10.44,10.879999],"VISIB":[16.59,16.319998],"WDSP":[10.11,9.82],"WNDDIR":[164.3,168.7],"time":[1549364861,1549364919]}