{"CLDC":[68.39001,68.630005],"DEWP":[-2.45,-2.56],"FRSHTT":[0,0],"PRCP":[0,0],"SLP":[827,827],"SNDP":[0,0],"STP":[818.7001,818.7001],"TEMP":[3.4,3.4],"VISIB":[9.789999,9.38],"WDSP":[4.0199995,3.3199997],"WNDDIR":[68.9,69.3],"time":[1549364858,1549364917]}