{"CLDC":[68.39001],"DEWP":[-2.45],"FRSHTT":[0],"PRCP":[0],"SLP":[827],"SNDP":[0],"STP":[818.7001],"TEMP":[3.4],"VISIB":[9.789999],"WDSP":[4.0199995],"WNDDIR":[68.9],"time":[1549364858]}