{"CLDC":[64.65,64.39001],"DEWP":[12.68,12.44],"FRSHTT":[100000,100000],"PRCP":[0.67,0.67],"SLP":[1015.7999,1015.9],"SNDP":[0,0],"STP":[1014.2001,1014.2001],"TEMP":[15.459999,15.459999],"VISIB":[14.530001,14.870001],"WDSP":[6.32,6.2099996],"WNDDIR":[59.7,59.1],"time":[1549364859,1549364917]}