{"CLDC":[0.15],"DEWP":[5.67],"FRSHTT":[0],"PRCP":[0],"SLP":[1004.13],"SNDP":[0],"STP":[1001.1],"TEMP":[11.219999],"VISIB":[11.350001],"WDSP":[8.559999],"WNDDIR":[67.7],"time":[1549364858]}