{"CLDC":[69.84,69.78999],"DEWP":[2.34,2.48],"FRSHTT":[0,0],"PRCP":[0,0],"SLP":[1009.61,1009.2301],"SNDP":[0,0],"STP":[1003.04004,1002.88995],"TEMP":[7.78,7.78],"VISIB":[52.080006,51.65],"WDSP":[5.4200006,5.55],"WNDDIR":[221.3,223.3],"time":[1549364859,1549364917]}