{"CLDC":[5.55,5.9700003],"DEWP":[-1.3799999,-1.14],"FRSHTT":[0,0],"PRCP":[0,0],"SLP":[993.61005,993.32],"SNDP":[0,0],"STP":[1001.67004,1001.68005],"TEMP":[8.999999,8.849999],"VISIB":[10.019999,10.190001],"WDSP":[9.88,10.179999],"WNDDIR":[358.8,357.7],"time":[1549364859,1549364917]}