{"CLDC":[29.550003,29.909998],"DEWP":[0.35999995,0.7],"FRSHTT":[0,0],"PRCP":[0,0],"SLP":[1007.9801,1008.43],"SNDP":[0,0],"STP":[969.9601,970.2499],"TEMP":[8.46,8.219999],"VISIB":[11.279999,11.139999],"WDSP":[11.549999,11.85],"WNDDIR":[209.4,209.6],"time":[1549364859,1549364917]}