{"CLDC":[34.260002],"DEWP":[7],"FRSHTT":[0],"PRCP":[0],"SLP":[1016.80994],"SNDP":[0],"STP":[1016.74005],"TEMP":[12.39],"VISIB":[12.34],"WDSP":[21.130001],"WNDDIR":[138.4],"time":[1549364856]}