{"CLDC":[1.8899997,1.82],"DEWP":[11.899999,11.599998],"FRSHTT":[0,0],"PRCP":[0,0],"SLP":[1014.93,1014.9],"SNDP":[0,0],"STP":[1011.5,1011.5],"TEMP":[15.780001,15.899999],"VISIB":[11.93,11.910001],"WDSP":[8.87,8.16],"WNDDIR":[8.4,10.1],"time":[1549364856,1549364915]}