{"CLDC":[17.11],"DEWP":[8.599999],"FRSHTT":[0],"PRCP":[0],"SLP":[1011.1],"SNDP":[0],"STP":[1010.6],"TEMP":[18.2],"VISIB":[16.820002],"WDSP":[15.99],"WNDDIR":[338.2],"time":[1549364856]}