{"CLDC":[12.400001,12.320002],"DEWP":[18.7,18.65],"FRSHTT":[0,0],"PRCP":[0,0],"SLP":[1015.7999,1015.7999],"SNDP":[0,0],"STP":[1014.2999,1014.2999],"TEMP":[24.639997,25.000002],"VISIB":[12.179999,12.219999],"WDSP":[11.619999,12.43],"WNDDIR":[342.1,338.9],"time":[1549364856,1549364916]}