{"CLDC":[74.32001,74.32001],"DEWP":[8.66,8.549999],"FRSHTT":[0,0],"PRCP":[0,0],"SLP":[1017,1017],"SNDP":[0,0],"STP":[898.19006,898.2001],"TEMP":[10.65,10.7],"VISIB":[9.639999,9.749999],"WDSP":[5.82,5.9799995],"WNDDIR":[331.9,331.9],"time":[1549364856,1549364916]}