{"CLDC":[74.43001],"DEWP":[-1.22],"FRSHTT":[0],"PRCP":[0],"SLP":[1008.4],"SNDP":[0],"STP":[1002.7999],"TEMP":[14.8],"VISIB":[15.699999],"WDSP":[21.509998],"WNDDIR":[323.5],"time":[1549364857]}