{"CLDC":[74.43001,74.28999],"DEWP":[-1.22,-1.36],"FRSHTT":[0,0],"PRCP":[0,0],"SLP":[1008.4,1008.4],"SNDP":[0,0],"STP":[1002.7999,1002.7999],"TEMP":[14.8,14.8],"VISIB":[15.699999,15.970001],"WDSP":[21.509998,22.949999],"WNDDIR":[323.5,327.6],"time":[1549364857,1549364916]}