{"CLDC":[86.04,85.59999],"DEWP":[-1.96,-2.32],"FRSHTT":[100000,100000],"PRCP":[0.009999999,0.009999999],"SLP":[1013,1013],"SNDP":[0,0],"STP":[913.05994,913],"TEMP":[3.8999996,4.0199995],"VISIB":[12.159999,12.159999],"WDSP":[14.63,14.35],"WNDDIR":[162.8,168],"time":[1549364857,1549364916]}