{"CLDC":[42.620003,42.56],"DEWP":[-3.25,-3.6399999],"FRSHTT":[0,0],"PRCP":[0,0],"SLP":[1009,1009],"SNDP":[0,0],"STP":[1001.7999,1001.7999],"TEMP":[7.69,8.210001],"VISIB":[10.320001,10],"WDSP":[8.780001,9.07],"WNDDIR":[218.5,219.9],"time":[1549364857,1549364916]}