{"CLDC":[52.02,52.52],"DEWP":[17.92,18.08],"FRSHTT":[0,0],"PRCP":[0,0],"SLP":[1013.5,1013.50995],"SNDP":[0,0],"STP":[1019.25995,1019.32],"TEMP":[21.4,21.24],"VISIB":[20.429998,20],"WDSP":[20.99,21.119999],"WNDDIR":[23.1,21.2],"time":[1549364857,1549364916]}