{"CLDC":[62.49],"DEWP":[15.06],"FRSHTT":[100000],"PRCP":[0.23999998],"SLP":[1012.2999],"SNDP":[0],"STP":[1011.5],"TEMP":[20.64],"VISIB":[12.239999],"WDSP":[10.68],"WNDDIR":[0.8],"time":[1549364859]}