{"CLDC":[62.49,62.809998],"DEWP":[15.06,14.969999],"FRSHTT":[100000,100000],"PRCP":[0.23999998,0.23999998],"SLP":[1012.2999,1012.2999],"SNDP":[0,0],"STP":[1011.5,1011.5],"TEMP":[20.64,20.28],"VISIB":[12.239999,12.730001],"WDSP":[10.68,11.589999],"WNDDIR":[0.8,0],"time":[1549364859,1549364917]}