{"CLDC":[50.44,50.58],"DEWP":[11.130001,10.77],"FRSHTT":[100000,100000],"PRCP":[0.039999995,0.039999995],"SLP":[1010.7999,1010.7999],"SNDP":[0,0],"STP":[916.7899,916.7999],"TEMP":[18.919998,19.199999],"VISIB":[13.719999,13.51],"WDSP":[26.359997,25.210001],"WNDDIR":[238.4,234.7],"time":[1549364858,1549364917]}