{"CLDC":[29.660004,29.329998],"DEWP":[8.959999,8.719999],"FRSHTT":[0,0],"PRCP":[0,0],"SLP":[1009.32,1009.4],"SNDP":[0,0],"STP":[1001.1,1001.1],"TEMP":[21.100002,21.300001],"VISIB":[13.290001,13.45],"WDSP":[24.89,25.23],"WNDDIR":[183.6,183.4],"time":[1549364859,1549364917]}