{"CLDC":[14.1,13.840001],"DEWP":[8.940001,8.820001],"FRSHTT":[0,0],"PRCP":[0,0],"SLP":[987.2899,985.97003],"SNDP":[0,0],"STP":[995.77014,995.11005],"TEMP":[20.999998,21.099998],"VISIB":[10.980001,10.65],"WDSP":[13.85,14.35],"WNDDIR":[108,109.8],"time":[1549364859,1549364917]}