{"CLDC":[14.1],"DEWP":[8.940001],"FRSHTT":[0],"PRCP":[0],"SLP":[987.2899],"SNDP":[0],"STP":[995.77014],"TEMP":[20.999998],"VISIB":[10.980001],"WDSP":[13.85],"WNDDIR":[108],"time":[1549364859]}