{"CLDC":[84.53999,84.34999],"DEWP":[14.219998,13.999998],"FRSHTT":[0,0],"PRCP":[0,0],"SLP":[1003.86005,1003.8299],"SNDP":[0,0],"STP":[1003.2101,1003.2001],"TEMP":[22.25,22.219997],"VISIB":[51.57,52.01],"WDSP":[12.85,12.920001],"WNDDIR":[165.7,167.5],"time":[1549364859,1549364917]}