{"CLDC":[50.11,50.190006],"DEWP":[16.48,16.369999],"FRSHTT":[100000,100000],"PRCP":[0.009999999,0.009999999],"SLP":[1004.1,1004],"SNDP":[0,0],"STP":[1005.5,1005.5],"TEMP":[21.75,21.749998],"VISIB":[10.340001,9.83],"WDSP":[9.249999,9.17],"WNDDIR":[294.9,296.3],"time":[1549364859,1549364917]}