{"CLDC":[60.45],"DEWP":[16.55],"FRSHTT":[0],"PRCP":[0],"SLP":[1010.19006],"SNDP":[0],"STP":[1002.39],"TEMP":[23.49],"VISIB":[117.619995],"WDSP":[17.329998],"WNDDIR":[24.3],"time":[1549364861]}