{"CLDC":[16.86],"DEWP":[17.929998],"FRSHTT":[0],"PRCP":[0],"SLP":[1011.2999],"SNDP":[0],"STP":[1009.7001],"TEMP":[23.050001],"VISIB":[40.39],"WDSP":[11.599998],"WNDDIR":[90.3],"time":[1549364861]}