{"CLDC":[77.65999],"DEWP":[18.590002],"FRSHTT":[0],"PRCP":[0],"SLP":[997.7001],"SNDP":[0],"STP":[1000.49005],"TEMP":[23.8],"VISIB":[11.679999],"WDSP":[13.470001],"WNDDIR":[39.1],"time":[1549364861]}