{"CLDC":[16.86,16.869999],"DEWP":[17.929998,17.57],"FRSHTT":[0,0],"PRCP":[0,0],"SLP":[1011.2999,1011.2999],"SNDP":[0,0],"STP":[1009.7001,1009.7001],"TEMP":[23.050001,23.050001],"VISIB":[40.39,40.170002],"WDSP":[11.599998,11.370001],"WNDDIR":[90.3,89],"time":[1549364861,1549364919]}