{"CLDC":[60.45,60.340004],"DEWP":[16.55,16.460001],"FRSHTT":[0,0],"PRCP":[0,0],"SLP":[1010.19006,1010.1],"SNDP":[0,0],"STP":[1002.39,1002.4],"TEMP":[23.49,23.49],"VISIB":[117.619995,117.68001],"WDSP":[17.329998,17.810001],"WNDDIR":[24.3,24.4],"time":[1549364861,1549364919]}