{"CLDC":[88.52],"DEWP":[17.219997],"FRSHTT":[100000],"PRCP":[0.13],"SLP":[1017.2999],"SNDP":[0],"STP":[1010.5],"TEMP":[21.380001],"VISIB":[15.609999],"WDSP":[20.31],"WNDDIR":[3.3],"time":[1549364857]}