{"CLDC":[50.06],"DEWP":[16.55],"FRSHTT":[100000],"PRCP":[0.07],"SLP":[1016],"SNDP":[0],"STP":[1016.92004],"TEMP":[21],"VISIB":[16.210001],"WDSP":[21.689999],"WNDDIR":[246],"time":[1549364857]}