{"CLDC":[62.170002],"DEWP":[17.44],"FRSHTT":[100000],"PRCP":[0.07999999],"SLP":[1017.64],"SNDP":[0],"STP":[1015.35],"TEMP":[22.750002],"VISIB":[21.329998],"WDSP":[16.73],"WNDDIR":[287.9],"time":[1549364857]}