{"CLDC":[50.06,50.030003],"DEWP":[16.55,16.619999],"FRSHTT":[100000,100000],"PRCP":[0.07,0.07],"SLP":[1016,1016],"SNDP":[0,0],"STP":[1016.92004,1017],"TEMP":[21,20.88],"VISIB":[16.210001,16.2],"WDSP":[21.689999,21.829998],"WNDDIR":[246,250.2],"time":[1549364857,1549364916]}