{"CLDC":[62.170002,62.45],"DEWP":[17.44,17.62],"FRSHTT":[100000,100000],"PRCP":[0.07999999,0.07999999],"SLP":[1017.64,1017.6],"SNDP":[0,0],"STP":[1015.35,1015.37],"TEMP":[22.750002,22.679998],"VISIB":[21.329998,21.389997],"WDSP":[16.73,16.45],"WNDDIR":[287.9,291.8],"time":[1549364857,1549364916]}