{"CLDC":[50.08],"DEWP":[15.879999],"FRSHTT":[100000],"PRCP":[0.10000001],"SLP":[1016.2001],"SNDP":[0],"STP":[1014.5],"TEMP":[20.24],"VISIB":[14.17],"WDSP":[12.199999],"WNDDIR":[55.3],"time":[1549364858]}