{"CLDC":[50.100002,50.510002],"DEWP":[15.4,15.530001],"FRSHTT":[100000,100000],"PRCP":[0.07999999,0.07999999],"SLP":[1015.7999,1015.7999],"SNDP":[0,0],"STP":[1015.2999,1015.2899],"TEMP":[20.7,20.850002],"VISIB":[16.720001,16.310001],"WDSP":[8.440001,8.099999],"WNDDIR":[21.6,20],"time":[1549364860,1549364918]}