{"CLDC":[91.15,90.86],"DEWP":[14.94,14.879999],"FRSHTT":[100000,100000],"PRCP":[0.44,0.44],"SLP":[1018.43,1018.5],"SNDP":[0,0],"STP":[1016.7999,1016.7999],"TEMP":[21.339998,21.02],"VISIB":[16.710001,16.58],"WDSP":[18.540003,18.630001],"WNDDIR":[193.3,191.3],"time":[1549364860,1549364918]}