{"CLDC":[96.90001],"DEWP":[17.45],"FRSHTT":[100000],"PRCP":[0.10000001],"SLP":[1015.6],"SNDP":[0],"STP":[1017.56006],"TEMP":[21.6],"VISIB":[13.089999],"WDSP":[16.53],"WNDDIR":[205.3],"time":[1549364861]}