{"CLDC":[84.36],"DEWP":[18.119999],"FRSHTT":[100000],"PRCP":[0.11999999],"SLP":[1014.9],"SNDP":[0],"STP":[1011],"TEMP":[23.4],"VISIB":[52.449993],"WDSP":[21.119999],"WNDDIR":[143.9],"time":[1549364855]}