{"CLDC":[50.1],"DEWP":[17.5],"FRSHTT":[100000],"PRCP":[0.14999999],"SLP":[1015.1],"SNDP":[0],"STP":[1009],"TEMP":[22.2],"VISIB":[36.769997],"WDSP":[21.170002],"WNDDIR":[282],"time":[1549364855]}