{"CLDC":[50.550003,50.52],"DEWP":[19.68,19.5],"FRSHTT":[100000,100000],"PRCP":[0.29,0.29],"SLP":[1014.2999,1014.2999],"SNDP":[0,0],"STP":[1013.2999,1013.2999],"TEMP":[23.32,23.259998],"VISIB":[13.37,13.659999],"WDSP":[20.949999,20.56],"WNDDIR":[94.4,92.1],"time":[1549364855,1549364915]}