{"CLDC":[50.1,50.06],"DEWP":[17.5,17.38],"FRSHTT":[100000,100000],"PRCP":[0.14999999,0.14999999],"SLP":[1015.1,1015.1],"SNDP":[0,0],"STP":[1009,1008.9],"TEMP":[22.2,22.369999],"VISIB":[36.769997,37.399998],"WDSP":[21.170002,21.39],"WNDDIR":[282,280.8],"time":[1549364855,1549364915]}