{"CLDC":[50.550003],"DEWP":[19.68],"FRSHTT":[100000],"PRCP":[0.29],"SLP":[1014.2999],"SNDP":[0],"STP":[1013.2999],"TEMP":[23.32],"VISIB":[13.37],"WDSP":[20.949999],"WNDDIR":[94.4],"time":[1549364855]}