{"CLDC":[73.78],"DEWP":[18.86],"FRSHTT":[0],"PRCP":[0],"SLP":[1014.2999],"SNDP":[0],"STP":[1013],"TEMP":[22.82],"VISIB":[11.689999],"WDSP":[18.939999],"WNDDIR":[232.2],"time":[1549364855]}