{"CLDC":[52.04],"DEWP":[18.45],"FRSHTT":[0],"PRCP":[0],"SLP":[1000.7101],"SNDP":[0],"STP":[998.7001],"TEMP":[22.499996],"VISIB":[11.260001],"WDSP":[12.65],"WNDDIR":[101.8],"time":[1549364856]}