{"CLDC":[52.04,51.849995],"DEWP":[18.45,18.45],"FRSHTT":[0,0],"PRCP":[0,0],"SLP":[1000.7101,1000.99005],"SNDP":[0,0],"STP":[998.7001,998.64],"TEMP":[22.499996,22.799997],"VISIB":[11.260001,11.5],"WDSP":[12.65,11.26],"WNDDIR":[101.8,99.5],"time":[1549364856,1549364915]}