{"CLDC":[59.32],"DEWP":[20.099998],"FRSHTT":[100000],"PRCP":[2.5499997],"SLP":[1013.1],"SNDP":[0],"STP":[1012.2999],"TEMP":[21.539999],"VISIB":[17.19],"WDSP":[12.93],"WNDDIR":[37.3],"time":[1549364856]}