{"CLDC":[88.82,88.78],"DEWP":[16.460001,16.64],"FRSHTT":[100000,100000],"PRCP":[0.09000001,0.09000001],"SLP":[1013.9,1013.9],"SNDP":[0,0],"STP":[1013.6,1013.6],"TEMP":[20.19,20.580004],"VISIB":[32.480003,32.940002],"WDSP":[10.569999,11.320001],"WNDDIR":[171.5,172],"time":[1549364856,1549364915]}