{"CLDC":[67.26,67.15],"DEWP":[19.8,19.920002],"FRSHTT":[100000,100000],"PRCP":[0.050000004,0.050000004],"SLP":[1013.82996,1013.7999],"SNDP":[0,0],"STP":[1015.9,1015.9],"TEMP":[24,23.939999],"VISIB":[30.769999,31.289999],"WDSP":[23.499998,23.89],"WNDDIR":[208.4,207.9],"time":[1549364857,1549364916]}