{"CLDC":[50.110004,50.279995],"DEWP":[19.349998,19.400002],"FRSHTT":[100000,100000],"PRCP":[0.009999999,0.009999999],"SLP":[1013.7999,1013.7999],"SNDP":[0,0],"STP":[1014.95,1014.85],"TEMP":[24.74,24.55],"VISIB":[16.51,16.48],"WDSP":[27.930002,28.45],"WNDDIR":[218.4,220.7],"time":[1549364857,1549364916]}