{"CLDC":[50.060005,50.329998],"DEWP":[21.45,21.480001],"FRSHTT":[100000,100000],"PRCP":[0.039999995,0.039999995],"SLP":[1013.2999,1013.2999],"SNDP":[0,0],"STP":[1015.30994,1015.2001],"TEMP":[25.150002,25.150002],"VISIB":[13.2300005,13.99],"WDSP":[20.869999,20.59],"WNDDIR":[34.8,36.2],"time":[1549364860,1549364918]}