{"CLDC":[56.93],"DEWP":[7.9800005],"FRSHTT":[0],"PRCP":[0],"SLP":[1027.52],"SNDP":[0],"STP":[995.41],"TEMP":[12.799999],"VISIB":[10.709999],"WDSP":[6.81],"WNDDIR":[65.6],"time":[1549364860]}