{"CLDC":[73,73.28001],"DEWP":[1.5800002,1.58],"FRSHTT":[0,0],"PRCP":[0,0],"SLP":[1001.45,1001.48],"SNDP":[0,0],"STP":[998.98,999.52],"TEMP":[5.8899994,5.95],"VISIB":[9.89,9.74],"WDSP":[12.829999,12.549999],"WNDDIR":[296.5,294.1],"time":[1549364860,1549364918]}