{"CLDC":[77.83001,77.689995],"DEWP":[20.09,19.950003],"FRSHTT":[0,0],"PRCP":[0,0],"SLP":[1009.9,1009.9],"SNDP":[0,0],"STP":[1010.18005,1010.4899],"TEMP":[23.970001,23.960003],"VISIB":[10.74,10.740001],"WDSP":[11.719999,11.21],"WNDDIR":[160.1,158.9],"time":[1549364861,1549364919]}