{"CLDC":[7.75,7.8300004],"DEWP":[17.3,17.199999],"FRSHTT":[0,0],"PRCP":[0,0],"SLP":[1010.5,1010.5],"SNDP":[0,0],"STP":[1018.39,1014.61005],"TEMP":[20.380001,20.62],"VISIB":[22.45,22.64],"WDSP":[9.99,10.129999],"WNDDIR":[243.2,242],"time":[1549364858,1549364916]}