{"CLDC":[63.700005],"DEWP":[15.119998],"FRSHTT":[100000],"PRCP":[0.09000001],"SLP":[883.50995],"SNDP":[0],"STP":[882.2001],"TEMP":[17.960001],"VISIB":[10.88],"WDSP":[11.85],"WNDDIR":[31.7],"time":[1549364858]}