{"CLDC":[27.37],"DEWP":[10.98],"FRSHTT":[0],"PRCP":[0],"SLP":[787.73],"SNDP":[0],"STP":[790.89996],"TEMP":[13.06],"VISIB":[8.910001],"WDSP":[3.06],"WNDDIR":[0.4],"time":[1549364860]}