{"CLDC":[50.289997,50.04],"DEWP":[0.099999994,0.18000002],"FRSHTT":[110000,110000],"PRCP":[0.050000004,0.050000004],"SLP":[1017.4,1017.4],"SNDP":[2.2000003,2.2000003],"STP":[1013.1,1013.1],"TEMP":[5.3599997,5.38],"VISIB":[10.549999,10.51],"WDSP":[12.969999,12.57],"WNDDIR":[84.2,82],"time":[1549364860,1549364918]}