{"CLDC":[27.37,27.669998],"DEWP":[10.98,10.909999],"FRSHTT":[0,0],"PRCP":[0,0],"SLP":[787.73,788.42004],"SNDP":[0,0],"STP":[790.89996,790.89996],"TEMP":[13.06,12.9],"VISIB":[8.910001,8.780001],"WDSP":[3.06,3.3399997],"WNDDIR":[0.4,2.1],"time":[1549364860,1549364918]}