{"CLDC":[59.260002,59.339996],"DEWP":[5.3500004,5.3500004],"FRSHTT":[100000,100000],"PRCP":[0.019999998,0.019999998],"SLP":[882.7201,882.4],"SNDP":[0,0],"STP":[877.1,877.1],"TEMP":[15.85,15.740001],"VISIB":[14.129999,14.38],"WDSP":[7.6699996,7.0699997],"WNDDIR":[3.5,2.9],"time":[1549364860,1549364918]}