{"CLDC":[74.51],"DEWP":[-1.6800001],"FRSHTT":[0],"PRCP":[0],"SLP":[1019.85],"SNDP":[0],"STP":[1003.55994],"TEMP":[2.5],"VISIB":[9.51],"WDSP":[2.7500005],"WNDDIR":[297],"time":[1549364860]}