{"CLDC":[74.51,74.689995],"DEWP":[-1.6800001,-1.6],"FRSHTT":[0,0],"PRCP":[0,0],"SLP":[1019.85,1017.64],"SNDP":[0,0],"STP":[1003.55994,1004.88],"TEMP":[2.5,2.4599998],"VISIB":[9.51,9.58],"WDSP":[2.7500005,2.23],"WNDDIR":[297,295.5],"time":[1549364860,1549364918]}