{"CLDC":[50.22],"DEWP":[-0.42],"FRSHTT":[100000],"PRCP":[0.07999999],"SLP":[1015.55],"SNDP":[0],"STP":[1015.41],"TEMP":[5.6000004],"VISIB":[10.930001],"WDSP":[12.57],"WNDDIR":[45.1],"time":[1549364860]}