{"CLDC":[71.170006,70.8],"DEWP":[0.68,0.49999994],"FRSHTT":[100000,100000],"PRCP":[0.11999999,0.11999999],"SLP":[1018.36993,1018.50995],"SNDP":[0,0],"STP":[1017.02997,1016.49005],"TEMP":[5.9799995,6.0099993],"VISIB":[9.47,9.820001],"WDSP":[12.19,12.99],"WNDDIR":[332,330.9],"time":[1549364861,1549364919]}