{"CLDC":[50,50.399998],"DEWP":[0.8999999,0.9499999],"FRSHTT":[100000,100000],"PRCP":[0.059999995,0.059999995],"SLP":[1022.37,1022.35],"SNDP":[0,0],"STP":[1006.44006,1006.73],"TEMP":[6.0000005,6],"VISIB":[14.25,14.0199995],"WDSP":[16.65,16.23],"WNDDIR":[55.3,56.7],"time":[1549364861,1549364919]}