{"CLDC":[60.690002,60.910004],"DEWP":[5.9604646e-9,0.080000006],"FRSHTT":[100000,100000],"PRCP":[0.13,0.13],"SLP":[1017.19006,1017.2101],"SNDP":[0,0],"STP":[1012.5301,1012.23],"TEMP":[4.8499994,5.04],"VISIB":[9.440001,9.6],"WDSP":[10.620001,10.58],"WNDDIR":[10,6.4],"time":[1549364861,1549364919]}