{"CLDC":[60.690002],"DEWP":[5.9604646e-9],"FRSHTT":[100000],"PRCP":[0.13],"SLP":[1017.19006],"SNDP":[0],"STP":[1012.5301],"TEMP":[4.8499994],"VISIB":[9.440001],"WDSP":[10.620001],"WNDDIR":[10],"time":[1549364861]}