{"CLDC":[73.05],"DEWP":[20.52],"FRSHTT":[100000],"PRCP":[0.059999995],"SLP":[1009.7001],"SNDP":[0],"STP":[1001.1],"TEMP":[23.179996],"VISIB":[11.05],"WDSP":[4.4300003],"WNDDIR":[145.6],"time":[1549364860]}