{"CLDC":[53.1],"DEWP":[17.349998],"FRSHTT":[100000],"PRCP":[0.51000005],"SLP":[1012.1],"SNDP":[0],"STP":[1013.38],"TEMP":[23.719997],"VISIB":[23.24],"WDSP":[17.710001],"WNDDIR":[122.7],"time":[1549364856]}