{"CLDC":[18.859999],"DEWP":[16],"FRSHTT":[0],"PRCP":[0],"SLP":[1013.2999],"SNDP":[0],"STP":[1009.2601],"TEMP":[22.8],"VISIB":[22.97],"WDSP":[23.550001],"WNDDIR":[23.1],"time":[1549364856]}