{"CLDC":[18.859999,19.160002],"DEWP":[16,16.2],"FRSHTT":[0,0],"PRCP":[0,0],"SLP":[1013.2999,1013.2999],"SNDP":[0,0],"STP":[1009.2601,1009.47003],"TEMP":[22.8,23.039997],"VISIB":[22.97,22.969997],"WDSP":[23.550001,23.84],"WNDDIR":[23.1,23.3],"time":[1549364856,1549364915]}