{"CLDC":[53.1,53.239998],"DEWP":[17.349998,17.439999],"FRSHTT":[100000,100000],"PRCP":[0.51000005,0.51000005],"SLP":[1012.1,1012.1],"SNDP":[0,0],"STP":[1013.38,1013.14],"TEMP":[23.719997,23.379997],"VISIB":[23.24,22.84],"WDSP":[17.710001,17.41],"WNDDIR":[122.7,122.5],"time":[1549364856,1549364915]}