{"CLDC":[67.03,67.259995],"DEWP":[19.66,19.6],"FRSHTT":[0,0],"PRCP":[0,0],"SLP":[1014.4,1014.4],"SNDP":[0,0],"STP":[1011.61,1011.62],"TEMP":[23.779999,23.499998],"VISIB":[23.460001,23.32],"WDSP":[20.33,20.27],"WNDDIR":[287.1,284.9],"time":[1549364856,1549364916]}