{"CLDC":[29.040003],"DEWP":[17.599998],"FRSHTT":[0],"PRCP":[0],"SLP":[1012.6],"SNDP":[0],"STP":[1011.56006],"TEMP":[23.4],"VISIB":[30.359997],"WDSP":[22.39],"WNDDIR":[94.2],"time":[1549364856]}