{"CLDC":[29.040003,28.810001],"DEWP":[17.599998,17.66],"FRSHTT":[0,0],"PRCP":[0,0],"SLP":[1012.6,1012.6],"SNDP":[0,0],"STP":[1011.56006,1013.55],"TEMP":[23.4,23.560001],"VISIB":[30.359997,30.040003],"WDSP":[22.39,21.869999],"WNDDIR":[94.2,89.7],"time":[1549364856,1549364915]}