{"CLDC":[50.090004,50.06],"DEWP":[18.22,18.08],"FRSHTT":[100000,100000],"PRCP":[0.009999999,0.009999999],"SLP":[1013,1013],"SNDP":[0,0],"STP":[1013.2001,1013.2001],"TEMP":[21.98,22.579998],"VISIB":[11.72,12.320002],"WDSP":[5.8200006,4.7],"WNDDIR":[24.3,22],"time":[1549364856,1549364916]}