{"CLDC":[80.41001,80.03],"DEWP":[16.34,16.1],"FRSHTT":[0,0],"PRCP":[0,0],"SLP":[1012.9,1012.9],"SNDP":[0,0],"STP":[1012,1012],"TEMP":[21.4,21.28],"VISIB":[13.589999,13.19],"WDSP":[11.320001,11.51],"WNDDIR":[154.7,151.5],"time":[1549364856,1549364916]}