{"CLDC":[50.090004],"DEWP":[18.22],"FRSHTT":[100000],"PRCP":[0.009999999],"SLP":[1013],"SNDP":[0],"STP":[1013.2001],"TEMP":[21.98],"VISIB":[11.72],"WDSP":[5.8200006],"WNDDIR":[24.3],"time":[1549364856]}