{"CLDC":[80.41001],"DEWP":[16.34],"FRSHTT":[0],"PRCP":[0],"SLP":[1012.9],"SNDP":[0],"STP":[1012],"TEMP":[21.4],"VISIB":[13.589999],"WDSP":[11.320001],"WNDDIR":[154.7],"time":[1549364856]}