{"CLDC":[73.369995,73.240005],"DEWP":[10.050001,10.050001],"FRSHTT":[0,0],"PRCP":[0,0],"SLP":[1012.80994,1012.7999],"SNDP":[0,0],"STP":[990.31995,990.4],"TEMP":[17.220001,17.08],"VISIB":[15.74,15.6],"WDSP":[4.2200003,4.37],"WNDDIR":[343.2,341.2],"time":[1549364856,1549364916]}