{"CLDC":[41.419994],"DEWP":[17.89],"FRSHTT":[0],"PRCP":[0],"SLP":[1015.4],"SNDP":[0],"STP":[1031.08],"TEMP":[20.95],"VISIB":[19.6],"WDSP":[9.629999],"WNDDIR":[155.2],"time":[1549364856]}