{"CLDC":[67.27999],"DEWP":[6.7799997],"FRSHTT":[0],"PRCP":[0],"SLP":[886.2101],"SNDP":[0],"STP":[918.7999],"TEMP":[14.849998],"VISIB":[12.55],"WDSP":[7.3799996],"WNDDIR":[123.9],"time":[1549364856]}