{"CLDC":[73.369995],"DEWP":[10.050001],"FRSHTT":[0],"PRCP":[0],"SLP":[1012.80994],"SNDP":[0],"STP":[990.31995],"TEMP":[17.220001],"VISIB":[15.74],"WDSP":[4.2200003],"WNDDIR":[343.2],"time":[1549364856]}