{"CLDC":[10.169999],"DEWP":[14.620001],"FRSHTT":[0],"PRCP":[0],"SLP":[1011.7001],"SNDP":[0],"STP":[1008.2001],"TEMP":[22.999996],"VISIB":[13.1],"WDSP":[6.66],"WNDDIR":[236.1],"time":[1549364857]}