{"CLDC":[66.69,66.86],"DEWP":[12.059999,12.15],"FRSHTT":[0,0],"PRCP":[0,0],"SLP":[1014.4,1014.4],"SNDP":[0,0],"STP":[949.9,949.9],"TEMP":[19.62,19.75],"VISIB":[11.129999,10.940001],"WDSP":[6.25,5.92],"WNDDIR":[87.3,85.9],"time":[1549364857,1549364916]}