{"CLDC":[7.71],"DEWP":[8.6],"FRSHTT":[0],"PRCP":[0],"SLP":[1010.7999],"SNDP":[0],"STP":[992.4],"TEMP":[19.460001],"VISIB":[12.229999],"WDSP":[7.0799994],"WNDDIR":[265.1],"time":[1549364857]}