{"CLDC":[66.69],"DEWP":[12.059999],"FRSHTT":[0],"PRCP":[0],"SLP":[1014.4],"SNDP":[0],"STP":[949.9],"TEMP":[19.62],"VISIB":[11.129999],"WDSP":[6.25],"WNDDIR":[87.3],"time":[1549364857]}