{"CLDC":[81.21],"DEWP":[12.860001],"FRSHTT":[0],"PRCP":[0],"SLP":[1011.39],"SNDP":[0],"STP":[1003.82],"TEMP":[22.420002],"VISIB":[12.960001],"WDSP":[14.860001],"WNDDIR":[164.8],"time":[1549364857]}