{"CLDC":[8.059999,8.11],"DEWP":[5.2200003,4.9800005],"FRSHTT":[0,0],"PRCP":[0,0],"SLP":[856.7101,856.63],"SNDP":[0,0],"STP":[851.9,851.9],"TEMP":[14.660001,14.719999],"VISIB":[11.700001,11.789999],"WDSP":[11.3,10.34],"WNDDIR":[60.9,60.4],"time":[1549364858,1549364916]}