{"CLDC":[79.380005],"DEWP":[5.96],"FRSHTT":[0],"PRCP":[0],"SLP":[1008.4],"SNDP":[0],"STP":[960.9],"TEMP":[14.859999],"VISIB":[13.609999],"WDSP":[8.050001],"WNDDIR":[75],"time":[1549364857]}