{"CLDC":[79.380005,79.24],"DEWP":[5.96,5.6000004],"FRSHTT":[0,0],"PRCP":[0,0],"SLP":[1008.4,1008.4],"SNDP":[0,0],"STP":[960.9,960.89],"TEMP":[14.859999,14.65],"VISIB":[13.609999,13.370001],"WDSP":[8.050001,9.17],"WNDDIR":[75,75.2],"time":[1549364857,1549364916]}