{"CLDC":[81.21,81.13],"DEWP":[12.860001,12.78],"FRSHTT":[0,0],"PRCP":[0,0],"SLP":[1011.39,1011.37],"SNDP":[0,0],"STP":[1003.82,1003.9],"TEMP":[22.420002,22.360003],"VISIB":[12.960001,12.83],"WDSP":[14.860001,14.350001],"WNDDIR":[164.8,163.8],"time":[1549364857,1549364916]}