{"CLDC":[98.94001,99.06999],"DEWP":[20.240002,20.15],"FRSHTT":[100000,100000],"PRCP":[1.4400002,1.4400002],"SLP":[1010.6,1010.5],"SNDP":[0,0],"STP":[1005.2999,1005.2999],"TEMP":[21.849998,21.630001],"VISIB":[12.26,13.240001],"WDSP":[12.33,12.47],"WNDDIR":[330,327],"time":[1549364857,1549364916]}