{"CLDC":[17.34,16.899998],"DEWP":[17.499998,17.099998],"FRSHTT":[0,0],"PRCP":[0,0],"SLP":[1009.7999,1009.7999],"SNDP":[0,0],"STP":[967.6,967.6],"TEMP":[21.64,21.86],"VISIB":[10.440001,10.8],"WDSP":[3.52,3.52],"WNDDIR":[167.4,170.7],"time":[1549364858,1549364916]}