{"CLDC":[38.3,38.239998],"DEWP":[10.56,10.700001],"FRSHTT":[0,0],"PRCP":[0,0],"SLP":[1013.4,1013.5],"SNDP":[0,0],"STP":[992.4,992.4],"TEMP":[21.2,21.400002],"VISIB":[11.759998,11.01],"WDSP":[4.8399997,5.29],"WNDDIR":[288.2,289],"time":[1549364857,1549364916]}