{"CLDC":[16.9,16.710001],"DEWP":[13.719999,13.85],"FRSHTT":[0,0],"PRCP":[0,0],"SLP":[1010.7001,1010.7001],"SNDP":[0,0],"STP":[999.4,999.4],"TEMP":[22.85,22.849998],"VISIB":[11.74,11.940001],"WDSP":[13.1,13.410001],"WNDDIR":[82.9,82.3],"time":[1549364857,1549364916]}