{"CLDC":[98.94001],"DEWP":[20.240002],"FRSHTT":[100000],"PRCP":[1.4400002],"SLP":[1010.6],"SNDP":[0],"STP":[1005.2999],"TEMP":[21.849998],"VISIB":[12.26],"WDSP":[12.33],"WNDDIR":[330],"time":[1549364857]}