{"CLDC":[46.590004,46.58],"DEWP":[12,12.12],"FRSHTT":[0,0],"PRCP":[0,0],"SLP":[1013.5,1013.5],"SNDP":[0,0],"STP":[965.5,965.5],"TEMP":[21.2,20.7],"VISIB":[11.390001,11.62],"WDSP":[10.900001,11.48],"WNDDIR":[123.7,125.4],"time":[1549364859,1549364917]}