{"CLDC":[52.670006,52.52],"DEWP":[-3.9599998,-4.05],"FRSHTT":[100000,100000],"PRCP":[0.07,0.07],"SLP":[907.7101,907.6],"SNDP":[0,0],"STP":[913.7999,913.80994],"TEMP":[0.40000004,0.40000004],"VISIB":[14.3,14.840001],"WDSP":[9.840001,9.990001],"WNDDIR":[92.4,95.8],"time":[1549364855,1549364915]}