{"CLDC":[50.249996,50.42],"DEWP":[-3.5600002,-3.47],"FRSHTT":[100000,100000],"PRCP":[0.059999995,0.059999995],"SLP":[937.7001,937.6],"SNDP":[0,0],"STP":[918.2999,918.2999],"TEMP":[0.10000001,0.10000001],"VISIB":[14.31,14.24],"WDSP":[15.839999,15.76],"WNDDIR":[188.2,187.2],"time":[1549364856,1549364915]}