{"CLDC":[75.02],"DEWP":[-2.26],"FRSHTT":[100000],"PRCP":[0.059999995],"SLP":[1005.57996],"SNDP":[0],"STP":[975.9],"TEMP":[1.3600001],"VISIB":[10.03],"WDSP":[10.85],"WNDDIR":[320.8],"time":[1549364856]}