{"CLDC":[89],"DEWP":[-0.9200001],"FRSHTT":[100000],"PRCP":[0.039999995],"SLP":[1023.37],"SNDP":[0],"STP":[982.5],"TEMP":[2.6700003],"VISIB":[9.81],"WDSP":[10.890001],"WNDDIR":[331.7],"time":[1549364856]}