{"CLDC":[89,89.02],"DEWP":[-0.9200001,-1.16],"FRSHTT":[100000,100000],"PRCP":[0.039999995,0.039999995],"SLP":[1023.37,1023.4],"SNDP":[0,0],"STP":[982.5,982.5],"TEMP":[2.6700003,2.64],"VISIB":[9.81,9.65],"WDSP":[10.890001,10.47],"WNDDIR":[331.7,331.7],"time":[1549364856,1549364916]}