{"CLDC":[50.090004],"DEWP":[20.38],"FRSHTT":[100000],"PRCP":[0.45],"SLP":[1012.7001],"SNDP":[0],"STP":[1041.7098],"TEMP":[21.8],"VISIB":[9.370001],"WDSP":[5.9800005],"WNDDIR":[274],"time":[1549364856]}