{"CLDC":[51.69001,51.24],"DEWP":[18.259998,18.259998],"FRSHTT":[0,0],"PRCP":[0,0],"SLP":[1011.7001,1011.7001],"SNDP":[0,0],"STP":[1003.30994,1003.52997],"TEMP":[21.200003,21.000002],"VISIB":[59.689995,59.640003],"WDSP":[7.1099997,7.410001],"WNDDIR":[199.5,205.4],"time":[1549364856,1549364916]}