{"CLDC":[34.200005],"DEWP":[17.53],"FRSHTT":[0],"PRCP":[0],"SLP":[978.4],"SNDP":[0],"STP":[993.16003],"TEMP":[20.280003],"VISIB":[10.07],"WDSP":[8.780001],"WNDDIR":[188.9],"time":[1549364861]}