{"CLDC":[34.200005,34.15],"DEWP":[17.53,17.439999],"FRSHTT":[0,0],"PRCP":[0,0],"SLP":[978.4,977.81995],"SNDP":[0,0],"STP":[993.16003,992.2801],"TEMP":[20.280003,20.76],"VISIB":[10.07,9.49],"WDSP":[8.780001,7.850001],"WNDDIR":[188.9,187.1],"time":[1549364861,1549364919]}