{"CLDC":[93.69,93.71001],"DEWP":[-5.34,-5.67],"FRSHTT":[100000,100000],"PRCP":[0.009999999,0.009999999],"SLP":[942.50995,942.48],"SNDP":[0,0],"STP":[937.64,937.80994],"TEMP":[0.29999998,0.29999998],"VISIB":[9.930001,10.17],"WDSP":[12.990001,12.03],"WNDDIR":[77.1,80.4],"time":[1549364860,1549364918]}