{"CLDC":[70.11,70.23999],"DEWP":[19.66,19.48],"FRSHTT":[100000,100000],"PRCP":[0.25,0.25],"SLP":[1012.4,1012.2999],"SNDP":[0,0],"STP":[1010.45996,1010.55],"TEMP":[22.9,23.06],"VISIB":[23.81,23.929998],"WDSP":[14.350001,15],"WNDDIR":[202.7,201.2],"time":[1549364859,1549364917]}