{"CLDC":[66.35],"DEWP":[-3.2399998],"FRSHTT":[100000],"PRCP":[0.009999999],"SLP":[1023.4],"SNDP":[0],"STP":[936.05],"TEMP":[0.9],"VISIB":[10.5],"WDSP":[7.8700004],"WNDDIR":[139.3],"time":[1549364860]}