{"CLDC":[66.35,66.21001],"DEWP":[-3.2399998,-3.4599998],"FRSHTT":[100000,100000],"PRCP":[0.009999999,0.009999999],"SLP":[1023.4,1023.42004],"SNDP":[0,0],"STP":[936.05,935.95],"TEMP":[0.9,0.9],"VISIB":[10.5,10.920001],"WDSP":[7.8700004,7.3200006],"WNDDIR":[139.3,137.2],"time":[1549364860,1549364918]}