{"CLDC":[88.729996],"DEWP":[-1.5600001],"FRSHTT":[100000],"PRCP":[0.07],"SLP":[1017.7999],"SNDP":[0],"STP":[1001.87],"TEMP":[3.4599998],"VISIB":[11.340001],"WDSP":[17.19],"WNDDIR":[106],"time":[1549364861]}