{"CLDC":[64.61],"DEWP":[-1.0999999],"FRSHTT":[100000],"PRCP":[0.019999998],"SLP":[1012.25],"SNDP":[0],"STP":[997.92004],"TEMP":[4.18],"VISIB":[12.860001],"WDSP":[16.73],"WNDDIR":[240.7],"time":[1549364861]}