{"CLDC":[64.61,64.25001],"DEWP":[-1.0999999,-1.0199999],"FRSHTT":[100000,100000],"PRCP":[0.019999998,0.019999998],"SLP":[1012.25,1012.13995],"SNDP":[0,0],"STP":[997.92004,998.00995],"TEMP":[4.18,4.22],"VISIB":[12.860001,12.699999],"WDSP":[16.73,16.470001],"WNDDIR":[240.7,240.6],"time":[1549364861,1549364918]}