{"CLDC":[65.52999],"DEWP":[0.66],"FRSHTT":[0],"PRCP":[0],"SLP":[998.61005],"SNDP":[0],"STP":[1001.18],"TEMP":[5.95],"VISIB":[9.460001],"WDSP":[20.18],"WNDDIR":[193.1],"time":[1549364861]}