{"CLDC":[50.339993,50.52],"DEWP":[-2.03,-2.25],"FRSHTT":[100000,100000],"PRCP":[0.019999998,0.019999998],"SLP":[1016.5,1016.41003],"SNDP":[0,0],"STP":[1013.62,1013.3099],"TEMP":[3.4299998,3.52],"VISIB":[10.620001,10.7],"WDSP":[12.35,12.559999],"WNDDIR":[21.7,21.8],"time":[1549364861,1549364919]}