{"CLDC":[85.369995],"DEWP":[-8.889999],"FRSHTT":[0],"PRCP":[0],"SLP":[1020.79004],"SNDP":[0],"STP":[1002.75995],"TEMP":[1.5600002],"VISIB":[10.46],"WDSP":[5.64],"WNDDIR":[97.6],"time":[1549364861]}