{"CLDC":[85.369995,85.16999],"DEWP":[-8.889999,-9.0199995],"FRSHTT":[0,0],"PRCP":[0,0],"SLP":[1020.79004,1021.07],"SNDP":[0,0],"STP":[1002.75995,1002.99005],"TEMP":[1.5600002,1.53],"VISIB":[10.46,10.5199995],"WDSP":[5.64,4.8300004],"WNDDIR":[97.6,101.5],"time":[1549364861,1549364919]}