{"CLDC":[33.3,33.2],"DEWP":[16.34,16.25],"FRSHTT":[0,0],"PRCP":[0,0],"SLP":[1010.5,1010.5],"SNDP":[0,0],"STP":[1019,1019],"TEMP":[24.650002,24.600002],"VISIB":[12.969999,12.730001],"WDSP":[18.1,18.35],"WNDDIR":[96,91.6],"time":[1549364860,1549364918]}