{"CLDC":[97,96.85],"DEWP":[-3.18,-3.3],"FRSHTT":[100000,100000],"PRCP":[0.019999998,0.019999998],"SLP":[928.17004,928.31995],"SNDP":[0,0],"STP":[929.52997,929.6],"TEMP":[0.59999996,0.57],"VISIB":[10.830001,11.229999],"WDSP":[14.290001,13.159999],"WNDDIR":[79.8,79.5],"time":[1549364858,1549364916]}