{"CLDC":[71.5],"DEWP":[20.599998],"FRSHTT":[0],"PRCP":[0],"SLP":[1011.6],"SNDP":[0],"STP":[1011.75995],"TEMP":[21.8],"VISIB":[81.159996],"WDSP":[12.58],"WNDDIR":[281.8],"time":[1549364860]}