{"CLDC":[42.65,42.379997],"DEWP":[20.52,20.58],"FRSHTT":[0,0],"PRCP":[0,0],"SLP":[1010,1010],"SNDP":[0,0],"STP":[1013.2601,1012.94006],"TEMP":[22.040003,22.12],"VISIB":[20.180002,19.9],"WDSP":[12.34,13.07],"WNDDIR":[206.7,202.9],"time":[1549364856,1549364915]}