{"CLDC":[50,50],"DEWP":[19.7,19.780003],"FRSHTT":[100000,100000],"PRCP":[0.16999999,0.16999999],"SLP":[1007.61,1007.75],"SNDP":[0,0],"STP":[1002.7699,1003.12],"TEMP":[22.42,22.259998],"VISIB":[10.34,10.440001],"WDSP":[11.99,12.54],"WNDDIR":[199.1,201.3],"time":[1549364856,1549364915]}