{"CLDC":[79.92],"DEWP":[20.420002],"FRSHTT":[0],"PRCP":[0],"SLP":[1006.25],"SNDP":[0],"STP":[1004.05],"TEMP":[22.94],"VISIB":[9.870001],"WDSP":[5.8],"WNDDIR":[165.1],"time":[1549364858]}