{"CLDC":[50.379997],"DEWP":[-1.22],"FRSHTT":[110000],"PRCP":[0.11999999],"SLP":[812.7001],"SNDP":[11.5],"STP":[806.72],"TEMP":[0],"VISIB":[3.55],"WDSP":[18.75],"WNDDIR":[224.5],"time":[1549364858]}