{"CLDC":[50.379997,50.319996],"DEWP":[-1.22,-1.1],"FRSHTT":[110000,110000],"PRCP":[0.11999999,0.11999999],"SLP":[812.7001,812.55005],"SNDP":[11.5,11.599999],"STP":[806.72,806.92993],"TEMP":[0,0],"VISIB":[3.55,3.8],"WDSP":[18.75,19.15],"WNDDIR":[224.5,226.2],"time":[1549364858,1549364917]}