{"CLDC":[50.15],"DEWP":[21.189999],"FRSHTT":[100000],"PRCP":[0.22],"SLP":[1011.5],"SNDP":[0],"STP":[1002.57],"TEMP":[22.78],"VISIB":[21.310001],"WDSP":[6.17],"WNDDIR":[118.5],"time":[1549364861]}