{"CLDC":[50.05,49.809994],"DEWP":[-4.65,-4.54],"FRSHTT":[0,0],"PRCP":[0,0],"SLP":[1024,1023.92004],"SNDP":[0,0],"STP":[950.2999,950.2999],"TEMP":[1.8799999,1.9399999],"VISIB":[10.15,10.589999],"WDSP":[7.1699996,6.6699996],"WNDDIR":[196.2,198.2],"time":[1549364859,1549364917]}