{"CLDC":[79.41001],"DEWP":[-3.3300004],"FRSHTT":[0],"PRCP":[0],"SLP":[993],"SNDP":[0],"STP":[975.5],"TEMP":[0.7800001],"VISIB":[12.230001],"WDSP":[7.159999],"WNDDIR":[112.2],"time":[1549364859]}