{"CLDC":[51.680004,51.85],"DEWP":[16.670002,17.02],"FRSHTT":[100000,100000],"PRCP":[0.36999997,0.36999997],"SLP":[1010.4,1010.4],"SNDP":[0,0],"STP":[1013.04004,1014.09],"TEMP":[21.490002,20.640001],"VISIB":[19.170002,19.070002],"WDSP":[9.34,9.14],"WNDDIR":[327.8,324.6],"time":[1549364860,1549364918]}