{"CLDC":[51.680004],"DEWP":[16.670002],"FRSHTT":[100000],"PRCP":[0.36999997],"SLP":[1010.4],"SNDP":[0],"STP":[1013.04004],"TEMP":[21.490002],"VISIB":[19.170002],"WDSP":[9.34],"WNDDIR":[327.8],"time":[1549364860]}