{"CLDC":[50.469997],"DEWP":[19.400002],"FRSHTT":[100000],"PRCP":[0.07],"SLP":[992.7999],"SNDP":[0],"STP":[997.81006],"TEMP":[23.1],"VISIB":[8.89],"WDSP":[5.3100004],"WNDDIR":[128.7],"time":[1549364855]}