{"CLDC":[63.130005,63.059998],"DEWP":[-2.88,-2.88],"FRSHTT":[0,0],"PRCP":[0,0],"SLP":[1016.5399,1016.5],"SNDP":[0,0],"STP":[1010.6,1010.6],"TEMP":[6.72,6.700001],"VISIB":[15.49,15.299998],"WDSP":[4.97,4.6299996],"WNDDIR":[178,174.6],"time":[1549364859,1549364917]}