{"CLDC":[50.100002],"DEWP":[19.639997],"FRSHTT":[100000],"PRCP":[0.07],"SLP":[1010.86],"SNDP":[0],"STP":[1008.4601],"TEMP":[23.650002],"VISIB":[23.74],"WDSP":[11.1],"WNDDIR":[31.2],"time":[1549364859]}