{"CLDC":[89.65001],"DEWP":[18.7],"FRSHTT":[100000],"PRCP":[0.14999999],"SLP":[1011.2899],"SNDP":[0],"STP":[1007.6],"TEMP":[22.119999],"VISIB":[16.76],"WDSP":[14.05],"WNDDIR":[314.3],"time":[1549364860]}