{"CLDC":[90.200005,90.31],"DEWP":[19.42,19.279999],"FRSHTT":[0,0],"PRCP":[0,0],"SLP":[988.24005,987.59],"SNDP":[0,0],"STP":[1006.70996,1006.4699],"TEMP":[24.14,23.599998],"VISIB":[10.539999,9.57],"WDSP":[4.6599994,4.96],"WNDDIR":[121.8,121.4],"time":[1549364861,1549364918]}