{"CLDC":[90.200005],"DEWP":[19.42],"FRSHTT":[0],"PRCP":[0],"SLP":[988.24005],"SNDP":[0],"STP":[1006.70996],"TEMP":[24.14],"VISIB":[10.539999],"WDSP":[4.6599994],"WNDDIR":[121.8],"time":[1549364861]}