{"CLDC":[50.110004,50.239998],"DEWP":[19.360003,19.2],"FRSHTT":[100000,100000],"PRCP":[0.40000004,0.40000004],"SLP":[993.61005,993.87],"SNDP":[0,0],"STP":[997.7199,996.95996],"TEMP":[22.15,22.15],"VISIB":[11.5199995,11.48],"WDSP":[5.79,5.29],"WNDDIR":[68.5,67.8],"time":[1549364855,1549364915]}