{"CLDC":[55.839996,55.85],"DEWP":[19.039999,18.859999],"FRSHTT":[100000,100000],"PRCP":[0.059999995,0.059999995],"SLP":[1011.2999,1011.2999],"SNDP":[0,0],"STP":[1009.67004,1009.77014],"TEMP":[23.209997,22.98],"VISIB":[12.92,13.089999],"WDSP":[5.3599997,4.1899996],"WNDDIR":[234,236],"time":[1549364855,1549364915]}