{"CLDC":[55.839996],"DEWP":[19.039999],"FRSHTT":[100000],"PRCP":[0.059999995],"SLP":[1011.2999],"SNDP":[0],"STP":[1009.67004],"TEMP":[23.209997],"VISIB":[12.92],"WDSP":[5.3599997],"WNDDIR":[234],"time":[1549364855]}