{"CLDC":[89.12999],"DEWP":[18.619999],"FRSHTT":[100000],"PRCP":[0.21000001],"SLP":[1011.4],"SNDP":[0],"STP":[1007.55],"TEMP":[22.88],"VISIB":[25.62],"WDSP":[14.24],"WNDDIR":[220.2],"time":[1549364856]}