{"CLDC":[54],"DEWP":[0.68],"FRSHTT":[100000],"PRCP":[0.050000004],"SLP":[1023.2001],"SNDP":[0],"STP":[990.85],"TEMP":[4.62],"VISIB":[16.83],"WDSP":[8.410001],"WNDDIR":[92.5],"time":[1549364859]}