{"CLDC":[54,53.969994],"DEWP":[0.68,1.04],"FRSHTT":[100000,100000],"PRCP":[0.050000004,0.050000004],"SLP":[1023.2001,1023.2001],"SNDP":[0,0],"STP":[990.85,991.1],"TEMP":[4.62,4.63],"VISIB":[16.83,17.27],"WDSP":[8.410001,8.109999],"WNDDIR":[92.5,92.1],"time":[1549364859,1549364918]}