{"CLDC":[6.2899995],"DEWP":[16.960001],"FRSHTT":[0],"PRCP":[0],"SLP":[989.39],"SNDP":[0],"STP":[994.95996],"TEMP":[21.48],"VISIB":[10.910001],"WDSP":[2.02],"WNDDIR":[101.3],"time":[1549364859]}