{"CLDC":[25.38,25.21],"DEWP":[-3.06,-2.95],"FRSHTT":[0,0],"PRCP":[0,0],"SLP":[1024.7001,1024.72],"SNDP":[0,0],"STP":[941.2001,941.2001],"TEMP":[1.26,1.2700001],"VISIB":[11.400001,10.96],"WDSP":[13.37,13.169998],"WNDDIR":[176.5,178.8],"time":[1549364860,1549364918]}