{"CLDC":[50.010002,50.100002],"DEWP":[0.08000002,-0.45],"FRSHTT":[100000,100000],"PRCP":[0.029999997,0.029999997],"SLP":[1019.5,1019.5],"SNDP":[0,0],"STP":[1013.4801,1013.2699],"TEMP":[5.2200003,5.22],"VISIB":[9.1,8.99],"WDSP":[10.910001,11.589999],"WNDDIR":[43.6,46.2],"time":[1549364860,1549364918]}