{"CLDC":[25.32],"DEWP":[18.119999],"FRSHTT":[0],"PRCP":[0],"SLP":[1012.2001],"SNDP":[0],"STP":[1002.3501],"TEMP":[20.760002],"VISIB":[128.84],"WDSP":[18.04],"WNDDIR":[252],"time":[1549364859]}