{"CLDC":[25.32,25.080002],"DEWP":[18.119999,18.05],"FRSHTT":[0,0],"PRCP":[0,0],"SLP":[1012.2001,1012.2001],"SNDP":[0,0],"STP":[1002.3501,1000.85],"TEMP":[20.760002,21.080002],"VISIB":[128.84,129.23001],"WDSP":[18.04,17.670002],"WNDDIR":[252,249.8],"time":[1549364859,1549364917]}