{"CLDC":[85.54],"DEWP":[19.14],"FRSHTT":[100000],"PRCP":[0.050000004],"SLP":[1009.7999],"SNDP":[0],"STP":[1010.07],"TEMP":[24.560001],"VISIB":[13.12],"WDSP":[12.95],"WNDDIR":[333.2],"time":[1549364859]}