{"CLDC":[50.220005],"DEWP":[20.64],"FRSHTT":[100000],"PRCP":[0.33999997],"SLP":[1011.1],"SNDP":[0],"STP":[1012.3499],"TEMP":[22.000002],"VISIB":[11.18],"WDSP":[6.55],"WNDDIR":[174.9],"time":[1549364855]}