{"CLDC":[67.92,67.86001],"DEWP":[17.740002,17.74],"FRSHTT":[100000,100000],"PRCP":[0.09000001,0.09000001],"SLP":[1012.5,1012.5],"SNDP":[0,0],"STP":[1006.4,1006.2001],"TEMP":[21.799997,21.699997],"VISIB":[15.49,15.719998],"WDSP":[9.43,8.15],"WNDDIR":[58.6,56.1],"time":[1549364858,1549364917]}