{"CLDC":[50.030003],"DEWP":[18.500002],"FRSHTT":[100000],"PRCP":[0.14],"SLP":[1013.4],"SNDP":[0],"STP":[1013.86],"TEMP":[22.499998],"VISIB":[13.209999],"WDSP":[7.8700004],"WNDDIR":[77.8],"time":[1549364858]}