{"CLDC":[50.190002,50.510002],"DEWP":[17.84,17.9],"FRSHTT":[100000,100000],"PRCP":[0.09000001,0.09000001],"SLP":[1014.9,1014.9],"SNDP":[0,0],"STP":[1014.1,1014.1],"TEMP":[21.8,22.399998],"VISIB":[17.600002,17.58],"WDSP":[6.4300003,6.28],"WNDDIR":[90.7,88.2],"time":[1549364858,1549364917]}