{"CLDC":[50.030003,50.399998],"DEWP":[18.500002,18.560001],"FRSHTT":[100000,100000],"PRCP":[0.14,0.14],"SLP":[1013.4,1013.44006],"SNDP":[0,0],"STP":[1013.86,1014.98],"TEMP":[22.499998,22.499998],"VISIB":[13.209999,13.039999],"WDSP":[7.8700004,7.609999],"WNDDIR":[77.8,74.7],"time":[1549364858,1549364917]}