{"CLDC":[54,53.640003],"DEWP":[19.7,19.560001],"FRSHTT":[100000,100000],"PRCP":[0.14,0.14],"SLP":[1008.9,1008.77],"SNDP":[0,0],"STP":[941.4,941.4],"TEMP":[20.45,20.45],"VISIB":[15.110001,14.12],"WDSP":[5.5200005,5.32],"WNDDIR":[191.2,193.2],"time":[1549364859,1549364917]}