{"CLDC":[62.609997],"DEWP":[18],"FRSHTT":[100000],"PRCP":[0.009999999],"SLP":[1010.37],"SNDP":[0],"STP":[1012.67004],"TEMP":[22.7],"VISIB":[12.95],"WDSP":[13.57],"WNDDIR":[345.1],"time":[1549364860]}