{"CLDC":[62.609997,62.72],"DEWP":[18,17.939999],"FRSHTT":[100000,100000],"PRCP":[0.009999999,0.009999999],"SLP":[1010.37,1010.55],"SNDP":[0,0],"STP":[1012.67004,1012.32],"TEMP":[22.7,22.69],"VISIB":[12.95,13.199999],"WDSP":[13.57,13.169998],"WNDDIR":[345.1,343],"time":[1549364860,1549364918]}