{"CLDC":[50.42,50.839996],"DEWP":[-0.9599999,-0.96000004],"FRSHTT":[100000,100000],"PRCP":[0.009999999,0.009999999],"SLP":[1024.4001,1024.4401],"SNDP":[0,0],"STP":[1001.89,1001.97003],"TEMP":[3.56,3.56],"VISIB":[9.92,9.4800005],"WDSP":[7.850001,8.179999],"WNDDIR":[242.2,241.9],"time":[1549364858,1549364917]}