{"CLDC":[64.299995,64.52999],"DEWP":[18.259998,18.02],"FRSHTT":[0,0],"PRCP":[0,0],"SLP":[1012.36005,1012.4],"SNDP":[0,0],"STP":[1014.1,1014.1],"TEMP":[21.500004,21.350002],"VISIB":[18.36,17.88],"WDSP":[4.6400003,4.4800005],"WNDDIR":[166.6,167.3],"time":[1549364859,1549364917]}