{"CLDC":[16.530003],"DEWP":[17.1],"FRSHTT":[0],"PRCP":[0],"SLP":[1011.4],"SNDP":[0],"STP":[1015.83997],"TEMP":[22.839998],"VISIB":[12.81],"WDSP":[7.9199996],"WNDDIR":[55.4],"time":[1549364860]}