{"CLDC":[50.130005],"DEWP":[11.85],"FRSHTT":[100000],"PRCP":[0.07],"SLP":[969.2899],"SNDP":[0],"STP":[972.4],"TEMP":[16.97],"VISIB":[13.390001],"WDSP":[7.71],"WNDDIR":[170.3],"time":[1549364860]}