{"CLDC":[50.130005,50.299995],"DEWP":[11.85,11.900002],"FRSHTT":[100000,100000],"PRCP":[0.07,0.07],"SLP":[969.2899,969.25],"SNDP":[0,0],"STP":[972.4,972.4],"TEMP":[16.97,16.460001],"VISIB":[13.390001,13.139999],"WDSP":[7.71,7.9900002],"WNDDIR":[170.3,168.5],"time":[1549364860,1549364918]}