{"CLDC":[55.849995,55.829998],"DEWP":[16.08,16.259998],"FRSHTT":[0,0],"PRCP":[0,0],"SLP":[1008.75,1008.11005],"SNDP":[0,0],"STP":[987.57,987.43005],"TEMP":[16.83,16.88],"VISIB":[10.36,10.7],"WDSP":[10.619999,11.099999],"WNDDIR":[118.8,116.4],"time":[1549364857,1549364916]}