{"CLDC":[63.43],"DEWP":[-1.2299999],"FRSHTT":[100000],"PRCP":[0.009999999],"SLP":[1020.2999],"SNDP":[0],"STP":[946],"TEMP":[2.18],"VISIB":[12.370001],"WDSP":[5.9700003],"WNDDIR":[215.7],"time":[1549364858]}