{"CLDC":[50.04],"DEWP":[18.650002],"FRSHTT":[100000],"PRCP":[0.19000001],"SLP":[1012.7001],"SNDP":[0],"STP":[1004.9],"TEMP":[22.320004],"VISIB":[17.32],"WDSP":[9.22],"WNDDIR":[30],"time":[1549364860]}