{"CLDC":[99.19001],"DEWP":[8.79],"FRSHTT":[0],"PRCP":[0],"SLP":[986.6999],"SNDP":[0],"STP":[996.9199],"TEMP":[21.5],"VISIB":[10.420001],"WDSP":[8.639999],"WNDDIR":[293.7],"time":[1549364857]}