{"CLDC":[7.79,7.940001],"DEWP":[15.040001,15.0199995],"FRSHTT":[0,0],"PRCP":[0,0],"SLP":[1006,1006.04004],"SNDP":[0,0],"STP":[1025.87,1026.55],"TEMP":[20.279999,20.210001],"VISIB":[13.69,13.9],"WDSP":[8.929999,9.509999],"WNDDIR":[305.1,305.3],"time":[1549364858,1549364917]}