{"CLDC":[7.79],"DEWP":[15.040001],"FRSHTT":[0],"PRCP":[0],"SLP":[1006],"SNDP":[0],"STP":[1025.87],"TEMP":[20.279999],"VISIB":[13.69],"WDSP":[8.929999],"WNDDIR":[305.1],"time":[1549364858]}