{"CLDC":[72.24999],"DEWP":[13.299998],"FRSHTT":[100000],"PRCP":[0.019999998],"SLP":[982.36],"SNDP":[0],"STP":[963.41003],"TEMP":[18.2],"VISIB":[10.65],"WDSP":[9.34],"WNDDIR":[138.7],"time":[1549364858]}