{"CLDC":[53.170006,53.440002],"DEWP":[16.599998,16.099998],"FRSHTT":[100000,100000],"PRCP":[0.11,0.11],"SLP":[1009.7001,1009.7001],"SNDP":[0,0],"STP":[955.7101,955.7999],"TEMP":[21.34,21.45],"VISIB":[15.460001,15.030002],"WDSP":[13.710001,14.45],"WNDDIR":[39.9,39.1],"time":[1549364861,1549364918]}