{"CLDC":[67.64,67.45],"DEWP":[18.219997,18.3],"FRSHTT":[100000,100000],"PRCP":[0.059999995,0.059999995],"SLP":[1013.4,1013.4],"SNDP":[0,0],"STP":[1011.9,1011.9],"TEMP":[22.1,22.299997],"VISIB":[16.57,16.92],"WDSP":[11.129999,10.51],"WNDDIR":[75.9,81.7],"time":[1549364855,1549364915]}