{"CLDC":[45.640003,45.929996],"DEWP":[6.85,7.2399993],"FRSHTT":[0,0],"PRCP":[0,0],"SLP":[1017.7001,1017.7001],"SNDP":[0,0],"STP":[1037.2,1037.4001],"TEMP":[14.06,13.7300005],"VISIB":[20,20.41],"WDSP":[7.71,8.29],"WNDDIR":[328,326.5],"time":[1549364858,1549364916]}