{"CLDC":[3.2699997],"DEWP":[11.56],"FRSHTT":[0],"PRCP":[0],"SLP":[1018.4],"SNDP":[0],"STP":[1016.6999],"TEMP":[16.580002],"VISIB":[19.179998],"WDSP":[15.33],"WNDDIR":[9.6],"time":[1549364857]}