{"CLDC":[3.2699997,2.63],"DEWP":[11.56,11.32],"FRSHTT":[0,0],"PRCP":[0,0],"SLP":[1018.4,1018.4],"SNDP":[0,0],"STP":[1016.6999,1013.9601],"TEMP":[16.580002,16.460001],"VISIB":[19.179998,19.67],"WDSP":[15.33,14.33],"WNDDIR":[9.6,8.8],"time":[1549364857,1549364916]}