{"CLDC":[69.62,69.09999],"DEWP":[12.9,12.9],"FRSHTT":[0,0],"PRCP":[0,0],"SLP":[987.13,987.0101],"SNDP":[0,0],"STP":[981.13007,981.55994],"TEMP":[19.9,20.140001],"VISIB":[10.57,10.93],"WDSP":[13.12,12.880002],"WNDDIR":[32.1,30.2],"time":[1549364860,1549364918]}