{"CLDC":[77.740005],"DEWP":[18.440002],"FRSHTT":[0],"PRCP":[0],"SLP":[982.7601],"SNDP":[0],"STP":[988.7799],"TEMP":[19.900002],"VISIB":[10.2],"WDSP":[11.57],"WNDDIR":[168.7],"time":[1549364860]}