{"CLDC":[76.31],"DEWP":[14],"FRSHTT":[100000],"PRCP":[0.10000001],"SLP":[1008.2001],"SNDP":[0],"STP":[954.75995],"TEMP":[19.119999],"VISIB":[11.38],"WDSP":[13.87],"WNDDIR":[122.3],"time":[1549364860]}