{"CLDC":[77.740005,77.56999],"DEWP":[18.440002,18.520002],"FRSHTT":[0,0],"PRCP":[0,0],"SLP":[982.7601,983.48],"SNDP":[0,0],"STP":[988.7799,988.7399],"TEMP":[19.900002,19.54],"VISIB":[10.2,10.049999],"WDSP":[11.57,11.55],"WNDDIR":[168.7,169.4],"time":[1549364860,1549364918]}