{"CLDC":[50.170006],"DEWP":[2.6],"FRSHTT":[100000],"PRCP":[0.050000004],"SLP":[1020.7001],"SNDP":[0],"STP":[1018.2101],"TEMP":[6.8799996],"VISIB":[10.99],"WDSP":[11.269999],"WNDDIR":[281.5],"time":[1549364859]}