{"CLDC":[50.170006,50.35],"DEWP":[2.6,2.55],"FRSHTT":[100000,100000],"PRCP":[0.050000004,0.050000004],"SLP":[1020.7001,1020.7001],"SNDP":[0,0],"STP":[1018.2101,1019.2],"TEMP":[6.8799996,6.88],"VISIB":[10.99,10.930001],"WDSP":[11.269999,11.959999],"WNDDIR":[281.5,282.8],"time":[1549364859,1549364917]}