{"CLDC":[41.239998],"DEWP":[17.300001],"FRSHTT":[0],"PRCP":[0],"SLP":[1002.62],"SNDP":[0],"STP":[1011.19006],"TEMP":[22.34],"VISIB":[13.020001],"WDSP":[8.139999],"WNDDIR":[185.1],"time":[1549364861]}