{"CLDC":[93.41,93.420006],"DEWP":[14,13.9],"FRSHTT":[0,0],"PRCP":[0,0],"SLP":[1010.5,1010.4601],"SNDP":[0,0],"STP":[1011.92004,1013.4601],"TEMP":[20.419998,20.42],"VISIB":[13.44,13.93],"WDSP":[5.52,6.2],"WNDDIR":[177.7,175.7],"time":[1549364861,1549364919]}