{"CLDC":[41.239998,41.480003],"DEWP":[17.300001,17.300001],"FRSHTT":[0,0],"PRCP":[0,0],"SLP":[1002.62,1002.23],"SNDP":[0,0],"STP":[1011.19006,1009.0199],"TEMP":[22.34,22.360003],"VISIB":[13.020001,13.179998],"WDSP":[8.139999,7.0100007],"WNDDIR":[185.1,181.7],"time":[1549364861,1549364918]}