{"CLDC":[93.33,93.15999],"DEWP":[17.14,17.23],"FRSHTT":[0,0],"PRCP":[0,0],"SLP":[1005.63995,1005.45996],"SNDP":[0,0],"STP":[1001.31995,1001.23],"TEMP":[21.970003,21.820004],"VISIB":[10.38,9.9800005],"WDSP":[8.95,8.09],"WNDDIR":[196.2,195.5],"time":[1549364861,1549364918]}