{"CLDC":[93.09999,93.079994],"DEWP":[14.170001,14.26],"FRSHTT":[0,0],"PRCP":[0,0],"SLP":[1008.7001,1008.7001],"SNDP":[0,0],"STP":[963.1,963.2001],"TEMP":[19.150002,19.02],"VISIB":[12.360002,12.92],"WDSP":[9.39,10.160001],"WNDDIR":[47.2,41],"time":[1549364855,1549364915]}