{"CLDC":[93.09999],"DEWP":[14.170001],"FRSHTT":[0],"PRCP":[0],"SLP":[1008.7001],"SNDP":[0],"STP":[963.1],"TEMP":[19.150002],"VISIB":[12.360002],"WDSP":[9.39],"WNDDIR":[47.2],"time":[1549364855]}