{"CLDC":[51.170006,51.4],"DEWP":[11.96,11.87],"FRSHTT":[0,0],"PRCP":[0,0],"SLP":[997.2101,997.91003],"SNDP":[0,0],"STP":[996.2999,996.05],"TEMP":[18.17,17.73],"VISIB":[9.499999,9.78],"WDSP":[11.86,11.54],"WNDDIR":[131.5,133.3],"time":[1549364855,1549364915]}