{"CLDC":[61.769997],"DEWP":[13.35],"FRSHTT":[0],"PRCP":[0],"SLP":[1012.5],"SNDP":[0],"STP":[1038.7],"TEMP":[17.499998],"VISIB":[16.45],"WDSP":[11.76],"WNDDIR":[87.3],"time":[1549364855]}