{"CLDC":[71.740005],"DEWP":[14.33],"FRSHTT":[0],"PRCP":[0],"SLP":[1001.5],"SNDP":[0],"STP":[983.50995],"TEMP":[20.39],"VISIB":[10.820001],"WDSP":[9.29],"WNDDIR":[324],"time":[1549364855]}