{"CLDC":[71.740005,71.62999],"DEWP":[14.33,14.33],"FRSHTT":[0,0],"PRCP":[0,0],"SLP":[1001.5,1001.31995],"SNDP":[0,0],"STP":[983.50995,984.43994],"TEMP":[20.39,19.820004],"VISIB":[10.820001,11.149999],"WDSP":[9.29,8.65],"WNDDIR":[324,324.4],"time":[1549364855,1549364915]}