{"CLDC":[50.180004,50.469997],"DEWP":[14.370001,14.42],"FRSHTT":[100000,100000],"PRCP":[0.07999999,0.07999999],"SLP":[1001.2001,1001.2001],"SNDP":[0,0],"STP":[937.5,937.5],"TEMP":[19.1,19.159998],"VISIB":[8.820002,8.450001],"WDSP":[9.74,9.879999],"WNDDIR":[302.4,301.9],"time":[1549364856,1549364915]}