{"CLDC":[34.210003],"DEWP":[10.42],"FRSHTT":[0],"PRCP":[0],"SLP":[1013.42004],"SNDP":[0],"STP":[1029.39],"TEMP":[23.599998],"VISIB":[19.369999],"WDSP":[7.22],"WNDDIR":[288.3],"time":[1549364859]}