{"CLDC":[34.210003,34.250004],"DEWP":[10.42,10.58],"FRSHTT":[0,0],"PRCP":[0,0],"SLP":[1013.42004,1013.39],"SNDP":[0,0],"STP":[1029.39,1029.2999],"TEMP":[23.599998,23.880001],"VISIB":[19.369999,18.98],"WDSP":[7.22,6.45],"WNDDIR":[288.3,292.7],"time":[1549364859,1549364917]}