{"CLDC":[50.08,50.010002],"DEWP":[16.05,16.05],"FRSHTT":[100000,100000],"PRCP":[0.26,0.26],"SLP":[1009.55,1009.6],"SNDP":[0,0],"STP":[982.32996,982.36005],"TEMP":[20.44,20.51],"VISIB":[12.910001,13.2699995],"WDSP":[8.969999,9.0199995],"WNDDIR":[273.1,272],"time":[1549364859,1549364917]}