{"CLDC":[50.08],"DEWP":[16.05],"FRSHTT":[100000],"PRCP":[0.26],"SLP":[1009.55],"SNDP":[0],"STP":[982.32996],"TEMP":[20.44],"VISIB":[12.910001],"WDSP":[8.969999],"WNDDIR":[273.1],"time":[1549364859]}