{"CLDC":[50.24],"DEWP":[17.78],"FRSHTT":[100000],"PRCP":[0.38000003],"SLP":[1012.6],"SNDP":[0],"STP":[1011.2999],"TEMP":[21.59],"VISIB":[14.62],"WDSP":[11.340001],"WNDDIR":[88.6],"time":[1549364855]}