{"CLDC":[50.24,50],"DEWP":[17.78,18.06],"FRSHTT":[100000,100000],"PRCP":[0.38000003,0.38000003],"SLP":[1012.6,1012.6],"SNDP":[0,0],"STP":[1011.2999,1011.2999],"TEMP":[21.59,21.44],"VISIB":[14.62,14.960001],"WDSP":[11.340001,11.51],"WNDDIR":[88.6,87.9],"time":[1549364855,1549364915]}