{"CLDC":[76.38001,75.979996],"DEWP":[11.4,11.4],"FRSHTT":[0,0],"PRCP":[0,0],"SLP":[1013.7999,1013.7001],"SNDP":[0,0],"STP":[1004.94006,1004.80994],"TEMP":[21.26,21.529999],"VISIB":[12.430001,11.99],"WDSP":[14.289999,14.15],"WNDDIR":[250,247.6],"time":[1549364858,1549364917]}