{"CLDC":[26.780003],"DEWP":[-0.8499999],"FRSHTT":[0],"PRCP":[0],"SLP":[1022.7999],"SNDP":[0],"STP":[1015.55],"TEMP":[2.85],"VISIB":[9.030001],"WDSP":[8.960001],"WNDDIR":[161.5],"time":[1549364860]}