{"CLDC":[50.06,50.449997],"DEWP":[15.56,15.339999],"FRSHTT":[100000,100000],"PRCP":[0.07999999,0.07999999],"SLP":[1010.6,1010.64],"SNDP":[0,0],"STP":[1011.1,1011.2101],"TEMP":[20.960003,20.61],"VISIB":[15.43,15.49],"WDSP":[12.429999,12.81],"WNDDIR":[80.3,77.2],"time":[1549364860,1549364918]}