{"CLDC":[62.1],"DEWP":[15.860001],"FRSHTT":[100000],"PRCP":[0.09000001],"SLP":[1007.25],"SNDP":[0],"STP":[1000.5],"TEMP":[21.2],"VISIB":[12.069999],"WDSP":[13.63],"WNDDIR":[271.6],"time":[1549364860]}