{"CLDC":[12.699999],"DEWP":[15.06],"FRSHTT":[0],"PRCP":[0],"SLP":[1010.15],"SNDP":[0],"STP":[1006.37],"TEMP":[24.3],"VISIB":[11.31],"WDSP":[19.180002],"WNDDIR":[125.8],"time":[1549364860]}