{"CLDC":[12.699999,12.4800005],"DEWP":[15.06,15.1],"FRSHTT":[0,0],"PRCP":[0,0],"SLP":[1010.15,1011.11],"SNDP":[0,0],"STP":[1006.37,1006.02],"TEMP":[24.3,24.519999],"VISIB":[11.31,10.67],"WDSP":[19.180002,19.219997],"WNDDIR":[125.8,124.1],"time":[1549364860,1549364918]}