{"CLDC":[50.030003],"DEWP":[19.650002],"FRSHTT":[100000],"PRCP":[0.23999998],"SLP":[1012],"SNDP":[0],"STP":[1009.55],"TEMP":[21.95],"VISIB":[16.500002],"WDSP":[7.8300004],"WNDDIR":[143.4],"time":[1549364858]}