{"CLDC":[52.140003,52.46],"DEWP":[4.35,4.24],"FRSHTT":[0,0],"PRCP":[0,0],"SLP":[722.92,721.04],"SNDP":[0,0],"STP":[728,728],"TEMP":[8.949999,8.949999],"VISIB":[9.61,9.42],"WDSP":[10.04,9.5199995],"WNDDIR":[196.5,193.6],"time":[1549364859,1549364917]}