{"CLDC":[50.229996,50.05],"DEWP":[4.93,4.75],"FRSHTT":[100000,100000],"PRCP":[0.11,0.11],"SLP":[847.2699,847.4],"SNDP":[0,0],"STP":[843.7899,843.7001],"TEMP":[9.650001,9.6],"VISIB":[10.21,10.530001],"WDSP":[7.5099998,7.13],"WNDDIR":[343.3,341.5],"time":[1549364860,1549364918]}