{"CLDC":[50.229996],"DEWP":[4.93],"FRSHTT":[100000],"PRCP":[0.11],"SLP":[847.2699],"SNDP":[0],"STP":[843.7899],"TEMP":[9.650001],"VISIB":[10.21],"WDSP":[7.5099998],"WNDDIR":[343.3],"time":[1549364860]}