{"CLDC":[92.39,92.14],"DEWP":[-0.32,-0.44],"FRSHTT":[100000,100000],"PRCP":[0.059999995,0.059999995],"SLP":[1023.1,1023.1],"SNDP":[0,0],"STP":[1019.4,1019.66],"TEMP":[4.5000005,4.48],"VISIB":[12.04,12.24],"WDSP":[9.0199995,8.870001],"WNDDIR":[98.1,98.5],"time":[1549364855,1549364915]}