{"CLDC":[93.48,93.48],"DEWP":[19.399998,19.399998],"FRSHTT":[0,0],"PRCP":[0,0],"SLP":[999.24005,998.3],"SNDP":[0,0],"STP":[1000.62,1000.32996],"TEMP":[22.94,23.050001],"VISIB":[11.07,11.519999],"WDSP":[9.07,9.179999],"WNDDIR":[104.1,102.3],"time":[1549364856,1549364916]}