{"CLDC":[93.48],"DEWP":[19.399998],"FRSHTT":[0],"PRCP":[0],"SLP":[999.24005],"SNDP":[0],"STP":[1000.62],"TEMP":[22.94],"VISIB":[11.07],"WDSP":[9.07],"WNDDIR":[104.1],"time":[1549364856]}