{"CLDC":[8.81,8.71],"DEWP":[21.54,21.46],"FRSHTT":[0,0],"PRCP":[0,0],"SLP":[1011.49005,1011.49005],"SNDP":[0,0],"STP":[1037.72,1037.74],"TEMP":[25.46,25.74],"VISIB":[160.21,159.82999],"WDSP":[14.2,14.469999],"WNDDIR":[288.9,285],"time":[1549364857,1549364916]}