{"CLDC":[50.06,50.080006],"DEWP":[3.83,4.16],"FRSHTT":[100000,100000],"PRCP":[0.059999995,0.059999995],"SLP":[999.05,999.3],"SNDP":[0,0],"STP":[992.05,991.27],"TEMP":[9.18,9.09],"VISIB":[10.52,10.03],"WDSP":[15.889999,17.21],"WNDDIR":[71,70.2],"time":[1549364857,1549364916]}