{"CLDC":[64.02],"DEWP":[20.72],"FRSHTT":[100000],"PRCP":[1.6699998],"SLP":[1011.7001],"SNDP":[0],"STP":[992.27],"TEMP":[21.949999],"VISIB":[11.539999],"WDSP":[4.6],"WNDDIR":[351.4],"time":[1549364857]}