{"CLDC":[64.02,63.989998],"DEWP":[20.72,20.45],"FRSHTT":[100000,100000],"PRCP":[1.6699998,1.6800001],"SLP":[1011.7001,1011.7999],"SNDP":[0,0],"STP":[992.27,992.47003],"TEMP":[21.949999,21.949999],"VISIB":[11.539999,10.99],"WDSP":[4.6,4.3599997],"WNDDIR":[351.4,350.8],"time":[1549364857,1549364916]}