{"CLDC":[68.31999],"DEWP":[1.6199999],"FRSHTT":[100000],"PRCP":[0.050000004],"SLP":[758.9601],"SNDP":[0],"STP":[753.60004],"TEMP":[7.9800005],"VISIB":[15.26],"WDSP":[5.0000005],"WNDDIR":[87.6],"time":[1549364858]}