{"CLDC":[83.28999,82.96],"DEWP":[-2.69,-2.69],"FRSHTT":[100000,100000],"PRCP":[0.009999999,0.009999999],"SLP":[1023.2999,1023.2999],"SNDP":[0,0],"STP":[954.42004,954.50995],"TEMP":[1.8599999,1.85],"VISIB":[9.370001,9.81],"WDSP":[5.51,5.6099997],"WNDDIR":[302.9,304.9],"time":[1549364855,1549364915]}