{"CLDC":[83.28999],"DEWP":[-2.69],"FRSHTT":[100000],"PRCP":[0.009999999],"SLP":[1023.2999],"SNDP":[0],"STP":[954.42004],"TEMP":[1.8599999],"VISIB":[9.370001],"WDSP":[5.51],"WNDDIR":[302.9],"time":[1549364855]}