{"CLDC":[54.789997,54.680004],"DEWP":[19.310001,19.52],"FRSHTT":[100000,100000],"PRCP":[0.14999999,0.14999999],"SLP":[1007.16,1007.07996],"SNDP":[0,0],"STP":[1005.00995,1005.1],"TEMP":[23.070002,23.34],"VISIB":[10.36,10.67],"WDSP":[6.4899993,7.0299997],"WNDDIR":[299.7,302.8],"time":[1549364861,1549364919]}