{"CLDC":[2.36,1.6700001],"DEWP":[-0.7999999,-1.0999999],"FRSHTT":[0,0],"PRCP":[0,0],"SLP":[738.52,738.50006],"SNDP":[0,0],"STP":[753.10004,753.10004],"TEMP":[9.950001,10.07],"VISIB":[14.13,13.669998],"WDSP":[6.4200006,6.3900003],"WNDDIR":[178.1,180.5],"time":[1549364856,1549364915]}