{"CLDC":[2.36],"DEWP":[-0.7999999],"FRSHTT":[0],"PRCP":[0],"SLP":[738.52],"SNDP":[0],"STP":[753.10004],"TEMP":[9.950001],"VISIB":[14.13],"WDSP":[6.4200006],"WNDDIR":[178.1],"time":[1549364856]}