{"CLDC":[50.170006],"DEWP":[-2.48],"FRSHTT":[100000],"PRCP":[0.10000001],"SLP":[1020.19006],"SNDP":[0],"STP":[1014.2999],"TEMP":[4.6400003],"VISIB":[8.120001],"WDSP":[7.410001],"WNDDIR":[156.6],"time":[1549364856]}