{"CLDC":[50.170006],"DEWP":[-0.19999999],"FRSHTT":[100000],"PRCP":[0.09000001],"SLP":[1022.9],"SNDP":[0],"STP":[1015.4],"TEMP":[5.62],"VISIB":[13.710001],"WDSP":[7.1800003],"WNDDIR":[7.1],"time":[1549364857]}