{"CLDC":[50.06,50.010002],"DEWP":[19.2,18.960003],"FRSHTT":[100000,100000],"PRCP":[0.11,0.11],"SLP":[1010.00995,1010],"SNDP":[0,0],"STP":[998.7001,998.7001],"TEMP":[22.580002,22.320002],"VISIB":[10.290001,10.629999],"WDSP":[4.7399993,4.5299997],"WNDDIR":[148.3,155.3],"time":[1549364857,1549364916]}