{"CLDC":[50.06],"DEWP":[19.2],"FRSHTT":[100000],"PRCP":[0.11],"SLP":[1010.00995],"SNDP":[0],"STP":[998.7001],"TEMP":[22.580002],"VISIB":[10.290001],"WDSP":[4.7399993],"WNDDIR":[148.3],"time":[1549364857]}