{"CLDC":[50.269997,50.730003],"DEWP":[18.59,18.52],"FRSHTT":[100000,100000],"PRCP":[0.59999996,0.59999996],"SLP":[1010.6,1010.6],"SNDP":[0,0],"STP":[1008.67004,1007.7899],"TEMP":[23.12,23.040003],"VISIB":[71,71],"WDSP":[12.83,14.029999],"WNDDIR":[100.9,100.7],"time":[1549364857,1549364916]}