{"CLDC":[50.39],"DEWP":[18.3],"FRSHTT":[100000],"PRCP":[0.23999998],"SLP":[1013.2001],"SNDP":[0],"STP":[987.0199],"TEMP":[22.5],"VISIB":[12.300001],"WDSP":[5.8],"WNDDIR":[28.1],"time":[1549364859]}