{"CLDC":[9.99,9.82],"DEWP":[0.5200001,0.6600001],"FRSHTT":[0,0],"PRCP":[0,0],"SLP":[751.77,752.01],"SNDP":[0,0],"STP":[760.06006,760.10004],"TEMP":[8.949999,8.949999],"VISIB":[13.56,13.039999],"WDSP":[7.2699995,7.340001],"WNDDIR":[251.1,254.6],"time":[1549364860,1549364918]}