{"CLDC":[50.11,50.23],"DEWP":[15.900002,16.2],"FRSHTT":[100000,100000],"PRCP":[0.019999998,0.019999998],"SLP":[1010.9,1010.9],"SNDP":[0,0],"STP":[1008.41003,1008.5],"TEMP":[21.899998,21.899998],"VISIB":[10.599998,10.71],"WDSP":[13.26,13.6],"WNDDIR":[264.6,263],"time":[1549364861,1549364919]}