{"CLDC":[50.11],"DEWP":[15.900002],"FRSHTT":[100000],"PRCP":[0.019999998],"SLP":[1010.9],"SNDP":[0],"STP":[1008.41003],"TEMP":[21.899998],"VISIB":[10.599998],"WDSP":[13.26],"WNDDIR":[264.6],"time":[1549364861]}