{"CLDC":[77.579994],"DEWP":[13.759999],"FRSHTT":[0],"PRCP":[0],"SLP":[1012.2999],"SNDP":[0],"STP":[1008.7001],"TEMP":[17.64],"VISIB":[11.69],"WDSP":[14.31],"WNDDIR":[316.5],"time":[1549364858]}