{"CLDC":[73.71001],"DEWP":[13.419998],"FRSHTT":[0],"PRCP":[0],"SLP":[1007.1],"SNDP":[0],"STP":[1007.1],"TEMP":[21.8],"VISIB":[9.639999],"WDSP":[21.73],"WNDDIR":[163.5],"time":[1549364859]}