{"CLDC":[82.079994],"DEWP":[3.0000002],"FRSHTT":[100000],"PRCP":[0.09000001],"SLP":[720.54],"SNDP":[0],"STP":[736.5],"TEMP":[9.039999],"VISIB":[11.649999],"WDSP":[12.52],"WNDDIR":[326.8],"time":[1549364859]}