{"CLDC":[82.079994,82.09999],"DEWP":[3.0000002,2.7000003],"FRSHTT":[100000,100000],"PRCP":[0.09000001,0.09000001],"SLP":[720.54,720.32996],"SNDP":[0,0],"STP":[736.5,736.66003],"TEMP":[9.039999,8.98],"VISIB":[11.649999,11.47],"WDSP":[12.52,12.76],"WNDDIR":[326.8,329.2],"time":[1549364859,1549364917]}