{"CLDC":[50.279995,50.140003],"DEWP":[7.160001,7.4],"FRSHTT":[100000,100000],"PRCP":[0.050000004,0.050000004],"SLP":[815.93,814.39],"SNDP":[0,0],"STP":[815.10004,815.10004],"TEMP":[15.300001,15.400002],"VISIB":[12.089999,11.0199995],"WDSP":[12.789999,12.07],"WNDDIR":[31.3,28.2],"time":[1549364860,1549364918]}