{"CLDC":[76.22,76.67],"DEWP":[15.499998,15.899999],"FRSHTT":[100000,100000],"PRCP":[1.7700002,1.7700002],"SLP":[1008.1,1008],"SNDP":[0,0],"STP":[939.6,939.6],"TEMP":[18.75,18.94],"VISIB":[10.109999,10.379999],"WDSP":[12.9800005,12.940001],"WNDDIR":[102.3,102.8],"time":[1549364859,1549364917]}