{"CLDC":[76.22],"DEWP":[15.499998],"FRSHTT":[100000],"PRCP":[1.7700002],"SLP":[1008.1],"SNDP":[0],"STP":[939.6],"TEMP":[18.75],"VISIB":[10.109999],"WDSP":[12.9800005],"WNDDIR":[102.3],"time":[1549364859]}