{"CLDC":[61.03],"DEWP":[2.44],"FRSHTT":[100000],"PRCP":[0.14],"SLP":[687.80994],"SNDP":[0],"STP":[687.39996],"TEMP":[7.9199996],"VISIB":[10.840001],"WDSP":[5.23],"WNDDIR":[184.1],"time":[1549364860]}