{"CLDC":[85.21001,85.40001],"DEWP":[15.579999,15.26],"FRSHTT":[0,0],"PRCP":[0,0],"SLP":[1009.7999,1009.7999],"SNDP":[0,0],"STP":[1010.2001,1010.2399],"TEMP":[20.05,20.16],"VISIB":[10.54,10.370001],"WDSP":[13.370001,13.950002],"WNDDIR":[160.3,161.2],"time":[1549364860,1549364918]}