{"CLDC":[1.7199999],"DEWP":[14.319998],"FRSHTT":[0],"PRCP":[0],"SLP":[1011],"SNDP":[0],"STP":[1004.1],"TEMP":[18.7],"VISIB":[10.400001],"WDSP":[24.44],"WNDDIR":[349.2],"time":[1549364856]}