{"CLDC":[94.31],"DEWP":[-10.64],"FRSHTT":[0],"PRCP":[0],"SLP":[654.80994],"SNDP":[0],"STP":[644.60004],"TEMP":[1.9799999],"VISIB":[12.679999],"WDSP":[12.04],"WNDDIR":[77],"time":[1549364856]}