{"CLDC":[57.579998],"DEWP":[3.8400002],"FRSHTT":[100000],"PRCP":[0.009999999],"SLP":[751.77],"SNDP":[0],"STP":[752.7999],"TEMP":[9.679999],"VISIB":[9.97],"WDSP":[7.9700003],"WNDDIR":[89.7],"time":[1549364857]}