{"CLDC":[62.359997,62.299995],"DEWP":[9,8.88],"FRSHTT":[0,0],"PRCP":[0,0],"SLP":[1013.6,1013.6],"SNDP":[0,0],"STP":[965.6,965.5],"TEMP":[17.199999,16.8],"VISIB":[11.870001,12.54],"WDSP":[9.99,9.17],"WNDDIR":[160.6,159.1],"time":[1549364859,1549364917]}