{"CLDC":[50.050003,50.550003],"DEWP":[1.3599999,1.32],"FRSHTT":[100000,100000],"PRCP":[0.009999999,0.009999999],"SLP":[1020.2001,1020.2001],"SNDP":[0,0],"STP":[1020,1020],"TEMP":[6.3999996,6.339999],"VISIB":[11.62,11.17],"WDSP":[12.530001,12.500001],"WNDDIR":[54.2,56.9],"time":[1549364859,1549364917]}