{"CLDC":[50.010002],"DEWP":[5.3200006],"FRSHTT":[100000],"PRCP":[0.019999998],"SLP":[1019.7999],"SNDP":[0],"STP":[1018.5301],"TEMP":[9.480001],"VISIB":[14.87],"WDSP":[21.23],"WNDDIR":[61],"time":[1549364859]}