{"CLDC":[50.010002,50.160004],"DEWP":[5.3200006,5.2599998],"FRSHTT":[100000,100000],"PRCP":[0.019999998,0.019999998],"SLP":[1019.7999,1019.7999],"SNDP":[0,0],"STP":[1018.5301,1018.50995],"TEMP":[9.480001,9.56],"VISIB":[14.87,14.459999],"WDSP":[21.23,22.670002],"WNDDIR":[61,59.9],"time":[1549364859,1549364917]}