{"CLDC":[50.530003,50.690006],"DEWP":[7.2,7.25],"FRSHTT":[100000,100000],"PRCP":[0.30999997,0.30999997],"SLP":[1022.1,1022.1],"SNDP":[0,0],"STP":[1020.1,1020.16003],"TEMP":[11.280001,11.19],"VISIB":[17.1,17.570002],"WDSP":[18.03,17.65],"WNDDIR":[221.1,220.1],"time":[1549364860,1549364918]}