{"CLDC":[14.679998],"DEWP":[15.389999],"FRSHTT":[0],"PRCP":[0],"SLP":[1010.9],"SNDP":[0],"STP":[994.9],"TEMP":[21.74],"VISIB":[10.129999],"WDSP":[7.589999],"WNDDIR":[146.9],"time":[1549364861]}