{"CLDC":[14.679998,14.75],"DEWP":[15.389999,15.780001],"FRSHTT":[0,0],"PRCP":[0,0],"SLP":[1010.9,1010.9],"SNDP":[0,0],"STP":[994.9,994.9],"TEMP":[21.74,21.6],"VISIB":[10.129999,10.12],"WDSP":[7.589999,7.85],"WNDDIR":[146.9,148.2],"time":[1549364861,1549364918]}