{"CLDC":[88.579994,88.66],"DEWP":[8.3,8.3],"FRSHTT":[100000,100000],"PRCP":[0.09000001,0.09000001],"SLP":[1021.2001,1021.2001],"SNDP":[0,0],"STP":[1017.64,1017.65],"TEMP":[11.679999,11.68],"VISIB":[16.919998,16.92],"WDSP":[22.070002,21.93],"WNDDIR":[307.6,303.6],"time":[1549364860,1549364918]}