{"CLDC":[50.050003],"DEWP":[6.1000004],"FRSHTT":[100000],"PRCP":[0.23999998],"SLP":[1024.7999],"SNDP":[0],"STP":[1016.6],"TEMP":[9.72],"VISIB":[15.249998],"WDSP":[18.97],"WNDDIR":[83.6],"time":[1549364861]}