{"CLDC":[93.69,93.41001],"DEWP":[20.58,20.65],"FRSHTT":[0,0],"PRCP":[0,0],"SLP":[1008.4,1008.43994],"SNDP":[0,0],"STP":[992.08997,992.1],"TEMP":[25.120003,25.360003],"VISIB":[12.49,12.030001],"WDSP":[23.25,23.66],"WNDDIR":[233.4,230.2],"time":[1549364859,1549364917]}