{"CLDC":[50.050003,50.299995],"DEWP":[6.1000004,6.04],"FRSHTT":[100000,100000],"PRCP":[0.23999998,0.23999998],"SLP":[1024.7999,1024.7999],"SNDP":[0,0],"STP":[1016.6,1016.4],"TEMP":[9.72,9.799999],"VISIB":[15.249998,16.189999],"WDSP":[18.97,19.29],"WNDDIR":[83.6,84.3],"time":[1549364861,1549364918]}