{"CLDC":[93.69],"DEWP":[20.58],"FRSHTT":[0],"PRCP":[0],"SLP":[1008.4],"SNDP":[0],"STP":[992.08997],"TEMP":[25.120003],"VISIB":[12.49],"WDSP":[23.25],"WNDDIR":[233.4],"time":[1549364859]}