{"CLDC":[50.77,50.899998],"DEWP":[19.65,19.560001],"FRSHTT":[100000,100000],"PRCP":[1.0200001,1.0299999],"SLP":[1010.6,1010.6],"SNDP":[0,0],"STP":[993.11,993.2001],"TEMP":[21.549997,21.419998],"VISIB":[21.490002,22.01],"WDSP":[6.7300005,7.0399995],"WNDDIR":[296.8,303.2],"time":[1549364860,1549364918]}