{"CLDC":[50.08],"DEWP":[7.7599998],"FRSHTT":[100000],"PRCP":[0.14999999],"SLP":[1021.5],"SNDP":[0],"STP":[1015.4],"TEMP":[11.24],"VISIB":[14.059999],"WDSP":[25.220003],"WNDDIR":[262.5],"time":[1549364861]}