{"CLDC":[50.77],"DEWP":[19.65],"FRSHTT":[100000],"PRCP":[1.0200001],"SLP":[1010.6],"SNDP":[0],"STP":[993.11],"TEMP":[21.549997],"VISIB":[21.490002],"WDSP":[6.7300005],"WNDDIR":[296.8],"time":[1549364860]}