{"CLDC":[30.689999,31.040003],"DEWP":[3.1000001,3.1],"FRSHTT":[0,0],"PRCP":[0,0],"SLP":[1031.7001,1031.7999],"SNDP":[0,0],"STP":[1024.59,1024.5999],"TEMP":[10.700001,10.64],"VISIB":[20.019999,19.84],"WDSP":[5.0799994,4.9800005],"WNDDIR":[174.3,174.5],"time":[1549364861,1549364919]}