{"CLDC":[30.689999],"DEWP":[3.1000001],"FRSHTT":[0],"PRCP":[0],"SLP":[1031.7001],"SNDP":[0],"STP":[1024.59],"TEMP":[10.700001],"VISIB":[20.019999],"WDSP":[5.0799994],"WNDDIR":[174.3],"time":[1549364861]}