{"CLDC":[31.89],"DEWP":[7.0099998],"FRSHTT":[0],"PRCP":[0],"SLP":[747.42],"SNDP":[0],"STP":[751.10004],"TEMP":[13.540001],"VISIB":[18.67],"WDSP":[6.66],"WNDDIR":[253.8],"time":[1549364858]}