{"CLDC":[50.160004],"DEWP":[7.7799997],"FRSHTT":[100000],"PRCP":[0.11],"SLP":[1022.93],"SNDP":[0],"STP":[1018.5],"TEMP":[11.94],"VISIB":[16.21],"WDSP":[15.430002],"WNDDIR":[13],"time":[1549364861]}