{"CLDC":[91.91,91.69001],"DEWP":[16.8,16.699999],"FRSHTT":[100000,100000],"PRCP":[0.22,0.22],"SLP":[1008.5,1008.47003],"SNDP":[0,0],"STP":[970.5,970.5],"TEMP":[21.48,21.84],"VISIB":[13.58,13.599998],"WDSP":[20.83,21.15],"WNDDIR":[15.1,11.7],"time":[1549364859,1549364917]}