{"CLDC":[15.240001],"DEWP":[3.25],"FRSHTT":[0],"PRCP":[0],"SLP":[722.9],"SNDP":[0],"STP":[722],"TEMP":[7.88],"VISIB":[22.810001],"WDSP":[5.36],"WNDDIR":[2.6],"time":[1549364860]}