{"CLDC":[65.26,64.9],"DEWP":[1.9699999,1.8],"FRSHTT":[0,0],"PRCP":[0,0],"SLP":[1025.4001,1025.4001],"SNDP":[0,0],"STP":[1009,1009],"TEMP":[5.5499997,5.5800004],"VISIB":[10.320001,10.23],"WDSP":[9.549999,9.789999],"WNDDIR":[152.4,151.7],"time":[1549364855,1549364915]}