{"CLDC":[65.26],"DEWP":[1.9699999],"FRSHTT":[0],"PRCP":[0],"SLP":[1025.4001],"SNDP":[0],"STP":[1009],"TEMP":[5.5499997],"VISIB":[10.320001],"WDSP":[9.549999],"WNDDIR":[152.4],"time":[1549364855]}