{"CLDC":[61.519997,61.369995],"DEWP":[4.35,4.4900002],"FRSHTT":[100000,100000],"PRCP":[0.009999999,0.009999999],"SLP":[1024.39,1024.2999],"SNDP":[0,0],"STP":[1022.57,1022.6],"TEMP":[6.799999,6.799999],"VISIB":[8.990001,9.77],"WDSP":[10.62,10.25],"WNDDIR":[315.3,317.7],"time":[1549364855,1549364915]}