{"CLDC":[58.1,58.01],"DEWP":[4.32,4.2],"FRSHTT":[100000,100000],"PRCP":[0.009999999,0.009999999],"SLP":[1010.1,1010.1],"SNDP":[0,0],"STP":[1011.16003,1011.0101],"TEMP":[7.5600004,7.44],"VISIB":[9.5199995,9.81],"WDSP":[13.589999,13.85],"WNDDIR":[313.4,314.8],"time":[1549364855,1549364915]}