{"CLDC":[50.120003,50.010002],"DEWP":[0.5,0.6],"FRSHTT":[100000,100000],"PRCP":[0.009999999,0.009999999],"SLP":[1024.9001,1024.9001],"SNDP":[0,0],"STP":[1017.9,1017.9],"TEMP":[4.7000003,4.7],"VISIB":[9.670001,10.059999],"WDSP":[10.02,9.880001],"WNDDIR":[28.9,27.9],"time":[1549364855,1549364915]}