{"CLDC":[50.120003],"DEWP":[0.5],"FRSHTT":[100000],"PRCP":[0.009999999],"SLP":[1024.9001],"SNDP":[0],"STP":[1017.9],"TEMP":[4.7000003],"VISIB":[9.670001],"WDSP":[10.02],"WNDDIR":[28.9],"time":[1549364855]}