{"CLDC":[66.18,66.09999],"DEWP":[2.34,2.0700002],"FRSHTT":[100000,100000],"PRCP":[0.019999998,0.019999998],"SLP":[1021.6,1021.6],"SNDP":[0,0],"STP":[1017.80994,1017.82996],"TEMP":[5.56,5.62],"VISIB":[9.53,9.360002],"WDSP":[9.19,8.7699995],"WNDDIR":[304.7,307],"time":[1549364855,1549364915]}