{"CLDC":[70.5],"DEWP":[6.0800004],"FRSHTT":[0],"PRCP":[0],"SLP":[1028.2201],"SNDP":[0],"STP":[1025.6399],"TEMP":[10],"VISIB":[9.639999],"WDSP":[10.199999],"WNDDIR":[150.3],"time":[1549364855]}