{"CLDC":[79.14999,78.939995],"DEWP":[11.220001,10.9800005],"FRSHTT":[0,0],"PRCP":[0,0],"SLP":[1000.94006,997.2],"SNDP":[0,0],"STP":[1011.13007,1011.5],"TEMP":[15.570002,15.839999],"VISIB":[10.139999,10.01],"WDSP":[15.31,14.69],"WNDDIR":[2.9,5.4],"time":[1549364857,1549364916]}