{"CLDC":[44.170006,44.269997],"DEWP":[-4.4999995,-4.2799997],"FRSHTT":[0,0],"PRCP":[0,0],"SLP":[969.73,971.45996],"SNDP":[0,0],"STP":[987.49005,989.5399],"TEMP":[6.8599997,6.9199996],"VISIB":[9.91,10.24],"WDSP":[14.229999,13.17],"WNDDIR":[65.4,63.5],"time":[1549364857,1549364916]}