{"CLDC":[88.40001],"DEWP":[2.1799998],"FRSHTT":[100000],"PRCP":[0.11999999],"SLP":[1021.7999],"SNDP":[0],"STP":[1018.11005],"TEMP":[5.84],"VISIB":[8.35],"WDSP":[12.35],"WNDDIR":[94.2],"time":[1549364855]}