{"CLDC":[44.170006],"DEWP":[-4.4999995],"FRSHTT":[0],"PRCP":[0],"SLP":[969.73],"SNDP":[0],"STP":[987.49005],"TEMP":[6.8599997],"VISIB":[9.91],"WDSP":[14.229999],"WNDDIR":[65.4],"time":[1549364857]}