{"CLDC":[79.14999],"DEWP":[11.220001],"FRSHTT":[0],"PRCP":[0],"SLP":[1000.94006],"SNDP":[0],"STP":[1011.13007],"TEMP":[15.570002],"VISIB":[10.139999],"WDSP":[15.31],"WNDDIR":[2.9],"time":[1549364857]}