{"CLDC":[59.909996],"DEWP":[2.76],"FRSHTT":[0],"PRCP":[0],"SLP":[1011.05994],"SNDP":[0],"STP":[1035.8499],"TEMP":[13.599998],"VISIB":[15.850001],"WDSP":[19.58],"WNDDIR":[39.4],"time":[1549364858]}