{"CLDC":[59.909996,59.74],"DEWP":[2.76,2.9],"FRSHTT":[0,0],"PRCP":[0,0],"SLP":[1011.05994,1011],"SNDP":[0,0],"STP":[1035.8499,1035.9801],"TEMP":[13.599998,13.799998],"VISIB":[15.850001,15.74],"WDSP":[19.58,19.829998],"WNDDIR":[39.4,43.3],"time":[1549364858,1549364916]}