{"CLDC":[16.78,16.77],"DEWP":[9.67,9.56],"FRSHTT":[0,0],"PRCP":[0,0],"SLP":[1012.1,1012.1],"SNDP":[0,0],"STP":[1021.18005,1022.41],"TEMP":[16.62,16.780003],"VISIB":[19.78,19.55],"WDSP":[10.99,11.070001],"WNDDIR":[316.8,319.6],"time":[1549364858,1549364917]}