{"CLDC":[66.03001],"DEWP":[1.8399999],"FRSHTT":[100000],"PRCP":[0.029999997],"SLP":[1023.6],"SNDP":[0],"STP":[1002.6],"TEMP":[5.3499994],"VISIB":[14.109999],"WDSP":[7.8200006],"WNDDIR":[161.8],"time":[1549364855]}