{"CLDC":[50.090004],"DEWP":[1.6200001],"FRSHTT":[100000],"PRCP":[0.07999999],"SLP":[1023.5],"SNDP":[0],"STP":[1014.68005],"TEMP":[6.299999],"VISIB":[15.270001],"WDSP":[8.960001],"WNDDIR":[330.3],"time":[1549364855]}