{"CLDC":[98.490005],"DEWP":[4.56],"FRSHTT":[100000],"PRCP":[0.019999998],"SLP":[1022],"SNDP":[0],"STP":[1018.2001],"TEMP":[7.62],"VISIB":[10.77],"WDSP":[12.499999],"WNDDIR":[0],"time":[1549364856]}