{"CLDC":[98.490005,98.61999],"DEWP":[4.56,4.32],"FRSHTT":[100000,100000],"PRCP":[0.019999998,0.019999998],"SLP":[1022,1021.9],"SNDP":[0,0],"STP":[1018.2001,1018.19006],"TEMP":[7.62,7.62],"VISIB":[10.77,10.839999],"WDSP":[12.499999,11.669999],"WNDDIR":[0,0.4],"time":[1549364856,1549364915]}