{"CLDC":[48.369995],"DEWP":[0.56000006],"FRSHTT":[0],"PRCP":[0],"SLP":[1012.2999],"SNDP":[0],"STP":[982.1],"TEMP":[11.100001],"VISIB":[10.440001],"WDSP":[10.490001],"WNDDIR":[295.8],"time":[1549364856]}