{"CLDC":[50.180004],"DEWP":[5.3200006],"FRSHTT":[100000],"PRCP":[0.019999998],"SLP":[1021.7001],"SNDP":[0],"STP":[1008.05],"TEMP":[7.5],"VISIB":[11.119999],"WDSP":[18.240002],"WNDDIR":[188.1],"time":[1549364856]}