{"CLDC":[85.90001],"DEWP":[1.4999999],"FRSHTT":[0],"PRCP":[0],"SLP":[1029.5],"SNDP":[0],"STP":[999.41],"TEMP":[3.9999995],"VISIB":[14.92],"WDSP":[3.5699997],"WNDDIR":[277.5],"time":[1549364856]}