{"CLDC":[60.879993],"DEWP":[4.1600003],"FRSHTT":[100000],"PRCP":[0.23999998],"SLP":[1013.75],"SNDP":[0],"STP":[937.43],"TEMP":[4.6],"VISIB":[4.5],"WDSP":[23.579998],"WNDDIR":[120.1],"time":[1549364857]}