{"CLDC":[65.509995],"DEWP":[1.9799999],"FRSHTT":[0],"PRCP":[0],"SLP":[1027.98],"SNDP":[0],"STP":[1004.39],"TEMP":[4.24],"VISIB":[16.15],"WDSP":[8.79],"WNDDIR":[326.8],"time":[1549364856]}