{"CLDC":[29,28.65],"DEWP":[3.25,3.25],"FRSHTT":[0,0],"PRCP":[0,0],"SLP":[1014.6,1014.6],"SNDP":[0,0],"STP":[1007.13,1006.50995],"TEMP":[11.92,11.719999],"VISIB":[14.030001,14.4],"WDSP":[8.870001,8.450001],"WNDDIR":[319.1,321.6],"time":[1549364860,1549364918]}