{"CLDC":[71.920006],"DEWP":[2.3000002],"FRSHTT":[100000],"PRCP":[0.009999999],"SLP":[1023.54004],"SNDP":[0],"STP":[1005.7999],"TEMP":[5.62],"VISIB":[15.460001],"WDSP":[12.080001],"WNDDIR":[209.2],"time":[1549364857]}