{"CLDC":[50.250008,50.389996],"DEWP":[0.95,0.77000004],"FRSHTT":[100000,100000],"PRCP":[0.059999995,0.059999995],"SLP":[1022.2999,1022.30994],"SNDP":[0,0],"STP":[996.92004,996.9],"TEMP":[3.7400005,3.75],"VISIB":[18.500002,18.5],"WDSP":[6.129999,6.5999994],"WNDDIR":[220.9,219],"time":[1549364856,1549364916]}