{"CLDC":[10.689999,10.169999],"DEWP":[5.03,5.680001],"FRSHTT":[0,0],"PRCP":[0,0],"SLP":[1015.6,1015.6],"SNDP":[0,0],"STP":[1011.7999,1011.7999],"TEMP":[10.15,10.3],"VISIB":[10.45,10.450001],"WDSP":[16.01,17.28],"WNDDIR":[254.9,257.4],"time":[1549364855,1549364915]}