{"CLDC":[55.309998,55.22001],"DEWP":[2.08,2.25],"FRSHTT":[100000,100000],"PRCP":[0.009999999,0.009999999],"SLP":[1016,1016],"SNDP":[0,0],"STP":[1013.7101,1013.82],"TEMP":[8.9,8.85],"VISIB":[15.990001,16.3],"WDSP":[9.000001,9.490001],"WNDDIR":[145.9,145.9],"time":[1549364859,1549364917]}