{"CLDC":[50.249996],"DEWP":[4.7300005],"FRSHTT":[100000],"PRCP":[0.09000001],"SLP":[1017.5],"SNDP":[0],"STP":[1015.7999],"TEMP":[8.66],"VISIB":[11.910001],"WDSP":[10.98],"WNDDIR":[144.8],"time":[1549364861]}