{"CLDC":[64.41,64.7],"DEWP":[1.26,1.26],"FRSHTT":[100000,100000],"PRCP":[0.07999999,0.07999999],"SLP":[1003.48,1003.5],"SNDP":[0,0],"STP":[1006.49005,1006.5],"TEMP":[6.4799995,6.4799995],"VISIB":[18.24,17.97],"WDSP":[23.28,22.84],"WNDDIR":[67.5,69.1],"time":[1549364856,1549364916]}