{"CLDC":[64.41],"DEWP":[1.26],"FRSHTT":[100000],"PRCP":[0.07999999],"SLP":[1003.48],"SNDP":[0],"STP":[1006.49005],"TEMP":[6.4799995],"VISIB":[18.24],"WDSP":[23.28],"WNDDIR":[67.5],"time":[1549364856]}