{"CLDC":[47.799995,47.600002],"DEWP":[4.62,4.6],"FRSHTT":[0,0],"PRCP":[0,0],"SLP":[1016.2,1015.97003],"SNDP":[0,0],"STP":[1049.08,1049.35],"TEMP":[6.36,6.32],"VISIB":[7.4299994,7.09],"WDSP":[52.390003,53.79],"WNDDIR":[322.9,325.7],"time":[1549364856,1549364916]}