{"CLDC":[47.799995],"DEWP":[4.62],"FRSHTT":[0],"PRCP":[0],"SLP":[1016.2],"SNDP":[0],"STP":[1049.08],"TEMP":[6.36],"VISIB":[7.4299994],"WDSP":[52.390003],"WNDDIR":[322.9],"time":[1549364856]}