{"CLDC":[95.21001],"DEWP":[12.1],"FRSHTT":[0],"PRCP":[0],"SLP":[1015.9],"SNDP":[0],"STP":[1008.95996],"TEMP":[17.119999],"VISIB":[9.2],"WDSP":[27.290003],"WNDDIR":[180.4],"time":[1549364858]}