{"CLDC":[95.21001,95.350006],"DEWP":[12.1,12.220001],"FRSHTT":[0,0],"PRCP":[0,0],"SLP":[1015.9,1015.9],"SNDP":[0,0],"STP":[1008.95996,1009.24005],"TEMP":[17.119999,16.839998],"VISIB":[9.2,9.36],"WDSP":[27.290003,26.48],"WNDDIR":[180.4,186],"time":[1549364858,1549364917]}