{"CLDC":[69.799995],"DEWP":[5.68],"FRSHTT":[0],"PRCP":[0],"SLP":[990.1],"SNDP":[0],"STP":[985.7899],"TEMP":[6.32],"VISIB":[9.740001],"WDSP":[25.150002],"WNDDIR":[102.5],"time":[1549364858]}