{"CLDC":[26.090002,25.75],"DEWP":[-4.83,-5.16],"FRSHTT":[1000000,1000000],"PRCP":[0,0],"SLP":[1001.59,1001.27997],"SNDP":[0,0],"STP":[1006.47003,1006.9899],"TEMP":[-0.95,-0.93],"VISIB":[10.289999,10.639999],"WDSP":[6.910001,6.7799997],"WNDDIR":[217.6,216.6],"time":[1549364859,1549364917]}