{"CLDC":[50.100002,50.140003],"DEWP":[15.55,15.55],"FRSHTT":[100000,100000],"PRCP":[0.07999999,0.07999999],"SLP":[1009.9,1009.9],"SNDP":[0,0],"STP":[1009.7999,1009.7999],"TEMP":[21.740002,21.650002],"VISIB":[12.85,12.79],"WDSP":[9.57,8.79],"WNDDIR":[85.5,87.3],"time":[1549364860,1549364918]}