{"CLDC":[50.100002],"DEWP":[15.55],"FRSHTT":[100000],"PRCP":[0.07999999],"SLP":[1009.9],"SNDP":[0],"STP":[1009.7999],"TEMP":[21.740002],"VISIB":[12.85],"WDSP":[9.57],"WNDDIR":[85.5],"time":[1549364860]}