{"CLDC":[6.1600003,5.71],"DEWP":[5.1,5.1000004],"FRSHTT":[0,0],"PRCP":[0,0],"SLP":[1014.63,1014.64],"SNDP":[0,0],"STP":[1038.7999,1038.7999],"TEMP":[13.699999,13.699999],"VISIB":[20.349998,20.469997],"WDSP":[10.58,10.38],"WNDDIR":[309.8,308.5],"time":[1549364861,1549364918]}