{"CLDC":[58.210003],"DEWP":[11.3],"FRSHTT":[100000],"PRCP":[0.13],"SLP":[1011.43],"SNDP":[0],"STP":[1015.44006],"TEMP":[17.36],"VISIB":[14.199999],"WDSP":[11.89],"WNDDIR":[176.9],"time":[1549364860]}