{"CLDC":[50,50.39],"DEWP":[13.999998,13.82],"FRSHTT":[100000,100000],"PRCP":[0.14,0.14],"SLP":[1017.00995,1017.08997],"SNDP":[0,0],"STP":[1031.6699,1031.83],"TEMP":[19.52,19.679998],"VISIB":[14.509999,14.460001],"WDSP":[18.49,17.91],"WNDDIR":[163.1,161.3],"time":[1549364859,1549364917]}