{"CLDC":[54.749992,54.590004],"DEWP":[12.799999,12.92],"FRSHTT":[100000,100000],"PRCP":[0.22999999,0.22999999],"SLP":[1013,1013],"SNDP":[0,0],"STP":[1002.2001,1002.22003],"TEMP":[18.479998,18.55],"VISIB":[17.85,16.920002],"WDSP":[12.35,12.38],"WNDDIR":[28.1,30.8],"time":[1549364860,1549364918]}