{"CLDC":[56.200005],"DEWP":[12.339999],"FRSHTT":[0],"PRCP":[0],"SLP":[1015.00995],"SNDP":[0],"STP":[1031.71],"TEMP":[18.819998],"VISIB":[10.120001],"WDSP":[12.169999],"WNDDIR":[59.2],"time":[1549364860]}