{"CLDC":[59.060005,59.32],"DEWP":[11.820001,11.46],"FRSHTT":[100000,100000],"PRCP":[0.38999996,0.38999996],"SLP":[1012.2001,1012.2001],"SNDP":[0,0],"STP":[1015.04004,1014.49005],"TEMP":[16.4,16.5],"VISIB":[15.009999,15.139999],"WDSP":[7.0999994,8.1],"WNDDIR":[229.7,230.3],"time":[1549364856,1549364916]}