{"CLDC":[59.060005],"DEWP":[11.820001],"FRSHTT":[100000],"PRCP":[0.38999996],"SLP":[1012.2001],"SNDP":[0],"STP":[1015.04004],"TEMP":[16.4],"VISIB":[15.009999],"WDSP":[7.0999994],"WNDDIR":[229.7],"time":[1549364856]}