{"CLDC":[50.02,50.170006],"DEWP":[8.96,9.050001],"FRSHTT":[100000,100000],"PRCP":[0.11,0.11],"SLP":[1010.5,1010.5],"SNDP":[0,0],"STP":[1020.7899,1020.57996],"TEMP":[16.150002,16.220001],"VISIB":[12.79,12.95],"WDSP":[13.460001,14.19],"WNDDIR":[120.1,116.2],"time":[1549364858,1549364916]}