{"CLDC":[50.02],"DEWP":[8.96],"FRSHTT":[100000],"PRCP":[0.11],"SLP":[1010.5],"SNDP":[0],"STP":[1020.7899],"TEMP":[16.150002],"VISIB":[12.79],"WDSP":[13.460001],"WNDDIR":[120.1],"time":[1549364858]}