{"CLDC":[51.299995,51.409996],"DEWP":[12.000002,11.700002],"FRSHTT":[100000,100000],"PRCP":[0.07999999,0.07999999],"SLP":[1012.58997,1012.5801],"SNDP":[0,0],"STP":[1009.59,1009.07996],"TEMP":[18.3,18.539997],"VISIB":[11.33,11.559999],"WDSP":[18.35,17.75],"WNDDIR":[290.1,288.4],"time":[1549364859,1549364917]}