{"CLDC":[51.299995],"DEWP":[12.000002],"FRSHTT":[100000],"PRCP":[0.07999999],"SLP":[1012.58997],"SNDP":[0],"STP":[1009.59],"TEMP":[18.3],"VISIB":[11.33],"WDSP":[18.35],"WNDDIR":[290.1],"time":[1549364859]}