{"CLDC":[41.929996,42.019997],"DEWP":[8.24,8.24],"FRSHTT":[0,0],"PRCP":[0,0],"SLP":[1013.7999,1013.7999],"SNDP":[0,0],"STP":[1031.3301,1031.29],"TEMP":[14.32,14.32],"VISIB":[9.360002,9.710001],"WDSP":[15.030001,14.890001],"WNDDIR":[188.9,186.5],"time":[1549364859,1549364917]}