{"CLDC":[41.929996],"DEWP":[8.24],"FRSHTT":[0],"PRCP":[0],"SLP":[1013.7999],"SNDP":[0],"STP":[1031.3301],"TEMP":[14.32],"VISIB":[9.360002],"WDSP":[15.030001],"WNDDIR":[188.9],"time":[1549364859]}