{"CLDC":[50.060005,50.45],"DEWP":[15.399999,15.099998],"FRSHTT":[100000,100000],"PRCP":[0.19000001,0.19000001],"SLP":[1016.11,1015.99005],"SNDP":[0,0],"STP":[1006.29004,1006.32996],"TEMP":[18.8,19.22],"VISIB":[11.11,10.539999],"WDSP":[16.65,16.070002],"WNDDIR":[307.6,311.1],"time":[1549364859,1549364917]}