{"CLDC":[50.08],"DEWP":[10.929998],"FRSHTT":[100000],"PRCP":[0.10000001],"SLP":[1012.7999],"SNDP":[0],"STP":[1009.8499],"TEMP":[16.8],"VISIB":[10.890001],"WDSP":[18.189999],"WNDDIR":[65.9],"time":[1549364859]}