{"CLDC":[76.19,76.29],"DEWP":[3.3400002,3.1799998],"FRSHTT":[100000,100000],"PRCP":[0.45999998,0.45999998],"SLP":[678.41003,678.0499],"SNDP":[0,0],"STP":[673.39996,673.32996],"TEMP":[8.540001,8.539999],"VISIB":[13.69,13.17],"WDSP":[4.61,4.78],"WNDDIR":[123.3,120.7],"time":[1549364858,1549364917]}