{"CLDC":[76.19],"DEWP":[3.3400002],"FRSHTT":[100000],"PRCP":[0.45999998],"SLP":[678.41003],"SNDP":[0],"STP":[673.39996],"TEMP":[8.540001],"VISIB":[13.69],"WDSP":[4.61],"WNDDIR":[123.3],"time":[1549364858]}