{"CLDC":[50.05,50.399998],"DEWP":[11.360002,11.249999],"FRSHTT":[100000,100000],"PRCP":[0.13,0.13],"SLP":[1008.7001,1008.7001],"SNDP":[0,0],"STP":[1007.77,1007.8299],"TEMP":[20.05,20.31],"VISIB":[16.259998,16.69],"WDSP":[7.21,7.63],"WNDDIR":[54,51.3],"time":[1549364858,1549364917]}