{"CLDC":[50.05],"DEWP":[11.360002],"FRSHTT":[100000],"PRCP":[0.13],"SLP":[1008.7001],"SNDP":[0],"STP":[1007.77],"TEMP":[20.05],"VISIB":[16.259998],"WDSP":[7.21],"WNDDIR":[54],"time":[1549364858]}