{"CLDC":[94.47002,94.85001],"DEWP":[13.210001,12.820002],"FRSHTT":[0,0],"PRCP":[0,0],"SLP":[1004.61,1004.63007],"SNDP":[0,0],"STP":[954.9801,955.1],"TEMP":[18.79,18.58],"VISIB":[10.46,11.23],"WDSP":[2.31,2.94],"WNDDIR":[67.9,67.1],"time":[1549364859,1549364917]}