{"CLDC":[94.47002],"DEWP":[13.210001],"FRSHTT":[0],"PRCP":[0],"SLP":[1004.61],"SNDP":[0],"STP":[954.9801],"TEMP":[18.79],"VISIB":[10.46],"WDSP":[2.31],"WNDDIR":[67.9],"time":[1549364859]}