{"CLDC":[51.590004],"DEWP":[12.369999],"FRSHTT":[100000],"PRCP":[0.23999998],"SLP":[899.9],"SNDP":[0],"STP":[900.50995],"TEMP":[15.8],"VISIB":[14.45],"WDSP":[6.72],"WNDDIR":[40.6],"time":[1549364859]}