{"CLDC":[67.509995,67.990005],"DEWP":[12.9,12.630001],"FRSHTT":[100000,100000],"PRCP":[0.09000001,0.09000001],"SLP":[919.9,919.06995],"SNDP":[0,0],"STP":[920.2001,920.22003],"TEMP":[17.38,17.26],"VISIB":[19.12,19.560001],"WDSP":[9.7300005,9.57],"WNDDIR":[243,242.3],"time":[1549364859,1549364917]}