{"CLDC":[67.509995],"DEWP":[12.9],"FRSHTT":[100000],"PRCP":[0.09000001],"SLP":[919.9],"SNDP":[0],"STP":[920.2001],"TEMP":[17.38],"VISIB":[19.12],"WDSP":[9.7300005],"WNDDIR":[243],"time":[1549364859]}