{"CLDC":[54.369995],"DEWP":[15.839999],"FRSHTT":[0],"PRCP":[0],"SLP":[1006.2999],"SNDP":[0],"STP":[1028.0299],"TEMP":[22.380001],"VISIB":[7.28],"WDSP":[9.179999],"WNDDIR":[146],"time":[1549364860]}