{"CLDC":[50],"DEWP":[16.64],"FRSHTT":[100000],"PRCP":[0.38999996],"SLP":[1009.9],"SNDP":[0],"STP":[988.45],"TEMP":[20.26],"VISIB":[14.42],"WDSP":[6.8100004],"WNDDIR":[48.7],"time":[1549364861]}