{"CLDC":[79.09],"DEWP":[12.050001],"FRSHTT":[100000],"PRCP":[0.38999996],"SLP":[1010.2001],"SNDP":[0],"STP":[998.6],"TEMP":[18.869999],"VISIB":[20.430002],"WDSP":[9.6],"WNDDIR":[159.7],"time":[1549364858]}