{"CLDC":[80.98999,81.29],"DEWP":[13.3,13],"FRSHTT":[100000,100000],"PRCP":[0.38999996,0.38999996],"SLP":[1010.2001,1010.2001],"SNDP":[0,0],"STP":[1000.77,1000.47003],"TEMP":[16.800001,16.800001],"VISIB":[15.35,15.1],"WDSP":[7.9199996,8.000001],"WNDDIR":[150.2,148.9],"time":[1549364857,1549364916]}