{"CLDC":[78.37999],"DEWP":[8.320001],"FRSHTT":[0],"PRCP":[0],"SLP":[1011.0801],"SNDP":[0],"STP":[1000.66003],"TEMP":[15.149999],"VISIB":[20.73],"WDSP":[6.0899997],"WNDDIR":[183.3],"time":[1549364858]}