{"CLDC":[51.160004,51.369995],"DEWP":[12.679999,12.799999],"FRSHTT":[100000,100000],"PRCP":[0.25,0.25],"SLP":[1008.63995,1008.5801],"SNDP":[0,0],"STP":[1003.55994,1003.4],"TEMP":[19.6,19.6],"VISIB":[20.18,20.3],"WDSP":[8.88,8.450001],"WNDDIR":[267.7,268.6],"time":[1549364858,1549364917]}