{"CLDC":[51.160004],"DEWP":[12.679999],"FRSHTT":[100000],"PRCP":[0.25],"SLP":[1008.63995],"SNDP":[0],"STP":[1003.55994],"TEMP":[19.6],"VISIB":[20.18],"WDSP":[8.88],"WNDDIR":[267.7],"time":[1549364858]}