{"CLDC":[78.37999,78.490005],"DEWP":[8.320001,8.15],"FRSHTT":[0,0],"PRCP":[0,0],"SLP":[1011.0801,1011.00995],"SNDP":[0,0],"STP":[1000.66003,1000.6],"TEMP":[15.149999,15.24],"VISIB":[20.73,20.74],"WDSP":[6.0899997,6.1399994],"WNDDIR":[183.3,182.8],"time":[1549364858,1549364917]}