{"CLDC":[65.27],"DEWP":[14.580002],"FRSHTT":[100000],"PRCP":[0.5299999],"SLP":[1009.7999],"SNDP":[0],"STP":[1005],"TEMP":[19.870003],"VISIB":[14.039999],"WDSP":[9.389999],"WNDDIR":[91.4],"time":[1549364859]}