{"CLDC":[65.27,65.46],"DEWP":[14.580002,14.840001],"FRSHTT":[100000,100000],"PRCP":[0.5299999,0.5299999],"SLP":[1009.7999,1009.7999],"SNDP":[0,0],"STP":[1005,1005],"TEMP":[19.870003,19.750002],"VISIB":[14.039999,14.039999],"WDSP":[9.389999,9.73],"WNDDIR":[91.4,91.8],"time":[1549364859,1549364917]}