{"CLDC":[50.339993,50.700005],"DEWP":[14.719999,14.6],"FRSHTT":[100000,100000],"PRCP":[0.31999996,0.31999996],"SLP":[1009.6,1009.6],"SNDP":[0,0],"STP":[1008.7001,1008.7899],"TEMP":[20.430002,20.43],"VISIB":[11.709999,11.77],"WDSP":[13.4800005,13.109999],"WNDDIR":[38.5,35.1],"time":[1549364859,1549364917]}