{"CLDC":[50.170006,50],"DEWP":[16.039999,15.799998],"FRSHTT":[100000,100000],"PRCP":[0.41000003,0.41000003],"SLP":[1008.5,1008.5],"SNDP":[0,0],"STP":[999.7001,999.7001],"TEMP":[21.650002,21.79],"VISIB":[15.38,15.49],"WDSP":[11.940001,12.29],"WNDDIR":[181.8,181.4],"time":[1549364859,1549364917]}