{"CLDC":[50.170006],"DEWP":[16.039999],"FRSHTT":[100000],"PRCP":[0.41000003],"SLP":[1008.5],"SNDP":[0],"STP":[999.7001],"TEMP":[21.650002],"VISIB":[15.38],"WDSP":[11.940001],"WNDDIR":[181.8],"time":[1549364859]}