{"CLDC":[50.110004,50.100002],"DEWP":[14.179998,14.42],"FRSHTT":[100000,100000],"PRCP":[0.448,0.45],"SLP":[1010.1,1010.1],"SNDP":[0,0],"STP":[1004.0001,1003.75995],"TEMP":[20.35,20.48],"VISIB":[15.67,15.920001],"WDSP":[11.51,10.449999],"WNDDIR":[353.3,358.3],"time":[1549364859,1549364917]}