{"CLDC":[50.110004],"DEWP":[14.179998],"FRSHTT":[100000],"PRCP":[0.448],"SLP":[1010.1],"SNDP":[0],"STP":[1004.0001],"TEMP":[20.35],"VISIB":[15.67],"WDSP":[11.51],"WNDDIR":[353.3],"time":[1549364859]}