{"CLDC":[50.06],"DEWP":[11.9],"FRSHTT":[100000],"PRCP":[0.19000001],"SLP":[1008.5],"SNDP":[0],"STP":[960.6],"TEMP":[18.999998],"VISIB":[15.68],"WDSP":[7.4899993],"WNDDIR":[183],"time":[1549364856]}