{"CLDC":[50.06,50.07],"DEWP":[11.9,12.02],"FRSHTT":[100000,100000],"PRCP":[0.19000001,0.19000001],"SLP":[1008.5,1008.5],"SNDP":[0,0],"STP":[960.6,960.6],"TEMP":[18.999998,18.699999],"VISIB":[15.68,15.589999],"WDSP":[7.4899993,7.9300003],"WNDDIR":[183,184.9],"time":[1549364856,1549364915]}