{"CLDC":[50.170006,50.250004],"DEWP":[9.42,10.199999],"FRSHTT":[100000,100000],"PRCP":[0.75,0.75],"SLP":[1006.7001,1006.7001],"SNDP":[0,0],"STP":[963.1,963.1],"TEMP":[18.300001,18.500002],"VISIB":[19.679998,20.22],"WDSP":[21.9,20.58],"WNDDIR":[71.9,71.9],"time":[1549364856,1549364915]}