{"CLDC":[84.91001,84.95],"DEWP":[11.779999,11.92],"FRSHTT":[100000,100000],"PRCP":[0.039999995,0.039999995],"SLP":[1017.2001,1017.2001],"SNDP":[0,0],"STP":[978.2999,978.2999],"TEMP":[17.55,17.419998],"VISIB":[19.91,19.36],"WDSP":[11.94,12.209999],"WNDDIR":[95.2,98.1],"time":[1549364857,1549364916]}