{"CLDC":[79.270004,79.46001],"DEWP":[15.13,15.460001],"FRSHTT":[100000,100000],"PRCP":[0.43,0.43],"SLP":[1011.4,1011.4],"SNDP":[0,0],"STP":[1009.7001,1009.7001],"TEMP":[19.759998,19.650002],"VISIB":[14.660001,14.7],"WDSP":[12.35,12.889999],"WNDDIR":[157.1,157.6],"time":[1549364858,1549364917]}