{"CLDC":[79.270004],"DEWP":[15.13],"FRSHTT":[100000],"PRCP":[0.43],"SLP":[1011.4],"SNDP":[0],"STP":[1009.7001],"TEMP":[19.759998],"VISIB":[14.660001],"WDSP":[12.35],"WNDDIR":[157.1],"time":[1549364858]}