{"CLDC":[11.55],"DEWP":[7.1400003],"FRSHTT":[0],"PRCP":[0],"SLP":[1013.9],"SNDP":[0],"STP":[1037.9501],"TEMP":[15.62],"VISIB":[19.810001],"WDSP":[12.309999],"WNDDIR":[168],"time":[1549364858]}