{"CLDC":[50.299995],"DEWP":[12.219999],"FRSHTT":[100000],"PRCP":[0.40000004],"SLP":[1010.7999],"SNDP":[0],"STP":[1003.27],"TEMP":[19.05],"VISIB":[15.82],"WDSP":[14.05],"WNDDIR":[102],"time":[1549364859]}