{"CLDC":[11.55,10.890001],"DEWP":[7.1400003,7.3600006],"FRSHTT":[0,0],"PRCP":[0,0],"SLP":[1013.9,1013.92004],"SNDP":[0,0],"STP":[1037.9501,1037.65],"TEMP":[15.62,15.69],"VISIB":[19.810001,20.030003],"WDSP":[12.309999,11.769999],"WNDDIR":[168,173.6],"time":[1549364858,1549364917]}