{"CLDC":[86.2],"DEWP":[6.0799994],"FRSHTT":[0],"PRCP":[0],"SLP":[1006.9601],"SNDP":[0],"STP":[945.31995],"TEMP":[19.78],"VISIB":[29.929996],"WDSP":[17.990002],"WNDDIR":[123.6],"time":[1549364855]}