{"CLDC":[47.22,47.010002],"DEWP":[10.82,10.61],"FRSHTT":[0,0],"PRCP":[0,0],"SLP":[1013,1013],"SNDP":[0,0],"STP":[1000.18,997.23],"TEMP":[19.58,19.320002],"VISIB":[30.200003,29.789999],"WDSP":[5.3600006,5.44],"WNDDIR":[38.4,41.5],"time":[1549364855,1549364915]}