{"CLDC":[73.310005,73.21001],"DEWP":[9.9400015,9.820001],"FRSHTT":[100000,100000],"PRCP":[0.5299999,0.5299999],"SLP":[1011.7001,1011.66],"SNDP":[0,0],"STP":[986.55994,986.6],"TEMP":[15.17,15.26],"VISIB":[14.079999,13.960001],"WDSP":[10.969999,11.25],"WNDDIR":[4.9,5.6],"time":[1549364856,1549364915]}