{"CLDC":[28.1],"DEWP":[10.150001],"FRSHTT":[0],"PRCP":[0],"SLP":[1012.2101],"SNDP":[0],"STP":[974.02],"TEMP":[16.33],"VISIB":[17.329998],"WDSP":[7.1099997],"WNDDIR":[204.9],"time":[1549364856]}