{"CLDC":[50.18],"DEWP":[12.160001],"FRSHTT":[100000],"PRCP":[0.25],"SLP":[1010.7001],"SNDP":[0],"STP":[1004.1],"TEMP":[17.900002],"VISIB":[14.039999],"WDSP":[10.99],"WNDDIR":[42],"time":[1549364857]}