{"CLDC":[50.18,50.210003],"DEWP":[12.160001,12.400001],"FRSHTT":[100000,100000],"PRCP":[0.25,0.25],"SLP":[1010.7001,1010.7001],"SNDP":[0,0],"STP":[1004.1,1004],"TEMP":[17.900002,18.19],"VISIB":[14.039999,14.359999],"WDSP":[10.99,11.049999],"WNDDIR":[42,42],"time":[1549364857,1549364916]}