{"CLDC":[79.39001,79.619995],"DEWP":[9.99,9.86],"FRSHTT":[100000,100000],"PRCP":[0.19000001,0.19000001],"SLP":[1010.1,1010.1],"SNDP":[0,0],"STP":[1001.9,1001.9],"TEMP":[17.640001,17.539999],"VISIB":[15.88,15.2],"WDSP":[11.370001,11.19],"WNDDIR":[185.4,186.1],"time":[1549364858,1549364916]}