{"CLDC":[61.25],"DEWP":[12.660001],"FRSHTT":[100000],"PRCP":[0.36000004],"SLP":[1011.7001],"SNDP":[0],"STP":[1017.2999],"TEMP":[18.79],"VISIB":[12.4800005],"WDSP":[11.750001],"WNDDIR":[172],"time":[1549364858]}