{"CLDC":[79.39001],"DEWP":[9.99],"FRSHTT":[100000],"PRCP":[0.19000001],"SLP":[1010.1],"SNDP":[0],"STP":[1001.9],"TEMP":[17.640001],"VISIB":[15.88],"WDSP":[11.370001],"WNDDIR":[185.4],"time":[1549364858]}