{"CLDC":[50.379997,50.46],"DEWP":[5.4,5.54],"FRSHTT":[100000,100000],"PRCP":[0.039999995,0.039999995],"SLP":[1009.2301,1009.2999],"SNDP":[0,0],"STP":[940.45,940.6],"TEMP":[17.6,17.4],"VISIB":[13.37,13.2],"WDSP":[8.969999,8.21],"WNDDIR":[175.1,179.7],"time":[1549364860,1549364918]}