{"CLDC":[50.379997],"DEWP":[5.4],"FRSHTT":[100000],"PRCP":[0.039999995],"SLP":[1009.2301],"SNDP":[0],"STP":[940.45],"TEMP":[17.6],"VISIB":[13.37],"WDSP":[8.969999],"WNDDIR":[175.1],"time":[1549364860]}