{"CLDC":[78.829994],"DEWP":[5.2200003],"FRSHTT":[100000],"PRCP":[0.050000004],"SLP":[1003.9],"SNDP":[0],"STP":[937.7201],"TEMP":[17.28],"VISIB":[26.7],"WDSP":[18.55],"WNDDIR":[130.8],"time":[1549364861]}