{"CLDC":[50.050003,50.02],"DEWP":[6.3199997,6.3199997],"FRSHTT":[100000,100000],"PRCP":[0.11,0.11],"SLP":[1010.4601,1010.4],"SNDP":[0,0],"STP":[976.42004,976.47003],"TEMP":[13.550001,13.650002],"VISIB":[15.62,15.589999],"WDSP":[11.07,11.21],"WNDDIR":[248,249.5],"time":[1549364861,1549364919]}