{"CLDC":[50.050003],"DEWP":[6.3199997],"FRSHTT":[100000],"PRCP":[0.11],"SLP":[1010.4601],"SNDP":[0],"STP":[976.42004],"TEMP":[13.550001],"VISIB":[15.62],"WDSP":[11.07],"WNDDIR":[248],"time":[1549364861]}