{"CLDC":[50.050003],"DEWP":[10.620001],"FRSHTT":[100000],"PRCP":[0.050000004],"SLP":[1012],"SNDP":[0],"STP":[1003.55994],"TEMP":[15.35],"VISIB":[18.48],"WDSP":[9.999999],"WNDDIR":[105.4],"time":[1549364855]}