{"CLDC":[73.39001,73.3],"DEWP":[10.4,10.639999],"FRSHTT":[0,0],"PRCP":[0,0],"SLP":[1010.5,1010.5],"SNDP":[0,0],"STP":[1010.11005,1009.7001],"TEMP":[17.350002,17.300001],"VISIB":[14.56,15.07],"WDSP":[11.21,11.49],"WNDDIR":[130.5,132.4],"time":[1549364856,1549364916]}