{"CLDC":[73.39001],"DEWP":[10.4],"FRSHTT":[0],"PRCP":[0],"SLP":[1010.5],"SNDP":[0],"STP":[1010.11005],"TEMP":[17.350002],"VISIB":[14.56],"WDSP":[11.21],"WNDDIR":[130.5],"time":[1549364856]}