{"CLDC":[50.090004],"DEWP":[-5.8900003],"FRSHTT":[100000],"PRCP":[0.019999998],"SLP":[869.99005],"SNDP":[0],"STP":[857.2001],"TEMP":[9.58],"VISIB":[20.35],"WDSP":[8.42],"WNDDIR":[289.2],"time":[1549364859]}