{"CLDC":[50.090004,50.550003],"DEWP":[-5.8900003,-5.8900003],"FRSHTT":[100000,100000],"PRCP":[0.019999998,0.019999998],"SLP":[869.99005,869.95996],"SNDP":[0,0],"STP":[857.2001,857.18005],"TEMP":[9.58,9.58],"VISIB":[20.35,20.310001],"WDSP":[8.42,8.250001],"WNDDIR":[289.2,291],"time":[1549364859,1549364917]}