{"CLDC":[8.17],"DEWP":[13.94],"FRSHTT":[0],"PRCP":[0],"SLP":[1008.61005],"SNDP":[0],"STP":[992.68005],"TEMP":[17.91],"VISIB":[10.49],"WDSP":[2.9599998],"WNDDIR":[204.9],"time":[1549364860]}