{"CLDC":[8.17,7.9900002],"DEWP":[13.94,14.2699995],"FRSHTT":[0,0],"PRCP":[0,0],"SLP":[1008.61005,1008.6],"SNDP":[0,0],"STP":[992.68005,993.00995],"TEMP":[17.91,17.52],"VISIB":[10.49,10.64],"WDSP":[2.9599998,2.9199998],"WNDDIR":[204.9,203.7],"time":[1549364860,1549364918]}