{"CLDC":[23.389997,24.070002],"DEWP":[6.7899995,6.45],"FRSHTT":[0,0],"PRCP":[0,0],"SLP":[1013.9,1013.9],"SNDP":[0,0],"STP":[995.64,995.5801],"TEMP":[15.85,16.07],"VISIB":[14.129999,13.539999],"WDSP":[15.110001,14.929998],"WNDDIR":[311.5,311.3],"time":[1549364860,1549364918]}