{"CLDC":[50.18],"DEWP":[9.299999],"FRSHTT":[100000],"PRCP":[0.15999998],"SLP":[1012.4],"SNDP":[0],"STP":[1011.12],"TEMP":[16.079998],"VISIB":[11.039999],"WDSP":[14.2300005],"WNDDIR":[278.7],"time":[1549364861]}