{"CLDC":[50],"DEWP":[12.799999],"FRSHTT":[100000],"PRCP":[0.019999998],"SLP":[1015.7999],"SNDP":[0],"STP":[1014.07],"TEMP":[19.399998],"VISIB":[10.26],"WDSP":[9.380001],"WNDDIR":[273.4],"time":[1549364861]}