{"CLDC":[50.23,50],"DEWP":[13.08,12.76],"FRSHTT":[100000,100000],"PRCP":[0.050000004,0.050000004],"SLP":[1012.2001,1012.2001],"SNDP":[0,0],"STP":[1013.7999,1013.7999],"TEMP":[18.76,19.119999],"VISIB":[10.48,10.62],"WDSP":[16.43,16.579998],"WNDDIR":[77,75.3],"time":[1549364861,1549364919]}