{"CLDC":[54.909996],"DEWP":[10.339999],"FRSHTT":[0],"PRCP":[0],"SLP":[1007.2001],"SNDP":[0],"STP":[1004.37],"TEMP":[19.619999],"VISIB":[9.839999],"WDSP":[20.899998],"WNDDIR":[357.1],"time":[1549364861]}