{"CLDC":[81.869995,81.59999],"DEWP":[6.1400003,6.05],"FRSHTT":[0,0],"PRCP":[0,0],"SLP":[1019.2001,1019.2001],"SNDP":[0,0],"STP":[1040.23,1040.4001],"TEMP":[12.4800005,12.4800005],"VISIB":[9.749999,8.620001],"WDSP":[27.539999,26.909998],"WNDDIR":[355.8,352.5],"time":[1549364855,1549364915]}