{"CLDC":[39.670006,39.81],"DEWP":[14.92,14.6],"FRSHTT":[0,0],"PRCP":[0,0],"SLP":[1006.7899,1006.82996],"SNDP":[0,0],"STP":[1004.0199,1004.2001],"TEMP":[20.5,20.36],"VISIB":[10.320001,10.430001],"WDSP":[11.250001,12.2300005],"WNDDIR":[137.3,135.3],"time":[1549364855,1549364915]}