{"CLDC":[60.339996],"DEWP":[3.56],"FRSHTT":[100000],"PRCP":[0.09000001],"SLP":[1010.6],"SNDP":[0],"STP":[997.6],"TEMP":[13.799998],"VISIB":[27.469995],"WDSP":[14.729999],"WNDDIR":[152],"time":[1549364858]}