{"CLDC":[60.339996,60.409996],"DEWP":[3.56,3.5600002],"FRSHTT":[100000,100000],"PRCP":[0.09000001,0.09000001],"SLP":[1010.6,1010.6],"SNDP":[0,0],"STP":[997.6,997.6],"TEMP":[13.799998,13.599998],"VISIB":[27.469995,27.419998],"WDSP":[14.729999,14.17],"WNDDIR":[152,151.9],"time":[1549364858,1549364917]}