{"CLDC":[18.399998,18.829998],"DEWP":[3.4599998,3.92],"FRSHTT":[0,0],"PRCP":[0,0],"SLP":[1013.92004,1013.9],"SNDP":[0,0],"STP":[1012.6,1012.36993],"TEMP":[10.2,10.01],"VISIB":[10.77,10.820002],"WDSP":[9.179998,9.559999],"WNDDIR":[137,135.3],"time":[1549364859,1549364917]}