{"CLDC":[81.22,81.15999],"DEWP":[5.42,5.1],"FRSHTT":[100000,100000],"PRCP":[0.14,0.14],"SLP":[1012.4,1012.4],"SNDP":[0,0],"STP":[995.86005,995.9],"TEMP":[11.88,11.940001],"VISIB":[16.839998,17.02],"WDSP":[15.55,14.25],"WNDDIR":[61,62.3],"time":[1549364859,1549364917]}