{"CLDC":[18.399998],"DEWP":[3.4599998],"FRSHTT":[0],"PRCP":[0],"SLP":[1013.92004],"SNDP":[0],"STP":[1012.6],"TEMP":[10.2],"VISIB":[10.77],"WDSP":[9.179998],"WNDDIR":[137],"time":[1549364859]}