{"CLDC":[82.92,82.89],"DEWP":[4.42,4.0999994],"FRSHTT":[0,0],"PRCP":[0,0],"SLP":[1009.4,1009.47003],"SNDP":[0,0],"STP":[1024.2301,1024.06],"TEMP":[16.699999,16.55],"VISIB":[13.599998,14.19],"WDSP":[11.870001,10.049999],"WNDDIR":[167,163.9],"time":[1549364859,1549364917]}