{"CLDC":[50.299995,50.200005],"DEWP":[7.6200004,7.45],"FRSHTT":[100000,100000],"PRCP":[0.29999998,0.29999998],"SLP":[1012.9,1012.9],"SNDP":[0,0],"STP":[1013.38,1013.30994],"TEMP":[13,13.1],"VISIB":[10.830001,10.109999],"WDSP":[16.65,16.970001],"WNDDIR":[249.3,248],"time":[1549364860,1549364918]}