{"CLDC":[84.58],"DEWP":[3.3000004],"FRSHTT":[100000],"PRCP":[0.29],"SLP":[1011.5],"SNDP":[0],"STP":[1007.2501],"TEMP":[14.43],"VISIB":[16.469997],"WDSP":[27.340002],"WNDDIR":[255.7],"time":[1549364858]}