{"CLDC":[50.210007],"DEWP":[-4.1],"FRSHTT":[100000],"PRCP":[0.019999998],"SLP":[940.7001],"SNDP":[0],"STP":[925.57996],"TEMP":[7.5399995],"VISIB":[19.72],"WDSP":[28.05],"WNDDIR":[67.5],"time":[1549364859]}