{"CLDC":[17.560001,17.279999],"DEWP":[-0.120000005,0.2],"FRSHTT":[0,0],"PRCP":[0,0],"SLP":[1010.9,1010.91],"SNDP":[0,0],"STP":[1008.6,1008.6],"TEMP":[15.200002,14.840001],"VISIB":[30.150003,30.369999],"WDSP":[22.070002,23.42],"WNDDIR":[75.7,76.2],"time":[1549364859,1549364917]}