{"CLDC":[50.329994,50.15],"DEWP":[0.039999984,-0.120000005],"FRSHTT":[100000,100000],"PRCP":[0.039999995,0.039999995],"SLP":[1010.2999,1010.2999],"SNDP":[0,0],"STP":[1011.44006,1011.45996],"TEMP":[13.100001,12.900002],"VISIB":[25.319998,25.060001],"WDSP":[23.779999,24.189999],"WNDDIR":[60.6,60.1],"time":[1549364860,1549364918]}