{"CLDC":[50.329994],"DEWP":[0.039999984],"FRSHTT":[100000],"PRCP":[0.039999995],"SLP":[1010.2999],"SNDP":[0],"STP":[1011.44006],"TEMP":[13.100001],"VISIB":[25.319998],"WDSP":[23.779999],"WNDDIR":[60.6],"time":[1549364860]}