{"CLDC":[58.309998,58.710003],"DEWP":[-3.4399998,-3.4399998],"FRSHTT":[100000,100000],"PRCP":[0.009999999,0.009999999],"SLP":[1010.1,1010.00995],"SNDP":[0,0],"STP":[1008.15,1008.32996],"TEMP":[11.62,11.55],"VISIB":[25.829998,25.680002],"WDSP":[24.84,23.61],"WNDDIR":[268.1,271.2],"time":[1549364855,1549364915]}