{"CLDC":[50.07,50.379997],"DEWP":[-0.71999997,-0.45999995],"FRSHTT":[100000,100000],"PRCP":[0.019999998,0.019999998],"SLP":[1008.1,1008.1],"SNDP":[0,0],"STP":[1003.18005,1003.0301],"TEMP":[12.59,12.590001],"VISIB":[21.97,21.869999],"WDSP":[25.240002,25.460001],"WNDDIR":[79.6,81],"time":[1549364857,1549364916]}