{"CLDC":[50.27,50.05],"DEWP":[-1.55,-1.4199998],"FRSHTT":[100000,100000],"PRCP":[0.039999995,0.039999995],"SLP":[1005.1,1005.1],"SNDP":[0,0],"STP":[999.4,999.52],"TEMP":[8.84,8.719999],"VISIB":[27.689999,27.869999],"WDSP":[38.439995,39.680004],"WNDDIR":[177.4,172.4],"time":[1549364860,1549364918]}