{"CLDC":[50.27],"DEWP":[-1.55],"FRSHTT":[100000],"PRCP":[0.039999995],"SLP":[1005.1],"SNDP":[0],"STP":[999.4],"TEMP":[8.84],"VISIB":[27.689999],"WDSP":[38.439995],"WNDDIR":[177.4],"time":[1549364860]}