{"CLDC":[70.340004],"DEWP":[-2.8899999],"FRSHTT":[100000],"PRCP":[0.09000001],"SLP":[1004.7001],"SNDP":[0],"STP":[1002.61005],"TEMP":[6.7599998],"VISIB":[20.34],"WDSP":[32.25],"WNDDIR":[185.2],"time":[1549364861]}