{"CLDC":[70.340004,70.28999],"DEWP":[-2.8899999,-3.0199997],"FRSHTT":[100000,100000],"PRCP":[0.09000001,0.09000001],"SLP":[1004.7001,1004.7001],"SNDP":[0,0],"STP":[1002.61005,1002.7001],"TEMP":[6.7599998,6.88],"VISIB":[20.34,19.81],"WDSP":[32.25,31.779999],"WNDDIR":[185.2,186.3],"time":[1549364861,1549364918]}