{"CLDC":[37.190002,36.650005],"DEWP":[1.7999998,1.8],"FRSHTT":[0,0],"PRCP":[0,0],"SLP":[987.2899,988.11993],"SNDP":[0,0],"STP":[989.57,989.41],"TEMP":[5.62,5.7],"VISIB":[13.639999,13.780001],"WDSP":[29.13,30.13],"WNDDIR":[21.5,21.5],"time":[1549364861,1549364919]}