{"CLDC":[87.48,87.340004],"DEWP":[2.6799998,2.7500002],"FRSHTT":[100000,100000],"PRCP":[0.11,0.11],"SLP":[1001.4,1001.4],"SNDP":[0,0],"STP":[995.5,995.5],"TEMP":[6.25,6.2200003],"VISIB":[18.15,17.94],"WDSP":[26.09,26.76],"WNDDIR":[232.3,233.9],"time":[1549364861,1549364919]}