{"CLDC":[99.200005,99],"DEWP":[1.85,1.9799999],"FRSHTT":[0,0],"PRCP":[0,0],"SLP":[1021.15,1021.2001],"SNDP":[0,0],"STP":[1006.0101,1006.2],"TEMP":[5.839999,5.8399997],"VISIB":[51.19,52.52999],"WDSP":[22.16,22.52],"WNDDIR":[161.1,161.6],"time":[1549364860,1549364918]}