{"CLDC":[71.369995,71.509995],"DEWP":[2.9600003,3.0800004],"FRSHTT":[0,0],"PRCP":[0,0],"SLP":[991.30994,991.49005],"SNDP":[0,0],"STP":[1023.4,1023.42004],"TEMP":[4.76,4.79],"VISIB":[16.27,16.140001],"WDSP":[17.960001,19.85],"WNDDIR":[165.5,162.9],"time":[1549364856,1549364915]}