{"CLDC":[71.369995],"DEWP":[2.9600003],"FRSHTT":[0],"PRCP":[0],"SLP":[991.30994],"SNDP":[0],"STP":[1023.4],"TEMP":[4.76],"VISIB":[16.27],"WDSP":[17.960001],"WNDDIR":[165.5],"time":[1549364856]}