{"CLDC":[65.009995,64.7],"DEWP":[0.9999999,0.9999999],"FRSHTT":[0,0],"PRCP":[0,0],"SLP":[981.34,981.0301],"SNDP":[0,0],"STP":[960.50995,960.86993],"TEMP":[2.65,2.64],"VISIB":[16.61,15.930002],"WDSP":[16.539999,16.28],"WNDDIR":[190.5,191.8],"time":[1549364857,1549364916]}