{"CLDC":[25.710001,25.570002],"DEWP":[-1.3399999,-1.2999998],"FRSHTT":[0,0],"PRCP":[0,0],"SLP":[983.5,983.5],"SNDP":[0,0],"STP":[956.88995,956.69006],"TEMP":[0,0],"VISIB":[34.260002,34.17],"WDSP":[12.12,12.51],"WNDDIR":[108.1,105.5],"time":[1549364857,1549364916]}