{"CLDC":[35.76,36.050003],"DEWP":[-0.2,-0.24000001],"FRSHTT":[0,0],"PRCP":[0,0],"SLP":[999.4,999.39],"SNDP":[0,0],"STP":[1013.7101,1015.43],"TEMP":[0.78000003,0.76],"VISIB":[8.99,9.4800005],"WDSP":[28.89,29.420002],"WNDDIR":[194.2,194.4],"time":[1549364857,1549364916]}