{"CLDC":[29.829998,30.100002],"DEWP":[-8.58,-7.9200006],"FRSHTT":[1000000,1000000],"PRCP":[0,0],"SLP":[994.16003,993.9601],"SNDP":[0,0],"STP":[964.47003,965.38995],"TEMP":[-0.73999995,-0.73],"VISIB":[38.35,38.079998],"WDSP":[14.690001,14.57],"WNDDIR":[344.9,345.3],"time":[1549364858,1549364917]}