{"CLDC":[65.61],"DEWP":[-0.7199999],"FRSHTT":[0],"PRCP":[0],"SLP":[997.68005],"SNDP":[0],"STP":[969.3],"TEMP":[0],"VISIB":[9.86],"WDSP":[19.509998],"WNDDIR":[16.2],"time":[1549364858]}