{"CLDC":[63.54,63.379997],"DEWP":[-2.7,-2.65],"FRSHTT":[1100000,1100000],"PRCP":[0.059999995,0.059999995],"SLP":[997.6501,997.6],"SNDP":[0,0],"STP":[997.5,997.5],"TEMP":[-0.9,-0.9],"VISIB":[9,8.8],"WDSP":[18.91,17.93],"WNDDIR":[129.3,126.4],"time":[1549364859,1549364917]}