{"CLDC":[54.919994],"DEWP":[-2.8799999],"FRSHTT":[1000000],"PRCP":[0],"SLP":[989.5],"SNDP":[0],"STP":[999.95],"TEMP":[-1.1999999],"VISIB":[9.71],"WDSP":[35.68],"WNDDIR":[28],"time":[1549364858]}