{"CLDC":[77.96,77.82],"DEWP":[-2.4500003,-2.4500003],"FRSHTT":[0,0],"PRCP":[0,0],"SLP":[1005.2999,1005.2999],"SNDP":[0,0],"STP":[1003.9,1003.9],"TEMP":[0.40000004,0.40000004],"VISIB":[19.130001,19.91],"WDSP":[28.4,29.37],"WNDDIR":[138,138.1],"time":[1549364858,1549364917]}