{"CLDC":[50.03],"DEWP":[0.38000003],"FRSHTT":[100000],"PRCP":[0.039999995],"SLP":[985.9],"SNDP":[0],"STP":[966.11],"TEMP":[1.1400001],"VISIB":[12.22],"WDSP":[8.410002],"WNDDIR":[233.6],"time":[1549364858]}