{"CLDC":[60.789997],"DEWP":[-6.32],"FRSHTT":[1100000],"PRCP":[0.059999995],"SLP":[991.05994],"SNDP":[0],"STP":[966.61],"TEMP":[-3.3],"VISIB":[15.92],"WDSP":[24.600002],"WNDDIR":[305.5],"time":[1549364858]}