{"CLDC":[74.44001],"DEWP":[-2.1200001],"FRSHTT":[1100000],"PRCP":[0.009999999],"SLP":[990],"SNDP":[0],"STP":[998.2001],"TEMP":[-0.10000001],"VISIB":[11.719999],"WDSP":[30.89],"WNDDIR":[207.1],"time":[1549364858]}