{"CLDC":[90.71001],"DEWP":[-5.2400002],"FRSHTT":[1000000],"PRCP":[0],"SLP":[1005.65],"SNDP":[0],"STP":[1008.02],"TEMP":[-2.4199998],"VISIB":[7.380001],"WDSP":[7.7400002],"WNDDIR":[282.7],"time":[1549364858]}