{"CLDC":[23.47],"DEWP":[-4.7],"FRSHTT":[1000000],"PRCP":[0],"SLP":[997.61],"SNDP":[0],"STP":[981.19006],"TEMP":[-3.02],"VISIB":[10.589999],"WDSP":[8.599999],"WNDDIR":[357.1],"time":[1549364859]}