{"CLDC":[23.47,23.429998],"DEWP":[-4.7,-4.54],"FRSHTT":[1000000,1000000],"PRCP":[0,0],"SLP":[997.61,997.50995],"SNDP":[0,0],"STP":[981.19006,980.97003],"TEMP":[-3.02,-2.96],"VISIB":[10.589999,10.21],"WDSP":[8.599999,8.81],"WNDDIR":[357.1,356.1],"time":[1549364859,1549364917]}