{"CLDC":[81.85],"DEWP":[-6.8],"FRSHTT":[1000000],"PRCP":[0],"SLP":[985.98],"SNDP":[0],"STP":[983.2999],"TEMP":[-1.6800001],"VISIB":[22.67],"WDSP":[21.210001],"WNDDIR":[306.3],"time":[1549364858]}