{"CLDC":[81.85,81.91],"DEWP":[-6.8,-6.7400002],"FRSHTT":[1000000,1000000],"PRCP":[0,0],"SLP":[985.98,986],"SNDP":[0,0],"STP":[983.2999,983.2999],"TEMP":[-1.6800001,-1.7000002],"VISIB":[22.67,22.919998],"WDSP":[21.210001,21.039999],"WNDDIR":[306.3,307.8],"time":[1549364858,1549364916]}