{"CLDC":[98.71001],"DEWP":[-7.2600007],"FRSHTT":[1000000],"PRCP":[0],"SLP":[1000.7999],"SNDP":[0],"STP":[998.7001],"TEMP":[-1.3599999],"VISIB":[24.34],"WDSP":[26.180002],"WNDDIR":[298.2],"time":[1549364859]}