{"CLDC":[29.810001],"DEWP":[-8.42],"FRSHTT":[1000000],"PRCP":[0],"SLP":[987.57996],"SNDP":[0],"STP":[985.1],"TEMP":[-0.84000003],"VISIB":[30.179998],"WDSP":[24.09],"WNDDIR":[2.6],"time":[1549364859]}