{"CLDC":[55.889996,56.060005],"DEWP":[-8.049999,-7.85],"FRSHTT":[1000000,1000000],"PRCP":[0,0],"SLP":[988.92004,988.9],"SNDP":[0,0],"STP":[983.7001,983.66],"TEMP":[-2.6700003,-2.6200001],"VISIB":[36.2,36.489998],"WDSP":[18.63,17.550001],"WNDDIR":[227.3,226.3],"time":[1549364856,1549364915]}