{"CLDC":[50.219997,50.329994],"DEWP":[-3.28,-3.22],"FRSHTT":[1110000,1110000],"PRCP":[0.019999998,0.019999998],"SLP":[1012.2999,1012.2999],"SNDP":[1.1999999,1.1999999],"STP":[1015.0801,1015.17004],"TEMP":[-1.03,-1.05],"VISIB":[11.4800005,11.549999],"WDSP":[29.95,28.510004],"WNDDIR":[90.4,89.6],"time":[1549364859,1549364917]}