{"CLDC":[50.219997],"DEWP":[-3.28],"FRSHTT":[1110000],"PRCP":[0.019999998],"SLP":[1012.2999],"SNDP":[1.1999999],"STP":[1015.0801],"TEMP":[-1.03],"VISIB":[11.4800005],"WDSP":[29.95],"WNDDIR":[90.4],"time":[1549364859]}