{"CLDC":[50.170006,50.230003],"DEWP":[11.449999,11.449999],"FRSHTT":[100000,100000],"PRCP":[0.059999995,0.063],"SLP":[1013.7999,1013.7999],"SNDP":[0,0],"STP":[1011.27997,1011.2001],"TEMP":[16.08,16.259998],"VISIB":[13.31,13.259999],"WDSP":[24.990002,24.890001],"WNDDIR":[274.2,270.9],"time":[1549364861,1549364918]}