{"CLDC":[50.170006],"DEWP":[11.449999],"FRSHTT":[100000],"PRCP":[0.059999995],"SLP":[1013.7999],"SNDP":[0],"STP":[1011.27997],"TEMP":[16.08],"VISIB":[13.31],"WDSP":[24.990002],"WNDDIR":[274.2],"time":[1549364861]}