{"CLDC":[86.10999,86.3],"DEWP":[10.14,10.139999],"FRSHTT":[0,0],"PRCP":[0,0],"SLP":[1022.4699,1022.5],"SNDP":[0,0],"STP":[1020.86005,1025.1],"TEMP":[14.849998,14.589999],"VISIB":[159.92001,159.41],"WDSP":[6.66,6.3199997],"WNDDIR":[108.6,114.9],"time":[1549364859,1549364917]}