{"CLDC":[71.46999,71.799995],"DEWP":[11.820002,11.900001],"FRSHTT":[100000,100000],"PRCP":[0.22999999,0.22999999],"SLP":[1016.25,1016.2999],"SNDP":[0,0],"STP":[1012,1012],"TEMP":[16.94,17.29],"VISIB":[20.73,21.01],"WDSP":[19.26,20.15],"WNDDIR":[306.1,301.7],"time":[1549364860,1549364918]}