{"CLDC":[4.8599997,4.66],"DEWP":[11.879999,11.620001],"FRSHTT":[0,0],"PRCP":[0,0],"SLP":[1022.2001,1022.2001],"SNDP":[0,0],"STP":[1032.7699,1034.3201],"TEMP":[17.92,17.85],"VISIB":[159.91002,160.25],"WDSP":[14.109999,13.15],"WNDDIR":[89.7,90.5],"time":[1549364860,1549364918]}