{"CLDC":[50.15],"DEWP":[14.0199995],"FRSHTT":[100000],"PRCP":[0.23999998],"SLP":[1018.2001],"SNDP":[0],"STP":[1041.44],"TEMP":[18.990002],"VISIB":[15.7699995],"WDSP":[6.28],"WNDDIR":[217.2],"time":[1549364860]}