{"CLDC":[76.18001],"DEWP":[14.88],"FRSHTT":[0],"PRCP":[0],"SLP":[1011.5],"SNDP":[0],"STP":[987.3],"TEMP":[18.35],"VISIB":[139.76001],"WDSP":[17.19],"WNDDIR":[167.7],"time":[1549364860]}