{"CLDC":[71.46999],"DEWP":[11.820002],"FRSHTT":[100000],"PRCP":[0.22999999],"SLP":[1016.25],"SNDP":[0],"STP":[1012],"TEMP":[16.94],"VISIB":[20.73],"WDSP":[19.26],"WNDDIR":[306.1],"time":[1549364860]}