{"CLDC":[50.060005],"DEWP":[11.06],"FRSHTT":[100000],"PRCP":[0.009999999],"SLP":[1015],"SNDP":[0],"STP":[999.9],"TEMP":[15.740001],"VISIB":[45.140003],"WDSP":[10.07],"WNDDIR":[163.4],"time":[1549364860]}