{"CLDC":[50.250004],"DEWP":[10.75],"FRSHTT":[100000],"PRCP":[0.059999995],"SLP":[1015.7999],"SNDP":[0],"STP":[1014.1],"TEMP":[17.54],"VISIB":[17.76],"WDSP":[13.109999],"WNDDIR":[337.9],"time":[1549364860]}