{"CLDC":[50.060005],"DEWP":[13.85],"FRSHTT":[100000],"PRCP":[0.20000002],"SLP":[1015.7999],"SNDP":[0],"STP":[1013.7999],"TEMP":[19.310001],"VISIB":[14.51],"WDSP":[13.63],"WNDDIR":[23],"time":[1549364860]}