{"CLDC":[50.060005,50.399998],"DEWP":[13.85,13.860001],"FRSHTT":[100000,100000],"PRCP":[0.20000002,0.20000002],"SLP":[1015.7999,1015.7999],"SNDP":[0,0],"STP":[1013.7999,1013.7999],"TEMP":[19.310001,19.66],"VISIB":[14.51,14.83],"WDSP":[13.63,14.55],"WNDDIR":[23,22.1],"time":[1549364860,1549364918]}