{"CLDC":[84.08999,84.18],"DEWP":[12.520001,12.520001],"FRSHTT":[0,0],"PRCP":[0,0],"SLP":[1009.27997,1009.2101],"SNDP":[0,0],"STP":[1014.00995,1013.97003],"TEMP":[17.750002,17.74],"VISIB":[43.57,42.94],"WDSP":[20.070002,21.05],"WNDDIR":[296.2,300.9],"time":[1549364861,1549364919]}