{"CLDC":[50.02,50.100002],"DEWP":[11.929999,11.57],"FRSHTT":[100000,100000],"PRCP":[0.15999998,0.15999998],"SLP":[1016.2001,1016.1],"SNDP":[0,0],"STP":[1013.5,1013.41003],"TEMP":[16.880001,17.060001],"VISIB":[24.130001,23.459997],"WDSP":[18.289999,18.130001],"WNDDIR":[288.3,289],"time":[1549364861,1549364918]}