{"CLDC":[73.67999],"DEWP":[11.849999],"FRSHTT":[0],"PRCP":[0],"SLP":[1006.9],"SNDP":[0],"STP":[1007.81995],"TEMP":[16.760002],"VISIB":[20.7],"WDSP":[16.119999],"WNDDIR":[76.2],"time":[1549364861]}