{"CLDC":[94.77999],"DEWP":[10.059999],"FRSHTT":[100000],"PRCP":[0.019999998],"SLP":[1015.5],"SNDP":[0],"STP":[1012.91],"TEMP":[18.060001],"VISIB":[15.76],"WDSP":[13.639999],"WNDDIR":[13.9],"time":[1549364861]}