{"CLDC":[94.77999,94.420006],"DEWP":[10.059999,10.299999],"FRSHTT":[100000,100000],"PRCP":[0.019999998,0.019999998],"SLP":[1015.5,1015.5],"SNDP":[0,0],"STP":[1012.91,1012.11],"TEMP":[18.060001,17.740002],"VISIB":[15.76,16.05],"WDSP":[13.639999,12.02],"WNDDIR":[13.9,13.1],"time":[1549364861,1549364918]}