{"CLDC":[50.010002],"DEWP":[18.679998],"FRSHTT":[100000],"PRCP":[0.11999999],"SLP":[1011.7999],"SNDP":[0],"STP":[1001.9],"TEMP":[24.290003],"VISIB":[12.300001],"WDSP":[16.96],"WNDDIR":[331.8],"time":[1549364858]}