{"CLDC":[15.99],"DEWP":[20.68],"FRSHTT":[0],"PRCP":[0],"SLP":[998.7899],"SNDP":[0],"STP":[1007.7],"TEMP":[24.619999],"VISIB":[11.629999],"WDSP":[27.730001],"WNDDIR":[21.7],"time":[1549364857]}