{"CLDC":[15.99,15.959999],"DEWP":[20.68,20.519999],"FRSHTT":[0,0],"PRCP":[0,0],"SLP":[998.7899,998.80994],"SNDP":[0,0],"STP":[1007.7,1007.30994],"TEMP":[24.619999,25.04],"VISIB":[11.629999,12.360002],"WDSP":[27.730001,27.470001],"WNDDIR":[21.7,19.6],"time":[1549364857,1549364916]}