{"CLDC":[57.640003,57.789997],"DEWP":[21.149998,21.07],"FRSHTT":[0,0],"PRCP":[0,0],"SLP":[992.45,992.59],"SNDP":[0,0],"STP":[996.9,996.9],"TEMP":[25.059998,25.459997],"VISIB":[10.96,11.129999],"WDSP":[24.689999,24.83],"WNDDIR":[144.1,147.9],"time":[1549364858,1549364917]}