{"CLDC":[50.43],"DEWP":[20.550001],"FRSHTT":[100000],"PRCP":[0.29],"SLP":[1011.7999],"SNDP":[0],"STP":[1012.9],"TEMP":[24.259998],"VISIB":[13.6],"WDSP":[19.570002],"WNDDIR":[246.6],"time":[1549364858]}