{"CLDC":[50.43,50.339996],"DEWP":[20.550001,20.550001],"FRSHTT":[100000,100000],"PRCP":[0.29,0.29],"SLP":[1011.7999,1011.7999],"SNDP":[0,0],"STP":[1012.9,1012.9],"TEMP":[24.259998,24.499998],"VISIB":[13.6,13.270001],"WDSP":[19.570002,20.210001],"WNDDIR":[246.6,241.4],"time":[1549364858,1549364917]}