{"CLDC":[57.640003],"DEWP":[21.149998],"FRSHTT":[0],"PRCP":[0],"SLP":[992.45],"SNDP":[0],"STP":[996.9],"TEMP":[25.059998],"VISIB":[10.96],"WDSP":[24.689999],"WNDDIR":[144.1],"time":[1549364858]}