{"CLDC":[37.369995,37.170006],"DEWP":[20.26,20.309998],"FRSHTT":[0,0],"PRCP":[0,0],"SLP":[1010.2001,1010.2001],"SNDP":[0,0],"STP":[1009.5,1009.5],"TEMP":[25.469997,25.85],"VISIB":[20.12,20.359999],"WDSP":[29.05,28.99],"WNDDIR":[5.2,6],"time":[1549364859,1549364917]}