{"CLDC":[50.22],"DEWP":[16.93],"FRSHTT":[100000],"PRCP":[0.039999995],"SLP":[1012.7101],"SNDP":[0],"STP":[1011.2201],"TEMP":[21.8],"VISIB":[16.609999],"WDSP":[22.17],"WNDDIR":[323.1],"time":[1549364860]}