{"CLDC":[60.309998,60.059998],"DEWP":[11.8,11.7],"FRSHTT":[100000,100000],"PRCP":[0.29,0.29],"SLP":[1016.2001,1016.2001],"SNDP":[0,0],"STP":[1016.4,1016.4],"TEMP":[16.439999,16.5],"VISIB":[20.08,19.96],"WDSP":[13.2,12.629999],"WNDDIR":[290.9,289.5],"time":[1549364859,1549364917]}