{"CLDC":[60.309998],"DEWP":[11.8],"FRSHTT":[100000],"PRCP":[0.29],"SLP":[1016.2001],"SNDP":[0],"STP":[1016.4],"TEMP":[16.439999],"VISIB":[20.08],"WDSP":[13.2],"WNDDIR":[290.9],"time":[1549364859]}