{"CLDC":[63.930004],"DEWP":[20.56],"FRSHTT":[100000],"PRCP":[0.27],"SLP":[1009.2001],"SNDP":[0],"STP":[1004],"TEMP":[24.529999],"VISIB":[21.630001],"WDSP":[12.049999],"WNDDIR":[279.8],"time":[1549364857]}