{"CLDC":[50.240005,50.200005],"DEWP":[20.619999,20.539999],"FRSHTT":[100000,100000],"PRCP":[0.7799999,0.7799999],"SLP":[1007.9,1007.86993],"SNDP":[0,0],"STP":[1017.45,1017.77],"TEMP":[24.42,24.419998],"VISIB":[24.3,24.52],"WDSP":[13.280001,13.74],"WNDDIR":[103.5,101.9],"time":[1549364857,1549364916]}