{"CLDC":[50.240005],"DEWP":[20.619999],"FRSHTT":[100000],"PRCP":[0.7799999],"SLP":[1007.9],"SNDP":[0],"STP":[1017.45],"TEMP":[24.42],"VISIB":[24.3],"WDSP":[13.280001],"WNDDIR":[103.5],"time":[1549364857]}