{"CLDC":[61.889996,61.74],"DEWP":[20.37,20.400002],"FRSHTT":[0,0],"PRCP":[0,0],"SLP":[1007.11,1007.2001],"SNDP":[0,0],"STP":[1019.24005,1019.43],"TEMP":[26.060001,26.240002],"VISIB":[26.039999,26.14],"WDSP":[20.27,19.920002],"WNDDIR":[357.7,355.6],"time":[1549364858,1549364917]}