{"CLDC":[50.170006,50.030003],"DEWP":[20.899998,20.899998],"FRSHTT":[100000,100000],"PRCP":[0.26,0.26],"SLP":[1009.47003,1009.4],"SNDP":[0,0],"STP":[1009.4501,1009.5],"TEMP":[25.84,25.48],"VISIB":[23.570002,23.349998],"WDSP":[23.9,24.060001],"WNDDIR":[176.5,172.4],"time":[1549364858,1549364917]}