{"CLDC":[94.91001],"DEWP":[20.900002],"FRSHTT":[100000],"PRCP":[0.73],"SLP":[1009],"SNDP":[0],"STP":[1008.72003],"TEMP":[25.2],"VISIB":[24.310001],"WDSP":[20.41],"WNDDIR":[117.4],"time":[1549364858]}