{"CLDC":[50.050003,50.35],"DEWP":[9.279999,9.25],"FRSHTT":[100000,100000],"PRCP":[0.31999996,0.31999996],"SLP":[1009,1009],"SNDP":[0,0],"STP":[1007.7001,1007.6],"TEMP":[12.9,12.749999],"VISIB":[24.81,25.240002],"WDSP":[13.280001,14.01],"WNDDIR":[120.7,124.8],"time":[1549364861,1549364919]}