{"CLDC":[82.66,82.65001],"DEWP":[20.86,20.86],"FRSHTT":[100000,100000],"PRCP":[0.15999998,0.15999998],"SLP":[1008.37,1008.80994],"SNDP":[0,0],"STP":[1000.4,1000.4],"TEMP":[24.510002,24.240002],"VISIB":[32.84,32.8],"WDSP":[7.0099993,7.2299995],"WNDDIR":[67.9,62.5],"time":[1549364860,1549364918]}