{"CLDC":[54.5,54.809998],"DEWP":[20.400002,20.4],"FRSHTT":[0,0],"PRCP":[0,0],"SLP":[1008.2001,1008.2001],"SNDP":[0,0],"STP":[1006.7001,1006.7001],"TEMP":[24.699999,24.839998],"VISIB":[159.89,160.12999],"WDSP":[7.4900002,7.9900002],"WNDDIR":[214.6,211.9],"time":[1549364860,1549364918]}