{"CLDC":[78.229996,78.13999],"DEWP":[21.300001,21.300001],"FRSHTT":[100000,100000],"PRCP":[0.09000001,0.09000001],"SLP":[1011.4,1011.4],"SNDP":[0,0],"STP":[1007.4,1007.86005],"TEMP":[23.74,24.25],"VISIB":[20.939999,20.470001],"WDSP":[15.38,14.539999],"WNDDIR":[264.6,260.3],"time":[1549364855,1549364915]}