{"CLDC":[68.81],"DEWP":[22.08],"FRSHTT":[100000],"PRCP":[0.30999997],"SLP":[1005.7001],"SNDP":[0],"STP":[1002.02],"TEMP":[24.45],"VISIB":[27.540003],"WDSP":[7.6699996],"WNDDIR":[184],"time":[1549364861]}