{"CLDC":[81.45,81.450005],"DEWP":[19.850002,20.12],"FRSHTT":[100000,100000],"PRCP":[0.42000002,0.42000002],"SLP":[1008,1007.9],"SNDP":[0,0],"STP":[1008.25,1007.9299],"TEMP":[22.999998,22.699999],"VISIB":[23.77,24.669998],"WDSP":[5.2200003,5.5699997],"WNDDIR":[151.7,152.4],"time":[1549364855,1549364915]}