{"CLDC":[68.81,68.52],"DEWP":[22.08,22.150002],"FRSHTT":[100000,100000],"PRCP":[0.30999997,0.30999997],"SLP":[1005.7001,1005.7001],"SNDP":[0,0],"STP":[1002.02,1002.15],"TEMP":[24.45,24.559998],"VISIB":[27.540003,26.62],"WDSP":[7.6699996,7.9],"WNDDIR":[184,182.5],"time":[1549364861,1549364919]}