{"CLDC":[78.229996],"DEWP":[21.300001],"FRSHTT":[100000],"PRCP":[0.09000001],"SLP":[1011.4],"SNDP":[0],"STP":[1007.4],"TEMP":[23.74],"VISIB":[20.939999],"WDSP":[15.38],"WNDDIR":[264.6],"time":[1549364855]}