{"CLDC":[50.07],"DEWP":[18.89],"FRSHTT":[100000],"PRCP":[0.29999998],"SLP":[1007.5],"SNDP":[0],"STP":[1011.25995],"TEMP":[22.599998],"VISIB":[24.170002],"WDSP":[12.76],"WNDDIR":[272.2],"time":[1549364855]}