{"CLDC":[70.12,70.24999],"DEWP":[19.320002,19.640001],"FRSHTT":[100000,100000],"PRCP":[0.79,0.79],"SLP":[1012.1,1012],"SNDP":[0,0],"STP":[1022.47003,1022.02997],"TEMP":[21.8,22.280003],"VISIB":[23.800001,23.600002],"WDSP":[6.36,6.38],"WNDDIR":[142.1,137.6],"time":[1549364855,1549364915]}