{"CLDC":[89.91001,89.87001],"DEWP":[21.810001,21.690002],"FRSHTT":[100000,100000],"PRCP":[0.19000001,0.19000001],"SLP":[954.5101,954.88],"SNDP":[0,0],"STP":[986.7001,986.7001],"TEMP":[22.86,23.119999],"VISIB":[31.310001,30.6],"WDSP":[5.1799994,5.06],"WNDDIR":[129,132.2],"time":[1549364856,1549364915]}