{"CLDC":[89.91001],"DEWP":[21.810001],"FRSHTT":[100000],"PRCP":[0.19000001],"SLP":[954.5101],"SNDP":[0],"STP":[986.7001],"TEMP":[22.86],"VISIB":[31.310001],"WDSP":[5.1799994],"WNDDIR":[129],"time":[1549364856]}