{"CLDC":[50.100002],"DEWP":[17.2],"FRSHTT":[100000],"PRCP":[0.16999999],"SLP":[1008.6],"SNDP":[0],"STP":[1008.99005],"TEMP":[22.099998],"VISIB":[35.43],"WDSP":[12.410001],"WNDDIR":[350.5],"time":[1549364856]}