{"CLDC":[50.100002,50.369995],"DEWP":[17.2,17.420002],"FRSHTT":[100000,100000],"PRCP":[0.16999999,0.16999999],"SLP":[1008.6,1008.6],"SNDP":[0,0],"STP":[1008.99005,1008.66003],"TEMP":[22.099998,22.349998],"VISIB":[35.43,34.96],"WDSP":[12.410001,11.530001],"WNDDIR":[350.5,353.6],"time":[1549364856,1549364915]}