{"CLDC":[84.89,84.979996],"DEWP":[17.350002,17.300001],"FRSHTT":[100000,100000],"PRCP":[0.16999999,0.16999999],"SLP":[1009.02,1009],"SNDP":[0,0],"STP":[1009.5,1008.97003],"TEMP":[23.559998,23.8],"VISIB":[19.66,19.49],"WDSP":[24.759998,25.11],"WNDDIR":[339.5,340.7],"time":[1549364856,1549364915]}