{"CLDC":[32.98],"DEWP":[19.9],"FRSHTT":[0],"PRCP":[0],"SLP":[980.45996],"SNDP":[0],"STP":[1015.2899],"TEMP":[24.18],"VISIB":[11.559999],"WDSP":[10.940001],"WNDDIR":[97.7],"time":[1549364856]}