{"CLDC":[84.89],"DEWP":[17.350002],"FRSHTT":[100000],"PRCP":[0.16999999],"SLP":[1009.02],"SNDP":[0],"STP":[1009.5],"TEMP":[23.559998],"VISIB":[19.66],"WDSP":[24.759998],"WNDDIR":[339.5],"time":[1549364856]}