{"CLDC":[62.090004,61.809998],"DEWP":[-3.2,-3.2],"FRSHTT":[1110000,1110000],"PRCP":[0.039999995,0.039999995],"SLP":[1012.27,1012.2399],"SNDP":[1.3999999,1.3999999],"STP":[1011.6,1011.95996],"TEMP":[-0.86,-0.87],"VISIB":[9.500001,9.2],"WDSP":[24.640001,24.689999],"WNDDIR":[177.6,180.3],"time":[1549364857,1549364916]}