{"CLDC":[50.100002,50.04],"DEWP":[22.1,22.38],"FRSHTT":[100000,100000],"PRCP":[1.0200001,1.0299999],"SLP":[1006.6,1006.6],"SNDP":[0,0],"STP":[1019.65,1018.35],"TEMP":[24.019999,24.380001],"VISIB":[33.749996,34.55],"WDSP":[13.15,12.76],"WNDDIR":[51.6,53.4],"time":[1549364859,1549364917]}