{"CLDC":[50.100002],"DEWP":[22.1],"FRSHTT":[100000],"PRCP":[1.0200001],"SLP":[1006.6],"SNDP":[0],"STP":[1019.65],"TEMP":[24.019999],"VISIB":[33.749996],"WDSP":[13.15],"WNDDIR":[51.6],"time":[1549364859]}