{"CLDC":[80.7],"DEWP":[-4.2],"FRSHTT":[1100000],"PRCP":[0.07],"SLP":[1012.6],"SNDP":[0],"STP":[1009.97003],"TEMP":[-1.47],"VISIB":[6.910001],"WDSP":[17.31],"WNDDIR":[58.6],"time":[1549364857]}