{"CLDC":[80.7,80.89],"DEWP":[-4.2,-4.25],"FRSHTT":[1100000,1100000],"PRCP":[0.07,0.07],"SLP":[1012.6,1012.7001],"SNDP":[0,0],"STP":[1009.97003,1009.9],"TEMP":[-1.47,-1.4599999],"VISIB":[6.910001,6.47],"WDSP":[17.31,18.03],"WNDDIR":[58.6,57],"time":[1549364857,1549364916]}