{"CLDC":[50.05],"DEWP":[21.050001],"FRSHTT":[100000],"PRCP":[0.09000001],"SLP":[1007],"SNDP":[0],"STP":[1007.6501],"TEMP":[25.22],"VISIB":[34.620003],"WDSP":[21.38],"WNDDIR":[168.2],"time":[1549364860]}