{"CLDC":[71.05,70.97],"DEWP":[22.800003,22.55],"FRSHTT":[100000,100000],"PRCP":[0.79,0.79],"SLP":[1003.6,1003.66],"SNDP":[0,0],"STP":[1020.16003,1019.56006],"TEMP":[25.1,25.259998],"VISIB":[29.41,29.829998],"WDSP":[17.279999,17.219997],"WNDDIR":[20.4,22.6],"time":[1549364860,1549364918]}