{"CLDC":[46.160004],"DEWP":[22.16],"FRSHTT":[0],"PRCP":[0],"SLP":[1008.1],"SNDP":[0],"STP":[1025.7899],"TEMP":[25.9],"VISIB":[39.03],"WDSP":[11.190001],"WNDDIR":[148.6],"time":[1549364860]}