{"CLDC":[50.270004],"DEWP":[21.010002],"FRSHTT":[100000],"PRCP":[0.09000001],"SLP":[1008.5],"SNDP":[0],"STP":[991.64],"TEMP":[23.849997],"VISIB":[22.95],"WDSP":[13.009999],"WNDDIR":[171],"time":[1549364860]}