{"CLDC":[78.270004,78.49],"DEWP":[23.079998,22.920002],"FRSHTT":[0,0],"PRCP":[0,0],"SLP":[1003.39,1003.2999],"SNDP":[0,0],"STP":[983.6001,983.7499],"TEMP":[25.2,25.170002],"VISIB":[45.69,45.96],"WDSP":[11.97,11.689999],"WNDDIR":[333.1,330.7],"time":[1549364860,1549364918]}