{"CLDC":[78.740005],"DEWP":[22.84],"FRSHTT":[100000],"PRCP":[0.09000001],"SLP":[1006.4],"SNDP":[0],"STP":[1022.25995],"TEMP":[26.16],"VISIB":[40.579998],"WDSP":[6.5100007],"WNDDIR":[20.7],"time":[1549364861]}