{"CLDC":[78.740005,78.83],"DEWP":[22.84,22.8],"FRSHTT":[100000,100000],"PRCP":[0.09000001,0.09000001],"SLP":[1006.4,1006.4],"SNDP":[0,0],"STP":[1022.25995,1022.63995],"TEMP":[26.16,26.14],"VISIB":[40.579998,40.68],"WDSP":[6.5100007,7.160001],"WNDDIR":[20.7,20.1],"time":[1549364861,1549364919]}