{"CLDC":[54.140003],"DEWP":[19.68],"FRSHTT":[100000],"PRCP":[0.59999996],"SLP":[1007.4],"SNDP":[0],"STP":[1008.50995],"TEMP":[23.48],"VISIB":[44.220005],"WDSP":[8.809999],"WNDDIR":[285.8],"time":[1549364861]}