{"CLDC":[50.090004],"DEWP":[19.95],"FRSHTT":[100000],"PRCP":[0.48999995],"SLP":[1007.5],"SNDP":[0],"STP":[1009.41003],"TEMP":[22.8],"VISIB":[31.810001],"WDSP":[8.49],"WNDDIR":[323.3],"time":[1549364861]}