{"CLDC":[50.090004,50.100002],"DEWP":[19.95,19.810001],"FRSHTT":[100000,100000],"PRCP":[0.48999995,0.48999995],"SLP":[1007.5,1007.5],"SNDP":[0,0],"STP":[1009.41003,1009.41],"TEMP":[22.8,23.05],"VISIB":[31.810001,32.36],"WDSP":[8.49,8.809999],"WNDDIR":[323.3,325.1],"time":[1549364861,1549364919]}