{"CLDC":[50.189995,50.329994],"DEWP":[23.019999,23.079998],"FRSHTT":[100000,100000],"PRCP":[0.19000001,0.19000001],"SLP":[1006.7201,1006.7001],"SNDP":[0,0],"STP":[1006.41,1009.82996],"TEMP":[24.659998,24.63],"VISIB":[36.79,36.309998],"WDSP":[11.440001,11.410001],"WNDDIR":[89.2,84.2],"time":[1549364855,1549364915]}