{"CLDC":[51.769997],"DEWP":[22.619999],"FRSHTT":[100000],"PRCP":[0.14],"SLP":[1005.7999],"SNDP":[0],"STP":[1011.45996],"TEMP":[25.400002],"VISIB":[27.63],"WDSP":[15.910001],"WNDDIR":[185.1],"time":[1549364855]}