{"CLDC":[50.030003],"DEWP":[20.42],"FRSHTT":[100000],"PRCP":[0.67999995],"SLP":[1006.6],"SNDP":[0],"STP":[1016.25995],"TEMP":[23.569998],"VISIB":[30.170002],"WDSP":[10.08],"WNDDIR":[191.5],"time":[1549364855]}