{"CLDC":[66.149994,66.06999],"DEWP":[22.52,22.400002],"FRSHTT":[100000,100000],"PRCP":[0.67,0.67],"SLP":[1006.9,1006.9],"SNDP":[0,0],"STP":[1010.54004,1010.2999],"TEMP":[24.939999,25.479998],"VISIB":[35.909996,36.769997],"WDSP":[10.109999,10.49],"WNDDIR":[34.5,32.3],"time":[1549364856,1549364915]}