{"CLDC":[81.45],"DEWP":[18.469997],"FRSHTT":[0],"PRCP":[0],"SLP":[1008.9],"SNDP":[0],"STP":[990.1],"TEMP":[23.800001],"VISIB":[159.62001],"WDSP":[18.749998],"WNDDIR":[146.3],"time":[1549364857]}