{"CLDC":[50.26,50.15],"DEWP":[19.22,19.150002],"FRSHTT":[100000,100000],"PRCP":[0.009999999,0.009999999],"SLP":[1009.2001,1009.2001],"SNDP":[0,0],"STP":[986.55,987.2699],"TEMP":[23.06,22.97],"VISIB":[36.339996,36.409996],"WDSP":[8.01,8.68],"WNDDIR":[204.3,203.6],"time":[1549364860,1549364918]}