{"CLDC":[50.47],"DEWP":[21.920002],"FRSHTT":[100000],"PRCP":[0.38000003],"SLP":[1007.2001],"SNDP":[0],"STP":[1001.55994],"TEMP":[24.45],"VISIB":[23.260002],"WDSP":[13.800001],"WNDDIR":[57.2],"time":[1549364859]}