{"CLDC":[50.47,50.57],"DEWP":[21.920002,21.74],"FRSHTT":[100000,100000],"PRCP":[0.38000003,0.38000003],"SLP":[1007.2001,1007.2001],"SNDP":[0,0],"STP":[1001.55994,1001.66],"TEMP":[24.45,24.660002],"VISIB":[23.260002,23.000002],"WDSP":[13.800001,13.160001],"WNDDIR":[57.2,55.2],"time":[1549364859,1549364918]}