{"CLDC":[24.429996],"DEWP":[21.720001],"FRSHTT":[0],"PRCP":[0],"SLP":[1001.6],"SNDP":[0],"STP":[984.92004],"TEMP":[24.64],"VISIB":[25.349998],"WDSP":[5.3900003],"WNDDIR":[44.3],"time":[1549364860]}