{"CLDC":[50.11],"DEWP":[20.619999],"FRSHTT":[100000],"PRCP":[0.59999996],"SLP":[1008],"SNDP":[0],"STP":[1006.6],"TEMP":[24.080002],"VISIB":[17.029999],"WDSP":[16.130001],"WNDDIR":[125],"time":[1549364859]}