{"CLDC":[77.92,77.990005],"DEWP":[-4.25,-4.3],"FRSHTT":[1110000,1110000],"PRCP":[0.050000004,0.050000004],"SLP":[1012.2001,1012.2001],"SNDP":[0.20000002,0.20000002],"STP":[1010.36993,1010.56995],"TEMP":[-2.15,-2.13],"VISIB":[9.0199995,9.139999],"WDSP":[21.37,20.529999],"WNDDIR":[337.4,340.5],"time":[1549364857,1549364916]}