{"CLDC":[1.29,1.25],"DEWP":[21.619999,21.68],"FRSHTT":[0,0],"PRCP":[0,0],"SLP":[1008.82996,1008.9],"SNDP":[0,0],"STP":[994.9,990.7399],"TEMP":[24.500004,24.500004],"VISIB":[33.67,36.13],"WDSP":[6.85,6.5699997],"WNDDIR":[314.9,316.8],"time":[1549364860,1549364918]}