{"CLDC":[68.549995,69.08],"DEWP":[20.600002,20.499998],"FRSHTT":[100000,100000],"PRCP":[0.09000001,0.09000001],"SLP":[1008.5,1008.6],"SNDP":[0,0],"STP":[1001.77997,1001.86005],"TEMP":[21.890001,22.249998],"VISIB":[25.86,25.929998],"WDSP":[8.559999,8.320001],"WNDDIR":[97.4,97.5],"time":[1549364860,1549364918]}