{"CLDC":[68.549995],"DEWP":[20.600002],"FRSHTT":[100000],"PRCP":[0.09000001],"SLP":[1008.5],"SNDP":[0],"STP":[1001.77997],"TEMP":[21.890001],"VISIB":[25.86],"WDSP":[8.559999],"WNDDIR":[97.4],"time":[1549364860]}