{"CLDC":[50.160004],"DEWP":[18.830002],"FRSHTT":[100000],"PRCP":[0.32999998],"SLP":[1008.7999],"SNDP":[0],"STP":[1005.18],"TEMP":[21.73],"VISIB":[48.19],"WDSP":[7.7799997],"WNDDIR":[357.8],"time":[1549364860]}