{"CLDC":[1.29],"DEWP":[21.619999],"FRSHTT":[0],"PRCP":[0],"SLP":[1008.82996],"SNDP":[0],"STP":[994.9],"TEMP":[24.500004],"VISIB":[33.67],"WDSP":[6.85],"WNDDIR":[314.9],"time":[1549364860]}