{"CLDC":[50.160004,50.140007],"DEWP":[18.830002,18.56],"FRSHTT":[100000,100000],"PRCP":[0.32999998,0.32999998],"SLP":[1008.7999,1008.7999],"SNDP":[0,0],"STP":[1005.18,1005.2101],"TEMP":[21.73,22.02],"VISIB":[48.19,48.829998],"WDSP":[7.7799997,7.5699997],"WNDDIR":[357.8,358.3],"time":[1549364860,1549364918]}