{"CLDC":[50.15,50.190006],"DEWP":[19.7,19.45],"FRSHTT":[100000,100000],"PRCP":[4.5,4.5],"SLP":[1007.5,1007.4],"SNDP":[0,0],"STP":[996.59,996.29004],"TEMP":[23.38,23.469997],"VISIB":[18.339998,17.73],"WDSP":[29.25,28.15],"WNDDIR":[32.1,33.2],"time":[1549364856,1549364916]}