{"CLDC":[71.560005],"DEWP":[20.74],"FRSHTT":[100000],"PRCP":[0.25],"SLP":[1008],"SNDP":[0],"STP":[1008.77],"TEMP":[24.740002],"VISIB":[56.420002],"WDSP":[24.99],"WNDDIR":[53.1],"time":[1549364856]}