{"CLDC":[58.019997,58.420002],"DEWP":[20.94,20.900002],"FRSHTT":[100000,100000],"PRCP":[5.2399993,5.25],"SLP":[1004.2001,1004.2001],"SNDP":[0,0],"STP":[983.4,983.25],"TEMP":[22.560001,22.349998],"VISIB":[33.54,33.82],"WDSP":[15.05,13.93],"WNDDIR":[42.9,45.8],"time":[1549364858,1549364916]}