{"CLDC":[58.019997],"DEWP":[20.94],"FRSHTT":[100000],"PRCP":[5.2399993],"SLP":[1004.2001],"SNDP":[0],"STP":[983.4],"TEMP":[22.560001],"VISIB":[33.54],"WDSP":[15.05],"WNDDIR":[42.9],"time":[1549364858]}