{"CLDC":[83.87001,83.81],"DEWP":[20.710001,20.68],"FRSHTT":[100000,100000],"PRCP":[0.45999998,0.45999998],"SLP":[1005.2001,1005.1],"SNDP":[0,0],"STP":[1013.16,1013.62],"TEMP":[23.350002,23.320002],"VISIB":[43.1,43.160004],"WDSP":[11.139999,11.629999],"WNDDIR":[131.4,130.9],"time":[1549364857,1549364916]}