{"CLDC":[83.87001],"DEWP":[20.710001],"FRSHTT":[100000],"PRCP":[0.45999998],"SLP":[1005.2001],"SNDP":[0],"STP":[1013.16],"TEMP":[23.350002],"VISIB":[43.1],"WDSP":[11.139999],"WNDDIR":[131.4],"time":[1549364857]}