{"CLDC":[77.27],"DEWP":[16.759998],"FRSHTT":[100000],"PRCP":[0.41000003],"SLP":[1010],"SNDP":[0],"STP":[1003.18994],"TEMP":[20.75],"VISIB":[57.28],"WDSP":[16.32],"WNDDIR":[287.3],"time":[1549364857]}