{"CLDC":[69.05,68.81],"DEWP":[18.259998,18.15],"FRSHTT":[100000,100000],"PRCP":[0.019999998,0.019999998],"SLP":[1011.1,1011.1],"SNDP":[0,0],"STP":[993.45,994.6499],"TEMP":[20.7,20.550001],"VISIB":[50.449997,51.23],"WDSP":[11.820002,12.390001],"WNDDIR":[199.1,198],"time":[1549364858,1549364917]}