{"CLDC":[73.049995],"DEWP":[17.75],"FRSHTT":[100000],"PRCP":[0.30999997],"SLP":[1011.1],"SNDP":[0],"STP":[1004.7999],"TEMP":[20.82],"VISIB":[33.57],"WDSP":[15.289999],"WNDDIR":[160.4],"time":[1549364858]}