{"CLDC":[50.180004,50.13],"DEWP":[-3.75,-3.85],"FRSHTT":[1110000,1110000],"PRCP":[0.050000004,0.050000004],"SLP":[1011.7601,1011.7001],"SNDP":[0.59999996,0.59999996],"STP":[1012.11,1012.1],"TEMP":[-1.0400001,-1.07],"VISIB":[8.72,9.4],"WDSP":[15.609999,15.88],"WNDDIR":[206,211],"time":[1549364858,1549364916]}