{"CLDC":[50.249996,50.469997],"DEWP":[17.35,17.4],"FRSHTT":[100000,100000],"PRCP":[0.22,0.22],"SLP":[1010.7999,1010.7999],"SNDP":[0,0],"STP":[1009.7999,1009.72003],"TEMP":[21.22,21.48],"VISIB":[20.95,21.059998],"WDSP":[13.890001,13.340001],"WNDDIR":[71.9,74.4],"time":[1549364856,1549364916]}