{"CLDC":[53.339996,53.22],"DEWP":[15.62,15.38],"FRSHTT":[100000,100000],"PRCP":[0.25,0.25],"SLP":[1011.4,1011.4],"SNDP":[0,0],"STP":[1013,1013.2399],"TEMP":[20.099998,19.919996],"VISIB":[18.260002,18.449999],"WDSP":[8.71,9.169999],"WNDDIR":[66.3,67.7],"time":[1549364856,1549364916]}