{"CLDC":[50.150005],"DEWP":[18.599998],"FRSHTT":[100000],"PRCP":[0.039999995],"SLP":[1011.4],"SNDP":[0],"STP":[1015.88995],"TEMP":[22.349998],"VISIB":[19.7],"WDSP":[22.600002],"WNDDIR":[196.1],"time":[1549364856]}