{"CLDC":[70.229996,70.270004],"DEWP":[14.610001,14.56],"FRSHTT":[100000,100000],"PRCP":[0.29999998,0.29999998],"SLP":[1014.5,1014.5],"SNDP":[0,0],"STP":[1008.6,1008.63007],"TEMP":[18.35,18.19],"VISIB":[21.49,21.859999],"WDSP":[14.340001,14.07],"WNDDIR":[102.6,101.1],"time":[1549364856,1549364915]}