{"CLDC":[50.150005,50.03],"DEWP":[18.599998,18.599998],"FRSHTT":[100000,100000],"PRCP":[0.039999995,0.039999995],"SLP":[1011.4,1011.4],"SNDP":[0,0],"STP":[1015.88995,1015.25],"TEMP":[22.349998,22.42],"VISIB":[19.7,19.91],"WDSP":[22.600002,23.47],"WNDDIR":[196.1,196.3],"time":[1549364856,1549364915]}