{"CLDC":[70.26],"DEWP":[15.74],"FRSHTT":[100000],"PRCP":[0.23999998],"SLP":[1007.7001],"SNDP":[0],"STP":[1005.5001],"TEMP":[17.759998],"VISIB":[12.08],"WDSP":[33.030003],"WNDDIR":[33],"time":[1549364856]}