{"CLDC":[52.57],"DEWP":[16.930002],"FRSHTT":[100000],"PRCP":[0.57000005],"SLP":[1013.1],"SNDP":[0],"STP":[1011.5],"TEMP":[20.9],"VISIB":[19.15],"WDSP":[23.11],"WNDDIR":[28.9],"time":[1549364857]}