{"CLDC":[55.47],"DEWP":[14.999998],"FRSHTT":[100000],"PRCP":[0.050000004],"SLP":[1013.1],"SNDP":[0],"STP":[1014.95],"TEMP":[18.250002],"VISIB":[25.27],"WDSP":[12.639999],"WNDDIR":[166.1],"time":[1549364857]}