{"CLDC":[92.91],"DEWP":[12.4],"FRSHTT":[100000],"PRCP":[0.36999997],"SLP":[1015.9],"SNDP":[0],"STP":[1012.91003],"TEMP":[15.74],"VISIB":[25.899998],"WDSP":[15.7],"WNDDIR":[249.1],"time":[1549364857]}