{"CLDC":[52.57,52.409996],"DEWP":[16.930002,17.000002],"FRSHTT":[100000,100000],"PRCP":[0.57000005,0.58],"SLP":[1013.1,1013.13],"SNDP":[0,0],"STP":[1011.5,1010.94006],"TEMP":[20.9,20.94],"VISIB":[19.15,19.359999],"WDSP":[23.11,24.71],"WNDDIR":[28.9,29.5],"time":[1549364857,1549364916]}