{"CLDC":[97.159996,96.90001],"DEWP":[6.750001,6.6500006],"FRSHTT":[0,0],"PRCP":[0,0],"SLP":[1005.6,1005.6],"SNDP":[0,0],"STP":[999.7999,999.7999],"TEMP":[9.54,9.559999],"VISIB":[18.43,18.21],"WDSP":[8.030001,9.070001],"WNDDIR":[245.1,246.2],"time":[1549364856,1549364916]}