{"CLDC":[58.52],"DEWP":[-4.45],"FRSHTT":[1110000],"PRCP":[0.059999995],"SLP":[1012.2101],"SNDP":[0.10000001],"STP":[1009.91],"TEMP":[-1.55],"VISIB":[7.2699995],"WDSP":[16.269999],"WNDDIR":[312],"time":[1549364855]}