{"CLDC":[50.04,50.379997],"DEWP":[-3.6,-3.4799995],"FRSHTT":[1110000,1110000],"PRCP":[0.07,0.07],"SLP":[1012.42004,1012.5199],"SNDP":[0.10000001,0.10000001],"STP":[1005.66003,1004.98],"TEMP":[-1.3999999,-1.3999999],"VISIB":[7.6,8.030001],"WDSP":[13.51,12.95],"WNDDIR":[21.2,19.2],"time":[1549364855,1549364915]}