{"CLDC":[50.04],"DEWP":[-3.6],"FRSHTT":[1110000],"PRCP":[0.07],"SLP":[1012.42004],"SNDP":[0.10000001],"STP":[1005.66003],"TEMP":[-1.3999999],"VISIB":[7.6],"WDSP":[13.51],"WNDDIR":[21.2],"time":[1549364855]}