{"CLDC":[50.100002],"DEWP":[-3.35],"FRSHTT":[1100000],"PRCP":[0.050000004],"SLP":[1012.2001],"SNDP":[0],"STP":[1015.9801],"TEMP":[-1.3399999],"VISIB":[4.95],"WDSP":[14.81],"WNDDIR":[298.1],"time":[1549364856]}