{"CLDC":[50.120003,50.070004],"DEWP":[-2.9999995,-2.9999995],"FRSHTT":[1110000,1110000],"PRCP":[0.059999995,0.059999995],"SLP":[1012.4,1012.4],"SNDP":[9.400001,9.400001],"STP":[1009.9801,1009.6901],"TEMP":[-1.25,-1.26],"VISIB":[8.249999,8.44],"WDSP":[20.23,19.47],"WNDDIR":[120.1,121.2],"time":[1549364856,1549364916]}