{"CLDC":[50.120003],"DEWP":[-2.9999995],"FRSHTT":[1110000],"PRCP":[0.059999995],"SLP":[1012.4],"SNDP":[9.400001],"STP":[1009.9801],"TEMP":[-1.25],"VISIB":[8.249999],"WDSP":[20.23],"WNDDIR":[120.1],"time":[1549364856]}