{"CLDC":[50.299995],"DEWP":[-4.74],"FRSHTT":[1110000],"PRCP":[0.019999998],"SLP":[1013.66003],"SNDP":[0.20000002],"STP":[1010.11],"TEMP":[-2.6100001],"VISIB":[5.9599996],"WDSP":[14.92],"WNDDIR":[177.7],"time":[1549364857]}