{"CLDC":[50.299995,50.379997],"DEWP":[-4.74,-4.74],"FRSHTT":[1110000,1110000],"PRCP":[0.019999998,0.019999998],"SLP":[1013.66003,1013.69006],"SNDP":[0.20000002,0.20000002],"STP":[1010.11,1010.13995],"TEMP":[-2.6100001,-2.6000001],"VISIB":[5.9599996,6.1099997],"WDSP":[14.92,14.970001],"WNDDIR":[177.7,175.8],"time":[1549364857,1549364916]}