{"CLDC":[64.74],"DEWP":[14.25],"FRSHTT":[0],"PRCP":[0],"SLP":[1014.5399],"SNDP":[0],"STP":[992.22986],"TEMP":[18.12],"VISIB":[33.02],"WDSP":[16.850002],"WNDDIR":[225.7],"time":[1549364858]}