{"CLDC":[91.72001,91.83],"DEWP":[12,11.98],"FRSHTT":[100000,100000],"PRCP":[0.11,0.11],"SLP":[1012.7001,1012.7001],"SNDP":[0,0],"STP":[1016,1016],"TEMP":[16.76,16.320002],"VISIB":[33.61,34.510002],"WDSP":[16.39,16.17],"WNDDIR":[167.1,172.7],"time":[1549364856,1549364916]}