{"CLDC":[50.05,50.140003],"DEWP":[9.800001,9.66],"FRSHTT":[100000,100000],"PRCP":[0.019999998,0.019999998],"SLP":[1016.5,1016.49005],"SNDP":[0,0],"STP":[1021.81995,1021.7899],"TEMP":[14.200002,14.300001],"VISIB":[33.48,33.16],"WDSP":[13.589999,12.45],"WNDDIR":[102.1,99.4],"time":[1549364856,1549364915]}