{"CLDC":[50.06],"DEWP":[10.76],"FRSHTT":[100000],"PRCP":[0.050000004],"SLP":[1014.2001],"SNDP":[0],"STP":[1015.5],"TEMP":[15.31],"VISIB":[30.040003],"WDSP":[13.87],"WNDDIR":[37.7],"time":[1549364859]}