{"CLDC":[50.06,50.289997],"DEWP":[10.76,10.160001],"FRSHTT":[100000,100000],"PRCP":[0.050000004,0.050000004],"SLP":[1014.2001,1014.2001],"SNDP":[0,0],"STP":[1015.5,1015.5],"TEMP":[15.31,15.45],"VISIB":[30.040003,29.85],"WDSP":[13.87,14.07],"WNDDIR":[37.7,33],"time":[1549364859,1549364917]}