{"CLDC":[50.090004,49.690002],"DEWP":[11.040001,11.280001],"FRSHTT":[0,0],"PRCP":[0,0],"SLP":[1015.9,1015.9],"SNDP":[0,0],"STP":[1008.7999,1008.9],"TEMP":[15.06,15.060002],"VISIB":[34.93,35.07],"WDSP":[17.29,16.630001],"WNDDIR":[140.1,140.6],"time":[1549364860,1549364918]}