{"CLDC":[78.97001,78.77999],"DEWP":[7.850001,7.8799996],"FRSHTT":[100000,100000],"PRCP":[0.039999995,0.039999995],"SLP":[1015.5,1015.5],"SNDP":[0,0],"STP":[1011,1010.95],"TEMP":[12.59,12.95],"VISIB":[33.89,34.170006],"WDSP":[19.28,18.909998],"WNDDIR":[204.4,205.9],"time":[1549364859,1549364917]}