{"CLDC":[78.97001],"DEWP":[7.850001],"FRSHTT":[100000],"PRCP":[0.039999995],"SLP":[1015.5],"SNDP":[0],"STP":[1011],"TEMP":[12.59],"VISIB":[33.89],"WDSP":[19.28],"WNDDIR":[204.4],"time":[1549364859]}