{"CLDC":[73.53999,73.23],"DEWP":[9.820001,9.82],"FRSHTT":[100000,100000],"PRCP":[0.5,0.5],"SLP":[1011.4,1011.4],"SNDP":[0,0],"STP":[1009.99005,1009.87],"TEMP":[13.570002,13.839999],"VISIB":[28.889996,28.779999],"WDSP":[20.03,21.379997],"WNDDIR":[67.8,66.4],"time":[1549364859,1549364917]}