{"CLDC":[86.16],"DEWP":[8.99],"FRSHTT":[100000],"PRCP":[0.029999997],"SLP":[1014.6],"SNDP":[0],"STP":[1014.35],"TEMP":[13.409999],"VISIB":[35.480003],"WDSP":[20.64],"WNDDIR":[347.4],"time":[1549364860]}