{"CLDC":[86.16,86.58999],"DEWP":[8.99,8.849999],"FRSHTT":[100000,100000],"PRCP":[0.029999997,0.029999997],"SLP":[1014.6,1014.6],"SNDP":[0,0],"STP":[1014.35,1014.98],"TEMP":[13.409999,13.62],"VISIB":[35.480003,34.65],"WDSP":[20.64,20.71],"WNDDIR":[347.4,345.2],"time":[1549364860,1549364918]}