{"CLDC":[47.469997,47.66],"DEWP":[9.199999,8.999999],"FRSHTT":[0,0],"PRCP":[0,0],"SLP":[1014.2999,1014.39],"SNDP":[0,0],"STP":[1023.55994,1023.5],"TEMP":[14.08,14.039999],"VISIB":[44.140003,44.89],"WDSP":[13.33,14.2699995],"WNDDIR":[105.2,104.4],"time":[1549364860,1549364918]}