{"CLDC":[50.160004],"DEWP":[8.18],"FRSHTT":[100000],"PRCP":[0.059999995],"SLP":[1014.4],"SNDP":[0],"STP":[1019.49005],"TEMP":[11.359999],"VISIB":[31.890003],"WDSP":[9.25],"WNDDIR":[98.3],"time":[1549364857]}