{"CLDC":[61.110004],"DEWP":[6.319999],"FRSHTT":[100000],"PRCP":[0.039999995],"SLP":[1008.7999],"SNDP":[0],"STP":[1009.58997],"TEMP":[12.2],"VISIB":[36.11],"WDSP":[16.94],"WNDDIR":[337.8],"time":[1549364859]}