{"CLDC":[61.110004,61.35],"DEWP":[6.319999,6.0799994],"FRSHTT":[100000,100000],"PRCP":[0.039999995,0.039999995],"SLP":[1008.7999,1008.7999],"SNDP":[0,0],"STP":[1009.58997,1009.6],"TEMP":[12.2,12.200001],"VISIB":[36.11,35.989998],"WDSP":[16.94,17.53],"WNDDIR":[337.8,335.5],"time":[1549364859,1549364917]}