{"CLDC":[83.18,82.850006],"DEWP":[-3.9800003,-4.1900005],"FRSHTT":[1110000,1110000],"PRCP":[0.07,0.07],"SLP":[1014,1014],"SNDP":[1.8999999,1.8999999],"STP":[1016.43,1016.45],"TEMP":[-1.4599998,-1.4599999],"VISIB":[6.2200003,6.18],"WDSP":[18.27,18.51],"WNDDIR":[268.1,265.9],"time":[1549364855,1549364915]}