{"CLDC":[53.130005,52.98],"DEWP":[6.1700006,6.1700006],"FRSHTT":[100000,100000],"PRCP":[0.20000002,0.20000002],"SLP":[1011.6,1011.5],"SNDP":[0,0],"STP":[1007.49005,1007.5],"TEMP":[10.299999,10.349999],"VISIB":[32.79,33.73],"WDSP":[21.519999,21.78],"WNDDIR":[54.3,55.7],"time":[1549364856,1549364916]}