{"CLDC":[52.590004],"DEWP":[-3.9599998],"FRSHTT":[1110000],"PRCP":[0.039999995],"SLP":[1016.2001],"SNDP":[0.10000001],"STP":[1015.7],"TEMP":[-1.6800001],"VISIB":[6.8599997],"WDSP":[14.49],"WNDDIR":[8.1],"time":[1549364855]}