{"CLDC":[68.22],"DEWP":[7.839999],"FRSHTT":[100000],"PRCP":[0.19000001],"SLP":[1012.94006],"SNDP":[0],"STP":[1017.35],"TEMP":[11.839998],"VISIB":[38.35],"WDSP":[28.830002],"WNDDIR":[238.7],"time":[1549364858]}