{"CLDC":[50.489998],"DEWP":[-4.44],"FRSHTT":[1110000],"PRCP":[0.050000004],"SLP":[1014.30994],"SNDP":[0.5],"STP":[1004.6],"TEMP":[-2.15],"VISIB":[5],"WDSP":[13.720001],"WNDDIR":[141.9],"time":[1549364855]}