{"CLDC":[50.489998,50.24],"DEWP":[-4.44,-4.56],"FRSHTT":[1110000,1110000],"PRCP":[0.050000004,0.050000004],"SLP":[1014.30994,1014.2999],"SNDP":[0.5,0.5],"STP":[1004.6,1004.75995],"TEMP":[-2.15,-2.1400003],"VISIB":[5,5.09],"WDSP":[13.720001,13.81],"WNDDIR":[141.9,143.7],"time":[1549364855,1549364915]}