{"CLDC":[2.4699998,2.4099998],"DEWP":[-2.9699998,-2.9699998],"FRSHTT":[1000000,1000000],"PRCP":[0,0],"SLP":[1022.09,1022],"SNDP":[0,0],"STP":[1041.1299,1042.38],"TEMP":[-2.6,-2.5199997],"VISIB":[5.05,6.0499997],"WDSP":[11.699999,11.08],"WNDDIR":[272.9,273.1],"time":[1549364855,1549364915]}