{"CLDC":[2.4699998],"DEWP":[-2.9699998],"FRSHTT":[1000000],"PRCP":[0],"SLP":[1022.09],"SNDP":[0],"STP":[1041.1299],"TEMP":[-2.6],"VISIB":[5.05],"WDSP":[11.699999],"WNDDIR":[272.9],"time":[1549364855]}