{"CLDC":[61.03],"DEWP":[17.449999],"FRSHTT":[100000],"PRCP":[1.54],"SLP":[1010.2999],"SNDP":[0],"STP":[1014.85],"TEMP":[20.380001],"VISIB":[32.75],"WDSP":[14.7699995],"WNDDIR":[288.2],"time":[1549364857]}