{"CLDC":[61.03,60.85],"DEWP":[17.449999,17.599998],"FRSHTT":[100000,100000],"PRCP":[1.54,1.5500001],"SLP":[1010.2999,1010.2999],"SNDP":[0,0],"STP":[1014.85,1014.5],"TEMP":[20.380001,20.050001],"VISIB":[32.75,32.81],"WDSP":[14.7699995,15.08],"WNDDIR":[288.2,288.2],"time":[1549364857,1549364916]}