{"CLDC":[62.760002],"DEWP":[10.460001],"FRSHTT":[100000],"PRCP":[0.45999998],"SLP":[1011.23],"SNDP":[0],"STP":[1006.7001],"TEMP":[13.860001],"VISIB":[42.829994],"WDSP":[6.71],"WNDDIR":[235.1],"time":[1549364860]}