{"CLDC":[62.760002,62.879997],"DEWP":[10.460001,10.780001],"FRSHTT":[100000,100000],"PRCP":[0.45999998,0.45999998],"SLP":[1011.23,1012.45],"SNDP":[0,0],"STP":[1006.7001,1006.7001],"TEMP":[13.860001,13.860001],"VISIB":[42.829994,42.579998],"WDSP":[6.71,6.7599998],"WNDDIR":[235.1,234.6],"time":[1549364860,1549364918]}