{"CLDC":[50.319996],"DEWP":[20.749998],"FRSHTT":[100000],"PRCP":[0.15999998],"SLP":[1007.45],"SNDP":[0],"STP":[1003.43],"TEMP":[24.289997],"VISIB":[46.18],"WDSP":[11.33],"WNDDIR":[314.9],"time":[1549364860]}