{"CLDC":[58.93],"DEWP":[9.96],"FRSHTT":[100000],"PRCP":[0.19000001],"SLP":[1007.94006],"SNDP":[0],"STP":[1002.80994],"TEMP":[13.540001],"VISIB":[39.09],"WDSP":[7.6099997],"WNDDIR":[192.4],"time":[1549364861]}