{"CLDC":[87.40001,87.48],"DEWP":[16.42,15.5199995],"FRSHTT":[100000,100000],"PRCP":[1.29,1.3000001],"SLP":[1007.2001,1007.2001],"SNDP":[0,0],"STP":[1005.4,1005.4],"TEMP":[20.8,21.070002],"VISIB":[35.09,34.52],"WDSP":[3.9199996,4.1800003],"WNDDIR":[171.8,170.3],"time":[1549364859,1549364917]}