{"CLDC":[50.11],"DEWP":[13.459999],"FRSHTT":[100000],"PRCP":[0.28],"SLP":[1007],"SNDP":[0],"STP":[1000.9],"TEMP":[16.539999],"VISIB":[36.859997],"WDSP":[10.42],"WNDDIR":[13.3],"time":[1549364860]}