{"CLDC":[50.11,50.080006],"DEWP":[13.459999,13.3],"FRSHTT":[100000,100000],"PRCP":[0.28,0.28],"SLP":[1007,1007],"SNDP":[0,0],"STP":[1000.9,1000.9],"TEMP":[16.539999,16.569998],"VISIB":[36.859997,36.29],"WDSP":[10.42,10.320001],"WNDDIR":[13.3,14.2],"time":[1549364860,1549364918]}