{"CLDC":[50.580006],"DEWP":[24.039999],"FRSHTT":[100000],"PRCP":[0.019999998],"SLP":[1007],"SNDP":[0],"STP":[1005.5],"TEMP":[26.009998],"VISIB":[25.23],"WDSP":[3.04],"WNDDIR":[271.2],"time":[1549364861]}