{"CLDC":[50.05,50.090004],"DEWP":[15.849998,15.9],"FRSHTT":[100000,100000],"PRCP":[3.0300002,3.0300002],"SLP":[1004.07,1004.19006],"SNDP":[0,0],"STP":[1002,1001.91003],"TEMP":[16.820002,17.02],"VISIB":[13.74,13.76],"WDSP":[13.890001,13.039999],"WNDDIR":[71.3,66.6],"time":[1549364861,1549364918]}