{"CLDC":[50.080006],"DEWP":[15.600001],"FRSHTT":[100000],"PRCP":[1.0200001],"SLP":[993.88995],"SNDP":[0],"STP":[1001.2999],"TEMP":[17.65],"VISIB":[18.01],"WDSP":[34.71],"WNDDIR":[207.8],"time":[1549364861]}