{"CLDC":[74.53999],"DEWP":[16.55],"FRSHTT":[100000],"PRCP":[0.31999996],"SLP":[1011.4],"SNDP":[0],"STP":[1006.2999],"TEMP":[22.390001],"VISIB":[10.9800005],"WDSP":[9.599999],"WNDDIR":[345.7],"time":[1549364858]}