{"CLDC":[69.42,69.28],"DEWP":[12.659999,12.350001],"FRSHTT":[100000,100000],"PRCP":[0.10000001,0.10000001],"SLP":[985.2199,984.61005],"SNDP":[0,0],"STP":[967.7101,967.7999],"TEMP":[25.720001,25.33],"VISIB":[28.74,28.439999],"WDSP":[10.38,11.6],"WNDDIR":[228,227.2],"time":[1549364858,1549364917]}