{"CLDC":[74.53999,74.52999],"DEWP":[16.55,16.44],"FRSHTT":[100000,100000],"PRCP":[0.31999996,0.31999996],"SLP":[1011.4,1011.4],"SNDP":[0,0],"STP":[1006.2999,1006.2999],"TEMP":[22.390001,21.710003],"VISIB":[10.9800005,10.24],"WDSP":[9.599999,9.679998],"WNDDIR":[345.7,345.6],"time":[1549364858,1549364917]}