{"CLDC":[50.239998],"DEWP":[14.539999],"FRSHTT":[100000],"PRCP":[0.18000002],"SLP":[983.2001],"SNDP":[0],"STP":[985.2001],"TEMP":[23.290003],"VISIB":[26.16],"WDSP":[9.000001],"WNDDIR":[225.5],"time":[1549364859]}