{"CLDC":[93.78999],"DEWP":[-1.4200001],"FRSHTT":[0],"PRCP":[0],"SLP":[1002.9],"SNDP":[0],"STP":[961.7999],"TEMP":[22.260002],"VISIB":[50.100002],"WDSP":[9.099999],"WNDDIR":[357.2],"time":[1549364859]}