{"CLDC":[93.78999,93.619995],"DEWP":[-1.4200001,-1.6199999],"FRSHTT":[0,0],"PRCP":[0,0],"SLP":[1002.9,1002.9],"SNDP":[0,0],"STP":[961.7999,961.7999],"TEMP":[22.260002,22.94],"VISIB":[50.100002,50.16],"WDSP":[9.099999,9.629999],"WNDDIR":[357.2,354.6],"time":[1549364859,1549364917]}