{"CLDC":[55.03,55.120003],"DEWP":[12.54,12.440001],"FRSHTT":[100000,100000],"PRCP":[0.19000001,0.19000001],"SLP":[1003.5,1003.5],"SNDP":[0,0],"STP":[1002.5,1002.45],"TEMP":[14.320002,14.039999],"VISIB":[16.740002,17.130001],"WDSP":[18.72,18.72],"WNDDIR":[215,217.4],"time":[1549364859,1549364917]}