{"CLDC":[53.55],"DEWP":[16.5],"FRSHTT":[100000],"PRCP":[0.20000002],"SLP":[1007.2999],"SNDP":[0],"STP":[1006.4],"TEMP":[21.76],"VISIB":[49.590004],"WDSP":[9.179999],"WNDDIR":[183.4],"time":[1549364860]}