{"CLDC":[50.140003,50.56],"DEWP":[10.430001,10.15],"FRSHTT":[100000,100000],"PRCP":[0.45999998,0.45999998],"SLP":[1006.6,1006.69006],"SNDP":[0,0],"STP":[999.7999,999.7999],"TEMP":[13.9800005,13.81],"VISIB":[48.239998,48.39],"WDSP":[4.21,4.12],"WNDDIR":[89.1,87.9],"time":[1549364860,1549364918]}