{"CLDC":[77.03999],"DEWP":[15.62],"FRSHTT":[0],"PRCP":[0],"SLP":[984.17004],"SNDP":[0],"STP":[1016.33997],"TEMP":[19.75],"VISIB":[45.35],"WDSP":[14.579999],"WNDDIR":[218.7],"time":[1549364859]}