{"CLDC":[67.09999,67.56999],"DEWP":[1.5699999,1.55],"FRSHTT":[100000,100000],"PRCP":[0.36000004,0.36000004],"SLP":[1006.7001,1006.7001],"SNDP":[0,0],"STP":[974.1,974.1],"TEMP":[7.2,7.5999994],"VISIB":[38.230003,39.090004],"WDSP":[5.2599993,5.23],"WNDDIR":[296.2,296.8],"time":[1549364860,1549364918]}