{"CLDC":[50.349995,50.04],"DEWP":[11.1,11.1],"FRSHTT":[100000,100000],"PRCP":[0.57000005,0.57000005],"SLP":[1009.7001,1010.1],"SNDP":[0,0],"STP":[1005.55994,1005.50995],"TEMP":[15.339999,15.06],"VISIB":[21.170002,20.970001],"WDSP":[10.35,10.049999],"WNDDIR":[61,60.2],"time":[1549364860,1549364918]}