{"CLDC":[50,50.120007],"DEWP":[4.1800003,4.2],"FRSHTT":[100000,100000],"PRCP":[0.79,0.79],"SLP":[1008.4,1008.4],"SNDP":[0,0],"STP":[1006.7001,1006.6],"TEMP":[8.16,8.139999],"VISIB":[37.500004,37.140003],"WDSP":[11.800001,12.139999],"WNDDIR":[140.5,138.6],"time":[1549364860,1549364918]}