{"CLDC":[50.349995],"DEWP":[11.1],"FRSHTT":[100000],"PRCP":[0.57000005],"SLP":[1009.7001],"SNDP":[0],"STP":[1005.55994],"TEMP":[15.339999],"VISIB":[21.170002],"WDSP":[10.35],"WNDDIR":[61],"time":[1549364860]}