{"CLDC":[51.289997,51.6],"DEWP":[12.42,12.139999],"FRSHTT":[100000,100000],"PRCP":[0.38000003,0.38000003],"SLP":[1008.4,1008.41003],"SNDP":[0,0],"STP":[1007.02997,1007.18],"TEMP":[17.48,17.48],"VISIB":[19.36,20.150003],"WDSP":[12.47,12.530001],"WNDDIR":[302.2,299.8],"time":[1549364861,1549364919]}