{"CLDC":[32.61],"DEWP":[20.940002],"FRSHTT":[0],"PRCP":[0],"SLP":[1007.00995],"SNDP":[0],"STP":[1008.91003],"TEMP":[28.48],"VISIB":[30.909998],"WDSP":[22.89],"WNDDIR":[238.6],"time":[1549364856]}