{"CLDC":[50.08,50.5],"DEWP":[21.439999,21.16],"FRSHTT":[100000,100000],"PRCP":[0.42000002,0.42000002],"SLP":[1005.5,1005.5],"SNDP":[0,0],"STP":[1004.1,1004.1],"TEMP":[30.5,31.129995],"VISIB":[19.75,19.51],"WDSP":[6.6099997,6.3],"WNDDIR":[168.5,169],"time":[1549364857,1549364916]}