{"CLDC":[50.090004],"DEWP":[22.880001],"FRSHTT":[100000],"PRCP":[0.21000001],"SLP":[1006.1],"SNDP":[0],"STP":[1004.09],"TEMP":[32.859997],"VISIB":[23.7],"WDSP":[22.98],"WNDDIR":[140.9],"time":[1549364856]}