{"CLDC":[50.090004,50.200005],"DEWP":[22.880001,22.9],"FRSHTT":[100000,100000],"PRCP":[0.21000001,0.21000001],"SLP":[1006.1,1006.1],"SNDP":[0,0],"STP":[1004.09,1004.5399],"TEMP":[32.859997,33.49],"VISIB":[23.7,23.88],"WDSP":[22.98,23.899998],"WNDDIR":[140.9,136.3],"time":[1549364856,1549364916]}