{"CLDC":[50.100002,50.23],"DEWP":[23.9,23.999996],"FRSHTT":[100000,100000],"PRCP":[0.14,0.14],"SLP":[1001.94006,1002.1],"SNDP":[0,0],"STP":[1004.7001,1004.7001],"TEMP":[31.699997,32.239998],"VISIB":[22.7,22.47],"WDSP":[16.929998,16.4],"WNDDIR":[3.2,2.9],"time":[1549364856,1549364915]}