{"CLDC":[50.010002,50.23],"DEWP":[0.84,0.64000005],"FRSHTT":[100000,100000],"PRCP":[0.059999995,0.059999995],"SLP":[1008.2001,1008.2999],"SNDP":[0,0],"STP":[972.2999,972.2999],"TEMP":[20,19.8],"VISIB":[24.539999,24.070002],"WDSP":[11.67,11.589998],"WNDDIR":[230.4,230.9],"time":[1549364858,1549364916]}