{"CLDC":[63.940002,63.93],"DEWP":[8.250001,7.8600006],"FRSHTT":[100000,100000],"PRCP":[0.14,0.14],"SLP":[986.7999,986.7999],"SNDP":[0,0],"STP":[986.2001,986.2001],"TEMP":[17.7,17.42],"VISIB":[42.48,42.93],"WDSP":[9.980001,8.9800005],"WNDDIR":[323.3,319.3],"time":[1549364857,1549364916]}