{"CLDC":[50.080006,50.160004],"DEWP":[6.9799995,6.6800003],"FRSHTT":[100000,100000],"PRCP":[0.5299999,0.5299999],"SLP":[1006.1,1006.1],"SNDP":[0,0],"STP":[988.5,988.6],"TEMP":[19.58,19.65],"VISIB":[49.95,50.199993],"WDSP":[12.16,12.2699995],"WNDDIR":[297.2,295.6],"time":[1549364857,1549364916]}