{"CLDC":[96.61],"DEWP":[2.0500002],"FRSHTT":[100000],"PRCP":[0.22],"SLP":[1007.6],"SNDP":[0],"STP":[974.02997],"TEMP":[12.559999],"VISIB":[27.429998],"WDSP":[13.030001],"WNDDIR":[336.9],"time":[1549364857]}