{"CLDC":[96.61,96.810005],"DEWP":[2.0500002,1.5799999],"FRSHTT":[100000,100000],"PRCP":[0.22,0.22],"SLP":[1007.6,1007.6],"SNDP":[0,0],"STP":[974.02997,974.1],"TEMP":[12.559999,13.340001],"VISIB":[27.429998,27.409998],"WDSP":[13.030001,12.49],"WNDDIR":[336.9,338.5],"time":[1549364857,1549364916]}