{"CLDC":[90.89001,90.920006],"DEWP":[-0.64,-0.38000003],"FRSHTT":[100000,100000],"PRCP":[0.29,0.29],"SLP":[1006.9,1006.9],"SNDP":[0,0],"STP":[984.91003,985.1],"TEMP":[9.74,9.16],"VISIB":[50.06,49.859997],"WDSP":[8.28,8.43],"WNDDIR":[107.9,110.9],"time":[1549364858,1549364917]}