{"CLDC":[73.08],"DEWP":[8.4],"FRSHTT":[0],"PRCP":[0],"SLP":[1012.2001],"SNDP":[0],"STP":[980.5],"TEMP":[15.920001],"VISIB":[50.299995],"WDSP":[12.39],"WNDDIR":[92.8],"time":[1549364858]}