{"CLDC":[50.170006,50.010002],"DEWP":[19.86,19.789999],"FRSHTT":[100000,100000],"PRCP":[0.029999997,0.029999997],"SLP":[1008.7999,1008.7999],"SNDP":[0,0],"STP":[1007.7399,1007.68],"TEMP":[24.42,24],"VISIB":[42.46,42.789997],"WDSP":[16.49,16.03],"WNDDIR":[15.3,21.3],"time":[1549364859,1549364917]}