{"CLDC":[10.88,10.860001],"DEWP":[4.76,4.65],"FRSHTT":[0,0],"PRCP":[0,0],"SLP":[1009.77,1009.7601],"SNDP":[0,0],"STP":[989.6,989.6],"TEMP":[12.58,12.940001],"VISIB":[50.37,50.95],"WDSP":[3.44,3.4699998],"WNDDIR":[314.4,310.7],"time":[1549364859,1549364917]}