{"CLDC":[50],"DEWP":[8.58],"FRSHTT":[100000],"PRCP":[0.029999997],"SLP":[1009.9],"SNDP":[0],"STP":[1009.2001],"TEMP":[14.379999],"VISIB":[20.999998],"WDSP":[20.23],"WNDDIR":[326.8],"time":[1549364859]}