{"CLDC":[50.11001,50.22],"DEWP":[17.84,18.08],"FRSHTT":[100000,100000],"PRCP":[0.48999995,0.48999995],"SLP":[1011.5,1011.5],"SNDP":[0,0],"STP":[1009.57996,1009.5],"TEMP":[23.599997,23.799997],"VISIB":[11.58,11.920001],"WDSP":[8.93,9.750001],"WNDDIR":[354.2,352],"time":[1549364859,1549364917]}