{"CLDC":[22.640003],"DEWP":[15.25],"FRSHTT":[0],"PRCP":[0],"SLP":[1012],"SNDP":[0],"STP":[1003.2999],"TEMP":[24.300001],"VISIB":[30.289999],"WDSP":[15.309999],"WNDDIR":[8],"time":[1549364860]}