{"CLDC":[22.640003,22.18],"DEWP":[15.25,15.320002],"FRSHTT":[0,0],"PRCP":[0,0],"SLP":[1012,1011.93005],"SNDP":[0,0],"STP":[1003.2999,1003.2501],"TEMP":[24.300001,24.500002],"VISIB":[30.289999,29.74],"WDSP":[15.309999,15.539999],"WNDDIR":[8,11.8],"time":[1549364860,1549364918]}