{"CLDC":[50.329994],"DEWP":[13],"FRSHTT":[100000],"PRCP":[0.059999995],"SLP":[1012.1],"SNDP":[0],"STP":[1000.6],"TEMP":[24.84],"VISIB":[21.359999],"WDSP":[19.95],"WNDDIR":[192.4],"time":[1549364859]}