{"CLDC":[58.730003],"DEWP":[18.98],"FRSHTT":[100000],"PRCP":[0.009999999],"SLP":[1007.9],"SNDP":[0],"STP":[1006.4],"TEMP":[28.76],"VISIB":[27.650003],"WDSP":[22.03],"WNDDIR":[36.4],"time":[1549364861]}