{"CLDC":[58.730003,58.670002],"DEWP":[18.98,18.880001],"FRSHTT":[100000,100000],"PRCP":[0.009999999,0.009999999],"SLP":[1007.9,1008.07],"SNDP":[0,0],"STP":[1006.4,1006.4],"TEMP":[28.76,29.86],"VISIB":[27.650003,27.730001],"WDSP":[22.03,22.610003],"WNDDIR":[36.4,36.9],"time":[1549364861,1549364919]}