{"CLDC":[80.700005],"DEWP":[21.169998],"FRSHTT":[0],"PRCP":[0],"SLP":[1006.2699],"SNDP":[0],"STP":[1005.2899],"TEMP":[31.6],"VISIB":[49.11],"WDSP":[10.709999],"WNDDIR":[121],"time":[1549364861]}