{"CLDC":[79.950005],"DEWP":[23.05],"FRSHTT":[100000],"PRCP":[0.050000004],"SLP":[1007.02997],"SNDP":[0],"STP":[1003.57996],"TEMP":[27.759998],"VISIB":[49.949997],"WDSP":[26.35],"WNDDIR":[139.4],"time":[1549364861]}