{"CLDC":[79.990005,79.95],"DEWP":[17.22,17.119999],"FRSHTT":[0,0],"PRCP":[0,0],"SLP":[1007.4,1007.4],"SNDP":[0,0],"STP":[969.7001,969.7999],"TEMP":[35.739998,35.71],"VISIB":[49.730003,49.5],"WDSP":[6.6099997,7.5099998],"WNDDIR":[162.4,159.9],"time":[1549364861,1549364919]}