{"CLDC":[79.950005,79.61],"DEWP":[23.05,23.08],"FRSHTT":[100000,100000],"PRCP":[0.050000004,0.050000004],"SLP":[1007.02997,1007],"SNDP":[0,0],"STP":[1003.57996,1003.6],"TEMP":[27.759998,27.699997],"VISIB":[49.949997,50.170006],"WDSP":[26.35,26.420002],"WNDDIR":[139.4,146.3],"time":[1549364861,1549364919]}