{"CLDC":[80.700005,80.86],"DEWP":[21.169998,21.28],"FRSHTT":[0,0],"PRCP":[0,0],"SLP":[1006.2699,1006.2001],"SNDP":[0,0],"STP":[1005.2899,1005.4],"TEMP":[31.6,31.240002],"VISIB":[49.11,49.03],"WDSP":[10.709999,11.889999],"WNDDIR":[121,120.6],"time":[1549364861,1549364919]}