{"CLDC":[79.990005],"DEWP":[17.22],"FRSHTT":[0],"PRCP":[0],"SLP":[1007.4],"SNDP":[0],"STP":[969.7001],"TEMP":[35.739998],"VISIB":[49.730003],"WDSP":[6.6099997],"WNDDIR":[162.4],"time":[1549364861]}