{"CLDC":[26.3,26.15],"DEWP":[10.679999,10.71],"FRSHTT":[0,0],"PRCP":[0,0],"SLP":[998.33997,998.0301],"SNDP":[0,0],"STP":[999.50995,999.6],"TEMP":[32.34,32.05],"VISIB":[29.749996,29.9],"WDSP":[18.19,18.02],"WNDDIR":[227.3,228.2],"time":[1549364856,1549364916]}