{"CLDC":[26.3],"DEWP":[10.679999],"FRSHTT":[0],"PRCP":[0],"SLP":[998.33997],"SNDP":[0],"STP":[999.50995],"TEMP":[32.34],"VISIB":[29.749996],"WDSP":[18.19],"WNDDIR":[227.3],"time":[1549364856]}