{"CLDC":[50.08],"DEWP":[3.1200001],"FRSHTT":[100000],"PRCP":[0.059999995],"SLP":[1006.5],"SNDP":[0],"STP":[941.4],"TEMP":[25.050001],"VISIB":[40.299995],"WDSP":[15.999998],"WNDDIR":[301.9],"time":[1549364857]}