{"CLDC":[3.94],"DEWP":[-6.9200006],"FRSHTT":[0],"PRCP":[0],"SLP":[1009.4],"SNDP":[0],"STP":[953.4],"TEMP":[17.94],"VISIB":[50],"WDSP":[9.700001],"WNDDIR":[295],"time":[1549364857]}