{"CLDC":[3.94,3.94],"DEWP":[-6.9200006,-7.4399996],"FRSHTT":[0,0],"PRCP":[0,0],"SLP":[1009.4,1009.4],"SNDP":[0,0],"STP":[953.4,953.4],"TEMP":[17.94,17.93],"VISIB":[50,49.87],"WDSP":[9.700001,9.950001],"WNDDIR":[295,293.7],"time":[1549364857,1549364916]}