{"CLDC":[50.08,50.309994],"DEWP":[3.1200001,3.05],"FRSHTT":[100000,100000],"PRCP":[0.059999995,0.059999995],"SLP":[1006.5,1006.6],"SNDP":[0,0],"STP":[941.4,941.4],"TEMP":[25.050001,24.350002],"VISIB":[40.299995,40.48],"WDSP":[15.999998,15.2],"WNDDIR":[301.9,301.4],"time":[1549364857,1549364916]}