{"CLDC":[96.02999,95.990005],"DEWP":[5.2999997,5.2499995],"FRSHTT":[100000,100000],"PRCP":[0.009999999,0.009999999],"SLP":[1009.4,1009.4],"SNDP":[0,0],"STP":[973.5,973.4],"TEMP":[25.89,24.71],"VISIB":[41.44,41.56],"WDSP":[9.27,8.92],"WNDDIR":[354.8,351],"time":[1549364858,1549364917]}