{"CLDC":[96.02999],"DEWP":[5.2999997],"FRSHTT":[100000],"PRCP":[0.009999999],"SLP":[1009.4],"SNDP":[0],"STP":[973.5],"TEMP":[25.89],"VISIB":[41.44],"WDSP":[9.27],"WNDDIR":[354.8],"time":[1549364858]}