{"CLDC":[59.410004],"DEWP":[-11.139999],"FRSHTT":[0],"PRCP":[0],"SLP":[1037.61],"SNDP":[0],"STP":[1004.61],"TEMP":[13.32],"VISIB":[40.55],"WDSP":[11.780001],"WNDDIR":[73.1],"time":[1549364858]}