{"CLDC":[59.410004,59.68],"DEWP":[-11.139999,-11.070001],"FRSHTT":[0,0],"PRCP":[0,0],"SLP":[1037.61,1037.5999],"SNDP":[0,0],"STP":[1004.61,1004.6],"TEMP":[13.32,12.88],"VISIB":[40.55,41.699997],"WDSP":[11.780001,11.129999],"WNDDIR":[73.1,72.2],"time":[1549364858,1549364917]}