{"CLDC":[50.329998,50.120003],"DEWP":[0.8999999,1.1999999],"FRSHTT":[100000,100000],"PRCP":[0.91999996,0.91999996],"SLP":[1005.7999,1005.80994],"SNDP":[0,0],"STP":[1000.7001,1000.7001],"TEMP":[15.840001,16.420002],"VISIB":[42.18,42.280003],"WDSP":[10.25,10.32],"WNDDIR":[262.1,264],"time":[1549364858,1549364916]}