{"CLDC":[50.02],"DEWP":[0.14000002],"FRSHTT":[100000],"PRCP":[0.14],"SLP":[1008.4],"SNDP":[0],"STP":[994],"TEMP":[13.029999],"VISIB":[48.2],"WDSP":[11.300001],"WNDDIR":[172.7],"time":[1549364858]}