{"CLDC":[56.76,56.730003],"DEWP":[-17.320004,-17.81],"FRSHTT":[0,0],"PRCP":[0,0],"SLP":[1006.9,1007],"SNDP":[0,0],"STP":[1002.4,1002.4],"TEMP":[12.85,13.24],"VISIB":[20.189999,20.34],"WDSP":[17.8,17.529999],"WNDDIR":[231.4,230.9],"time":[1549364858,1549364916]}