{"CLDC":[50.210003],"DEWP":[-5.0099998],"FRSHTT":[100000],"PRCP":[0.19000001],"SLP":[1009.2999],"SNDP":[0],"STP":[987.2001],"TEMP":[8.78],"VISIB":[48.600002],"WDSP":[7.1299996],"WNDDIR":[303.5],"time":[1549364859]}