{"CLDC":[50.85],"DEWP":[-3.98],"FRSHTT":[1110000],"PRCP":[0.039999995],"SLP":[1014.49005],"SNDP":[1.1999999],"STP":[1012.47003],"TEMP":[-1.44],"VISIB":[11.119999],"WDSP":[12.45],"WNDDIR":[16.6],"time":[1549364859]}