{"CLDC":[75.74,75.270004],"DEWP":[2.8600001,3],"FRSHTT":[100000,100000],"PRCP":[0.09000001,0.09000001],"SLP":[1010.6,1010.6],"SNDP":[0,0],"STP":[989.2001,989.1],"TEMP":[15.959999,15.679998],"VISIB":[50.34,50.359997],"WDSP":[7.91,7.549999],"WNDDIR":[239.1,239.3],"time":[1549364860,1549364918]}