{"CLDC":[79.69,79.52999],"DEWP":[5.7200003,5.36],"FRSHTT":[100000,100000],"PRCP":[0.09000001,0.09000001],"SLP":[1010.9,1010.9],"SNDP":[0,0],"STP":[967.2001,967.2001],"TEMP":[12.9,13.059999],"VISIB":[44.74,44.520004],"WDSP":[7.2599998,7.06],"WNDDIR":[271.4,272.1],"time":[1549364860,1549364918]}