{"CLDC":[11.320002,11.300001],"DEWP":[3.72,3.8000004],"FRSHTT":[0,0],"PRCP":[0,0],"SLP":[1012.2001,1012.2001],"SNDP":[0,0],"STP":[977.91003,978],"TEMP":[10.030001,10.200001],"VISIB":[50.43,50.080006],"WDSP":[10.780001,11.900001],"WNDDIR":[114.6,114.5],"time":[1549364860,1549364918]}