{"CLDC":[11.320002],"DEWP":[3.72],"FRSHTT":[0],"PRCP":[0],"SLP":[1012.2001],"SNDP":[0],"STP":[977.91003],"TEMP":[10.030001],"VISIB":[50.43],"WDSP":[10.780001],"WNDDIR":[114.6],"time":[1549364860]}