{"CLDC":[97.81999,97.82],"DEWP":[-6.1499996,-6.0999994],"FRSHTT":[1110000,1110000],"PRCP":[0.14999999,0.14999999],"SLP":[981.7001,981.7001],"SNDP":[27.7,27.8],"STP":[976,976.1],"TEMP":[-4.2200003,-4.28],"VISIB":[13.0199995,13.45],"WDSP":[50.2,50.239998],"WNDDIR":[242.9,246.2],"time":[1549364860,1549364918]}