{"CLDC":[50.100002,50.339996],"DEWP":[14.140001,14.38],"FRSHTT":[100000,100000],"PRCP":[0.22999999,0.22999999],"SLP":[1013.7001,1013.7001],"SNDP":[0,0],"STP":[988.9,988.7999],"TEMP":[22.16,22.280003],"VISIB":[50.249996,49.339996],"WDSP":[9.03,10.58],"WNDDIR":[85.9,86],"time":[1549364861,1549364918]}