{"CLDC":[73.950005],"DEWP":[14.55],"FRSHTT":[100000],"PRCP":[0.09000001],"SLP":[1012.9],"SNDP":[0],"STP":[1000.7001],"TEMP":[21.410002],"VISIB":[50.249996],"WDSP":[6.0199995],"WNDDIR":[15.5],"time":[1549364855]}