{"CLDC":[99.619995,99.299995],"DEWP":[-4.9799995,-4.9199996],"FRSHTT":[1010000,1010000],"PRCP":[0,0],"SLP":[1018.7999,1018.7999],"SNDP":[33,33],"STP":[1012.2101,1011.92004],"TEMP":[-3.8000004,-3.7800002],"VISIB":[1.6300001,1.76],"WDSP":[12.51,11.719999],"WNDDIR":[231.1,230.7],"time":[1549364860,1549364918]}