{"CLDC":[51.870003],"DEWP":[12.900002],"FRSHTT":[100000],"PRCP":[0.14],"SLP":[1013.0199],"SNDP":[0],"STP":[937.83997],"TEMP":[18.81],"VISIB":[33.65],"WDSP":[33.39],"WNDDIR":[330.1],"time":[1549364855]}