{"CLDC":[51.870003,52.15],"DEWP":[12.900002,13.050001],"FRSHTT":[100000,100000],"PRCP":[0.14,0.14],"SLP":[1013.0199,1012.9],"SNDP":[0,0],"STP":[937.83997,937.7001],"TEMP":[18.81,18.42],"VISIB":[33.65,33.359997],"WDSP":[33.39,33.27],"WNDDIR":[330.1,333.6],"time":[1549364855,1549364915]}