{"CLDC":[50.140003],"DEWP":[17.05],"FRSHTT":[100000],"PRCP":[0.19000001],"SLP":[1013.2999],"SNDP":[0],"STP":[1012],"TEMP":[22.25],"VISIB":[21.289999],"WDSP":[11.67],"WNDDIR":[54.4],"time":[1549364856]}