{"CLDC":[50.140003,50.04],"DEWP":[17.05,17.14],"FRSHTT":[100000,100000],"PRCP":[0.19000001,0.19000001],"SLP":[1013.2999,1013.36],"SNDP":[0,0],"STP":[1012,1012],"TEMP":[22.25,22.4],"VISIB":[21.289999,21.19],"WDSP":[11.67,12.069999],"WNDDIR":[54.4,55.7],"time":[1549364856,1549364916]}