{"CLDC":[62.74],"DEWP":[18.92],"FRSHTT":[0],"PRCP":[0],"SLP":[1012.1],"SNDP":[0],"STP":[1006.54004],"TEMP":[23.299997],"VISIB":[16.210001],"WDSP":[19.429998],"WNDDIR":[65.8],"time":[1549364856]}