{"CLDC":[78.48999],"DEWP":[15.699999],"FRSHTT":[100000],"PRCP":[0.79],"SLP":[1034.45],"SNDP":[0],"STP":[1005.6],"TEMP":[21.219997],"VISIB":[27.369999],"WDSP":[20.380001],"WNDDIR":[105.7],"time":[1549364856]}