{"CLDC":[73.53,73.66],"DEWP":[16.219997,16.14],"FRSHTT":[100000,100000],"PRCP":[0.11999999,0.11999999],"SLP":[1014.4,1014.38007],"SNDP":[0,0],"STP":[1012.7999,1012.7999],"TEMP":[21.749998,21.3],"VISIB":[21.560001,21.75],"WDSP":[11.71,12.039999],"WNDDIR":[102,101.3],"time":[1549364856,1549364915]}