{"CLDC":[27.25,27.170002],"DEWP":[15.58,15.719999],"FRSHTT":[0,0],"PRCP":[0,0],"SLP":[1018.5,1018.5],"SNDP":[0,0],"STP":[1015,1015],"TEMP":[19.98,19.98],"VISIB":[31.550003,31.869999],"WDSP":[8.96,9.43],"WNDDIR":[179.3,181.1],"time":[1549364858,1549364916]}