{"CLDC":[56.849995],"DEWP":[20.800001],"FRSHTT":[100000],"PRCP":[0.050000004],"SLP":[1012.41],"SNDP":[0],"STP":[1000.9],"TEMP":[24.29],"VISIB":[19.84],"WDSP":[28.91],"WNDDIR":[99.8],"time":[1549364857]}