{"CLDC":[80.83],"DEWP":[16.880001],"FRSHTT":[0],"PRCP":[0],"SLP":[988.15],"SNDP":[0],"STP":[1015.74005],"TEMP":[24.919998],"VISIB":[11.029999],"WDSP":[11.92],"WNDDIR":[219],"time":[1549364857]}