{"CLDC":[55.140003,55.43],"DEWP":[18.280003,17.939999],"FRSHTT":[0,0],"PRCP":[0,0],"SLP":[999.2801,999.05],"SNDP":[0,0],"STP":[990.63,990.63007],"TEMP":[21.820002,22.24],"VISIB":[10.830001,11.370001],"WDSP":[9.8,10.299999],"WNDDIR":[28.2,29.8],"time":[1549364857,1549364916]}