{"CLDC":[70.090004,70.079994],"DEWP":[17.14,17.26],"FRSHTT":[100000,100000],"PRCP":[0.41000003,0.41000003],"SLP":[1027.05,1027.53],"SNDP":[0,0],"STP":[1007.27997,1009.64],"TEMP":[19.78,19.92],"VISIB":[10.659999,10.719999],"WDSP":[12.61,12.309999],"WNDDIR":[188.1,191.9],"time":[1549364857,1549364916]}