{"CLDC":[56.849995,56.309998],"DEWP":[20.800001,20.84],"FRSHTT":[100000,100000],"PRCP":[0.050000004,0.050000004],"SLP":[1012.41,1012.5],"SNDP":[0,0],"STP":[1000.9,1000.9],"TEMP":[24.29,24.220001],"VISIB":[19.84,19.54],"WDSP":[28.91,28.790003],"WNDDIR":[99.8,98.5],"time":[1549364857,1549364916]}