{"CLDC":[2.2999997],"DEWP":[18.2],"FRSHTT":[0],"PRCP":[0],"SLP":[1004],"SNDP":[0],"STP":[992.61005],"TEMP":[20.86],"VISIB":[9.7300005],"WDSP":[7.91],"WNDDIR":[177.3],"time":[1549364857]}