{"CLDC":[44.670006,44.43],"DEWP":[11.88,11.700001],"FRSHTT":[0,0],"PRCP":[0,0],"SLP":[1014.5,1014.57],"SNDP":[0,0],"STP":[1012.2999,1012.2001],"TEMP":[28.95,28.36],"VISIB":[29.16,29.2],"WDSP":[9.749999,10.410001],"WNDDIR":[65.5,63.5],"time":[1549364860,1549364918]}