{"CLDC":[50.080006],"DEWP":[-4.1800003],"FRSHTT":[1110000],"PRCP":[0.039999995],"SLP":[1013.9],"SNDP":[0.29999998],"STP":[1013],"TEMP":[-1.4799998],"VISIB":[7.55],"WDSP":[12.590001],"WNDDIR":[183.5],"time":[1549364859]}