{"CLDC":[44.670006],"DEWP":[11.88],"FRSHTT":[0],"PRCP":[0],"SLP":[1014.5],"SNDP":[0],"STP":[1012.2999],"TEMP":[28.95],"VISIB":[29.16],"WDSP":[9.749999],"WNDDIR":[65.5],"time":[1549364860]}