{"CLDC":[63.78,63.829994],"DEWP":[16.2,16.42],"FRSHTT":[100000,100000],"PRCP":[0.07,0.07],"SLP":[1014,1014.1],"SNDP":[0,0],"STP":[1011.6,1011.6],"TEMP":[21.05,21.36],"VISIB":[19.45,19.389997],"WDSP":[32.85,34.44],"WNDDIR":[270,268.9],"time":[1549364859,1549364917]}