{"CLDC":[58.289997,58.559998],"DEWP":[17,16.91],"FRSHTT":[0,0],"PRCP":[0,0],"SLP":[1007.7999,1007.9],"SNDP":[0,0],"STP":[1001.61,1001.5],"TEMP":[30.37,31.090002],"VISIB":[12.249999,12.239999],"WDSP":[19.539999,19.19],"WNDDIR":[320,323.9],"time":[1549364860,1549364918]}