{"CLDC":[58.289997],"DEWP":[17],"FRSHTT":[0],"PRCP":[0],"SLP":[1007.7999],"SNDP":[0],"STP":[1001.61],"TEMP":[30.37],"VISIB":[12.249999],"WDSP":[19.539999],"WNDDIR":[320],"time":[1549364860]}