{"CLDC":[12.83,13.209999],"DEWP":[14,13.68],"FRSHTT":[0,0],"PRCP":[0,0],"SLP":[1008.34,1008.43],"SNDP":[0,0],"STP":[968.6,968.52],"TEMP":[36.379997,35.95],"VISIB":[45.309994,46.65],"WDSP":[11.950001,12.72],"WNDDIR":[155.8,161.1],"time":[1549364860,1549364918]}