{"CLDC":[12.83],"DEWP":[14],"FRSHTT":[0],"PRCP":[0],"SLP":[1008.34],"SNDP":[0],"STP":[968.6],"TEMP":[36.379997],"VISIB":[45.309994],"WDSP":[11.950001],"WNDDIR":[155.8],"time":[1549364860]}