{"CLDC":[80.259995,80.11],"DEWP":[22.73,21.829998],"FRSHTT":[0,0],"PRCP":[0,0],"SLP":[1009.37,1009.33997],"SNDP":[0,0],"STP":[977.18005,977.05],"TEMP":[34.31,35.02],"VISIB":[50.06,49.289997],"WDSP":[5.0999994,5.1199994],"WNDDIR":[111.9,107.6],"time":[1549364860,1549364918]}