{"CLDC":[80.259995],"DEWP":[22.73],"FRSHTT":[0],"PRCP":[0],"SLP":[1009.37],"SNDP":[0],"STP":[977.18005],"TEMP":[34.31],"VISIB":[50.06],"WDSP":[5.0999994],"WNDDIR":[111.9],"time":[1549364860]}