{"CLDC":[61,60.96],"DEWP":[11.679998,12.2699995],"FRSHTT":[0,0],"PRCP":[0,0],"SLP":[998.17004,998.2001],"SNDP":[0,0],"STP":[995.2001,995.1],"TEMP":[21.58,21.560001],"VISIB":[29.220001,28.25],"WDSP":[16.92,17.019999],"WNDDIR":[304.9,305.9],"time":[1549364860,1549364918]}