{"CLDC":[55.579998,55.99],"DEWP":[9.14,9.000001],"FRSHTT":[100000,100000],"PRCP":[0.14,0.14],"SLP":[1014.05994,1014.1],"SNDP":[0,0],"STP":[1013.5,1013.5],"TEMP":[14.620001,14.43],"VISIB":[28.429998,28.060001],"WDSP":[18.91,18.609999],"WNDDIR":[253.1,251.3],"time":[1549364861,1549364919]}