{"CLDC":[73.78],"DEWP":[2.1],"FRSHTT":[100000],"PRCP":[0.07999999],"SLP":[995.6],"SNDP":[0],"STP":[992.7001],"TEMP":[19.47],"VISIB":[39.550003],"WDSP":[16.09],"WNDDIR":[266.9],"time":[1549364861]}