{"CLDC":[73.78,74.020004],"DEWP":[2.1,2.18],"FRSHTT":[100000,100000],"PRCP":[0.07999999,0.07999999],"SLP":[995.6,995.6],"SNDP":[0,0],"STP":[992.7001,992.7001],"TEMP":[19.47,19.71],"VISIB":[39.550003,39.959995],"WDSP":[16.09,15.410001],"WNDDIR":[266.9,266.2],"time":[1549364861,1549364919]}