{"CLDC":[55.579998],"DEWP":[9.14],"FRSHTT":[100000],"PRCP":[0.14],"SLP":[1014.05994],"SNDP":[0],"STP":[1013.5],"TEMP":[14.620001],"VISIB":[28.429998],"WDSP":[18.91],"WNDDIR":[253.1],"time":[1549364861]}