{"CLDC":[64.93001],"DEWP":[5.4299994],"FRSHTT":[100000],"PRCP":[0.15999998],"SLP":[1010.7999],"SNDP":[0],"STP":[1004.1],"TEMP":[15.339999],"VISIB":[43.4],"WDSP":[10.929999],"WNDDIR":[344.8],"time":[1549364861]}