{"CLDC":[83.59,83.53999],"DEWP":[3.86,3.7000003],"FRSHTT":[0,0],"PRCP":[0,0],"SLP":[1013.11005,1013.14],"SNDP":[0,0],"STP":[991.87,991.91003],"TEMP":[15.039999,15.219999],"VISIB":[30.200003,30.529999],"WDSP":[13.5,13.210001],"WNDDIR":[244.2,246.8],"time":[1549364861,1549364918]}