{"CLDC":[83.59],"DEWP":[3.86],"FRSHTT":[0],"PRCP":[0],"SLP":[1013.11005],"SNDP":[0],"STP":[991.87],"TEMP":[15.039999],"VISIB":[30.200003],"WDSP":[13.5],"WNDDIR":[244.2],"time":[1549364861]}