{"CLDC":[44.319996],"DEWP":[7.6399994],"FRSHTT":[0],"PRCP":[0],"SLP":[1012.7101],"SNDP":[0],"STP":[1012.08997],"TEMP":[14.18],"VISIB":[19.89],"WDSP":[11.790001],"WNDDIR":[19.2],"time":[1549364861]}