{"CLDC":[77.96001],"DEWP":[-1.6200001],"FRSHTT":[0],"PRCP":[0],"SLP":[1010.17004],"SNDP":[0],"STP":[1007.23],"TEMP":[12.48],"VISIB":[35.05],"WDSP":[10.18],"WNDDIR":[316.7],"time":[1549364855]}