{"CLDC":[77.96001,77.700005],"DEWP":[-1.6200001,-1.85],"FRSHTT":[0,0],"PRCP":[0,0],"SLP":[1010.17004,1010.14],"SNDP":[0,0],"STP":[1007.23,1007.2699],"TEMP":[12.48,11.36],"VISIB":[35.05,34.95],"WDSP":[10.18,10.529999],"WNDDIR":[316.7,318.7],"time":[1549364855,1549364915]}