{"CLDC":[38.45,38.28],"DEWP":[1.4099998,1.26],"FRSHTT":[0,0],"PRCP":[0,0],"SLP":[1013,1013],"SNDP":[0,0],"STP":[1001.5,1001.5],"TEMP":[16.53,16.2],"VISIB":[38.84,39.359997],"WDSP":[12.8,12.589998],"WNDDIR":[103.8,100.5],"time":[1549364855,1549364915]}