{"CLDC":[14.839999],"DEWP":[-15.740001],"FRSHTT":[0],"PRCP":[0],"SLP":[1013.7001],"SNDP":[0],"STP":[966.5],"TEMP":[14.030001],"VISIB":[40.3],"WDSP":[12.15],"WNDDIR":[46.1],"time":[1549364855]}