{"CLDC":[50.060005,50.180004],"DEWP":[0.4,0],"FRSHTT":[100000,100000],"PRCP":[0.029999997,0.029999997],"SLP":[1014.1,1013.88995],"SNDP":[0,0],"STP":[1004.7001,1004.69006],"TEMP":[15.469999,14.92],"VISIB":[35.4,34.980003],"WDSP":[13.589999,14.33],"WNDDIR":[256.1,253.2],"time":[1549364856,1549364916]}