{"CLDC":[50.060005],"DEWP":[0.4],"FRSHTT":[100000],"PRCP":[0.029999997],"SLP":[1014.1],"SNDP":[0],"STP":[1004.7001],"TEMP":[15.469999],"VISIB":[35.4],"WDSP":[13.589999],"WNDDIR":[256.1],"time":[1549364856]}