{"CLDC":[55.670002],"DEWP":[-3.7400002],"FRSHTT":[0],"PRCP":[0],"SLP":[1008.38995],"SNDP":[0],"STP":[996.32996],"TEMP":[17.7],"VISIB":[50.279995],"WDSP":[17.31],"WNDDIR":[288.3],"time":[1549364858]}