{"CLDC":[91.05999,90.89],"DEWP":[0.20000002,0.62],"FRSHTT":[0,0],"PRCP":[0,0],"SLP":[1012.2999,1012.2999],"SNDP":[0,0],"STP":[907.9,907.9],"TEMP":[8.26,8.83],"VISIB":[30.220001,30.570004],"WDSP":[15.99,16.57],"WNDDIR":[67.5,63.6],"time":[1549364858,1549364917]}