{"CLDC":[50.190006],"DEWP":[2.8999999],"FRSHTT":[100000],"PRCP":[0.07999999],"SLP":[1012.9],"SNDP":[0],"STP":[955.6],"TEMP":[10.920001],"VISIB":[49.279995],"WDSP":[6.15],"WNDDIR":[259.9],"time":[1549364859]}