{"CLDC":[79.27],"DEWP":[-1.5999999],"FRSHTT":[0],"PRCP":[0],"SLP":[981.1],"SNDP":[0],"STP":[993.79004],"TEMP":[12.219999],"VISIB":[49.97],"WDSP":[8.22],"WNDDIR":[329.8],"time":[1549364859]}