{"CLDC":[50.100002],"DEWP":[7.3599997],"FRSHTT":[100000],"PRCP":[0.65000004],"SLP":[1046.8501],"SNDP":[0],"STP":[1009.55],"TEMP":[11.280001],"VISIB":[20.740002],"WDSP":[1.5900002],"WNDDIR":[240.7],"time":[1549364860]}