{"CLDC":[44.359997,44.37],"DEWP":[0.38000003,0.50000006],"FRSHTT":[0,0],"PRCP":[0,0],"SLP":[1008.68005,1009.00995],"SNDP":[0,0],"STP":[1019,1018.98],"TEMP":[5.76,6.08],"VISIB":[32.32,31.630001],"WDSP":[8.5199995,8.5199995],"WNDDIR":[8.8,5.6],"time":[1549364859,1549364917]}