{"CLDC":[50.100002,50.090004],"DEWP":[7.3599997,7.63],"FRSHTT":[100000,100000],"PRCP":[0.65000004,0.65000004],"SLP":[1046.8501,1046.5299],"SNDP":[0,0],"STP":[1009.55,1008.95],"TEMP":[11.280001,11.280001],"VISIB":[20.740002,19.46],"WDSP":[1.5900002,1.4699999],"WNDDIR":[240.7,239.6],"time":[1549364860,1549364918]}