{"CLDC":[53.440002,52.9],"DEWP":[-4.47,-4.4399996],"FRSHTT":[1110000,1110000],"PRCP":[0.029999997,0.029999997],"SLP":[1014.4,1014.4],"SNDP":[0.40000004,0.40000004],"STP":[1014.7601,1014.9],"TEMP":[-1.7699999,-1.7700001],"VISIB":[5.6899996,5.69],"WDSP":[13.08,13.139999],"WNDDIR":[122.1,126.4],"time":[1549364860,1549364918]}