{"CLDC":[44.359997],"DEWP":[0.38000003],"FRSHTT":[0],"PRCP":[0],"SLP":[1008.68005],"SNDP":[0],"STP":[1019],"TEMP":[5.76],"VISIB":[32.32],"WDSP":[8.5199995],"WNDDIR":[8.8],"time":[1549364859]}