{"CLDC":[52.590004],"DEWP":[7.1800003],"FRSHTT":[100000],"PRCP":[0.07],"SLP":[1010.6],"SNDP":[0],"STP":[1002.4],"TEMP":[11.4800005],"VISIB":[26.630001],"WDSP":[8.08],"WNDDIR":[225.8],"time":[1549364859]}