{"CLDC":[52.590004,52.76],"DEWP":[7.1800003,7.1800003],"FRSHTT":[100000,100000],"PRCP":[0.07,0.07],"SLP":[1010.6,1010.6],"SNDP":[0,0],"STP":[1002.4,1002.4],"TEMP":[11.4800005,11.359999],"VISIB":[26.630001,26.8],"WDSP":[8.08,8.7300005],"WNDDIR":[225.8,225.7],"time":[1549364859,1549364917]}