{"CLDC":[50.090004,50.15],"DEWP":[18.46,18.54],"FRSHTT":[100000,100000],"PRCP":[0.251,0.26],"SLP":[994.13007,993.4899],"SNDP":[0,0],"STP":[998.68005,998.49005],"TEMP":[21.9,21.900002],"VISIB":[28.480001,28.419998],"WDSP":[25.259998,24.619999],"WNDDIR":[111.4,111.7],"time":[1549364860,1549364918]}