{"CLDC":[50.090004,50.140003],"DEWP":[11.11,10.72],"FRSHTT":[100000,100000],"PRCP":[0.36999997,0.36999997],"SLP":[1052.15,1052.0701],"SNDP":[0,0],"STP":[1017.52997,1018.35],"TEMP":[15.139999,15.25],"VISIB":[30.66,29.5],"WDSP":[9.57,9.300001],"WNDDIR":[311.7,311.4],"time":[1549364860,1549364918]}