{"CLDC":[50.090004],"DEWP":[18.46],"FRSHTT":[100000],"PRCP":[0.251],"SLP":[994.13007],"SNDP":[0],"STP":[998.68005],"TEMP":[21.9],"VISIB":[28.480001],"WDSP":[25.259998],"WNDDIR":[111.4],"time":[1549364860]}