{"CLDC":[51.439995,51.359997],"DEWP":[17.22,17.3],"FRSHTT":[0,0],"PRCP":[0,0],"SLP":[1016.6,1016.6],"SNDP":[0,0],"STP":[1013.95996,1014],"TEMP":[22.52,21.96],"VISIB":[19.489998,19.36],"WDSP":[24.33,23.55],"WNDDIR":[22.4,23.6],"time":[1549364860,1549364918]}