{"CLDC":[72.84],"DEWP":[12.040001],"FRSHTT":[100000],"PRCP":[1.4799999],"SLP":[985.0999],"SNDP":[0],"STP":[1002.57996],"TEMP":[18.7],"VISIB":[48.379997],"WDSP":[10.610001],"WNDDIR":[53.1],"time":[1549364860]}