{"CLDC":[73.149994,72.990005],"DEWP":[18.48,18.439999],"FRSHTT":[100000,100000],"PRCP":[1.1499999,1.16],"SLP":[1016.61005,1016.32996],"SNDP":[0,0],"STP":[1015.4,1015.23],"TEMP":[22.060001,22],"VISIB":[10.639999,10.93],"WDSP":[14.219999,16.02],"WNDDIR":[303.5,302.1],"time":[1549364861,1549364919]}