{"CLDC":[50.18,50.070004],"DEWP":[20.32,20.32],"FRSHTT":[100000,100000],"PRCP":[0.09000001,0.09000001],"SLP":[1012.6,1012.6],"SNDP":[0,0],"STP":[1011.6,1011.7001],"TEMP":[22.03,21.759998],"VISIB":[50.090004,50.250004],"WDSP":[4.63,4.5700006],"WNDDIR":[184.7,185.9],"time":[1549364861,1549364919]}