{"CLDC":[50.120003,50.46],"DEWP":[15.979999,16.119999],"FRSHTT":[100000,100000],"PRCP":[0.56,0.56],"SLP":[1016.9,1016.9],"SNDP":[0,0],"STP":[1014.7999,1014.7999],"TEMP":[20.79,20.58],"VISIB":[28.559998,27.12],"WDSP":[13.33,11.95],"WNDDIR":[58.8,59.3],"time":[1549364861,1549364918]}