{"CLDC":[50.120003],"DEWP":[15.979999],"FRSHTT":[100000],"PRCP":[0.56],"SLP":[1016.9],"SNDP":[0],"STP":[1014.7999],"TEMP":[20.79],"VISIB":[28.559998],"WDSP":[13.33],"WNDDIR":[58.8],"time":[1549364861]}