{"CLDC":[86.37001],"DEWP":[10.160001],"FRSHTT":[100000],"PRCP":[0.029999997],"SLP":[1013.7001],"SNDP":[0],"STP":[1012.5],"TEMP":[14.940001],"VISIB":[25.52],"WDSP":[29.270004],"WNDDIR":[345.4],"time":[1549364857]}