{"CLDC":[84.73],"DEWP":[-4.81],"FRSHTT":[1110000],"PRCP":[0.039999995],"SLP":[1017.1],"SNDP":[1.3000001],"STP":[1007.95996],"TEMP":[-0.32],"VISIB":[7.7],"WDSP":[18.110003],"WNDDIR":[20.9],"time":[1549364860]}