{"CLDC":[27.399998,27.75],"DEWP":[8.84,8.559999],"FRSHTT":[0,0],"PRCP":[0,0],"SLP":[1014.89,1014.9],"SNDP":[0,0],"STP":[998,998.05],"TEMP":[15.100001,14.999998],"VISIB":[22.79,21.81],"WDSP":[24.21,24.31],"WNDDIR":[325.2,323.7],"time":[1549364857,1549364916]}