{"CLDC":[84.73,84.65999],"DEWP":[-4.81,-5.089999],"FRSHTT":[1110000,1110000],"PRCP":[0.039999995,0.039999995],"SLP":[1017.1,1017.18],"SNDP":[1.3000001,1.3000001],"STP":[1007.95996,1008.2899],"TEMP":[-0.32,-0.32999998],"VISIB":[7.7,8.059999],"WDSP":[18.110003,18.390001],"WNDDIR":[20.9,21.5],"time":[1549364860,1549364918]}