{"CLDC":[86.37001,86.15001],"DEWP":[10.160001,10.220001],"FRSHTT":[100000,100000],"PRCP":[0.029999997,0.029999997],"SLP":[1013.7001,1013.7001],"SNDP":[0,0],"STP":[1012.5,1012.56995],"TEMP":[14.940001,15.039999],"VISIB":[25.52,25.66],"WDSP":[29.270004,31.530003],"WNDDIR":[345.4,344.7],"time":[1549364857,1549364916]}