{"CLDC":[47.73,47.85],"DEWP":[-7.3199997,-7.7399993],"FRSHTT":[0,0],"PRCP":[0,0],"SLP":[1014.18,1014.1],"SNDP":[0,0],"STP":[1010.7001,1010.6],"TEMP":[15.65,15.450002],"VISIB":[50.030003,50.11],"WDSP":[10.500001,10.58],"WNDDIR":[58.6,56.3],"time":[1549364857,1549364916]}