{"CLDC":[53.919994,53.47],"DEWP":[2.9599998,2.48],"FRSHTT":[100000,100000],"PRCP":[0.039999995,0.039999995],"SLP":[1012.69006,1012.7001],"SNDP":[0,0],"STP":[1012.75995,1012.63],"TEMP":[9.99,10.68],"VISIB":[30.05,29.869999],"WDSP":[16.41,16.109999],"WNDDIR":[173,177],"time":[1549364858,1549364917]}