{"CLDC":[79.94001],"DEWP":[4],"FRSHTT":[100000],"PRCP":[0.11999999],"SLP":[1006.4],"SNDP":[0],"STP":[1001.7001],"TEMP":[8.6],"VISIB":[43.889996],"WDSP":[12.95],"WNDDIR":[87.2],"time":[1549364858]}