{"CLDC":[82.729996,82.84],"DEWP":[2.4100003,2.22],"FRSHTT":[100000,100000],"PRCP":[0.059999995,0.060999997],"SLP":[1014.5,1014.5],"SNDP":[0,0],"STP":[980.2999,980.2999],"TEMP":[10.820002,10.459999],"VISIB":[42.63,42.24],"WDSP":[13.99,15.93],"WNDDIR":[218.5,218.8],"time":[1549364858,1549364916]}