{"CLDC":[50.04],"DEWP":[0.32000002],"FRSHTT":[100000],"PRCP":[0.029999997],"SLP":[1014.2999],"SNDP":[0],"STP":[1007.4],"TEMP":[9.039999],"VISIB":[26.48],"WDSP":[8.12],"WNDDIR":[139.2],"time":[1549364859]}