{"CLDC":[50.04,50.120003],"DEWP":[0.32000002,0.42999998],"FRSHTT":[100000,100000],"PRCP":[0.029999997,0.029999997],"SLP":[1014.2999,1014.2899],"SNDP":[0,0],"STP":[1007.4,1007.4],"TEMP":[9.039999,8.9],"VISIB":[26.48,26.87],"WDSP":[8.12,8.049999],"WNDDIR":[139.2,136.8],"time":[1549364859,1549364918]}