{"CLDC":[50.219994,50.210003],"DEWP":[-4.55,-4.4100003],"FRSHTT":[1110000,1110000],"PRCP":[0.059999995,0.059999995],"SLP":[1015.2999,1015.2999],"SNDP":[0.8000001,0.8000001],"STP":[1013.27997,1012.9],"TEMP":[-1.11,-1.1700001],"VISIB":[7.2299995,7.8299994],"WDSP":[12.910001,12.42],"WNDDIR":[36.8,36.8],"time":[1549364861,1549364919]}