{"CLDC":[96.63999,96.009995],"DEWP":[2.2199998,2.2099998],"FRSHTT":[100000,100000],"PRCP":[0.019999998,0.019999998],"SLP":[1013.4,1013.4],"SNDP":[0,0],"STP":[1002,1001.9],"TEMP":[6.34,5.89],"VISIB":[17.71,17.37],"WDSP":[36.019997,35.75],"WNDDIR":[232,233.2],"time":[1549364860,1549364918]}