{"CLDC":[96.63999],"DEWP":[2.2199998],"FRSHTT":[100000],"PRCP":[0.019999998],"SLP":[1013.4],"SNDP":[0],"STP":[1002],"TEMP":[6.34],"VISIB":[17.71],"WDSP":[36.019997],"WNDDIR":[232],"time":[1549364860]}