{"CLDC":[50.07,50.249996],"DEWP":[-0.82,-0.64],"FRSHTT":[100000,100000],"PRCP":[0.009999999,0.009999999],"SLP":[1018.6,1018.6],"SNDP":[0,0],"STP":[1011.1,1011.2001],"TEMP":[6.1600003,6.5099998],"VISIB":[26.060001,25.59],"WDSP":[16.18,14.32],"WNDDIR":[87.1,89.7],"time":[1549364855,1549364915]}