{"CLDC":[59.359997,59.71],"DEWP":[-4.18,-4.18],"FRSHTT":[1000000,1000000],"PRCP":[0,0],"SLP":[1020,1020.02997],"SNDP":[0,0],"STP":[1007.31995,1007.24005],"TEMP":[-2.94,-2.9],"VISIB":[1.8999999,2.3],"WDSP":[17.710001,17.78],"WNDDIR":[211.5,209.9],"time":[1549364861,1549364918]}