{"CLDC":[50.07],"DEWP":[-0.82],"FRSHTT":[100000],"PRCP":[0.009999999],"SLP":[1018.6],"SNDP":[0],"STP":[1011.1],"TEMP":[6.1600003],"VISIB":[26.060001],"WDSP":[16.18],"WNDDIR":[87.1],"time":[1549364855]}