{"CLDC":[82.270004,82.30999],"DEWP":[-3.5,-3.5600002],"FRSHTT":[100000,100000],"PRCP":[0.22,0.22],"SLP":[1003.3299,1003.41003],"SNDP":[0,0],"STP":[989.2001,989.18],"TEMP":[10.45,10.000001],"VISIB":[27.560003,27.460001],"WDSP":[13.43,12.4800005],"WNDDIR":[139.2,138.6],"time":[1549364856,1549364916]}