{"CLDC":[50.580006],"DEWP":[-1.5999999],"FRSHTT":[100000],"PRCP":[0.10000001],"SLP":[1008.6],"SNDP":[0],"STP":[960.2001],"TEMP":[6.94],"VISIB":[20.600002],"WDSP":[13.870001],"WNDDIR":[65.3],"time":[1549364856]}