{"CLDC":[61.129997],"DEWP":[-4.5499997],"FRSHTT":[1100000],"PRCP":[0.039999995],"SLP":[1015],"SNDP":[0],"STP":[1010.93005],"TEMP":[-2.44],"VISIB":[3.3],"WDSP":[9.210001],"WNDDIR":[180.3],"time":[1549364861]}