{"CLDC":[50.580006,50.760002],"DEWP":[-1.5999999,-1.52],"FRSHTT":[100000,100000],"PRCP":[0.10000001,0.10000001],"SLP":[1008.6,1008.6],"SNDP":[0,0],"STP":[960.2001,960.25],"TEMP":[6.94,6.65],"VISIB":[20.600002,20.59],"WDSP":[13.870001,14.539999],"WNDDIR":[65.3,65.2],"time":[1549364856,1549364915]}