{"CLDC":[61.1],"DEWP":[8.089999],"FRSHTT":[100000],"PRCP":[0.11],"SLP":[1015.7001],"SNDP":[0],"STP":[1013.1],"TEMP":[11.600001],"VISIB":[23.77],"WDSP":[31.48],"WNDDIR":[64.5],"time":[1549364857]}