{"CLDC":[50.170006,50.07],"DEWP":[3.9599998,3.9599998],"FRSHTT":[100000,100000],"PRCP":[0.13,0.13],"SLP":[1013.68005,1013.69006],"SNDP":[0,0],"STP":[1007.31995,1007.4],"TEMP":[8.13,7.7400002],"VISIB":[21.4,21.160002],"WDSP":[25.029999,24.85],"WNDDIR":[114.5,116],"time":[1549364858,1549364916]}