{"CLDC":[70.67],"DEWP":[5.8100004],"FRSHTT":[0],"PRCP":[0],"SLP":[1017.5],"SNDP":[0],"STP":[1013.7999],"TEMP":[8.780001],"VISIB":[20.439999],"WDSP":[13.06],"WNDDIR":[182.1],"time":[1549364858]}