{"CLDC":[50.170006],"DEWP":[3.9599998],"FRSHTT":[100000],"PRCP":[0.13],"SLP":[1013.68005],"SNDP":[0],"STP":[1007.31995],"TEMP":[8.13],"VISIB":[21.4],"WDSP":[25.029999],"WNDDIR":[114.5],"time":[1549364858]}