{"CLDC":[83.53,83.62001],"DEWP":[0.65000004,1],"FRSHTT":[100000,100000],"PRCP":[0.029999997,0.029999997],"SLP":[1004.2999,1004.30994],"SNDP":[0,0],"STP":[998.49005,998.36],"TEMP":[7.4,7.3],"VISIB":[28.630001,28.480001],"WDSP":[16.91,16.390001],"WNDDIR":[13.1,13.5],"time":[1549364858,1549364916]}