{"CLDC":[88.14001],"DEWP":[4.8],"FRSHTT":[100000],"PRCP":[0.22],"SLP":[1017],"SNDP":[0],"STP":[999.2001],"TEMP":[9.320001],"VISIB":[20.170002],"WDSP":[25.509998],"WNDDIR":[34.9],"time":[1549364858]}