{"CLDC":[50.46,50.42],"DEWP":[1.26,1.4000001],"FRSHTT":[100000,100000],"PRCP":[0.050000004,0.050000004],"SLP":[1013.7101,1013.7999],"SNDP":[0,0],"STP":[1010.9,1010.9],"TEMP":[8.249999,8.410001],"VISIB":[22.75,22.64],"WDSP":[14.83,14.2300005],"WNDDIR":[337.3,337.1],"time":[1549364858,1549364917]}