{"CLDC":[53.329998,53.120003],"DEWP":[0.27,-0.120000005],"FRSHTT":[0,0],"PRCP":[0,0],"SLP":[1011.11,1011.1],"SNDP":[0,0],"STP":[1014.2001,1014.2001],"TEMP":[8.22,8.26],"VISIB":[32.219997,32.43],"WDSP":[16.52,16.68],"WNDDIR":[120.6,117],"time":[1549364858,1549364917]}