{"CLDC":[53.329998],"DEWP":[0.27],"FRSHTT":[0],"PRCP":[0],"SLP":[1011.11],"SNDP":[0],"STP":[1014.2001],"TEMP":[8.22],"VISIB":[32.219997],"WDSP":[16.52],"WNDDIR":[120.6],"time":[1549364858]}