{"CLDC":[63.51],"DEWP":[4.6400003],"FRSHTT":[100000],"PRCP":[0.009999999],"SLP":[1015.39],"SNDP":[0],"STP":[992.5],"TEMP":[9.78],"VISIB":[20.18],"WDSP":[17.57],"WNDDIR":[231.4],"time":[1549364859]}