{"CLDC":[40.969997,40.760002],"DEWP":[-4,-4.2599998],"FRSHTT":[0,0],"PRCP":[0,0],"SLP":[1007.17004,1007.49005],"SNDP":[0,0],"STP":[990.41,990.57996],"TEMP":[2.06,1.9],"VISIB":[20.02,20.14],"WDSP":[22.27,21.35],"WNDDIR":[289.6,292.9],"time":[1549364859,1549364917]}