{"CLDC":[50.190006,50.590004],"DEWP":[15.35,15.3],"FRSHTT":[100000,100000],"PRCP":[0.039999995,0.039999995],"SLP":[1011.25,1011.13007],"SNDP":[0,0],"STP":[1010.2999,1010.2999],"TEMP":[20.250002,20.100002],"VISIB":[34.779995,35.59],"WDSP":[15.710001,15.65],"WNDDIR":[158,159.8],"time":[1549364859,1549364917]}