{"CLDC":[78.049995,78],"DEWP":[15.45,15.42],"FRSHTT":[100000,100000],"PRCP":[0.029999997,0.029999997],"SLP":[1007.13007,1007.3],"SNDP":[0,0],"STP":[1003.5,1003.6],"TEMP":[19.78,19.640001],"VISIB":[22.179998,22.22],"WDSP":[15.440001,15.32],"WNDDIR":[208.4,204.9],"time":[1549364859,1549364917]}