{"CLDC":[50.249996,50.26],"DEWP":[3.7600002,3.7600002],"FRSHTT":[100000,100000],"PRCP":[0.15999998,0.15999998],"SLP":[1002.4,1002.4],"SNDP":[0,0],"STP":[1004.2001,1004.07],"TEMP":[5.9199996,5.9199996],"VISIB":[17.13,17.069998],"WDSP":[34.219997,34.85],"WNDDIR":[282.7,281.5],"time":[1549364859,1549364917]}