{"CLDC":[78.049995],"DEWP":[15.45],"FRSHTT":[100000],"PRCP":[0.029999997],"SLP":[1007.13007],"SNDP":[0],"STP":[1003.5],"TEMP":[19.78],"VISIB":[22.179998],"WDSP":[15.440001],"WNDDIR":[208.4],"time":[1549364859]}