{"CLDC":[50.249996],"DEWP":[3.7600002],"FRSHTT":[100000],"PRCP":[0.15999998],"SLP":[1002.4],"SNDP":[0],"STP":[1004.2001],"TEMP":[5.9199996],"VISIB":[17.13],"WDSP":[34.219997],"WNDDIR":[282.7],"time":[1549364859]}