{"CLDC":[60.74],"DEWP":[-5.0600004],"FRSHTT":[1110000],"PRCP":[0.039999995],"SLP":[1015.69006],"SNDP":[4.9000006],"STP":[1012.2899],"TEMP":[-2.3399997],"VISIB":[5.1599994],"WDSP":[18.23],"WNDDIR":[222.7],"time":[1549364861]}