{"CLDC":[50.190002,50.359993],"DEWP":[15.959999,15.99],"FRSHTT":[100000,100000],"PRCP":[0.009999999,0.009999999],"SLP":[1007.2001,1007.1],"SNDP":[0,0],"STP":[1006.5,1006.4],"TEMP":[19.2,19.150002],"VISIB":[36.05,35.77],"WDSP":[13.619998,13.780001],"WNDDIR":[105.6,106],"time":[1549364856,1549364915]}