{"CLDC":[50.190002],"DEWP":[15.959999],"FRSHTT":[100000],"PRCP":[0.009999999],"SLP":[1007.2001],"SNDP":[0],"STP":[1006.5],"TEMP":[19.2],"VISIB":[36.05],"WDSP":[13.619998],"WNDDIR":[105.6],"time":[1549364856]}