{"CLDC":[75.23,75.5],"DEWP":[-5.3899994,-5.4499993],"FRSHTT":[1000000,1000000],"PRCP":[0,0],"SLP":[1019.36,1019.7101],"SNDP":[0,0],"STP":[1016.82,1016.41],"TEMP":[-4.62,-4.64],"VISIB":[3.28,3.8799999],"WDSP":[7.56,7.3599997],"WNDDIR":[25.6,29.5],"time":[1549364858,1549364917]}