{"CLDC":[78.729996],"DEWP":[-4.6000004],"FRSHTT":[1110000],"PRCP":[0.10000001],"SLP":[1015.9],"SNDP":[1.8999999],"STP":[1013.5399],"TEMP":[-2.46],"VISIB":[8.870001],"WDSP":[11.250001],"WNDDIR":[68],"time":[1549364858]}