{"CLDC":[55.869995],"DEWP":[-10.75],"FRSHTT":[0],"PRCP":[0],"SLP":[1011.6],"SNDP":[0],"STP":[1007.2999],"TEMP":[14.359999],"VISIB":[19.73],"WDSP":[15.969999],"WNDDIR":[78.5],"time":[1549364860]}