{"CLDC":[50.329998],"DEWP":[-2.02],"FRSHTT":[1100000],"PRCP":[0.38999996],"SLP":[967.24005],"SNDP":[0],"STP":[1001.50995],"TEMP":[-1.6700001],"VISIB":[2.4699998],"WDSP":[28.830002],"WNDDIR":[109.1],"time":[1549364858]}