{"CLDC":[50.080006,50.489998],"DEWP":[-4.25,-4.1799994],"FRSHTT":[1110000,1110000],"PRCP":[0.039999995,0.039999995],"SLP":[1015.2001,1015.2001],"SNDP":[1.7,1.7],"STP":[1015.8,1016.34],"TEMP":[-1.4399998,-1.4200001],"VISIB":[12.159999,12.19],"WDSP":[13.31,13.7300005],"WNDDIR":[27.5,30.5],"time":[1549364859,1549364917]}