{"CLDC":[41.719994],"DEWP":[-2.6000001],"FRSHTT":[1000000],"PRCP":[0],"SLP":[1015.4],"SNDP":[0],"STP":[1011.0701],"TEMP":[-1.6400001],"VISIB":[3.4599998],"WDSP":[24.550001],"WNDDIR":[151.5],"time":[1549364859]}