{"CLDC":[93.15999,93.33],"DEWP":[18.27,18.560001],"FRSHTT":[100000,100000],"PRCP":[0.019999998,0.019999998],"SLP":[1011.2999,1011.2999],"SNDP":[0,0],"STP":[1010.73,1010.7999],"TEMP":[24.689999,24.800001],"VISIB":[18.140001,17.53],"WDSP":[18.789999,19.45],"WNDDIR":[76,73],"time":[1549364855,1549364915]}