{"CLDC":[68.880005],"DEWP":[17.75],"FRSHTT":[0],"PRCP":[0],"SLP":[1017.7999],"SNDP":[0],"STP":[1017.2001],"TEMP":[26.880001],"VISIB":[29.98],"WDSP":[24.45],"WNDDIR":[185.7],"time":[1549364861]}