{"CLDC":[68.880005,69.07],"DEWP":[17.75,17.55],"FRSHTT":[0,0],"PRCP":[0,0],"SLP":[1017.7999,1017.7999],"SNDP":[0,0],"STP":[1017.2001,1017.2001],"TEMP":[26.880001,26.6],"VISIB":[29.98,29.130001],"WDSP":[24.45,23.28],"WNDDIR":[185.7,188.5],"time":[1549364861,1549364919]}