{"CLDC":[93.15999],"DEWP":[18.27],"FRSHTT":[100000],"PRCP":[0.019999998],"SLP":[1011.2999],"SNDP":[0],"STP":[1010.73],"TEMP":[24.689999],"VISIB":[18.140001],"WDSP":[18.789999],"WNDDIR":[76],"time":[1549364855]}