{"CLDC":[25.240002],"DEWP":[-3.7600002],"FRSHTT":[0],"PRCP":[0],"SLP":[1009.2999],"SNDP":[0],"STP":[996.5],"TEMP":[18.59],"VISIB":[50.060005],"WDSP":[8.820001],"WNDDIR":[162.3],"time":[1549364858]}