{"CLDC":[25.240002,25.259998],"DEWP":[-3.7600002,-3.92],"FRSHTT":[0,0],"PRCP":[0,0],"SLP":[1009.2999,1009.2301],"SNDP":[0,0],"STP":[996.5,996.5],"TEMP":[18.59,18.599998],"VISIB":[50.060005,50.729996],"WDSP":[8.820001,8.410001],"WNDDIR":[162.3,161.5],"time":[1549364858,1549364916]}