{"CLDC":[50.010002,50],"DEWP":[-4.92,-4.9200006],"FRSHTT":[1110000,1110000],"PRCP":[0.039999995,0.039999995],"SLP":[1015.2301,1015.2501],"SNDP":[0.8000001,0.8000001],"STP":[1008.0499,1008.07],"TEMP":[-2.16,-2.06],"VISIB":[9.15,8.950001],"WDSP":[17.73,18.02],"WNDDIR":[321,323.1],"time":[1549364859,1549364917]}