{"CLDC":[50.010002],"DEWP":[-4.92],"FRSHTT":[1110000],"PRCP":[0.039999995],"SLP":[1015.2301],"SNDP":[0.8000001],"STP":[1008.0499],"TEMP":[-2.16],"VISIB":[9.15],"WDSP":[17.73],"WNDDIR":[321],"time":[1549364859]}