{"CLDC":[80.39,80.93001],"DEWP":[-5.04,-4.86],"FRSHTT":[0,0],"PRCP":[0,0],"SLP":[1025.3099,1025.34],"SNDP":[0,0],"STP":[1035.1,1035.9299],"TEMP":[1.25,1.26],"VISIB":[16.11,15.119998],"WDSP":[14.800001,14.65],"WNDDIR":[208.9,209],"time":[1549364859,1549364917]}