{"CLDC":[5.930001,6.05],"DEWP":[0.88,0.9],"FRSHTT":[0,0],"PRCP":[0,0],"SLP":[1015.1,1015.1],"SNDP":[0,0],"STP":[1002.7999,1002.75],"TEMP":[8.960001,8.08],"VISIB":[49.85,49.610004],"WDSP":[12.700001,10.860001],"WNDDIR":[232.1,234],"time":[1549364860,1549364918]}