{"CLDC":[50.22,50.140007],"DEWP":[-5.52,-5.22],"FRSHTT":[1110000,1110000],"PRCP":[0.029999997,0.029999997],"SLP":[1015.13007,1015.2001],"SNDP":[2,2],"STP":[1013.49005,1013.77997],"TEMP":[-1.4399999,-1.44],"VISIB":[11.19,11.119999],"WDSP":[19.170002,18.27],"WNDDIR":[187.9,188.9],"time":[1549364859,1549364918]}