{"CLDC":[59],"DEWP":[-6.899999],"FRSHTT":[1110000],"PRCP":[0.11],"SLP":[968.5],"SNDP":[20.100002],"STP":[963.12],"TEMP":[-4.0800004],"VISIB":[14.87],"WDSP":[40.300003],"WNDDIR":[204.3],"time":[1549364859]}