{"CLDC":[44.130005,43.85],"DEWP":[-2.6399999,-2.8600001],"FRSHTT":[0,0],"PRCP":[0,0],"SLP":[1021.86,1022.39],"SNDP":[0,0],"STP":[1020.29004,1020.49005],"TEMP":[3.98,4.2],"VISIB":[49.829994,50.219994],"WDSP":[20.060001,19.73],"WNDDIR":[113.7,112.6],"time":[1549364860,1549364918]}