{"CLDC":[44.130005],"DEWP":[-2.6399999],"FRSHTT":[0],"PRCP":[0],"SLP":[1021.86],"SNDP":[0],"STP":[1020.29004],"TEMP":[3.98],"VISIB":[49.829994],"WDSP":[20.060001],"WNDDIR":[113.7],"time":[1549364860]}