{"CLDC":[94.37001,94.39001],"DEWP":[-0.42999998,-0.35000002],"FRSHTT":[100000,100000],"PRCP":[0.009999999,0.009999999],"SLP":[1017.2101,1017.39],"SNDP":[0,0],"STP":[1016.2001,1016.12],"TEMP":[5.35,4.9400005],"VISIB":[23.720001,24.070002],"WDSP":[17.050001,17.130001],"WNDDIR":[232.2,229.2],"time":[1549364860,1549364918]}