{"CLDC":[92.14999],"DEWP":[9.84],"FRSHTT":[100000],"PRCP":[0.019999998],"SLP":[1018.2999],"SNDP":[0],"STP":[1017.25995],"TEMP":[13.42],"VISIB":[20.500002],"WDSP":[20.15],"WNDDIR":[340.6],"time":[1549364861]}