{"CLDC":[54.690002,54.609997],"DEWP":[26.9,26.7],"FRSHTT":[100000,100000],"PRCP":[0.07999999,0.07999999],"SLP":[1010.1,1010.1],"SNDP":[0,0],"STP":[1005.9,1005.9],"TEMP":[30.1,30.3],"VISIB":[6.02,5.8900003],"WDSP":[6.37,5.6899996],"WNDDIR":[44,46.8],"time":[1549364859,1549364918]}