{"CLDC":[93.45001,93.38001],"DEWP":[24.800001,24.85],"FRSHTT":[0,0],"PRCP":[0,0],"SLP":[1009.6,1009.6],"SNDP":[0,0],"STP":[1006.4,1006.4],"TEMP":[27.779999,27.98],"VISIB":[10.309999,10.759999],"WDSP":[20.59,22.16],"WNDDIR":[103.2,102.3],"time":[1549364861,1549364919]}