{"CLDC":[72.18,72.579994],"DEWP":[21.56,21.539999],"FRSHTT":[0,0],"PRCP":[0,0],"SLP":[1012.1,1012.1],"SNDP":[0,0],"STP":[1010.7001,1010.65],"TEMP":[27.619999,27.34],"VISIB":[22.050001,21.26],"WDSP":[23.03,23.490002],"WNDDIR":[227.7,223.6],"time":[1549364859,1549364917]}