{"CLDC":[39.04,39.399998],"DEWP":[26.2,26.25],"FRSHTT":[0,0],"PRCP":[0,0],"SLP":[1011.2999,1011.2001],"SNDP":[0,0],"STP":[997.0199,996.91],"TEMP":[27.419998,27.319998],"VISIB":[10.96,10.67],"WDSP":[6.3599997,5.75],"WNDDIR":[217.7,222.9],"time":[1549364856,1549364915]}