{"CLDC":[39.04],"DEWP":[26.2],"FRSHTT":[0],"PRCP":[0],"SLP":[1011.2999],"SNDP":[0],"STP":[997.0199],"TEMP":[27.419998],"VISIB":[10.96],"WDSP":[6.3599997],"WNDDIR":[217.7],"time":[1549364856]}