{"CLDC":[57.670002,57.710003],"DEWP":[24.769999,24.519999],"FRSHTT":[0,0],"PRCP":[0,0],"SLP":[1010.5,1010.5301],"SNDP":[0,0],"STP":[1028.99,1030.08],"TEMP":[28.15,28.4],"VISIB":[12.049999,10.719999],"WDSP":[8.9,7.88],"WNDDIR":[247.4,245.1],"time":[1549364857,1549364916]}