{"CLDC":[45.160007,45.21],"DEWP":[25.55,25.409998],"FRSHTT":[0,0],"PRCP":[0,0],"SLP":[1010.93,1010.9],"SNDP":[0,0],"STP":[994.9499,996.12],"TEMP":[28.940002,29.789999],"VISIB":[8.35,7.78],"WDSP":[11.17,11.309999],"WNDDIR":[190,187.9],"time":[1549364859,1549364917]}