{"CLDC":[35.160004,35.24],"DEWP":[22.94,23.02],"FRSHTT":[0,0],"PRCP":[0,0],"SLP":[1018.9,1019.0301],"SNDP":[0,0],"STP":[984.75995,984.95996],"TEMP":[26.6,26.5],"VISIB":[10.809999,10.780001],"WDSP":[13.93,14.15],"WNDDIR":[204.1,203.6],"time":[1549364861,1549364918]}