{"CLDC":[35.160004],"DEWP":[22.94],"FRSHTT":[0],"PRCP":[0],"SLP":[1018.9],"SNDP":[0],"STP":[984.75995],"TEMP":[26.6],"VISIB":[10.809999],"WDSP":[13.93],"WNDDIR":[204.1],"time":[1549364861]}