{"CLDC":[50.160004],"DEWP":[22.18],"FRSHTT":[100000],"PRCP":[0.050000004],"SLP":[1009.2101],"SNDP":[0],"STP":[1010],"TEMP":[25.349998],"VISIB":[11.679998],"WDSP":[9.92],"WNDDIR":[85.6],"time":[1549364861]}