{"CLDC":[35.899998],"DEWP":[21.400003],"FRSHTT":[0],"PRCP":[0],"SLP":[1012],"SNDP":[0],"STP":[1002.15],"TEMP":[24.560001],"VISIB":[16.240002],"WDSP":[8.66],"WNDDIR":[102.3],"time":[1549364855]}