{"CLDC":[35.899998,36.229996],"DEWP":[21.400003,21.27],"FRSHTT":[0,0],"PRCP":[0,0],"SLP":[1012,1012],"SNDP":[0,0],"STP":[1002.15,1002.11],"TEMP":[24.560001,24.69],"VISIB":[16.240002,16.05],"WDSP":[8.66,8.779999],"WNDDIR":[102.3,103.5],"time":[1549364855,1549364915]}