{"CLDC":[50.010002,50.399998],"DEWP":[24.42,24.36],"FRSHTT":[100000,100000],"PRCP":[0.6399999,0.6399999],"SLP":[1010.7999,1010.7999],"SNDP":[0,0],"STP":[1010.00995,1009.9],"TEMP":[26.62,26.720001],"VISIB":[15.590001,15.63],"WDSP":[5.01,5.42],"WNDDIR":[290.8,286.9],"time":[1549364860,1549364918]}