{"CLDC":[50.010002],"DEWP":[24.42],"FRSHTT":[100000],"PRCP":[0.6399999],"SLP":[1010.7999],"SNDP":[0],"STP":[1010.00995],"TEMP":[26.62],"VISIB":[15.590001],"WDSP":[5.01],"WNDDIR":[290.8],"time":[1549364860]}