{"CLDC":[60.519997],"DEWP":[23.579998],"FRSHTT":[100000],"PRCP":[0.46999997],"SLP":[1010.2999],"SNDP":[0],"STP":[1008.99005],"TEMP":[26.39],"VISIB":[19.45],"WDSP":[6.8300004],"WNDDIR":[170.2],"time":[1549364860]}