{"CLDC":[87.78999,87.82],"DEWP":[23.349998,23.25],"FRSHTT":[100000,100000],"PRCP":[0.34999996,0.34999996],"SLP":[1010,1010],"SNDP":[0,0],"STP":[1006.6,1006.64],"TEMP":[26.2,26.16],"VISIB":[20.939999,20.969997],"WDSP":[5.71,6.0999994],"WNDDIR":[206.7,209.8],"time":[1549364861,1549364918]}