{"CLDC":[97.53999],"DEWP":[22.8],"FRSHTT":[100000],"PRCP":[0.019999998],"SLP":[1010.2001],"SNDP":[0],"STP":[1008.52997],"TEMP":[25.789997],"VISIB":[23.54],"WDSP":[12.51],"WNDDIR":[115],"time":[1549364855]}