{"CLDC":[50.010002,50.140003],"DEWP":[20.52,20.56],"FRSHTT":[100000,100000],"PRCP":[0.13,0.13],"SLP":[1009.9,1009.8499],"SNDP":[0,0],"STP":[1010.1,1010.1],"TEMP":[25,24.269999],"VISIB":[20.58,21.500002],"WDSP":[8.68,8.69],"WNDDIR":[342.7,344],"time":[1549364856,1549364916]}