{"CLDC":[62.289997,62.420002],"DEWP":[19.48,19.240002],"FRSHTT":[0,0],"PRCP":[0,0],"SLP":[1005,1004.42004],"SNDP":[0,0],"STP":[995.65,995.79004],"TEMP":[23.43,23.740002],"VISIB":[11.609999,11.300001],"WDSP":[13.820002,14.250002],"WNDDIR":[298.6,295.9],"time":[1549364856,1549364916]}