{"CLDC":[83.149994],"DEWP":[20.900002],"FRSHTT":[100000],"PRCP":[0.5],"SLP":[1010.7001],"SNDP":[0],"STP":[1012.94006],"TEMP":[23.649998],"VISIB":[20.87],"WDSP":[12.58],"WNDDIR":[49.5],"time":[1549364857]}