{"CLDC":[82.700005,83],"DEWP":[26.060001,26.24],"FRSHTT":[0,0],"PRCP":[0,0],"SLP":[1009.9,1009.9],"SNDP":[0,0],"STP":[1003.07,1000.6499],"TEMP":[29.37,29.780003],"VISIB":[12.259999,12.340001],"WDSP":[7.16,7.2799997],"WNDDIR":[242.9,241.5],"time":[1549364855,1549364915]}