{"CLDC":[50.08,50.409996],"DEWP":[24.740002,24.879997],"FRSHTT":[100000,100000],"PRCP":[0.09000001,0.09000001],"SLP":[1010.2001,1010.2001],"SNDP":[0,0],"STP":[1007.6,1007.7001],"TEMP":[28.419998,28.320002],"VISIB":[9.320001,9.49],"WDSP":[8.86,9.679999],"WNDDIR":[236.6,235.2],"time":[1549364860,1549364918]}