{"CLDC":[50.08],"DEWP":[24.740002],"FRSHTT":[100000],"PRCP":[0.09000001],"SLP":[1010.2001],"SNDP":[0],"STP":[1007.6],"TEMP":[28.419998],"VISIB":[9.320001],"WDSP":[8.86],"WNDDIR":[236.6],"time":[1549364860]}