{"CLDC":[76.5],"DEWP":[24.609997],"FRSHTT":[100000],"PRCP":[0.050000004],"SLP":[1009],"SNDP":[0],"STP":[1011.25995],"TEMP":[28.62],"VISIB":[8.18],"WDSP":[10.389999],"WNDDIR":[174.6],"time":[1549364858]}