{"CLDC":[76.5,76.079994],"DEWP":[24.609997,24.279999],"FRSHTT":[100000,100000],"PRCP":[0.050000004,0.050000004],"SLP":[1009,1009],"SNDP":[0,0],"STP":[1011.25995,1010.07996],"TEMP":[28.62,28.180002],"VISIB":[8.18,8.55],"WDSP":[10.389999,9.999999],"WNDDIR":[174.6,173.9],"time":[1549364858,1549364917]}