{"CLDC":[50.27,50.700005],"DEWP":[24.950003,24.679998],"FRSHTT":[100000,100000],"PRCP":[0.27,0.27],"SLP":[1009.7999,1009.7999],"SNDP":[0,0],"STP":[1007.99005,1008.2999],"TEMP":[27.939999,27.64],"VISIB":[12.429999,12.88],"WDSP":[9.83,10.509999],"WNDDIR":[244.4,243.2],"time":[1549364858,1549364917]}