{"CLDC":[50.27],"DEWP":[24.950003],"FRSHTT":[100000],"PRCP":[0.27],"SLP":[1009.7999],"SNDP":[0],"STP":[1007.99005],"TEMP":[27.939999],"VISIB":[12.429999],"WDSP":[9.83],"WNDDIR":[244.4],"time":[1549364858]}