{"CLDC":[50.220005],"DEWP":[26.109997],"FRSHTT":[100000],"PRCP":[0.029999997],"SLP":[1010],"SNDP":[0],"STP":[1012.24005],"TEMP":[29.26],"VISIB":[7.8499994],"WDSP":[10.67],"WNDDIR":[177.8],"time":[1549364858]}