{"CLDC":[55.200005],"DEWP":[20.32],"FRSHTT":[0],"PRCP":[0],"SLP":[1012.1],"SNDP":[0],"STP":[1002.33997],"TEMP":[24.649998],"VISIB":[13.669998],"WDSP":[12.960001],"WNDDIR":[310.8],"time":[1549364860]}