{"CLDC":[87.420006],"DEWP":[26.220001],"FRSHTT":[100000],"PRCP":[0.36999997],"SLP":[1010],"SNDP":[0],"STP":[1009],"TEMP":[28.89],"VISIB":[8.85],"WDSP":[2.2400002],"WNDDIR":[9.4],"time":[1549364855]}