{"CLDC":[87.420006,87.46],"DEWP":[26.220001,26.219997],"FRSHTT":[100000,100000],"PRCP":[0.36999997,0.36999997],"SLP":[1010,1010],"SNDP":[0,0],"STP":[1009,1009],"TEMP":[28.89,28.980001],"VISIB":[8.85,7.9700003],"WDSP":[2.2400002,2.5500002],"WNDDIR":[9.4,8.2],"time":[1549364855,1549364915]}