{"CLDC":[74.310005,74.6],"DEWP":[23.959997,23.98],"FRSHTT":[100000,100000],"PRCP":[0.14,0.14],"SLP":[1010.02997,1010.1],"SNDP":[0,0],"STP":[1004.2001,1004.2001],"TEMP":[26.4,26.519999],"VISIB":[5.59,5.3],"WDSP":[4.49,4.55],"WNDDIR":[52.1,54.2],"time":[1549364858,1549364916]}