{"CLDC":[50.090004],"DEWP":[24.939999],"FRSHTT":[100000],"PRCP":[0.6100001],"SLP":[1006.06006],"SNDP":[0],"STP":[1008],"TEMP":[29.35],"VISIB":[17.33],"WDSP":[14.469998],"WNDDIR":[140.1],"time":[1549364857]}