{"CLDC":[51.939995],"DEWP":[25.700003],"FRSHTT":[100000],"PRCP":[0.73999995],"SLP":[1005.4],"SNDP":[0],"STP":[976.02],"TEMP":[27.05],"VISIB":[8.5],"WDSP":[17.61],"WNDDIR":[80.9],"time":[1549364857]}