{"CLDC":[50.090004,50.18],"DEWP":[24.939999,24.86],"FRSHTT":[100000,100000],"PRCP":[0.6100001,0.6100001],"SLP":[1006.06006,1005.4699],"SNDP":[0,0],"STP":[1008,1008],"TEMP":[29.35,28.909998],"VISIB":[17.33,16.9],"WDSP":[14.469998,14.92],"WNDDIR":[140.1,141.7],"time":[1549364857,1549364916]}