{"CLDC":[50.13],"DEWP":[18.99],"FRSHTT":[100000],"PRCP":[0.28],"SLP":[1010.2999],"SNDP":[0],"STP":[1001.00995],"TEMP":[21.440002],"VISIB":[8.629999],"WDSP":[5.81],"WNDDIR":[140.5],"time":[1549364861]}