{"CLDC":[80.020004],"DEWP":[19.33],"FRSHTT":[0],"PRCP":[0],"SLP":[1012.2999],"SNDP":[0],"STP":[1002.2999],"TEMP":[23.82],"VISIB":[8.559999],"WDSP":[8.130001],"WNDDIR":[244.5],"time":[1549364856]}