{"CLDC":[60.74],"DEWP":[21.3],"FRSHTT":[0],"PRCP":[0],"SLP":[1010.1],"SNDP":[0],"STP":[975.12],"TEMP":[22.48],"VISIB":[16.840002],"WDSP":[5.7200003],"WNDDIR":[168.4],"time":[1549364861]}