{"CLDC":[81.25001],"DEWP":[22.4],"FRSHTT":[100000],"PRCP":[0.65000004],"SLP":[1009.5],"SNDP":[0],"STP":[1008.6],"TEMP":[24.48],"VISIB":[7.7799997],"WDSP":[8.08],"WNDDIR":[240.6],"time":[1549364855]}