{"CLDC":[81.25001,81.29],"DEWP":[22.4,22.36],"FRSHTT":[100000,100000],"PRCP":[0.65000004,0.65000004],"SLP":[1009.5,1009.5],"SNDP":[0,0],"STP":[1008.6,1008.5],"TEMP":[24.48,24.500002],"VISIB":[7.7799997,7.5200005],"WDSP":[8.08,7.8700004],"WNDDIR":[240.6,243],"time":[1549364855,1549364915]}