{"CLDC":[36.899998],"DEWP":[22.750004],"FRSHTT":[0],"PRCP":[0],"SLP":[965.9501],"SNDP":[0],"STP":[975.1],"TEMP":[26.420002],"VISIB":[11.42],"WDSP":[8.04],"WNDDIR":[52],"time":[1549364856]}