{"CLDC":[99.890015,99.55999],"DEWP":[23.33,23.329998],"FRSHTT":[0,0],"PRCP":[0,0],"SLP":[1010.5,1010.5],"SNDP":[0,0],"STP":[1008.6,1008.6],"TEMP":[27.459997,27],"VISIB":[8.28,8.250001],"WDSP":[7.1299996,7.72],"WNDDIR":[22.8,20.8],"time":[1549364860,1549364918]}