{"CLDC":[73.40001,73.549995],"DEWP":[23.100002,23.559998],"FRSHTT":[100000,100000],"PRCP":[0.14,0.14],"SLP":[1008.1,1008.1],"SNDP":[0,0],"STP":[1007.4,1007.5],"TEMP":[26.439999,26.5],"VISIB":[13,12.609999],"WDSP":[10.789999,12.219999],"WNDDIR":[200.7,201.5],"time":[1549364860,1549364918]}