{"CLDC":[76.66,76.56],"DEWP":[20.460001,20.300001],"FRSHTT":[0,0],"PRCP":[0,0],"SLP":[1010.2999,1010.2001],"SNDP":[0,0],"STP":[1006.9,1006.9],"TEMP":[22.59,22.98],"VISIB":[11.74,11.629999],"WDSP":[5.75,5.13],"WNDDIR":[202.5,199.8],"time":[1549364857,1549364916]}