{"CLDC":[1.5800002],"DEWP":[21.150002],"FRSHTT":[0],"PRCP":[0],"SLP":[1007.9],"SNDP":[0],"STP":[974.48],"TEMP":[24.42],"VISIB":[14.44],"WDSP":[3.3899999],"WNDDIR":[42.7],"time":[1549364859]}