{"CLDC":[1.5800002,1.75],"DEWP":[21.150002,21.16],"FRSHTT":[0,0],"PRCP":[0,0],"SLP":[1007.9,1007.9],"SNDP":[0,0],"STP":[974.48,975.02],"TEMP":[24.42,24.499998],"VISIB":[14.44,13.709999],"WDSP":[3.3899999,3.27],"WNDDIR":[42.7,41.7],"time":[1549364859,1549364917]}