{"CLDC":[47.57,47.289997],"DEWP":[8.04,8.059999],"FRSHTT":[0,0],"PRCP":[0,0],"SLP":[995.57,994.87],"SNDP":[0,0],"STP":[978.41003,978.44006],"TEMP":[11.249999,10.939999],"VISIB":[14.87,15.57],"WDSP":[10.19,10.4800005],"WNDDIR":[5.7,4],"time":[1549364856,1549364915]}