{"CLDC":[84.119995],"DEWP":[17.100002],"FRSHTT":[0],"PRCP":[0],"SLP":[1010.27997],"SNDP":[0],"STP":[1007.2999],"TEMP":[20.449999],"VISIB":[8.93],"WDSP":[12.909999],"WNDDIR":[174.6],"time":[1549364857]}