{"CLDC":[54.190002,54.05],"DEWP":[6.44,6.3199997],"FRSHTT":[100000,100000],"PRCP":[0.019999998,0.019999998],"SLP":[1007.9,1007.9],"SNDP":[0,0],"STP":[995.66003,994.0101],"TEMP":[9.86,9.9],"VISIB":[30.580002,31.85],"WDSP":[8.059999,8.290001],"WNDDIR":[123.7,124.4],"time":[1549364857,1549364916]}