{"CLDC":[69.36],"DEWP":[16.349998],"FRSHTT":[100000],"PRCP":[0.07999999],"SLP":[1006.99005],"SNDP":[0],"STP":[1000.17004],"TEMP":[21.079998],"VISIB":[21.76],"WDSP":[7.769999],"WNDDIR":[328],"time":[1549364860]}