{"CLDC":[69.36,69.670006],"DEWP":[16.349998,16.380001],"FRSHTT":[100000,100000],"PRCP":[0.07999999,0.07999999],"SLP":[1006.99005,1006.9],"SNDP":[0,0],"STP":[1000.17004,1000.19006],"TEMP":[21.079998,21.380001],"VISIB":[21.76,21.05],"WDSP":[7.769999,8.16],"WNDDIR":[328,330.7],"time":[1549364860,1549364918]}