{"CLDC":[67.11,67.06],"DEWP":[10.959998,10.58],"FRSHTT":[0,0],"PRCP":[0,0],"SLP":[1006.4,1006.4],"SNDP":[0,0],"STP":[993.92004,993.69006],"TEMP":[14.6,13.520001],"VISIB":[9.450001,9.119999],"WDSP":[5.6900005,5.5],"WNDDIR":[83,80.3],"time":[1549364855,1549364915]}