{"CLDC":[50.010002,50.24],"DEWP":[12.589999,12.26],"FRSHTT":[100000,100000],"PRCP":[0.23999998,0.23999998],"SLP":[1009.4,1009.4],"SNDP":[0,0],"STP":[1012.2999,1012.2001],"TEMP":[14.610001,14.860001],"VISIB":[12.4800005,12.139999],"WDSP":[13.629999,12.85],"WNDDIR":[295.2,291.4],"time":[1549364856,1549364916]}