{"CLDC":[50.010002],"DEWP":[12.589999],"FRSHTT":[100000],"PRCP":[0.23999998],"SLP":[1009.4],"SNDP":[0],"STP":[1012.2999],"TEMP":[14.610001],"VISIB":[12.4800005],"WDSP":[13.629999],"WNDDIR":[295.2],"time":[1549364856]}