{"CLDC":[59.439995],"DEWP":[15.349998],"FRSHTT":[100000],"PRCP":[0.009999999],"SLP":[1016.2101],"SNDP":[0],"STP":[1010.6],"TEMP":[19.98],"VISIB":[19.77],"WDSP":[13.839999],"WNDDIR":[237.8],"time":[1549364856]}