{"CLDC":[59.439995,59.680004],"DEWP":[15.349998,15.4],"FRSHTT":[100000,100000],"PRCP":[0.009999999,0.009999999],"SLP":[1016.2101,1016.2999],"SNDP":[0,0],"STP":[1010.6,1010.68005],"TEMP":[19.98,19.59],"VISIB":[19.77,19.509998],"WDSP":[13.839999,13.85],"WNDDIR":[237.8,237.9],"time":[1549364856,1549364916]}