{"CLDC":[67.27,67.02999],"DEWP":[14.94,14.889999],"FRSHTT":[0,0],"PRCP":[0,0],"SLP":[1014.7999,1014.7999],"SNDP":[0,0],"STP":[982.89,982.75],"TEMP":[19.57,19.2],"VISIB":[25.27,24.869999],"WDSP":[3.4299998,3.52],"WNDDIR":[39.2,39.7],"time":[1549364861,1549364918]}