{"CLDC":[39.140003],"DEWP":[14.360001],"FRSHTT":[0],"PRCP":[0],"SLP":[1013.9],"SNDP":[0],"STP":[1018.31995],"TEMP":[20.069998],"VISIB":[23.130003],"WDSP":[8.370001],"WNDDIR":[279.8],"time":[1549364861]}