{"CLDC":[33.81,33.939995],"DEWP":[19.339998,19.310001],"FRSHTT":[0,0],"PRCP":[0,0],"SLP":[1012.5,1012.5],"SNDP":[0,0],"STP":[998.02,1002.24005],"TEMP":[22.879997,22.65],"VISIB":[19.16,19.000002],"WDSP":[6.45,6.3399997],"WNDDIR":[141.7,142.7],"time":[1549364861,1549364919]}