{"CLDC":[67.119995,67.06],"DEWP":[12.82,12.599999],"FRSHTT":[100000,100000],"PRCP":[0.009999999,0.009999999],"SLP":[1012.1,1012.1],"SNDP":[0,0],"STP":[905.5,905.5],"TEMP":[15.799998,16.44],"VISIB":[12.969999,13.179998],"WDSP":[6.27,5.86],"WNDDIR":[212.3,214.3],"time":[1549364860,1549364918]}