{"CLDC":[41.53,41.31],"DEWP":[19.570002,19.130001],"FRSHTT":[0,0],"PRCP":[0,0],"SLP":[1013.6,1013.6],"SNDP":[0,0],"STP":[1011.38995,1009.95],"TEMP":[23.18,22.480001],"VISIB":[22.550001,22.670002],"WDSP":[9.9,10.19],"WNDDIR":[221.7,226],"time":[1549364860,1549364918]}