{"CLDC":[67.119995],"DEWP":[12.82],"FRSHTT":[100000],"PRCP":[0.009999999],"SLP":[1012.1],"SNDP":[0],"STP":[905.5],"TEMP":[15.799998],"VISIB":[12.969999],"WDSP":[6.27],"WNDDIR":[212.3],"time":[1549364860]}