{"CLDC":[50.28,50.49],"DEWP":[16.39,16.19],"FRSHTT":[100000,100000],"PRCP":[0.009999999,0.009999999],"SLP":[1009.7001,1009.7001],"SNDP":[0,0],"STP":[999.1,999.1],"TEMP":[23.809998,23.45],"VISIB":[21.96,21.74],"WDSP":[8.73,8.67],"WNDDIR":[131.8,132.6],"time":[1549364860,1549364918]}