{"CLDC":[49.250004,49.65],"DEWP":[18.899998,18.460001],"FRSHTT":[0,0],"PRCP":[0,0],"SLP":[1013.7001,1013.6],"SNDP":[0,0],"STP":[1015.7001,1015.7001],"TEMP":[23.580002,23.599998],"VISIB":[20.11,20.630001],"WDSP":[9.2699995,8.820001],"WNDDIR":[186,188.1],"time":[1549364860,1549364918]}