{"CLDC":[78.36],"DEWP":[16.789999],"FRSHTT":[0],"PRCP":[0],"SLP":[1013.4],"SNDP":[0],"STP":[1030.04],"TEMP":[21.240002],"VISIB":[13.62],"WDSP":[3.04],"WNDDIR":[179.8],"time":[1549364860]}