{"CLDC":[78.36,78.420006],"DEWP":[16.789999,16.499998],"FRSHTT":[0,0],"PRCP":[0,0],"SLP":[1013.4,1013.49005],"SNDP":[0,0],"STP":[1030.04,1030.2101],"TEMP":[21.240002,21.09],"VISIB":[13.62,14.290001],"WDSP":[3.04,3.02],"WNDDIR":[179.8,180.9],"time":[1549364860,1549364918]}