{"CLDC":[50.05],"DEWP":[14.33],"FRSHTT":[100000],"PRCP":[0.26],"SLP":[1013.5],"SNDP":[0],"STP":[1013.2001],"TEMP":[20.24],"VISIB":[13.9800005],"WDSP":[12.109999],"WNDDIR":[17.2],"time":[1549364859]}