{"CLDC":[50.05,50.43],"DEWP":[14.33,14.350001],"FRSHTT":[100000,100000],"PRCP":[0.26,0.26],"SLP":[1013.5,1013.4],"SNDP":[0,0],"STP":[1013.2001,1013.2101],"TEMP":[20.24,20.06],"VISIB":[13.9800005,13.280001],"WDSP":[12.109999,12.66],"WNDDIR":[17.2,22.2],"time":[1549364859,1549364917]}