{"CLDC":[14.780001],"DEWP":[17.199999],"FRSHTT":[0],"PRCP":[0],"SLP":[1010.41003],"SNDP":[0],"STP":[1012.98],"TEMP":[20.88],"VISIB":[7.5799994],"WDSP":[2],"WNDDIR":[327.6],"time":[1549364859]}