{"CLDC":[59.710003,59.370003],"DEWP":[12.48,12.250001],"FRSHTT":[0,0],"PRCP":[0,0],"SLP":[1014.7001,1014.7001],"SNDP":[0,0],"STP":[942.1,942.1],"TEMP":[16.000002,15.8],"VISIB":[12.76,12.599999],"WDSP":[9.840001,10.039999],"WNDDIR":[162.3,160.4],"time":[1549364859,1549364918]}