{"CLDC":[65.67,65.81999],"DEWP":[20.22,19.990002],"FRSHTT":[100000,100000],"PRCP":[0.029999997,0.029999997],"SLP":[1014.2999,1014.2001],"SNDP":[0,0],"STP":[1012.5,1012.68005],"TEMP":[22.64,22.329998],"VISIB":[22.45,22.809998],"WDSP":[15.889999,16.570002],"WNDDIR":[6.7,8.5],"time":[1549364859,1549364917]}