{"CLDC":[50.160004],"DEWP":[14.15],"FRSHTT":[100000],"PRCP":[0.23999998],"SLP":[1014],"SNDP":[0],"STP":[995.68],"TEMP":[16.7],"VISIB":[19.99],"WDSP":[5.9600005],"WNDDIR":[284.6],"time":[1549364859]}