{"CLDC":[96.41001],"DEWP":[15.6],"FRSHTT":[100000],"PRCP":[0.73999995],"SLP":[1013.5],"SNDP":[0],"STP":[987.05994],"TEMP":[17.02],"VISIB":[25.09],"WDSP":[14.7699995],"WNDDIR":[91.2],"time":[1549364859]}