{"CLDC":[65.67],"DEWP":[20.22],"FRSHTT":[100000],"PRCP":[0.029999997],"SLP":[1014.2999],"SNDP":[0],"STP":[1012.5],"TEMP":[22.64],"VISIB":[22.45],"WDSP":[15.889999],"WNDDIR":[6.7],"time":[1549364859]}