{"CLDC":[50.409996],"DEWP":[16.999998],"FRSHTT":[100000],"PRCP":[0.009999999],"SLP":[1012.7999],"SNDP":[0],"STP":[1009.67004],"TEMP":[19.98],"VISIB":[15.18],"WDSP":[19.81],"WNDDIR":[150.7],"time":[1549364858]}