{"CLDC":[49.829994],"DEWP":[17.300001],"FRSHTT":[0],"PRCP":[0],"SLP":[1010.5],"SNDP":[0],"STP":[978.61005],"TEMP":[20.280003],"VISIB":[18.1],"WDSP":[7.0999994],"WNDDIR":[158.8],"time":[1549364858]}