{"CLDC":[50.010002],"DEWP":[18.64],"FRSHTT":[100000],"PRCP":[0.09000001],"SLP":[1012.6],"SNDP":[0],"STP":[1007.25995],"TEMP":[22.070002],"VISIB":[13.9],"WDSP":[10.71],"WNDDIR":[254.4],"time":[1549364859]}