{"CLDC":[50.239998,50.32],"DEWP":[18.599998,18.62],"FRSHTT":[100000,100000],"PRCP":[0.57000005,0.57000005],"SLP":[1013.2999,1013.2999],"SNDP":[0,0],"STP":[1020.81006,1020.44006],"TEMP":[19.8,19.460003],"VISIB":[19.49,18.96],"WDSP":[7.2200003,6.88],"WNDDIR":[48.6,51.8],"time":[1549364859,1549364917]}