{"CLDC":[70.65,71.159996],"DEWP":[13.240001,13.199999],"FRSHTT":[0,0],"PRCP":[0,0],"SLP":[1013.9,1013.9],"SNDP":[0,0],"STP":[1018.05,1021.56995],"TEMP":[17.16,17.2],"VISIB":[29.74,30.210001],"WDSP":[3.0500002,2.9199998],"WNDDIR":[264.4,262],"time":[1549364859,1549364917]}