{"CLDC":[76.95],"DEWP":[12.639999],"FRSHTT":[100000],"PRCP":[0.29999998],"SLP":[1012.2999],"SNDP":[0],"STP":[1008.3],"TEMP":[15.290001],"VISIB":[33.510002],"WDSP":[6.0299997],"WNDDIR":[353.4],"time":[1549364858]}