{"CLDC":[76.95,76.81],"DEWP":[12.639999,12.660002],"FRSHTT":[100000,100000],"PRCP":[0.29999998,0.29999998],"SLP":[1012.2999,1012.2999],"SNDP":[0,0],"STP":[1008.3,1007.41],"TEMP":[15.290001,15.55],"VISIB":[33.510002,33.96],"WDSP":[6.0299997,6.45],"WNDDIR":[353.4,353.8],"time":[1549364858,1549364917]}