{"CLDC":[50.110004,50.409996],"DEWP":[15.3,15.339999],"FRSHTT":[100000,100000],"PRCP":[0.23999998,0.23999998],"SLP":[1014.7999,1014.80994],"SNDP":[0,0],"STP":[1019.74005,1019.54004],"TEMP":[16.600002,16.68],"VISIB":[15.030001,14.37],"WDSP":[11.15,11.320002],"WNDDIR":[215,212.5],"time":[1549364859,1549364917]}