{"CLDC":[50.170002],"DEWP":[19.869999],"FRSHTT":[100000],"PRCP":[1.1800001],"SLP":[1012.66],"SNDP":[0],"STP":[1029.78],"TEMP":[21.429998],"VISIB":[15.95],"WDSP":[18.32],"WNDDIR":[220.7],"time":[1549364859]}