{"CLDC":[50.170002,50.050003],"DEWP":[19.869999,19.8],"FRSHTT":[100000,100000],"PRCP":[1.1800001,1.1800001],"SLP":[1012.66,1012.6],"SNDP":[0,0],"STP":[1029.78,1029.04],"TEMP":[21.429998,21.099998],"VISIB":[15.95,16.080002],"WDSP":[18.32,18.23],"WNDDIR":[220.7,224.9],"time":[1549364859,1549364917]}