{"CLDC":[57.02],"DEWP":[19.079998],"FRSHTT":[100000],"PRCP":[0.13],"SLP":[1012.5],"SNDP":[0],"STP":[1009.5199],"TEMP":[23.800001],"VISIB":[25.460001],"WDSP":[10.59],"WNDDIR":[10.1],"time":[1549364856]}