{"CLDC":[57.02,57.370003],"DEWP":[19.079998,18.74],"FRSHTT":[100000,100000],"PRCP":[0.13,0.13],"SLP":[1012.5,1012.5],"SNDP":[0,0],"STP":[1009.5199,1010.42004],"TEMP":[23.800001,23.07],"VISIB":[25.460001,25.680002],"WDSP":[10.59,11.069999],"WNDDIR":[10.1,13],"time":[1549364856,1549364916]}