{"CLDC":[61.410004],"DEWP":[14.280001],"FRSHTT":[0],"PRCP":[0],"SLP":[1009.2999],"SNDP":[0],"STP":[981.52997],"TEMP":[18.52],"VISIB":[17.929998],"WDSP":[11.65],"WNDDIR":[284.9],"time":[1549364857]}