{"CLDC":[50.100002],"DEWP":[15.87],"FRSHTT":[100000],"PRCP":[0.11999999],"SLP":[1012.1],"SNDP":[0],"STP":[1007.2001],"TEMP":[21.66],"VISIB":[26.95],"WDSP":[10.390001],"WNDDIR":[94.4],"time":[1549364857]}