{"CLDC":[30.050003],"DEWP":[20.079998],"FRSHTT":[0],"PRCP":[0],"SLP":[1012.9],"SNDP":[0],"STP":[1005.6],"TEMP":[23.04],"VISIB":[16.099998],"WDSP":[7.4300003],"WNDDIR":[237.9],"time":[1549364857]}