{"CLDC":[50.04],"DEWP":[18.259998],"FRSHTT":[100000],"PRCP":[0.51000005],"SLP":[1012.2001],"SNDP":[0],"STP":[1012.99005],"TEMP":[21.679998],"VISIB":[13.700002],"WDSP":[11.509999],"WNDDIR":[316.8],"time":[1549364857]}