{"CLDC":[62.01,62.579998],"DEWP":[15.05,15.0199995],"FRSHTT":[100000,100000],"PRCP":[0.09000001,0.09000001],"SLP":[1010.2001,1010.2001],"SNDP":[0,0],"STP":[1028.6799,1028.95],"TEMP":[15.779999,16.2],"VISIB":[15.659999,15.520001],"WDSP":[7.7299995,7.9200006],"WNDDIR":[323.6,322.7],"time":[1549364856,1549364916]}