{"CLDC":[50.229996],"DEWP":[19.619999],"FRSHTT":[100000],"PRCP":[0.46999997],"SLP":[1010.2001],"SNDP":[0],"STP":[1006.93994],"TEMP":[23.080002],"VISIB":[14.26],"WDSP":[10.379999],"WNDDIR":[222.9],"time":[1549364856]}