{"CLDC":[50.04,50.110004],"DEWP":[18.74,18.5],"FRSHTT":[100000,100000],"PRCP":[1.2200001,1.2299999],"SLP":[1012.5,1012.5],"SNDP":[0,0],"STP":[1004.5101,1004.57996],"TEMP":[20.850002,20.99],"VISIB":[14.970001,14.909999],"WDSP":[5.0199995,5.8100004],"WNDDIR":[60.5,63.9],"time":[1549364856,1549364915]}