{"CLDC":[50.399998,50.190002],"DEWP":[18.77,19.03],"FRSHTT":[100000,100000],"PRCP":[0.059999995,0.059999995],"SLP":[1010.2999,1010.2999],"SNDP":[0,0],"STP":[1014.7001,1014.7999],"TEMP":[23.349998,23.02],"VISIB":[18.550001,18.670002],"WDSP":[5.85,5.9300003],"WNDDIR":[61,61.1],"time":[1549364861,1549364919]}