{"CLDC":[59,59.1],"DEWP":[14.030002,13.929998],"FRSHTT":[0,0],"PRCP":[0,0],"SLP":[1009,1009],"SNDP":[0,0],"STP":[994.1,994.1],"TEMP":[19,18.550001],"VISIB":[19.179998,19.759998],"WDSP":[7.7,7.04],"WNDDIR":[293.5,292.4],"time":[1549364855,1549364915]}