{"CLDC":[50.05,50.02],"DEWP":[0.28000003,0.24999997],"FRSHTT":[100000,100000],"PRCP":[0.050000004,0.050000004],"SLP":[1000.5,1000.5],"SNDP":[0,0],"STP":[993.7999,993.7999],"TEMP":[2.27,2.25],"VISIB":[11.51,11.820001],"WDSP":[35.72,35.11],"WNDDIR":[353.3,354.2],"time":[1549364858,1549364917]}