{"CLDC":[23.219997],"DEWP":[-3.1799998],"FRSHTT":[0],"PRCP":[0],"SLP":[1016.3499],"SNDP":[0],"STP":[1015.1],"TEMP":[0.6999999],"VISIB":[29.02],"WDSP":[10.309999],"WNDDIR":[241.7],"time":[1549364859]}