{"CLDC":[82.079994,81.659996],"DEWP":[6.4700003,6.4600005],"FRSHTT":[0,0],"PRCP":[0,0],"SLP":[1001.7999,1001.89],"SNDP":[0,0],"STP":[1001.5299,1001.2399],"TEMP":[8.299999,8.499999],"VISIB":[7.4600005,7.3000007],"WDSP":[48.61,46.809998],"WNDDIR":[198.5,197.8],"time":[1549364859,1549364917]}