{"CLDC":[46.769997,46.620003],"DEWP":[5.2,5.0899997],"FRSHTT":[0,0],"PRCP":[0,0],"SLP":[1022.9,1022.9],"SNDP":[0,0],"STP":[1022.19006,1021.85],"TEMP":[8.040001,7.9800005],"VISIB":[10.820001,11.17],"WDSP":[43.45,43.59],"WNDDIR":[145.2,148.1],"time":[1549364860,1549364918]}