{"CLDC":[46.769997],"DEWP":[5.2],"FRSHTT":[0],"PRCP":[0],"SLP":[1022.9],"SNDP":[0],"STP":[1022.19006],"TEMP":[8.040001],"VISIB":[10.820001],"WDSP":[43.45],"WNDDIR":[145.2],"time":[1549364860]}