{"CLDC":[19.95,19.679998],"DEWP":[0.120000005,-0.04],"FRSHTT":[0,0],"PRCP":[0,0],"SLP":[1035.0999,1035.0299],"SNDP":[0,0],"STP":[1031.6799,1031.6101],"TEMP":[0.29999998,0.29999998],"VISIB":[4.86,4],"WDSP":[16.779999,17.560001],"WNDDIR":[239.7,243],"time":[1549364856,1549364916]}